theta_ell,theta_sd,theta_sf,theta_w
-1.293313710717475251e+00,7.955144920171904888e-01,2.247516379224159255e+00,3.529102714654128281e+00
-1.294410664095074326e+00,5.843862153630935419e-01,2.257617609958025184e+00,3.534690067054564455e+00
-1.278124576181662198e+00,1.205574484093924204e-01,2.239348846123334180e+00,3.539839513774289070e+00
-1.279421124150042610e+00,1.475545588477632730e+00,2.249894067397734343e+00,3.574387012803824426e+00
-1.286153252911226508e+00,1.930089300884010761e+00,2.245704751599047810e+00,3.666918063095733871e+00
-1.286987646190597356e+00,1.047753518278698781e+00,2.247852426724150199e+00,3.713412884099232869e+00
-1.312756549661211469e+00,3.524229273651491301e-02,2.227741445868740122e+00,3.674656048585330570e+00
-1.306797126314729995e+00,-1.596105254665766138e-01,2.263869736084333617e+00,3.688998645636750506e+00
-1.292993313255466292e+00,4.594554268884665227e-01,2.341799650410402833e+00,3.519936671883831192e+00
-1.314693975646160640e+00,8.223066076456898577e-01,2.361200655057162923e+00,3.413890903298659296e+00
-1.359705268495648545e+00,-2.014072969770016042e-01,2.224614282530980258e+00,3.472507635103948775e+00
-1.361622610035295722e+00,4.346604929057676925e-01,2.276479194428259856e+00,3.471184821146263921e+00
-1.372224554882712777e+00,-2.886394033744101861e-01,2.262114950706425986e+00,3.477360524018965116e+00
-1.307337482819249441e+00,-6.284164263344812484e-01,2.291091090429399291e+00,3.647219358367319586e+00
-1.299430832454612883e+00,1.323598818963174217e+00,2.234342828105636336e+00,3.722123124439743247e+00
-1.291451867933264941e+00,-5.199133631438510594e-01,2.259511253097632455e+00,3.643838831804834921e+00
-1.313613048178214893e+00,-5.988688693147543596e-01,2.305629861747595655e+00,3.497063411932253896e+00
-1.301807763009286134e+00,2.647353305145505598e-01,2.300358521804799494e+00,3.596021769721286176e+00
-1.366385873020964148e+00,-8.198425151995260007e-01,2.266335978483628111e+00,3.450967772687919322e+00
-1.349908500943942213e+00,4.408774692156781083e-01,2.272875576630617900e+00,3.353430531796249614e+00
-1.409015933497252071e+00,1.119246203036891041e+00,2.296395135457905745e+00,3.297753369598416917e+00
-1.368806048361415950e+00,8.775454794224361033e-01,2.320927174488688571e+00,3.212391960377503519e+00
-1.279415662022603817e+00,-1.610972767609149647e+00,2.308361927280838000e+00,3.691956774025475063e+00
-1.217825626456754629e+00,-2.032456535622694904e+00,2.306552271976317847e+00,3.780857140327487542e+00
-1.266368047610228587e+00,1.406794389558777336e+00,2.263268362679898171e+00,3.633982433670697620e+00
-1.291332779003118825e+00,5.387985313505796459e-01,2.269561236962033934e+00,3.701861385062144461e+00
-1.302783538287024312e+00,-9.374606857436972307e-01,2.283293987286682203e+00,3.642408398353767840e+00
-1.238222008412269037e+00,1.171068792873639852e+00,2.310749141831027753e+00,3.732713573535090479e+00
-1.258787506341344731e+00,-1.385141727494204389e+00,2.321021012988457866e+00,3.627370483867768058e+00
-1.301768560895699700e+00,-1.169733297459991883e+00,2.347037558117280209e+00,3.511062372672161924e+00
-1.274354107179179074e+00,4.596224969660669957e-01,2.286732487197756125e+00,3.695359960562304202e+00
-1.278379083935880622e+00,-3.016161363022202835e-01,2.277116289381503567e+00,3.709463447898489807e+00
-1.361803813926352191e+00,-1.443362210436646809e+00,2.309075867886244637e+00,3.394502662096474666e+00
-1.389324479010586533e+00,-2.239296125367314705e+00,2.307016554169551092e+00,3.330842177756978995e+00
-1.209623312848721488e+00,-1.633004648079173560e+00,2.276737715890281955e+00,3.953917767908490699e+00
-1.317723471851649952e+00,1.574178239018440006e+00,2.271476297086226115e+00,3.500757336288186750e+00
-1.293257810650849438e+00,3.954903281158521633e-01,2.258980296231444918e+00,3.773284588152418184e+00
-1.285254362536358386e+00,2.290099818212963934e-01,2.256270214957729170e+00,3.741561920095378913e+00
-1.286627769424219192e+00,1.390179773313020561e+00,2.239285628896369396e+00,3.784120818629122862e+00
-1.289739542324531252e+00,-2.568389890189473057e-01,2.294151632895770732e+00,3.535710770410185333e+00
-1.329896257470701837e+00,-9.389609136159795533e-01,2.289119202972720313e+00,3.530196413963596846e+00
-1.365786268311593776e+00,-2.280125328437639265e+00,2.316806326116517045e+00,3.273405101994399935e+00
-1.342341429422070798e+00,-1.578950774596034279e+00,2.263453080279627994e+00,3.568212349438410147e+00
-1.313822423859923427e+00,-1.105186256296941671e+00,2.253142532171841239e+00,3.547993761042263383e+00
-1.325238650030362342e+00,-1.638898085656738335e+00,2.292008994917486664e+00,3.488568753145329104e+00
-1.346315225578317509e+00,1.532379814295128595e+00,2.294324744390961346e+00,3.361918227006747806e+00
-1.297766352158300940e+00,-1.302264434565367779e+00,2.300403290601400474e+00,3.719488193759353578e+00
-1.315610862165161432e+00,-1.231798142199673540e+00,2.274321699129854046e+00,3.687423258548881755e+00
-1.276500517348766683e+00,1.052884985341129953e+00,2.314109355033873161e+00,3.538258453015123983e+00
-1.307865777588159695e+00,-1.384135252050865628e+00,2.260257078071043146e+00,3.676227050075325575e+00
-1.308719396144577995e+00,-2.264220265936190746e+00,2.272740036352235204e+00,3.552520971646224268e+00
-1.288542670725093098e+00,5.461494668514962347e-01,2.315820687405546252e+00,3.571500296381960204e+00
-1.295038021744677081e+00,4.341024699399724796e-01,2.294143219775722553e+00,3.536666681773647625e+00
-1.282001352792188742e+00,3.117379479957458344e-01,2.292122724634293007e+00,3.540446626923125617e+00
-1.305258270617723593e+00,-1.163172691466113351e-02,2.302514897440498309e+00,3.538389516787912914e+00
-1.300971343445688433e+00,-4.998371517696159616e-01,2.330807085775371323e+00,3.538228816459231929e+00
-1.316201471311221338e+00,-2.186804261820656681e+00,2.272042632423100894e+00,3.616581569816460728e+00
-1.342146495226738345e+00,-8.098324042799065481e-01,2.235235140475784199e+00,3.461389083055757876e+00
-1.394673067870616956e+00,1.007695190257898998e+00,2.246639682637325386e+00,3.460336440866233154e+00
-1.363086371452981060e+00,6.268842909622368564e-01,2.258965324566073463e+00,3.503697560565776303e+00
-1.313650289136135463e+00,-1.396470768707338550e-01,2.271469788290795933e+00,3.431470896054254816e+00
-1.307792313182373212e+00,7.074514843930896912e-01,2.275968498303464482e+00,3.694152205840282033e+00
-1.303230219168834303e+00,-8.239016334519730922e-01,2.283115511905244421e+00,3.736230003068342853e+00
-1.341293844715000683e+00,1.001158632318322583e+00,2.287884502627793637e+00,3.286467683189415290e+00
-1.271140816120339023e+00,-4.623976952260351880e-01,2.312246185395195219e+00,3.779761540145974319e+00
-1.338899347903021786e+00,3.614594035194914068e-01,2.268180212712007204e+00,3.680559135698350026e+00
-1.306144240565211723e+00,6.596647395715133921e-01,2.279107904297481113e+00,3.386340419617445363e+00
-1.387043804225025712e+00,1.063943464991340404e+00,2.276016247251636315e+00,3.448259307090730363e+00
-1.293373998486086363e+00,-1.463001986954999056e+00,2.304421273959298411e+00,3.658079994115352562e+00
-1.290629560401000075e+00,-1.718963041470657149e+00,2.312745975864407555e+00,3.668198989786953579e+00
-1.272453477406347178e+00,-5.072511984381541383e-01,2.313440826075311652e+00,3.607433785837819595e+00
-1.333077778779384381e+00,-1.305629734327410141e+00,2.264015250101015120e+00,3.619260179085020290e+00
-1.338002152829762981e+00,-1.872686630162454513e+00,2.288825725820735624e+00,3.568717157243238791e+00
-1.296259646703851853e+00,-1.188105921151998867e+00,2.276242746573776010e+00,3.571196617695920228e+00
-1.267540766305827127e+00,-9.445099360492358320e-01,2.276403596161796550e+00,3.700514039762241136e+00
-1.317181863166887013e+00,8.958382295498374948e-01,2.262483013422590616e+00,3.564867857912754179e+00
-1.350009005080703650e+00,-7.502369728220146250e-01,2.238731160414195287e+00,3.498382545760279960e+00
-1.268847949927210728e+00,-1.710044661115360798e-01,2.302112158079362203e+00,3.574654140934744984e+00
-1.260104631324354685e+00,4.730854390656124009e-01,2.299135039059783114e+00,3.645105073244609972e+00
-1.306757918924989603e+00,-6.559830393817376315e-01,2.282004703482197083e+00,3.633199398599037622e+00
-1.283301343129494176e+00,8.665504615401220523e-01,2.309818352299986000e+00,3.546271639719084323e+00
-1.319241490405675954e+00,-1.212480003311418697e+00,2.281411568861384520e+00,3.483055536958302056e+00
-1.276748439153370773e+00,-1.182661423926939515e-01,2.306184365044900986e+00,3.669101076594239341e+00
-1.249344612116939812e+00,6.170201267299977310e-01,2.282309068240999217e+00,3.671966697387934353e+00
-1.284756821172853503e+00,-5.794122218809736324e-01,2.304088087111792138e+00,3.721184722570576309e+00
-1.261559300123619387e+00,1.144601614917438503e+00,2.294989825047953236e+00,3.598436828441116120e+00
-1.363414736407972505e+00,-1.121900799588716469e+00,2.306599562341009602e+00,3.513422338312916171e+00
-1.307118774830054786e+00,-2.393582359014403416e+00,2.267708387456656371e+00,3.494455989114405803e+00
-1.312251527657029015e+00,-1.227694417905183633e+00,2.276042311690348097e+00,3.533587823909039916e+00
-1.274817672063027985e+00,9.055195629383178124e-02,2.276390794329781198e+00,3.648733067328988611e+00
-1.295868022111473783e+00,-3.536623973165368973e-02,2.311810591809313475e+00,3.757665751356375150e+00
-1.296679294057134113e+00,-2.444788535848797295e+00,2.298818681879596593e+00,3.370475627737132385e+00
-1.300087885581304725e+00,1.057952545157596180e+00,2.258310132041483342e+00,3.775663883679643451e+00
-1.230414276242109306e+00,-2.244630511631077407e+00,2.263396058699404190e+00,3.737183919471119609e+00
-1.367676372708982013e+00,7.876864319128562553e-02,2.297702655947998718e+00,3.487363980513694006e+00
-1.274720094098468870e+00,1.285386958691950188e+00,2.307672072465630109e+00,3.484213177846251508e+00
-1.271251024936688623e+00,1.641957025936267023e-01,2.306797653641674550e+00,3.590370359233838293e+00
-1.311808757794037605e+00,-1.157999546716946604e+00,2.258492025464614805e+00,3.636463888553916668e+00
-1.312122356154856950e+00,-2.760420274396304663e+00,2.275930487987045669e+00,3.520880848770996163e+00
-1.306693961197416876e+00,-1.741590101798621726e+00,2.286326708255742801e+00,3.484029235190164719e+00
-1.387079339882408391e+00,-2.890555469536533195e-01,2.289222742830797852e+00,3.359310847581814308e+00
-1.328146807633538540e+00,5.587934250021023841e-01,2.280894906999464400e+00,3.376057283416737054e+00
-1.268713871841199214e+00,7.050852352513983790e-02,2.317756283733011902e+00,3.689903201997760451e+00
-1.244196513446647723e+00,-2.666580544658609053e+00,2.311757977556667676e+00,3.704539816786029061e+00
-1.244633131782013180e+00,-2.843829772588096994e+00,2.311205523674672691e+00,3.710846089949340065e+00
-1.333028397815674504e+00,-5.474096112280412152e-01,2.258983385011114287e+00,3.526397088196894458e+00
-1.336015981905610772e+00,-1.246339441788959723e+00,2.249363486300660853e+00,3.461154496506189560e+00
-1.280138195010938285e+00,1.639459816573663131e+00,2.279372969018065298e+00,3.784469193881447868e+00
-1.311669727953564069e+00,-1.265331575888521520e+00,2.305019117848905008e+00,3.392874519929206301e+00
-1.368793139295926498e+00,1.325223405941111210e+00,2.348784631547554902e+00,3.363033130675623816e+00
-1.316136793359671930e+00,6.008377727314651029e-02,2.324166013111574003e+00,3.337472461513139255e+00
-1.316680178402730883e+00,4.426931633179106984e-01,2.287230593525796163e+00,3.394722581824943575e+00
-1.275131969792437925e+00,-1.840558573990882518e+00,2.278061593025667353e+00,3.523810717069165488e+00
-1.390308446539858522e+00,-2.875138605672972858e+00,2.336077419152809309e+00,3.364444100406568605e+00
-1.324995753645026308e+00,-1.832411542485071543e+00,2.321107744988915922e+00,3.267808397648965357e+00
-1.412033724793491984e+00,1.945851753152487262e+00,2.331045059425138621e+00,3.294593521428341720e+00
-1.340955473094122885e+00,-5.670488517660725591e-01,2.311472073838756636e+00,3.362529564948263161e+00
-1.311438122580434129e+00,-3.037670550664569813e+00,2.307592807011450198e+00,3.550513292010694766e+00
-1.269689152922891973e+00,-1.157591650300482389e+00,2.325216069875136959e+00,3.589704084136626339e+00
-1.232819330869883823e+00,-5.725387411423445982e-01,2.268129855890529623e+00,3.831420390972853252e+00
-1.263405422449581428e+00,1.939434728024763688e+00,2.268258243753425774e+00,3.761428861794437584e+00
-1.236499907177878388e+00,-2.486819730063981382e+00,2.282506085186474021e+00,3.708228788882141469e+00
-1.281406507446198662e+00,-1.805575776071798977e+00,2.262416546292524089e+00,3.735945310423911980e+00
-1.287728528454740395e+00,-3.460880571062975974e+00,2.317173223386618020e+00,3.515384506966032330e+00
-1.293426403513184830e+00,1.252413966346416219e+00,2.325289007503238636e+00,3.580575713080627942e+00
-1.265717511809824281e+00,-7.996397099996324087e-01,2.287853370569879363e+00,3.675309270114908600e+00
-1.263381729699343259e+00,-8.967211040533645816e-02,2.320475132831161247e+00,3.668130262302081945e+00
-1.220136622706070595e+00,4.584985020983113613e-02,2.306038738305340452e+00,3.680207192427141560e+00
-1.295302545734206445e+00,8.492320816982992238e-01,2.303197187027778092e+00,3.720153486329607517e+00
-1.297765146510568846e+00,8.806513137900695565e-02,2.301589534202463039e+00,3.710826927148731524e+00
-1.306678822017120156e+00,1.677337566925443779e+00,2.311843415045443439e+00,3.423380338673656542e+00
-1.319887109308470086e+00,1.068021029389324417e-01,2.234331018526271695e+00,3.665875394323065084e+00
-1.285942611362181465e+00,3.275610075560947965e-01,2.208562462150629457e+00,3.701086301894703556e+00
-1.303689498841634764e+00,-4.213635003386522193e-01,2.241871655426180165e+00,3.704331478970207758e+00
-1.303060199308644140e+00,1.526015036511282619e-01,2.328320354475256870e+00,3.614072518442255966e+00
-1.270656030064119424e+00,-2.271898219358901017e-01,2.308010196262663349e+00,3.557071124133481810e+00
-1.284225001850048509e+00,-9.922075027266979985e-02,2.281553218513779235e+00,3.722642244412162960e+00
-1.285279827904110217e+00,7.505638752656347279e-01,2.305514874125979219e+00,3.437183728936239024e+00
-1.282662388757353833e+00,9.899307672325274865e-02,2.270657809722960607e+00,3.843990876426437442e+00
-1.272262455592747976e+00,6.095372834652279526e-01,2.279145872776533910e+00,3.527405961995562667e+00
-1.338220520303358141e+00,-6.503974072611471424e-01,2.273865313465651461e+00,3.578933651700288987e+00
-1.279863081632117261e+00,-2.171020191298917712e-01,2.244750784421447154e+00,3.628399263920186080e+00
-1.308686263342523359e+00,6.238721360489555279e-01,2.224869207254607240e+00,3.653138242944997671e+00
-1.278869096696494401e+00,-3.482201680041173142e-01,2.250396297103171683e+00,3.736739501061463908e+00
-1.298143493955439265e+00,1.509933455357639343e+00,2.263678804169824144e+00,3.644415125361085472e+00
-1.286987653696127998e+00,-1.730086140656398763e+00,2.307290152891509294e+00,3.515035789764531238e+00
-1.310912465278382566e+00,-3.388392372123664176e-01,2.323561694738685457e+00,3.602146786172281789e+00
-1.329607957999600298e+00,-1.220834501413739392e+00,2.278781083728522727e+00,3.574075515423075444e+00
-1.338419290037815124e+00,-2.947047179114034021e-01,2.266539195075270019e+00,3.742735401864131894e+00
-1.264940129483841602e+00,1.005286951027608566e+00,2.268003003463221923e+00,3.678344354152757401e+00
-1.279977753699677701e+00,-3.564975810958744606e+00,2.258889760073058195e+00,3.618050687753035177e+00
-1.308187136002521678e+00,1.332224607668679228e+00,2.241744070635204533e+00,3.766068213775811913e+00
-1.275363623734397933e+00,9.715035670503524567e-01,2.283601002972452054e+00,3.767893589566757573e+00
-1.294716091006720582e+00,4.962718558055781437e-01,2.295910750428664215e+00,3.542614161176592003e+00
-1.335523400070635747e+00,-8.671271401172493398e-01,2.327791235191466246e+00,3.435332707699423338e+00
-1.273668168693085523e+00,1.651761987850872915e+00,2.325856274595801132e+00,3.511705727396082111e+00
-1.348819478491207313e+00,-1.253026092935086044e+00,2.280758546761421535e+00,3.507370696406239663e+00
-1.346350695322732438e+00,-5.834256699032309701e-01,2.285674242612963702e+00,3.577021540899229191e+00
-1.264134336789525026e+00,8.462860494854018700e-01,2.293121670887975139e+00,3.539866851679671189e+00
-1.279265938691398263e+00,7.046107120927631584e-01,2.307100469329596226e+00,3.534922175425615265e+00
-1.344735846642416410e+00,-2.169806936403255282e+00,2.303774762089343398e+00,3.486689778528579975e+00
-1.315174617917936661e+00,1.167930244104684601e+00,2.285328281657438954e+00,3.569734662680241755e+00
-1.277881909711799047e+00,-1.430301573109823421e+00,2.286612785602772480e+00,3.674580083633374628e+00
-1.243285702093402278e+00,-8.894378308998396321e-02,2.299412570329176564e+00,3.805646008639365085e+00
-1.230137420232031875e+00,-8.356139697602475991e-01,2.306508469829799957e+00,3.956631252155303979e+00
-1.213389219452905898e+00,-4.503040146504642127e-01,2.305839453516822513e+00,3.930206386515694650e+00
-1.271433701348120504e+00,1.392315845587410283e+00,2.295157405911075976e+00,3.652645272607821791e+00
-1.332842095959328121e+00,-2.002712067008249885e+00,2.285679063141702994e+00,3.503108701942025505e+00
-1.279478947337748806e+00,-1.582469179082913735e+00,2.292314332078088324e+00,3.644577907619083845e+00
-1.287419020862090591e+00,-9.544053497908977501e-01,2.289379607018438012e+00,3.535345561736474629e+00
-1.275973623317654182e+00,1.141859924708443552e+00,2.276711131178285719e+00,3.574228107385104991e+00
-1.359238345063535913e+00,2.875804721451662438e-01,2.286645588360664227e+00,3.496558982131240167e+00
-1.275719440110975045e+00,-6.480469389633397581e-01,2.292511554208409574e+00,3.766847309286557088e+00
-1.336506662631406162e+00,-2.089051482044524732e+00,2.266234041019777212e+00,3.476560498360700358e+00
-1.302438946547067600e+00,-7.981587959386697850e-01,2.294022288964563394e+00,3.554371664572543388e+00
-1.282471272496471082e+00,-1.116004411304102550e+00,2.274828337467748707e+00,3.693880061660397729e+00
-1.283822102780663776e+00,-1.547119404011553678e+00,2.278188590502797428e+00,3.659850655674908637e+00
-1.254923184355535515e+00,-1.061565752479223690e+00,2.301894081073204035e+00,3.691551087139632426e+00
-1.342911402144117305e+00,2.576131733849041927e-01,2.269327584458467939e+00,3.394285199975198619e+00
-1.324307452948168651e+00,-8.520675128348795258e-03,2.313373507280884311e+00,3.526937374164190953e+00
-1.325280505550553212e+00,3.528118058312753047e-01,2.265972435462373369e+00,3.610475414708256281e+00
-1.270495552183567911e+00,4.424411984873655723e-01,2.300653968277682093e+00,3.628481994738692151e+00
-1.271648613026099328e+00,-7.234735536257445032e-01,2.312229883974566746e+00,3.672652720158547712e+00
-1.287863052198269243e+00,-1.571773512000065320e+00,2.319086167306620982e+00,3.562925010939562931e+00
-1.328798301976069185e+00,1.268900024082063593e+00,2.267442711265288846e+00,3.592925095584063033e+00
-1.283071258008284143e+00,-5.766159274692428394e-01,2.317062546386746469e+00,3.532042465408561593e+00
-1.309434669252790062e+00,1.257255195722226215e+00,2.351932703459386875e+00,3.483548418135715252e+00
-1.255950644135857441e+00,-9.045483374102720742e-01,2.252377396776776841e+00,3.716095412484353488e+00
-1.287370926825678330e+00,-1.385662462705008258e+00,2.238245981532745343e+00,3.751206869743845651e+00
-1.294320023762630889e+00,6.119509056154619486e-01,2.274661064463316507e+00,3.759822398790187759e+00
-1.287216216058080009e+00,5.138321120008254583e-01,2.274604773022681492e+00,3.680134312979302269e+00
-1.267479941658390397e+00,-7.567669017641797113e-01,2.306382010357110879e+00,3.726335414793404244e+00
-1.292112702093183074e+00,5.751042056630994992e-01,2.240604759758670905e+00,3.659313939920522341e+00
-1.356759405242244920e+00,-6.045875485079433842e-01,2.267982116107538193e+00,3.447240239270155104e+00
-1.304500675632616069e+00,1.321870458840175067e+00,2.287313969821024529e+00,3.541015480825861150e+00
-1.280215681129055039e+00,-1.264149534468504088e+00,2.284382666121067107e+00,3.685437832669451019e+00
-1.292000350609660453e+00,-1.241752290806384940e+00,2.218982653594044674e+00,3.694916426125764097e+00
-1.278748671717817142e+00,-2.979262462353651220e-01,2.239556672356440181e+00,3.716127843565951938e+00
-1.283503360759373102e+00,1.794029769372762040e+00,2.241075473536655149e+00,3.712110655112072610e+00
-1.346361068899473823e+00,-2.177892009307124788e+00,2.258333182842971798e+00,3.467472156411122164e+00
-1.343693012721583147e+00,-2.041599541908279303e+00,2.255834941594185405e+00,3.471045674626529465e+00
-1.332569910288646575e+00,-2.715939028094310981e+00,2.268135095368347010e+00,3.539643969306317306e+00
-1.281817499609880562e+00,-9.646959655233948716e-01,2.293688450596854000e+00,3.670252380091203470e+00
-1.266994127053093999e+00,-1.056645448462724124e+00,2.261533960833024715e+00,3.693346725856415436e+00
-1.344912363023327284e+00,4.597815901351339773e-01,2.293276800194252729e+00,3.503605535695987427e+00
-1.327487880870092507e+00,1.458007203219746861e+00,2.322273446877792136e+00,3.431482363161393323e+00
-1.199589115546203955e+00,-1.667011108163068078e+00,2.293089945310858191e+00,3.874701969096260079e+00
-1.284011092939039589e+00,-1.218269359485379955e-02,2.255967648326191899e+00,3.890935573690831095e+00
-1.197763725504178645e+00,-1.668781961306350647e-01,2.273342120575785330e+00,3.859885313553705899e+00
-1.292121289240625970e+00,-3.734449412030370397e+00,2.273694562542841080e+00,3.533184681059567733e+00
-1.310559925894861255e+00,-2.559028654769685662e+00,2.288093120448015050e+00,3.579731341599066585e+00
-1.317385746151556791e+00,-1.617484396897203025e+00,2.292020513581734864e+00,3.569832154163877558e+00
-1.266048367547502718e+00,-1.838541819010065748e+00,2.311412681317260631e+00,3.658714832214612134e+00
-1.263709260177388938e+00,1.285149282673388793e+00,2.311028305983110265e+00,3.665653252554737840e+00
-1.258990224403137015e+00,7.006041809376351015e-01,2.282379580944374098e+00,3.765175579634190584e+00
-1.315851121355032571e+00,5.201815849149414861e-01,2.316353223100860781e+00,3.474385359422182518e+00
-1.301454002483993122e+00,-3.424324875765259457e-01,2.251354211698964214e+00,3.676839611213943204e+00
-1.311375860448481090e+00,8.387021574282000902e-01,2.303750468791686323e+00,3.270897351782018347e+00
-1.319041812767474342e+00,6.332618161603407181e-01,2.305316825809445191e+00,3.350050565477621589e+00
-1.260102038995286167e+00,-1.292872853216109119e+00,2.281958577938761223e+00,3.716493800023118688e+00
-1.267986708847936406e+00,-2.212446205498976859e+00,2.291153573986628000e+00,3.781668919974287668e+00
-1.282941042162272227e+00,-8.838055883190927275e-01,2.284120228260734464e+00,3.498599049554830032e+00
-1.336966283101100661e+00,-1.257590448366041613e+00,2.273657300962801386e+00,3.593624847959982382e+00
-1.320362214207643881e+00,-1.313629928218444043e+00,2.254179044519068142e+00,3.476946454642211304e+00
-1.272077803195804657e+00,8.148242612333433943e-01,2.342971236899928034e+00,3.467646568782963623e+00
-1.288217092631060545e+00,-9.068926542276162239e-01,2.262704055166173678e+00,3.734327428040853825e+00
-1.294907944292732260e+00,-3.717413227188754998e-01,2.318019867592766126e+00,3.594567711463562798e+00
-1.206475845815848214e+00,-1.780242635193814538e+00,2.337220389424763844e+00,3.787174362149962281e+00
-1.261977709622403854e+00,-1.027661473200612186e+00,2.311497950785489142e+00,3.723641131714130026e+00
-1.332031803128346015e+00,-1.132434947445711160e+00,2.294422448073601739e+00,3.451503404230352512e+00
-1.360795546114319965e+00,-1.095848724707421784e+00,2.300163906490371168e+00,3.429738806657838701e+00
-1.333414395891864057e+00,-6.210680690200818255e-01,2.293683204687519961e+00,3.449882974468065022e+00
-1.311531842212541044e+00,-3.741877093738228854e+00,2.307700536947258296e+00,3.487924928309691364e+00
-1.209153752217176248e+00,-1.010829668876795706e+00,2.289909829518099293e+00,3.950050730784570696e+00
-1.323519270883814380e+00,4.882309153389725598e-01,2.304882480685578106e+00,3.472026602229331349e+00
-1.281003572794081391e+00,1.010355349974309647e+00,2.318890861758227118e+00,3.453508291489328474e+00
-1.253765299483255102e+00,7.171212274341128845e-01,2.313306355266912639e+00,3.594686377778075759e+00
-1.266566871959746488e+00,-2.929140344441201638e+00,2.262645119498635005e+00,3.638138012335186744e+00
-1.287532853767608509e+00,-1.583180007555800017e+00,2.269729476620541586e+00,3.759352675305883018e+00
-1.283985120893203824e+00,9.607305252578912658e-02,2.310020224314015103e+00,3.639767653130335567e+00
-1.336766842587344684e+00,-4.909975958863824763e-01,2.270420036677517128e+00,3.629156534531164269e+00
-1.259902275089892498e+00,1.089870841191960205e+00,2.234281624647080466e+00,3.640735573528815383e+00
-1.244931489105689071e+00,2.493326334491257068e-01,2.285940507287811840e+00,3.909701405375598071e+00
-1.251669014709300587e+00,8.584809553259877823e-01,2.285941550347777351e+00,3.944288223274677652e+00
-1.226341289489693898e+00,1.560601239462253709e-01,2.305836432350408582e+00,3.765731157513820815e+00
-1.288809557229040337e+00,-2.414490206825572471e+00,2.288172971492341556e+00,3.634179893756285917e+00
-1.328666022945750091e+00,-2.272817616637803351e+00,2.278518192337209314e+00,3.523680910161412161e+00
-1.295703824983011510e+00,-3.060565304968263067e+00,2.248830837722216813e+00,3.652479046621833980e+00
-1.260512009183571758e+00,1.723552678371395475e+00,2.295374519105266575e+00,3.653599429375623320e+00
-1.269326887531579517e+00,-6.891041114662495026e-01,2.293686629650663722e+00,3.742477037193837841e+00
-1.268479355660716124e+00,-2.268373488702877805e-01,2.289521215182411140e+00,3.603673493765118252e+00
-1.285815405890739838e+00,-3.695002250477990913e+00,2.274902538126347018e+00,3.560027964115630272e+00
-1.320363233490418509e+00,2.046435995396291840e+00,2.296832038472285120e+00,3.495885722984007238e+00
-1.320677958142540964e+00,-3.489426508369944724e+00,2.299418258959586847e+00,3.519270711390197537e+00
-1.320337375916933009e+00,-2.212378327770098352e+00,2.261698185486778367e+00,3.400541257453319144e+00
-1.367822755358225839e+00,1.014045902908674801e+00,2.264040824881530689e+00,3.469367164408671211e+00
-1.336889414002361054e+00,-3.874036033121392442e-01,2.289956436453282951e+00,3.405538008480077039e+00
-1.242184673077364465e+00,9.577938579705531641e-01,2.265841495187151722e+00,3.719034012909821385e+00
-1.268525371763126408e+00,5.717660259569041781e-01,2.334970472478003600e+00,3.738539479975198532e+00
-1.276351011430116422e+00,-1.409930072299377501e+00,2.248138505730363335e+00,3.615347635727669040e+00
-1.343385556650974255e+00,-4.219613901870637562e+00,2.255510776960682140e+00,3.494990111550229095e+00
-1.299323249246005618e+00,3.346760684700544886e-02,2.249045510970181461e+00,3.688774208958990108e+00
-1.276361639258192016e+00,1.544852063868083596e-02,2.277020097728921666e+00,3.644996380817489001e+00
-1.333705365108657004e+00,-1.186488073232933482e+00,2.280012635866008885e+00,3.402174634892186411e+00
-1.316300473958861961e+00,9.586795250980515437e-01,2.321922266890317221e+00,3.449489954382372048e+00
-1.316279378778460574e+00,-4.369959904362378245e-01,2.300113315807096548e+00,3.495176496819131451e+00
-1.330913070905339834e+00,-2.117952382175593229e+00,2.311349622919372404e+00,3.557819936312126785e+00
-1.280000870338623198e+00,-2.083224655522921687e-01,2.259584611277349886e+00,3.703723600806168026e+00
-1.288527857024825751e+00,9.494042922487916369e-01,2.311211637935021823e+00,3.620301127815980013e+00
-1.301330203606325675e+00,1.457549075297622121e+00,2.321191580667224752e+00,3.617004721720701976e+00
-1.230762712657424318e+00,-1.410253558578455912e-01,2.276405308729675170e+00,3.751463077499470167e+00
-1.349820855350511106e+00,7.927667165532780169e-01,2.285032886225197846e+00,3.372825640897353594e+00
-1.302635632860987380e+00,1.915265822333304113e-01,2.294420179345209032e+00,3.530700208030737031e+00
-1.235365498376869375e+00,-4.608617847802287670e-01,2.317403622654130579e+00,3.751400581562423397e+00
-1.231299317764465551e+00,7.891884120007579551e-01,2.275019088842884951e+00,3.777323408142331918e+00
-1.290865322822307482e+00,7.759824556957907182e-01,2.340266783919592086e+00,3.595743626397521098e+00
-1.285392145292423072e+00,6.376579370858842521e-01,2.297052762569945283e+00,3.633270924712568295e+00
-1.292470563847747611e+00,1.545278554718955144e+00,2.269352926597383302e+00,3.654995154023998882e+00
-1.315884991846162588e+00,-2.873698769892949478e-01,2.289947806304046374e+00,3.690021011881315260e+00
-1.249964182493214615e+00,-1.093837840229524572e+00,2.301863399743487637e+00,3.641682879620189883e+00
-1.288942212209405414e+00,-2.965722984198075340e-01,2.235244700756076952e+00,3.690622934527785226e+00
-1.335565760746223907e+00,-1.156737682772281950e-01,2.341316313844121311e+00,3.323327323011995738e+00
-1.300172358142644091e+00,9.467684381162475571e-01,2.274553756540710125e+00,3.680958640289782480e+00
-1.291173370482805449e+00,-2.890324523914718391e+00,2.304176610713014828e+00,3.625575985208944640e+00
-1.291070280987666408e+00,-1.892219832629602472e-01,2.279664872896136618e+00,3.589530323429047876e+00
-1.254022590665496928e+00,-3.644014466510170358e+00,2.280596914413135057e+00,3.773694177889131751e+00
-1.375076156797681026e+00,5.656734390149396052e-01,2.287791460544092548e+00,3.276063322759257712e+00
-1.389017065954404995e+00,-5.783234103274517146e-01,2.287055905748109907e+00,3.272195122573660964e+00
-1.301988049670010250e+00,-1.632336543107121729e+00,2.344368663775203476e+00,3.663181376028393998e+00
-1.265209104510387039e+00,-2.325062296428532349e+00,2.292235766771603345e+00,3.494326125256868476e+00
-1.282694218592634661e+00,-3.280731999045085168e+00,2.294090331124735371e+00,3.841983790183948422e+00
-1.237130145960851024e+00,-3.001975831782018656e+00,2.266509349455581024e+00,3.703597897128639627e+00
-1.270352872111103038e+00,-1.877065867506364061e+00,2.281873716525820495e+00,3.765586792204519195e+00
-1.308754054189470883e+00,-1.043469935809822946e+00,2.305918010383726013e+00,3.570394119076357065e+00
-1.325713595937204836e+00,-1.274887638615632257e+00,2.326348199315122045e+00,3.478806569550480621e+00
-1.319622994821515016e+00,-3.163118487163119941e+00,2.342536863641720313e+00,3.348683382298187627e+00
-1.241588482453846121e+00,-1.186020271514360847e-01,2.233132678806348803e+00,3.847215665476587443e+00
-1.266727190071638143e+00,-1.107131654188678427e+00,2.325290864859490547e+00,3.475417485423021979e+00
-1.303242428737034109e+00,-9.665187385496543104e-01,2.296910402195439183e+00,3.595845682809010846e+00
-1.274674960174019933e+00,6.140040472791186144e-01,2.272612095634937823e+00,3.619542877994218255e+00
-1.283058443562111295e+00,1.727514848959187610e+00,2.269725913775758830e+00,3.718782230732309291e+00
-1.276221227591969098e+00,-1.050548139858740182e-01,2.250722635452197196e+00,3.718596621953182080e+00
-1.314818469385025335e+00,2.205800463880830398e-03,2.267029048197074292e+00,3.580050931872480025e+00
-1.298168322102969396e+00,-1.490970808869582775e+00,2.309787084916135047e+00,3.578142382993155568e+00
-1.325302085367331850e+00,1.231130265600429485e+00,2.275648047045631728e+00,3.539046753236693821e+00
-1.275584280359384204e+00,-3.272704190900017629e-01,2.276084757750223453e+00,3.599634421205633927e+00
-1.306715489749577186e+00,5.857751038101545182e-01,2.299854858132850843e+00,3.619242872957223245e+00
-1.315533689715501220e+00,-9.373963928585911098e-01,2.303765601529391915e+00,3.521099024832696767e+00
-1.341968372877088811e+00,-8.293724584030317537e-01,2.304520185688132106e+00,3.607009597635979947e+00
-1.307415641447408072e+00,-9.942470792059376894e-02,2.293113262114766293e+00,3.585727538079177101e+00
-1.299273508218529605e+00,9.108622549992069217e-01,2.285164643879802782e+00,3.645482513328652363e+00
-1.272024557048951232e+00,8.073824330971428598e-01,2.302518658287740827e+00,3.500517839307789369e+00
-1.279105189441257728e+00,8.318678787161566390e-01,2.361219341496506807e+00,3.586781085047452411e+00
-1.283648954109578355e+00,8.945215399083704666e-01,2.249821835093963163e+00,3.646217106199468816e+00
-1.276309758982988152e+00,-6.920358129421340099e-01,2.321288142233014717e+00,3.523528224719596480e+00
-1.278889068234121185e+00,-1.947625183655193881e-02,2.246299456559976093e+00,3.672910511168728132e+00
-1.265054549485033597e+00,-3.743646125223106802e-01,2.255353458469833594e+00,3.739342928273201139e+00
-1.265054549485033597e+00,-3.743646125223106802e-01,2.255353458469833594e+00,3.739342928273201139e+00
-1.296079758520508829e+00,1.977923915428625445e-01,2.326411718080361624e+00,3.552278529358029679e+00
-1.260568436966773564e+00,3.723824467570233110e-01,2.299804050726215188e+00,3.518169246637504965e+00
-1.252814506474467793e+00,7.453610690936773864e-01,2.278388988353785116e+00,3.788272816739034710e+00
-1.227123690007086099e+00,-1.337935718237039273e+00,2.307668507125878676e+00,3.647744309652566574e+00
-1.292124911737377868e+00,-4.540714771541720651e-01,2.307394039671319952e+00,3.708697247975634159e+00
-1.273394200241792174e+00,9.847787985625273688e-01,2.284605993540301583e+00,3.637924838575364195e+00
-1.257342662045451531e+00,1.275693115834128033e+00,2.285703782423474273e+00,3.774476608388678045e+00
-1.342479135101941612e+00,-1.448229174354021431e+00,2.279448960712041394e+00,3.449656683856720196e+00
-1.276549985145014166e+00,-6.518617002590313403e-01,2.288133770592836402e+00,3.595305792725830951e+00
-1.283714994555074540e+00,1.044789852727068258e+00,2.299155719390449271e+00,3.691381414982987330e+00
-1.298001894043270932e+00,-7.427764801242342507e-01,2.292613430926280227e+00,3.503634124465593747e+00
-1.257186218389982457e+00,1.064052601776880769e+00,2.264211131081084627e+00,3.786490655080613887e+00
-1.248303704900390887e+00,-1.245915715998953566e+00,2.311781413914411054e+00,3.614485634781691381e+00
-1.248026358647621015e+00,-1.905754248139055917e+00,2.347311309123332190e+00,3.536516123288630631e+00
-1.286900758611417839e+00,-1.103609341957630496e+00,2.352554905820395614e+00,3.556033930447597413e+00
-1.269313973538962914e+00,5.881791387352703904e-01,2.268540149298044373e+00,3.768293989142212919e+00
-1.258820926793431605e+00,1.078562975078559472e+00,2.311341532493638162e+00,3.607963422388164254e+00
-1.309795272925777132e+00,-2.423448630378892688e+00,2.315216181653734662e+00,3.563497493161043472e+00
-1.288070891775788152e+00,-1.665917058458710853e+00,2.345726352476587895e+00,3.448565519845359972e+00
-1.332650233110257876e+00,-9.930666304889951279e-01,2.302451216424679981e+00,3.374027262178880715e+00
-1.254749037309031312e+00,2.863513471018811485e-01,2.311784231968173842e+00,3.787522078772691092e+00
-1.308085405027622938e+00,-5.545315776513154438e-01,2.311782306516068530e+00,3.408501194663903000e+00
-1.323726134849175118e+00,-7.698429073882193663e-01,2.350241782038895000e+00,3.556969837074293483e+00
-1.291670157147839726e+00,6.540403627377955331e-02,2.328817626355214276e+00,3.481460155572060344e+00
-1.256878355620599796e+00,-2.625102361882424296e-01,2.306577806707853284e+00,3.656307989603905018e+00
-1.290660932406921590e+00,-1.981019371819451758e+00,2.256162582805405936e+00,3.739145893810281063e+00
-1.367248464329462898e+00,9.106922139675899253e-02,2.349729864538594004e+00,3.437821528427703832e+00
-1.312414069279397744e+00,-6.175942947097730062e-01,2.342124795255791536e+00,3.413512597295202511e+00
-1.289152839791866345e+00,-1.753359321054188458e+00,2.289742737428592800e+00,3.433581966368555616e+00
-1.298618563363679312e+00,-1.718101648336184839e+00,2.300472835854619369e+00,3.446812395806065243e+00
-1.277248140724390524e+00,3.359879831174221732e-01,2.287352363414756340e+00,3.647914161525180443e+00
-1.270186984614354087e+00,1.301458213156828081e-02,2.288180450861191151e+00,3.621853180915548531e+00
-1.273023282998911432e+00,1.105114448239404190e+00,2.290751820741007805e+00,3.660893441609143206e+00
-1.284905375827110063e+00,4.451284159524395712e-01,2.268693848180483918e+00,3.694218157748675679e+00
-1.207700098394032251e+00,3.345622776450137281e-01,2.264704331924312086e+00,3.771525567071592366e+00
-1.258505026324960641e+00,3.499891047375040531e-01,2.290837481891616179e+00,3.874026487423448462e+00
-1.340346877226332278e+00,-1.618104346419929396e+00,2.213236724462567917e+00,3.478254012256777106e+00
-1.335359207252803992e+00,-2.045677526080180719e-02,2.219750975889928313e+00,3.521699348340121993e+00
-1.344222658813701621e+00,-1.540061184340633993e+00,2.297893539542985142e+00,3.526175562999819491e+00
-1.317622151512317874e+00,-2.397259194187324471e-01,2.242901945408776410e+00,3.512114686001728270e+00
-1.324974760791886697e+00,-2.076912724860265236e+00,2.321430263270842342e+00,3.501894292199879910e+00
-1.314305295055682832e+00,-1.202257860713614068e+00,2.303535023490966172e+00,3.499017136060929456e+00
-1.289509739513311715e+00,-4.420043116073651968e-01,2.287837667146066511e+00,3.422889956249106636e+00
-1.311263395499047135e+00,1.685114092343197978e+00,2.310988019341206012e+00,3.577639319950184582e+00
-1.333839303375313534e+00,-1.984541480018090276e+00,2.304886103481548432e+00,3.526981006314467315e+00
-1.309279133451982657e+00,-2.495069776746971613e+00,2.300604210730278876e+00,3.452489163976722786e+00
-1.338289544410536269e+00,-2.796786145263951529e+00,2.319642145003062872e+00,3.468646392239758569e+00
-1.242525939387417289e+00,8.823620072312652329e-01,2.261086792535333956e+00,3.865242319348889843e+00
-1.242525939387417289e+00,8.823620072312652329e-01,2.261086792535333956e+00,3.865242319348889843e+00
-1.323622551312776174e+00,-1.168888796225131976e+00,2.314480512131825485e+00,3.558667651543851562e+00
-1.357151960907131194e+00,1.261799033724797736e+00,2.320508645308220874e+00,3.318038652203933125e+00
-1.380307070258586677e+00,1.204433643977516510e+00,2.274107758915637323e+00,3.299442529623181297e+00
-1.212723782745739554e+00,-1.238045531096859220e+00,2.309105078652389231e+00,3.924438271988058169e+00
-1.373506449875971036e+00,1.227722824639275734e+00,2.276306724431449879e+00,3.463620446792197161e+00
-1.292956455999802134e+00,3.912149739954228211e-01,2.306552589553545030e+00,3.468539851837167731e+00
-1.319524429615039907e+00,2.019519712864101812e-01,2.320343739768572444e+00,3.505447620870016046e+00
-1.249280476569876619e+00,-2.497631340034819625e-01,2.253087686198229189e+00,3.722735497197918964e+00
-1.272386249647105227e+00,-4.944591441580864499e-02,2.260302264654625581e+00,3.704170292852923208e+00
-1.286415385333262940e+00,7.773189046244403932e-02,2.287338779970186753e+00,3.691600912579191984e+00
-1.288135227368884861e+00,-1.954254184336449374e+00,2.341982224507519916e+00,3.555585062403409324e+00
-1.323601815902025525e+00,-2.820982492103943251e+00,2.246689626930858275e+00,3.679624864513756144e+00
-1.254073436970103872e+00,5.606284046810570132e-01,2.344012066909245018e+00,3.703471301465903753e+00
-1.260629378046664861e+00,1.939518156224478151e-01,2.284198944349001170e+00,3.667756207035520966e+00
-1.272127205150216822e+00,-4.146977212702496196e-01,2.255746012019902214e+00,3.567896012481532875e+00
-1.257497398786095788e+00,2.460677819356982265e-01,2.249114440269239790e+00,3.523756963643386531e+00
-1.311444580777669344e+00,-5.093976666300452649e-01,2.306280039817972138e+00,3.650103280459296329e+00
-1.308195481333842336e+00,-1.900450223961054563e+00,2.257190944836792834e+00,3.617547023596564326e+00
-1.289323159140728370e+00,-2.425113480659811582e+00,2.292774854776331583e+00,3.627727177420279503e+00
-1.237473391322888805e+00,-1.382393555609840341e+00,2.294533080824652682e+00,3.793255282625805247e+00
-1.285672629778389142e+00,-1.259819900392768144e+00,2.319067053759929831e+00,3.581469331722570537e+00
-1.285568828874952496e+00,-1.983211770775232807e+00,2.305017352905031736e+00,3.503792669574896212e+00
-1.258627072799880731e+00,-1.409233219719605135e+00,2.296191987450520777e+00,3.511016422991472652e+00
-1.272203048408268700e+00,-8.536502720738197159e-01,2.307332536184036886e+00,3.709751028764785019e+00
-1.287213963837657182e+00,1.214277035812027394e+00,2.251333552965133045e+00,3.690465221115559302e+00
-1.279684386479796876e+00,3.990857494609328926e-01,2.235812662789832483e+00,3.695158852075552058e+00
-1.279684386479796876e+00,3.990857494609328926e-01,2.235812662789832483e+00,3.695158852075552058e+00
-1.301262774983210191e+00,-1.354469235494575985e+00,2.291526403376096699e+00,3.513814231523462617e+00
-1.286780181993674166e+00,1.033329264234715383e+00,2.273377621052791397e+00,3.617030447559361761e+00
-1.300471246719278273e+00,6.460267525096410335e-01,2.243875592993399781e+00,3.737417857860915849e+00
-1.284119547856486632e+00,3.872197981368512565e-01,2.311020702473444377e+00,3.640957607345161051e+00
-1.238630781507487955e+00,1.149352889531538802e+00,2.304879461795476647e+00,3.727630051058810068e+00
-1.249017657244399837e+00,-1.492859800107117163e+00,2.286255819480215834e+00,3.805578193165621848e+00
-1.380105338680692073e+00,4.524346301886718047e-01,2.320869083833390523e+00,3.223489534956996749e+00
-1.370383090366167345e+00,-3.077494062163835808e-01,2.313825901659824158e+00,3.276229217695705298e+00
-1.317957342070098514e+00,-8.353915035095221819e-03,2.315859812368930015e+00,3.528410989190543745e+00
-1.322447270692580945e+00,5.543171445363049843e-01,2.294396928307829597e+00,3.594858510260667384e+00
-1.341129093675242689e+00,-1.363984083316026830e+00,2.253590670509651339e+00,3.447009336650379119e+00
-1.356771006656821932e+00,1.139849287081556417e+00,2.334625280885803456e+00,3.380350169043186082e+00
-1.283285954796550277e+00,-2.282711740984874726e+00,2.262215611830086015e+00,3.777079203232339033e+00
-1.251011133715034473e+00,4.012480467561673203e-01,2.328556957236753266e+00,3.710791834790565957e+00
-1.295813265018487481e+00,3.002441517687102768e-01,2.305551398777448746e+00,3.485748422041217154e+00
-1.324165798461984345e+00,1.007740636090684316e-02,2.313882975228167549e+00,3.609413347949857798e+00
-1.191863980554427327e+00,4.961253538772182892e-01,2.328234323837194086e+00,3.862351374427118955e+00
-1.188147014409050017e+00,8.084223998178496906e-01,2.326707687942566327e+00,3.863970694812299822e+00
-1.245420466585962060e+00,2.156659273938057453e-01,2.324609879514781596e+00,3.769040180133135465e+00
-1.223714955573630858e+00,-2.041666837099164744e-01,2.354770705948421305e+00,3.651477184074424009e+00
-1.283474112887219132e+00,1.206121313530415629e+00,2.272516544707227304e+00,3.603110776568219542e+00
-1.337711780438985754e+00,-1.162014873677810201e+00,2.291318754621416431e+00,3.479470640820508720e+00
-1.259834794133223301e+00,4.657056675231903697e-01,2.285126723334644172e+00,3.711761531333867214e+00
-1.321220343122174956e+00,1.047693819068515220e+00,2.281022438948944853e+00,3.539178012864763634e+00
-1.311798096004624714e+00,-8.362819909348958580e-01,2.266551814758719807e+00,3.494070258409891050e+00
-1.326145394535917843e+00,-1.461261186854868388e+00,2.310756942605000308e+00,3.556086095196608010e+00
-1.263440973001152878e+00,-1.729026710777692433e-02,2.272899130459980377e+00,3.824759590023869560e+00
-1.314401065162721816e+00,4.854959361049161481e-01,2.319108236797013944e+00,3.512661345895923493e+00
-1.276414567005696332e+00,-2.438158079691417512e+00,2.229821492626499868e+00,3.767462323376024269e+00
-1.290762534487659430e+00,-8.492981414028983878e-01,2.319615751007369386e+00,3.579476520068437750e+00
-1.262662011840343990e+00,1.010296543810357495e+00,2.261104730677188090e+00,3.812295865752712398e+00
-1.271851996400241269e+00,-1.810671995965190462e+00,2.299585282900094896e+00,3.581153115109348306e+00
-1.241822178025639989e+00,-4.837874537260578034e-02,2.315976274530816337e+00,3.815820561566384495e+00
-1.286586107864903461e+00,-1.839617612381840406e+00,2.308513402769371670e+00,3.637641875865971652e+00
-1.309126020707023663e+00,-2.089887896923211308e+00,2.309677409330399112e+00,3.374906482950192910e+00
-1.325030255080295705e+00,-1.728902246349215854e+00,2.318447358923823032e+00,3.429303662280871912e+00
-1.349694821394219035e+00,8.018780759913201051e-01,2.283768356832961643e+00,3.455781569082908344e+00
-1.336200485975968855e+00,-8.250729822953465353e-01,2.316890708221882367e+00,3.439234447105320669e+00
-1.344589759716461774e+00,-5.589576436659451364e-01,2.312647258287436891e+00,3.411230739221446484e+00
-1.224329721154624462e+00,-5.679273642256603694e-01,2.245597608015912794e+00,3.755125011749967268e+00
-1.296430815077230569e+00,-2.527184147280139737e+00,2.314916940107012877e+00,3.459460430359327265e+00
-1.353935711178913426e+00,-2.888888920449455000e-01,2.325869443535481196e+00,3.294443029864225103e+00
-1.211837980820055227e+00,-2.360011758791811243e-01,2.244052455457695938e+00,3.794276660920786082e+00
-1.273571854221468014e+00,-1.073426759887261828e-01,2.247307225493328620e+00,3.708901162486464731e+00
-1.278188238468012106e+00,4.938167888385778248e-01,2.253642540943176620e+00,3.702665742205819122e+00
-1.380805571068617787e+00,4.951046851784519642e-01,2.296990577168602332e+00,3.376232223074082217e+00
-1.282196286015935272e+00,6.969413231022870692e-01,2.277152415440584665e+00,3.596340181948075809e+00
-1.324905602069399446e+00,-3.627458377604332318e-01,2.294472788003528052e+00,3.444768970286857801e+00
-1.303559448444219004e+00,-8.427288876161065367e-01,2.322120394691731704e+00,3.396297738181867754e+00
-1.305110392020811583e+00,1.396136653329731470e+00,2.316603115688985248e+00,3.526888550831681624e+00
-1.329282474751427356e+00,-1.627363418065216560e+00,2.261272103200953065e+00,3.552292954444626005e+00
-1.299782661560319186e+00,-3.129195870107351896e-01,2.294845544115107216e+00,3.390565487157139568e+00
-1.313975349884780375e+00,-1.364639548816847903e+00,2.284318277118391194e+00,3.399183728252700210e+00
-1.310449000422260646e+00,1.491566613014561726e+00,2.295512437630845781e+00,3.473637005172463876e+00
-1.265807532927839762e+00,-1.883451825487928000e+00,2.275499831750970703e+00,3.648811241589932308e+00
-1.275575185949112011e+00,-2.200909376232893511e-01,2.279082703848577918e+00,3.451492779565100033e+00
-1.324198120860922367e+00,-1.669391621934671388e+00,2.291978714486876179e+00,3.611065955752531309e+00
-1.327639096527181595e+00,7.504634879981066931e-01,2.318509188141026467e+00,3.418008733269295885e+00
-1.323730363721126402e+00,4.961095196699337739e-01,2.269654786311056327e+00,3.550295007238815082e+00
-1.256392562477229635e+00,-7.760511477841057770e-01,2.350997315324237835e+00,3.594488096578643876e+00
-1.251418530498545678e+00,-6.819939003657797816e-01,2.240456094644458940e+00,3.682014781391552027e+00
-1.259495890661341155e+00,-6.793879458189073794e-01,2.239548294108338666e+00,3.775781440334804451e+00
-1.270171060170087518e+00,1.240526446175842956e+00,2.283756131441460724e+00,3.702583191908111804e+00
-1.333881585939821202e+00,-7.160544709750915615e-03,2.284760720445806026e+00,3.476739421018829379e+00
-1.322818012636238549e+00,1.817217671710108229e-01,2.279721031394519315e+00,3.458465520256897907e+00
-1.273236484203531749e+00,-1.965035888832860955e+00,2.288521403868907012e+00,3.608915736868823831e+00
-1.243327274570283913e+00,8.258137339434510338e-01,2.303055555561077661e+00,3.837477003098043404e+00
-1.311313753036125185e+00,-1.281195470025437100e+00,2.271143846607151850e+00,3.640382789725796542e+00
-1.300530149452539863e+00,-6.504558889947982259e-01,2.275883081223688542e+00,3.611958131434198194e+00
-1.244047453650315216e+00,5.284413139851221741e-01,2.298751268081792087e+00,3.773181511636810370e+00
-1.268940723578887653e+00,-2.636987358724744546e+00,2.277132716343691410e+00,3.687398856576703743e+00
-1.305691064896649323e+00,-1.767149578691583844e+00,2.308840085431380196e+00,3.585891536919386891e+00
-1.315717244284170473e+00,-3.632938001641398351e+00,2.309881195347366134e+00,3.560210315276840731e+00
-1.281183081775322696e+00,-2.522868416927832147e+00,2.286379285275867090e+00,3.736217233834925100e+00
-1.371702799132055173e+00,-7.766759834717061883e-01,2.265776766701146361e+00,3.541552791601626726e+00
-1.280614710573096504e+00,-2.928698140319847099e+00,2.244787805032750772e+00,3.606950204946302474e+00
-1.328649966626509693e+00,-7.390066195044386888e-01,2.274885594875494021e+00,3.648196272621761604e+00
-1.364210696459628780e+00,-1.133747584988794022e-01,2.251959632446396853e+00,3.347550467130554708e+00
-1.292351477624993583e+00,-4.841477248544266976e-01,2.292592600945237535e+00,3.548439527132921878e+00
-1.249098891839312886e+00,-8.928414724551085868e-01,2.287593247397287755e+00,3.788089761988463255e+00
-1.258741144630836528e+00,-3.055663035031170871e+00,2.298231670735595866e+00,3.691763344030012384e+00
-1.306071871762308989e+00,-1.553961658097990473e+00,2.336807191457828559e+00,3.674801636582730957e+00
-1.303463530443477625e+00,-9.337697974080438890e-01,2.335770913385445624e+00,3.588110880530470226e+00
-1.317928416998407570e+00,5.586421375336665385e-01,2.284086305622994306e+00,3.594000388143604674e+00
-1.249121416857966294e+00,-9.248456828950230024e-02,2.240867084148913335e+00,3.660098034409722700e+00
-1.357965962494161571e+00,1.584906666072648074e+00,2.282379436597590239e+00,3.594677484918115784e+00
-1.285706379433119606e+00,6.874810138023238482e-01,2.266418764110181172e+00,3.534077451224540756e+00
-1.203848826030159191e+00,-7.840489052066843545e-01,2.277104825762656493e+00,3.767329523172441963e+00
-1.305196645111879716e+00,-5.947940274628056301e-01,2.311171016654497201e+00,3.611783175447859762e+00
-1.256495217627860317e+00,8.458713169736370441e-01,2.332883090679144900e+00,3.551104987394961388e+00
-1.290075325085115576e+00,-4.248864011454820400e-01,2.326067491391329067e+00,3.627791746952193641e+00
-1.234166280768905999e+00,6.534447393487499145e-01,2.282692646422510130e+00,3.794736757437588981e+00
-1.245705276932302930e+00,-2.755756578623965058e+00,2.338395716609046104e+00,3.535520551420811675e+00
-1.295639383352062080e+00,-3.204735215579493923e-01,2.273606558997270710e+00,3.783249329316130005e+00
-1.262949962044151553e+00,-1.705546578758845744e+00,2.236056270616996411e+00,3.704244995012610620e+00
-1.273772149551130939e+00,1.396815119156416873e+00,2.328492026729958031e+00,3.542591781324781586e+00
-1.316293172370883724e+00,-2.406037549883587090e+00,2.333752800013527029e+00,3.492757888932079169e+00
-1.319743572150322342e+00,-1.032175920196904517e+00,2.321462550043314810e+00,3.409543543256934761e+00
-1.349074941252771831e+00,1.555931761437488348e+00,2.310494092617056072e+00,3.426412207392724341e+00
-1.334039317794897928e+00,3.826235897775779327e-01,2.299825211713602435e+00,3.434150134381114494e+00
-1.263285653695902511e+00,-1.761448227084172480e-01,2.297260081853351288e+00,3.597498601958322162e+00
-1.312528103847490746e+00,-3.371396311371188115e-01,2.292362884287213909e+00,3.623196223993240928e+00
-1.295667214996975902e+00,5.490660482145821586e-01,2.292940458882183563e+00,3.626609660096200560e+00
-1.305538942007067993e+00,-4.071823995863638745e-01,2.265137275573640974e+00,3.555548752097830612e+00
-1.314911225488450741e+00,5.963422892848100343e-01,2.308568770340841958e+00,3.434055763358454971e+00
-1.278599872715346253e+00,-2.246122735985917329e-01,2.265450616451984533e+00,3.649250064583556163e+00
-1.349543419880874007e+00,-4.481871170251825021e+00,2.291559974109659059e+00,3.437208225325322886e+00
-1.277210490077734795e+00,3.272271398387838204e-02,2.314630098395902724e+00,3.594683190111456650e+00
-1.270164425624747961e+00,-2.790299825561149305e+00,2.309198758813031827e+00,3.661104671092463292e+00
-1.330673726394685286e+00,3.029917966964574827e-01,2.284560656295241188e+00,3.499627305138671041e+00
-1.322734580228210222e+00,-8.818690106888551483e-01,2.296617182023775072e+00,3.477140517042106360e+00
-1.334638953464003963e+00,-1.188755958990582062e+00,2.301092795993539664e+00,3.496724180738671972e+00
-1.297545381671577180e+00,4.643485875976278154e-01,2.277264772682751737e+00,3.683537428105677414e+00
-1.286541324810195785e+00,4.615518088786162432e-01,2.309078212759786641e+00,3.512353554742361883e+00
-1.267583475315060548e+00,-1.681495125836625304e+00,2.309948681430169959e+00,3.555529773186507203e+00
-1.282879810806795806e+00,-1.766433204803064649e+00,2.305849609865069816e+00,3.583041190858943459e+00
-1.331035703130804437e+00,-1.878959560161929110e+00,2.305446670405471910e+00,3.403854901562623159e+00
-1.296725097413880423e+00,1.457856010774895905e+00,2.267305987137199441e+00,3.595594971316785404e+00
-1.335006698707346562e+00,-9.353942042684795233e-01,2.246394806951708567e+00,3.607589799612027637e+00
-1.288023619676965215e+00,6.033886548833025110e-01,2.297175551017921702e+00,3.706662578082081883e+00
-1.292962188438785187e+00,3.891082006015242345e-01,2.300429929833741394e+00,3.526013526197206094e+00
-1.400026287065574859e+00,9.107971223615273226e-01,2.250298711950471375e+00,3.472082551347057233e+00
-1.366100819717636305e+00,1.776321064561911522e-01,2.260554851719544178e+00,3.298950710215323934e+00
-1.304978115675671235e+00,-1.235944269492518233e+00,2.296912214967952170e+00,3.655832569758689310e+00
-1.332713642549661959e+00,-1.340052841224601332e+00,2.260655736199505217e+00,3.508335355731953875e+00
-1.334882128465361362e+00,-1.078529066689628113e+00,2.275391974525798666e+00,3.536587906052137686e+00
-1.348959796057841221e+00,-1.071682435096887209e+00,2.268835197084408062e+00,3.466078518013601339e+00
-1.287045892883011300e+00,-1.639888507877138357e+00,2.251853225268944048e+00,3.644863395606418699e+00
-1.306720978433008939e+00,2.047789905217849427e+00,2.247420816592654358e+00,3.612528369890442459e+00
-1.284601024185371365e+00,-6.171157377049907300e-01,2.264218438168195568e+00,3.695045226561727070e+00
-1.287972316599448552e+00,-2.263663306084812143e-02,2.274231247720669646e+00,3.477519141819513493e+00
-1.302087251852272365e+00,1.344976786511852040e+00,2.289636070493477948e+00,3.486707063687830566e+00
-1.379053389560794596e+00,-7.070913809145873419e-02,2.291294696684490262e+00,3.423644150476039982e+00
-1.392293040878180621e+00,4.573630188929951879e-01,2.298584403915689300e+00,3.402644324387482211e+00
-1.288670886849187625e+00,7.830419375846656704e-01,2.277840183114009154e+00,3.521048059144895159e+00
-1.320701826033828796e+00,-7.337144310140746306e-01,2.320389841264023367e+00,3.584057652164478025e+00
-1.302057710739529028e+00,-1.118062461068731750e+00,2.313627070643044181e+00,3.562449417901885518e+00
-1.299901384110793812e+00,1.437359663475239469e+00,2.337905945714360278e+00,3.563979154059218946e+00
-1.301437640786825112e+00,5.686091455580862819e-01,2.358353077462239433e+00,3.370582407955536208e+00
-1.296399682250662266e+00,1.128800003760737525e+00,2.357934415189206767e+00,3.484082551234680469e+00
-1.319059189496181617e+00,1.504968674116854865e+00,2.357127135258160866e+00,3.378777206709829173e+00
-1.309346064310819679e+00,-9.853666947771714257e-01,2.262332562443255313e+00,3.583458840262910172e+00
-1.291542519741113892e+00,-6.883246061208130318e-01,2.264187221372111480e+00,3.578988027877628042e+00
-1.314520756903998722e+00,-2.331066306389936837e+00,2.285288695174176876e+00,3.660310831025087808e+00
-1.286492356978872209e+00,1.776690078419969065e+00,2.292728190087816920e+00,3.598165851473959620e+00
-1.276127192952229983e+00,-2.658303502048611211e+00,2.288691383699656523e+00,3.606708250097770296e+00
-1.327720573293218465e+00,1.602674221125909293e+00,2.328713863910847781e+00,3.495116132646733931e+00
-1.302477412202419638e+00,-1.358121726770977755e-02,2.278758396083476523e+00,3.587635554406486182e+00
-1.271247974560232752e+00,1.643115808848869985e+00,2.297363344570340526e+00,3.648064651365334754e+00
-1.292951344260718338e+00,1.575720006463007694e+00,2.290913880896141563e+00,3.682908729270020221e+00
-1.258161766427924100e+00,-6.516583613646652617e-01,2.311386256937049577e+00,3.613859881933236373e+00
-1.308040424776675703e+00,-6.752856397286127743e-01,2.325643754760096549e+00,3.678537723828006811e+00
-1.301393938904612080e+00,-4.020156107348674901e+00,2.282101447331232880e+00,3.521851733169715004e+00
-1.301935277150138903e+00,-1.019010023042865365e+00,2.338026214587197060e+00,3.491795389279352957e+00
-1.288667994844287623e+00,-1.322074665525192261e+00,2.362256563483542404e+00,3.563527121623697891e+00
-1.245333181884008100e+00,-6.950182448701823779e-01,2.282179952475416496e+00,3.880183023084797345e+00
-1.319554750572970336e+00,-2.812920634071746084e-01,2.325863407740924149e+00,3.447681630508122375e+00
-1.313229794334674905e+00,9.025829572371060205e-01,2.310507780160574232e+00,3.438811715429808569e+00
-1.304218524227602760e+00,5.567249469359011327e-01,2.287824475509059319e+00,3.608859556972911165e+00
-1.324153255690363684e+00,-1.659858625193599391e+00,2.286885997801342718e+00,3.581304277664066671e+00
-1.275135084370474958e+00,-1.376483806759296602e-01,2.272165079364369067e+00,3.624766971275950045e+00
-1.289866107107971560e+00,-2.444591498690686093e-01,2.288626504801739792e+00,3.644980903063552713e+00
-1.330095953995517943e+00,3.559599285045139672e-01,2.285965705387816627e+00,3.455333082379534293e+00
-1.354012044886013788e+00,9.822987762928455657e-01,2.253858566858111256e+00,3.442334613871484983e+00
-1.328464419673470731e+00,-9.193756665382553095e-01,2.279709163426455465e+00,3.479481031078145659e+00
-1.284102399420223861e+00,7.643485604656040655e-01,2.283861168798991592e+00,3.574140508223305090e+00
-1.357194759672689655e+00,-4.316600668127917317e-01,2.248111322460540240e+00,3.513624750376488137e+00
-1.320419793229037797e+00,-2.241164697357910240e-01,2.307758552106815131e+00,3.477807471258372196e+00
-1.287875501846813320e+00,-1.490967827267148937e+00,2.268163220149613135e+00,3.721321496647514770e+00
-1.328239862709511554e+00,-3.658177641944658554e+00,2.304716079024805797e+00,3.683242108832396333e+00
-1.324236485969997990e+00,-4.653428580729848107e+00,2.309515042941832075e+00,3.642186595077742783e+00
-1.280394136778724379e+00,-3.008630179827891826e+00,2.263975186330065448e+00,3.514924375259418809e+00
-1.316976780509053091e+00,-1.314093574742978277e+00,2.287773553662113990e+00,3.592746476338259942e+00
-1.267384496045588005e+00,1.270268364886841805e+00,2.318810921048890972e+00,3.621526306794042860e+00
-1.291754716480262744e+00,1.571731100543046766e+00,2.298181789457692581e+00,3.581850956960082932e+00
-1.359946141670367981e+00,-6.144354033767263079e-01,2.294470412493572198e+00,3.386167500927993679e+00
-1.268883848932190972e+00,1.102303916031443176e+00,2.251211358458167666e+00,3.794842830022820301e+00
-1.268883848932190972e+00,1.102303916031443176e+00,2.251211358458167666e+00,3.794842830022820301e+00
-1.271557243539539916e+00,1.626233349514058180e+00,2.240221409354715476e+00,3.741151134735734463e+00
-1.267000008624475704e+00,1.904362168323236792e+00,2.242107004282083871e+00,3.754981735665717135e+00
-1.317668695070870699e+00,-4.654688781480672333e+00,2.282465339806001747e+00,3.452699167239568379e+00
-1.318964966781803971e+00,-4.015256967625044027e+00,2.251727439949381182e+00,3.603140672760957397e+00
-1.288661714425881621e+00,1.523824536850199252e+00,2.333430225188695584e+00,3.478820234037470982e+00
-1.250676888238418938e+00,2.258856712008030510e-01,2.314516492980889240e+00,3.807289732817958683e+00
-1.309050978247967567e+00,-2.503125596071676950e-01,2.313099667736661758e+00,3.688066977508491107e+00
-1.264642314835116688e+00,-8.468498043630764416e-01,2.299856469805867221e+00,3.612888478510262402e+00
-1.312690149900544778e+00,6.980264610934429070e-01,2.264302930032323413e+00,3.601639196939644183e+00
-1.311551211064989619e+00,8.954461885660819354e-01,2.262826061960710788e+00,3.633077303437795891e+00
-1.330426803759685583e+00,-4.012434173783051561e-01,2.327048815652160929e+00,3.430039129957177302e+00
-1.290922702039302594e+00,-3.026082488667771742e-01,2.265015818698555616e+00,3.685368028116974948e+00
-1.301495455936338086e+00,-6.368710406747579711e-03,2.337861743370485801e+00,3.482375662897729374e+00
-1.306931430450522180e+00,1.281369138666600627e+00,2.304058596541903814e+00,3.548092275232259674e+00
-1.291102411887292245e+00,-1.172196584939073638e-01,2.351645688271708945e+00,3.513204832586493964e+00
-1.307350778177242434e+00,-7.153573569815045996e-01,2.289107087473549296e+00,3.532788827491962547e+00
-1.331568139000170570e+00,2.831759563290645598e-01,2.307599324806209218e+00,3.493824952893613833e+00
-1.284452670572988398e+00,-4.877436694218003632e-01,2.275551374312044128e+00,3.654645019854084076e+00
-1.290225705695232206e+00,-2.073678952388831931e+00,2.282600214736025368e+00,3.523894633339444304e+00
-1.280115305241645185e+00,-3.281719050311598274e+00,2.300181264628252453e+00,3.640725410681107110e+00
-1.316442489131363303e+00,-4.099930018125538034e+00,2.292471297900416261e+00,3.645471936555577219e+00
-1.292620632452281315e+00,-4.328704069618965811e+00,2.286346628251724411e+00,3.544304612294368884e+00
-1.258497594194355029e+00,-1.246206906041569917e+00,2.371098997545265430e+00,3.376403937588331239e+00
-1.330351801944245516e+00,-8.229974836577047537e-01,2.334544739923500423e+00,3.567119602267160072e+00
-1.297211969519044050e+00,3.731675258738964551e-03,2.293955102504410704e+00,3.541402122737826730e+00
-1.252671858636371427e+00,-2.077865778437416600e-01,2.291769573572655982e+00,3.668227696595747211e+00
-1.314266097026544067e+00,-2.438869505972300622e-01,2.289804029739963553e+00,3.589507563073999208e+00
-1.262270671874283545e+00,3.541435997260621305e-01,2.293803185660766353e+00,3.512105014895236632e+00
-1.295335448835147840e+00,9.870257372722717193e-01,2.266758897762666702e+00,3.716438679581803850e+00
-1.308147486813700411e+00,1.689113351310578270e+00,2.258875912526473240e+00,3.771221125101674065e+00
-1.281165011900022854e+00,1.041657229646263838e+00,2.279901482696891524e+00,3.514194080208346893e+00
-1.321069597641240545e+00,-1.855478577021859588e+00,2.290533787012454692e+00,3.690266994376311338e+00
-1.235476504822562882e+00,3.870119796650530741e-01,2.303468447614958503e+00,3.596997813874182270e+00
-1.225651303224579936e+00,1.477772334876970017e-02,2.283371136308516736e+00,3.505075805601608696e+00
-1.306075588642102048e+00,1.037931517255898051e+00,2.287441969121022378e+00,3.735317525314666209e+00
-1.294296381767384263e+00,3.942102404399697724e-01,2.261608054407037383e+00,3.470683166227894745e+00
-1.316268893664166884e+00,6.150368722590550119e-01,2.258334185793653859e+00,3.524029276162485846e+00
-1.363780050806363775e+00,-8.329198567143424325e-01,2.261934949514501803e+00,3.517650053374461905e+00
-1.369840911727459920e+00,5.821519115806008671e-01,2.265996603654810482e+00,3.462443749339229715e+00
-1.362372740895869239e+00,2.100055421069708106e-01,2.267409083871991360e+00,3.457346750687557257e+00
-1.322206301783886984e+00,-1.517011250292705560e+00,2.281517988990696466e+00,3.483043715048945277e+00
-1.305649727091371171e+00,-1.210323749237229185e+00,2.267990148681414464e+00,3.603398812991163158e+00
-1.304469799024643439e+00,-5.995921744048549051e-01,2.240753711880277166e+00,3.619684926444482809e+00
-1.219643555985262529e+00,1.115355193084399121e-01,2.295730047605517576e+00,3.862918730713967630e+00
-1.316795019852402548e+00,2.886245212703855145e-01,2.241460231361315447e+00,3.645389675256300421e+00
-1.278294742885775603e+00,1.939997329041021901e-01,2.287915855286700939e+00,3.616270393876388933e+00
-1.243383967907570886e+00,3.376333633963784497e-01,2.280622425460109959e+00,3.720950683090221478e+00
-1.289628418279458621e+00,9.418899220630249092e-01,2.278201031796268428e+00,3.699593664502315971e+00
-1.256450941518355346e+00,-2.218742174528054445e-03,2.309659112413152471e+00,3.657451712404861777e+00
-1.251774461274044903e+00,1.148408762878172062e+00,2.275010549086539768e+00,3.746853487227543411e+00
-1.318117679799160946e+00,-1.313022210841051640e+00,2.297789933938449547e+00,3.364898597470395991e+00
-1.278861607245387333e+00,9.552472580033499749e-01,2.307825499297606164e+00,3.609322082811114996e+00
-1.281964628076625701e+00,-9.997436980450078448e-01,2.268132234828070359e+00,3.670562032810165132e+00
-1.330117366832743730e+00,1.352001020952402488e+00,2.284658673065411261e+00,3.544427097867700382e+00
-1.329768507432000479e+00,1.749486294710367762e+00,2.290299026371904745e+00,3.607092859502931237e+00
-1.313660462777789029e+00,-2.353337590844579275e+00,2.301965022159153218e+00,3.479219384532513448e+00
-1.306742966811529127e+00,1.831486189673655396e+00,2.280681030357595063e+00,3.520266267150149009e+00
-1.278243978980538209e+00,9.326889843555686843e-01,2.286988177428143310e+00,3.475961493177420092e+00
-1.276161206533722448e+00,5.894299842004036005e-01,2.309620912407639892e+00,3.812066462448068016e+00
-1.242352514338593172e+00,5.774160097363640887e-01,2.308882653483392389e+00,3.754977587251909110e+00
-1.287543079238415489e+00,8.945487824009876743e-01,2.278588496532843344e+00,3.670797357468856603e+00
-1.309604255627841107e+00,-2.404738980654064773e-01,2.300467592006454343e+00,3.591318879078657655e+00
-1.304546345249208095e+00,9.072655143233367969e-01,2.326280625132394864e+00,3.477308316748771055e+00
-1.275286046113181637e+00,-2.332382646727988895e+00,2.353942105005481622e+00,3.569303238707023596e+00
-1.319168562875951078e+00,-1.869201286740684198e+00,2.231963051487315663e+00,3.595521924731867269e+00
-1.247667761713281198e+00,2.146287873911429056e+00,2.243820731234180244e+00,3.746700069947019873e+00
-1.259858570007845735e+00,1.672689677735473390e+00,2.238141273827185973e+00,3.730570718362769878e+00
-1.272233157347667731e+00,1.145802244829364991e+00,2.268235266061063626e+00,3.771998752500062668e+00
-1.291334172000406788e+00,-1.212368970783158861e+00,2.265045741360416365e+00,3.611006644193299753e+00
-1.298455485828891698e+00,2.314202516785507369e-02,2.300085713967205958e+00,3.655684034432416851e+00
-1.283084941456215100e+00,6.536607021295490760e-01,2.296407303159143876e+00,3.562603931642788879e+00
-1.247597076712757325e+00,1.352544075236671750e+00,2.274849877920718022e+00,3.854302570881881884e+00
-1.226840025591800831e+00,4.357589162026065388e-01,2.292571719272970210e+00,3.806206354664588787e+00
-1.209047483273633317e+00,1.131511004467961268e+00,2.287899348856643922e+00,3.764760948803417051e+00
-1.271800599931264264e+00,-6.467729029263662444e-01,2.264647984763123123e+00,3.792497969106769951e+00
-1.298461717815890371e+00,7.081499632134713451e-01,2.246700092835633544e+00,3.678123999790650078e+00
-1.319401468751207451e+00,-1.973365248944943140e+00,2.308404967790065765e+00,3.492657709460772697e+00
-1.302403374697794103e+00,8.699436852108448637e-01,2.279699759003412041e+00,3.793863094996203777e+00
-1.259325346343727503e+00,-7.974806978207392705e-01,2.269693284002283207e+00,3.606586467056702716e+00
-1.239378513614812105e+00,-2.085711969574510327e+00,2.303699036983469561e+00,3.644440569163384325e+00
-1.281562487853162180e+00,6.984401923414064184e-01,2.314961003281780449e+00,3.570526615896793210e+00
-1.318581578059007553e+00,-1.056318863915863604e+00,2.314904103450570627e+00,3.519949344407428793e+00
-1.317511687326662795e+00,-8.356778260496703359e-01,2.296628957736629228e+00,3.617965839958785512e+00
-1.346238044954142898e+00,-4.283569680377662392e-01,2.277614209026122438e+00,3.511861455202303084e+00
-1.242636661142649590e+00,8.180229345647506145e-01,2.320675168481288964e+00,3.665844532966702651e+00
-1.282965952429492962e+00,1.082335876038821088e+00,2.338075496526442532e+00,3.606012122836142808e+00
-1.291215451860520336e+00,1.306664855530587976e+00,2.325826100606517954e+00,3.564861188418821047e+00
-1.311092037826371737e+00,9.241799502424452584e-01,2.335321351818469005e+00,3.613157865690774351e+00
-1.272509182822475937e+00,1.064363859892194064e+00,2.324938259135237661e+00,3.538587707338813004e+00
-1.334482653492192972e+00,1.547151873362003105e+00,2.311852508129455863e+00,3.423982829116382742e+00
-1.351154259436514460e+00,-1.051539062345163700e+00,2.298622197507324660e+00,3.455932934250610433e+00
-1.325119078739790845e+00,6.276115918381360848e-01,2.300097877659541545e+00,3.491367808610452261e+00
-1.333197096716637109e+00,1.408113133848130749e+00,2.313514840179321741e+00,3.482137120871222624e+00
-1.268917737163760329e+00,-1.492954416278198693e+00,2.249663441756412752e+00,3.707072527392314854e+00
-1.303970781068494178e+00,-2.060922978033693287e+00,2.247076112193552522e+00,3.677090455083315224e+00
-1.315180242501674979e+00,-2.282513266990700895e+00,2.254950020724995507e+00,3.698559362493473390e+00
-1.238255560459044835e+00,-1.417389714035973025e+00,2.272837747855425583e+00,3.708301921614958196e+00
-1.283342826828208105e+00,1.687903073049537461e+00,2.249874729145065366e+00,3.753551029171817266e+00
-1.274588909632613953e+00,-5.807780135049667170e-02,2.271592531202166310e+00,3.705638867523163515e+00
-1.317518314734168916e+00,2.476209199623380375e-02,2.313676491806996083e+00,3.510741531500660262e+00
-1.299336010633604044e+00,3.730933899577961732e-01,2.274214171798492057e+00,3.642070471291705580e+00
-1.270843993306933539e+00,-8.166191726008481533e-01,2.303503835320195758e+00,3.691550616821716257e+00
-1.312865737957810364e+00,6.873512526232476993e-01,2.287542223379158024e+00,3.544615504810696205e+00
-1.298111124807999062e+00,1.228551121926538370e+00,2.263016476713612946e+00,3.651982960634297726e+00
-1.256996602024704535e+00,-3.626226323808205088e+00,2.317696323358094279e+00,3.701449941208025951e+00
-1.287697497510239319e+00,-1.450110174089525028e+00,2.264185792441852918e+00,3.580016070250192861e+00
-1.257876583264999626e+00,9.267962606661960256e-01,2.301648673417357571e+00,3.789222286843200393e+00
-1.307066652884068647e+00,-1.547774144299739474e-01,2.289778673875192183e+00,3.395165175500740151e+00
-1.308284267041572857e+00,8.408840760425869698e-01,2.315323990600783866e+00,3.666204653657797241e+00
-1.367625646323902933e+00,-2.547912535695758818e-01,2.269017667064215704e+00,3.520300372869975103e+00
-1.310435556790170208e+00,1.377626116116179578e+00,2.280034961059650200e+00,3.413418593490731734e+00
-1.343544113681045760e+00,4.794355487722510301e-01,2.297440968097315128e+00,3.532408786231736819e+00
-1.319704527125984406e+00,1.435666205297119635e+00,2.280333537113060860e+00,3.444625967862291471e+00
-1.321116798949778959e+00,6.799810169379161273e-02,2.294808710311954325e+00,3.486623782139847361e+00
-1.279738725843001079e+00,7.077801712287478120e-01,2.241150109553312841e+00,3.604521888424793818e+00
-1.340934177200628463e+00,2.773780705015995163e-01,2.286849083601659949e+00,3.577243300083032818e+00
-1.325261531270341075e+00,-1.562337458988223737e+00,2.287214589350302862e+00,3.564984575433159719e+00
-1.261238833784587232e+00,3.785504353180383363e-01,2.317144749830855499e+00,3.800618499130854033e+00
-1.242076845691622689e+00,9.277096939225446537e-01,2.324852350711498872e+00,3.740481421526613115e+00
-1.234936150608277439e+00,2.757068611605908437e-01,2.333194223252068156e+00,3.664674459977422583e+00
-1.273961483900695413e+00,-1.506777828814974907e+00,2.314496979062108828e+00,3.655015384553480740e+00
-1.302774376788529587e+00,-1.331405936328411421e-03,2.326892840982023092e+00,3.535853585505476460e+00
-1.244649672447691868e+00,1.300967043275897961e+00,2.273956224851668928e+00,3.761174460652440210e+00
-1.309695173063742279e+00,6.920278405307006553e-01,2.259750812719939272e+00,3.652621492378338885e+00
-1.261352464595581369e+00,-1.362328004005030735e+00,2.310743528396896451e+00,3.628545136820962913e+00
-1.301181781871059817e+00,-1.946288606843105784e+00,2.306066941129871317e+00,3.574286762583579691e+00
-1.310823535534208828e+00,-2.101924381697142685e+00,2.308916389800604652e+00,3.457230306730481484e+00
-1.311183812456394815e+00,-8.940748804316701603e-01,2.259895914604113987e+00,3.733007492662114846e+00
-1.283164624618961636e+00,6.347203954636613243e-01,2.317815385948517992e+00,3.510576346793742086e+00
-1.291059273408605712e+00,9.384716459581459169e-01,2.344764135114651538e+00,3.525164079430953112e+00
-1.369000200834416869e+00,-5.034370084526961220e-01,2.294587908015760735e+00,3.366092446520219106e+00
-1.276135534001538785e+00,-4.537607254243281041e-01,2.251322414922334314e+00,3.612860777327510764e+00
-1.316803755797862685e+00,-2.775055136809007061e-01,2.306203382864058238e+00,3.474489783370982465e+00
-1.310973017314527089e+00,-3.347317099350150649e+00,2.281294987162742149e+00,3.579070609426600047e+00
-1.282239189058417939e+00,-2.182706466112671606e-01,2.307205083075112295e+00,3.618886986988749666e+00
-1.211717183687956778e+00,-5.460871634532338259e-01,2.286417573072996312e+00,3.918615831483244438e+00
-1.218697177387651154e+00,-3.772815135287372335e-01,2.284322799341299781e+00,3.867048869833490166e+00
-1.288503957773012853e+00,5.173926651126075082e-01,2.370220449170150179e+00,3.438365412148892020e+00
-1.300362175573491097e+00,-6.407618204940923601e-02,2.376569918997020192e+00,3.206302090135123350e+00
-1.292319178190855622e+00,-1.038325870848305632e+00,2.206195787999883251e+00,3.642552506617598773e+00
-1.254353611295801585e+00,6.813943667517116110e-01,2.324451735898875437e+00,3.549511490748838316e+00
-1.271377624590114941e+00,3.719224220553884463e-01,2.295995178492510558e+00,3.723379121297808680e+00
-1.250142605229668691e+00,1.388913118091670285e+00,2.315417506755898192e+00,3.605504343152099889e+00
-1.295342560915644592e+00,1.069443393727891101e+00,2.279032869944705109e+00,3.670202437319221023e+00
-1.280963851662616948e+00,-2.092739725557112851e-01,2.260250127973846723e+00,3.798088029245038744e+00
-1.314529456043099342e+00,1.162183578110326243e-01,2.316274155465534168e+00,3.404629631171587789e+00
-1.319759741271521625e+00,1.157877754927142261e-01,2.238842375971580090e+00,3.520697537925633558e+00
-1.306901273177284661e+00,-1.894932001680752265e+00,2.248588827991998329e+00,3.610594496375628903e+00
-1.283040933448229115e+00,8.119542414160004773e-01,2.234869466840079699e+00,3.674390971662483629e+00
-1.300469587359583956e+00,3.545837471582580225e-02,2.243323930793948318e+00,3.716498063707028621e+00
-1.298070778820622495e+00,-2.352635618295544906e-01,2.255300264449202174e+00,3.724693293368727343e+00
-1.408038357357665360e+00,7.701166841783402273e-01,2.299836840652595527e+00,3.304153316183906952e+00
-1.311271097730850821e+00,-8.305315928838140627e-01,2.304561971748891214e+00,3.406223352058749931e+00
-1.329234823645314645e+00,-2.906187675665307779e+00,2.306935467162545272e+00,3.569440957082008925e+00
-1.306860511596521279e+00,4.733904611666734930e-01,2.341262311604300983e+00,3.341099764255141658e+00
-1.348942464463944946e+00,1.878977292843628133e+00,2.360429599637778875e+00,3.152746967518116339e+00
-1.315759680024705558e+00,-2.233303394802365283e+00,2.354616830997818155e+00,3.536687669675529833e+00
-1.299206020017948937e+00,-2.061273198875246404e+00,2.357534370486488839e+00,3.378422343720078658e+00
-1.250809173816050723e+00,-2.228231478922760633e+00,2.336972815981441354e+00,3.678627620283031696e+00
-1.215992015266242676e+00,-1.771100615277783730e+00,2.330597333772597146e+00,3.695099478277028560e+00
-1.203928192166942912e+00,-2.418328787595339424e+00,2.327379310419378289e+00,3.668576808993521343e+00
-1.210480036594461239e+00,-2.010760868967708781e+00,2.318423186666509928e+00,3.692610817461484007e+00
-1.268920642221054607e+00,-1.360027696292401611e+00,2.315126176233733180e+00,3.722735880052829849e+00
-1.284415260273830128e+00,-3.678715918397780449e+00,2.321170768945307383e+00,3.668083549016358358e+00
-1.312926468863941931e+00,-6.359178442832018607e-01,2.255203371909918708e+00,3.438311220131558876e+00
-1.309483412707321603e+00,-1.321499736373894063e+00,2.254773491753061965e+00,3.499255847688250043e+00
-1.332782742904611517e+00,1.373686699443919856e+00,2.291727928555836069e+00,3.489711799180843954e+00
-1.271512591576585249e+00,-1.854343108926616690e+00,2.355377412798827841e+00,3.490153642553745605e+00
-1.324268205821008904e+00,1.340854607492406370e+00,2.307708557930256532e+00,3.553631898864200167e+00
-1.347606840704546505e+00,5.871549343540830579e-01,2.281437150296304228e+00,3.381333359582090914e+00
-1.308930487418044075e+00,2.048061170061009628e-01,2.285171331428537567e+00,3.553710037036171165e+00
-1.308177395293282030e+00,-1.451421985327540076e+00,2.284203912759182220e+00,3.531967050072616132e+00
-1.317963531037584568e+00,-1.800475844947838411e+00,2.283974790295306700e+00,3.434956397132001626e+00
-1.297907623122866339e+00,-1.147216188100824930e+00,2.287076627431317899e+00,3.473241998773465955e+00
-1.294071737514201459e+00,-1.561769800194281910e+00,2.254543804671226503e+00,3.753088689416557155e+00
-1.294364279883180036e+00,1.010497935393153579e+00,2.275286042749117055e+00,3.489698483693561837e+00
-1.320206796794026305e+00,2.386677241126657911e-01,2.286535046154627882e+00,3.481629054033857695e+00
-1.282868510292032527e+00,-2.507749074164566494e+00,2.303763832112146304e+00,3.637152436494548891e+00
-1.308513093613125733e+00,1.048202763681823857e+00,2.300942852309772579e+00,3.556727722590178331e+00
-1.265056893797830151e+00,3.543060255311664686e-01,2.278302205123285074e+00,3.678609207545836313e+00
-1.316564283366677524e+00,2.656180702129536941e-01,2.284392329405548150e+00,3.597569182755774531e+00
-1.292354232929746827e+00,-2.635300406508394033e-01,2.328204139850254428e+00,3.596146623676117038e+00
-1.249563737448398992e+00,-6.332322057629198309e-01,2.254551663821655172e+00,3.815521672961529553e+00
-1.259609951780989112e+00,-3.625743311847149375e-01,2.272974946565719190e+00,3.830781431092582068e+00
-1.297727015087006830e+00,6.042244384058135243e-01,2.299296913406187581e+00,3.546590857093692151e+00
-1.287078742677826071e+00,8.152653897673761696e-02,2.302218005244584198e+00,3.642435180056756483e+00
-1.221926047671079374e+00,1.363294405722575986e-01,2.286798449087167118e+00,3.932877370654622062e+00
-1.281707936509909551e+00,-4.272257047393389628e-01,2.274375566260084192e+00,3.599056758540436274e+00
-1.353271062328155638e+00,7.648972268998602830e-01,2.309079211704562873e+00,3.401688027786088142e+00
-1.319918036671595907e+00,4.346352487783915475e-01,2.293727958550500823e+00,3.365943788160018713e+00
-1.308163924130739897e+00,3.939574896032010942e-01,2.285151941526839092e+00,3.382509856491112021e+00
-1.327126665735916422e+00,-8.674160291232263509e-02,2.251699689953927663e+00,3.329822057292827875e+00
-1.224189443746750872e+00,-6.325100053280025003e-01,2.329575736652879758e+00,3.601547809751123097e+00
-1.352345245413663744e+00,-7.517755963848048451e-01,2.345805924876672943e+00,3.518552848548495149e+00
-1.341315284235798488e+00,3.784503200417910218e-02,2.304066343571824937e+00,3.735444020015141753e+00
-1.267773580134568201e+00,1.383335598365948549e+00,2.269305122832740107e+00,3.495887880197142916e+00
-1.299130528767709514e+00,3.913398528452911584e-01,2.276184653047368389e+00,3.576160074523730081e+00
-1.249062303123058770e+00,1.880871298692552707e-01,2.305995205806148363e+00,3.830706340947651167e+00
-1.269328456739941657e+00,-5.758902595854955564e-01,2.257331432518524750e+00,3.702122910024682412e+00
-1.320568987883659062e+00,1.347225149154923640e-01,2.307549532294911110e+00,3.584622740923848916e+00
-1.281061460168407828e+00,1.414415180384270165e+00,2.291876772893705727e+00,3.659480740016169520e+00
-1.255952705503892819e+00,-5.812219990685177917e-01,2.321087900471636267e+00,3.703436394970986090e+00
-1.245061108885071377e+00,1.739758027521297379e+00,2.284300349894630600e+00,3.774906679190979997e+00
-1.229767040247216059e+00,-1.971362004931962675e+00,2.329302046984948138e+00,3.741056126771791668e+00
-1.219279760694214065e+00,-2.267888765623749858e+00,2.331772834343265099e+00,3.679164545454836510e+00
-1.263518202945985491e+00,-1.910990001343012112e+00,2.345606434191290557e+00,3.669411984268836413e+00
-1.252283333013773703e+00,5.202921670706719404e-01,2.274708995213268636e+00,3.727508798935652123e+00
-1.305137318309960826e+00,-6.964639283734577191e-01,2.276391155976849046e+00,3.645836611763191737e+00
-1.272328117501964062e+00,8.529683923239465004e-01,2.286860014366711269e+00,3.736609670833684227e+00
-1.254103668330223131e+00,-3.331697941206054892e-01,2.301169521276357433e+00,3.662083806414862863e+00
-1.253258440882146330e+00,1.184402490459795843e+00,2.318134393618450417e+00,3.747524959150637436e+00
-1.327794000201018676e+00,-1.428337299106663627e+00,2.315266249228930651e+00,3.372491299362502915e+00
-1.368612569062487516e+00,-3.166754084913212974e+00,2.276584749559717569e+00,3.497942013217434365e+00
-1.354587258926149174e+00,-2.240273103916350372e+00,2.275946619612568611e+00,3.442964340529453438e+00
-1.299620017337170808e+00,-1.021216962469347456e+00,2.275849641586436434e+00,3.557910377085091724e+00
-1.311019496748695445e+00,-1.058527656695541275e+00,2.281961378218728242e+00,3.681720267723733286e+00
-1.317460673560985951e+00,-2.943450338527233257e+00,2.271393082050724210e+00,3.568355531887292820e+00
-1.305977762891699090e+00,-3.554060094899444522e+00,2.303891107330529486e+00,3.624265084151121030e+00
-1.305999476762514266e+00,6.352324892488481201e-01,2.272352136777163523e+00,3.529625289794843468e+00
-1.311690223080012707e+00,-1.249966513684578118e+00,2.276507118515458838e+00,3.475264313675057171e+00
-1.292021255783425637e+00,1.148616076257516827e+00,2.331317419237540545e+00,3.611306405436082834e+00
-1.289966849136110927e+00,4.777254761787054216e-01,2.285261880947623947e+00,3.353556212861395380e+00
-1.334930319219922223e+00,9.753173290729979517e-01,2.297746895518401278e+00,3.450149774002235326e+00
-1.319890291159581119e+00,-7.035643674806254522e-01,2.276994393582705722e+00,3.521855632229363042e+00
-1.299750421349364915e+00,9.822210426674541361e-01,2.276846462449404918e+00,3.549693658239029492e+00
-1.279498273813886255e+00,7.590332353934965415e-01,2.275870997587162936e+00,3.536461424072611770e+00
-1.270649417750389309e+00,1.245558024288061505e+00,2.281149521264445479e+00,3.760493687876061308e+00
-1.290474995725731766e+00,-3.897777138271325548e-01,2.282595224334423634e+00,3.580442020646589452e+00
-1.299174438211673666e+00,-2.335522688888085896e-01,2.269109286502832390e+00,3.505526274403412579e+00
-1.272312592776186913e+00,-2.434360034443065146e+00,2.294311217017745985e+00,3.732915238846960637e+00
-1.311596659737597648e+00,1.127099076959708013e+00,2.283817304734227172e+00,3.614770325535345386e+00
-1.266434789181155818e+00,4.570304863521605920e-01,2.255419614988275701e+00,3.624514461018623734e+00
-1.292987134438127850e+00,-1.794480468994265332e-01,2.290787763594962723e+00,3.705870591951863968e+00
-1.303740580055448683e+00,3.721516291168954771e-01,2.309527857436015630e+00,3.811356576095350057e+00
-1.292167526073443318e+00,4.797557841917278743e-01,2.316856396632416271e+00,3.724171564231593123e+00
-1.257923306632905414e+00,-3.290665539299863163e+00,2.239730404091522242e+00,3.769171683041590004e+00
-1.318713458322403165e+00,-2.178391450983300892e+00,2.254609654259465579e+00,3.605187592886189840e+00
-1.276996136249009428e+00,-8.434165158450935840e-01,2.298880758983727901e+00,3.720083544484311222e+00
-1.276004859333047747e+00,-1.621045723621534207e-01,2.288905260056685709e+00,3.639986481370260485e+00
-1.289193304612088031e+00,9.928461889639546012e-01,2.348506936058991190e+00,3.626044296940955647e+00
-1.284683869761557018e+00,1.158958556643808202e-01,2.323442961542078855e+00,3.564067845832456616e+00
-1.273035227231375632e+00,4.768111135484746077e-01,2.287708164387448839e+00,3.757134292838326228e+00
-1.283138199140464675e+00,-2.935316543570097636e+00,2.284473354589767968e+00,3.576293917713676329e+00
-1.288282535179513077e+00,-2.063455888941031713e+00,2.272478919351046844e+00,3.669137545203870587e+00
-1.249230549780161681e+00,1.715172841088155264e+00,2.363834054735321821e+00,3.480299261454724125e+00
-1.292789899219545457e+00,1.025174761227751752e-01,2.362777341524924690e+00,3.407255491055513730e+00
-1.361645460567162624e+00,-1.265038519159661146e+00,2.223056104823386114e+00,3.439759746749405434e+00
-1.379748917996115543e+00,1.477562712160191083e+00,2.253095299635704318e+00,3.402164440308088622e+00
-1.339795839635872010e+00,8.891304906411797715e-01,2.279889251197277922e+00,3.411274307616515511e+00
-1.293536830247645320e+00,-9.977671574888647976e-01,2.306107637976804181e+00,3.474202388588163437e+00
-1.346192119017830757e+00,-1.373665494305740475e+00,2.203255088002673556e+00,3.724443407379775639e+00
-1.293885768925253643e+00,-2.603946953203718273e+00,2.274127369397916709e+00,3.513732323810341729e+00
-1.329413166321901763e+00,4.137355602876103822e-01,2.240670779001464830e+00,3.606539630198891899e+00
-1.280405254545747162e+00,1.474576813975695400e-01,2.243415811147151384e+00,3.733543837993337888e+00
-1.271186681012843600e+00,1.692440371526735099e+00,2.247268927957779994e+00,3.721401285919846202e+00
-1.282092966350240504e+00,9.516427530683043701e-01,2.254494844349783200e+00,3.680603950417379533e+00
-1.285796447522376873e+00,5.009017612227326666e-01,2.251669755599464029e+00,3.630069711096343354e+00
-1.219067698097915597e+00,-4.978330783646807145e-01,2.346949959673720887e+00,3.806190723834616207e+00
-1.223844700244671957e+00,1.360817170037040613e+00,2.303177742397266137e+00,3.766696616741159520e+00
-1.225243332063989055e+00,2.685281108721584431e-01,2.357800396253861841e+00,3.833403040339305790e+00
-1.220757323406362005e+00,-3.843539050281861158e-01,2.332456812822435221e+00,3.725303671235668190e+00
-1.266397321325557490e+00,-6.688284482990488611e-01,2.266536946905596484e+00,3.532993920696741785e+00
-1.357400393184344134e+00,8.105598689833614090e-01,2.300550124590656775e+00,3.603315192472787754e+00
-1.251088648488609012e+00,-7.685289049354421254e-01,2.245230305380490954e+00,3.610178995899134602e+00
-1.303347614176848301e+00,1.148508470398727832e+00,2.330138052760615253e+00,3.501841021522912989e+00
-1.297208927487708330e+00,-2.222296119904291434e+00,2.325852406787288995e+00,3.500274944468705129e+00
-1.273984134888809683e+00,-3.812693035691641086e+00,2.349418221058367173e+00,3.561317973874795317e+00
-1.305396554473837067e+00,-3.989594853514222272e+00,2.266208860055688668e+00,3.566402043195953109e+00
-1.291457037847236533e+00,-2.163195565821133037e+00,2.322598134569611172e+00,3.669933730237814995e+00
-1.291190718069786580e+00,-2.197887706472895886e+00,2.332060347673249101e+00,3.699906966050958257e+00
-1.302504248342508664e+00,-1.661523907809308032e-01,2.250645113691348786e+00,3.513624075946014447e+00
-1.304274272961122971e+00,3.191541089898005668e-01,2.272209515349038256e+00,3.534867069701125963e+00
-1.317984969054505795e+00,3.180320786559030499e-01,2.285240219989158383e+00,3.560174216806854197e+00
-1.308288611073457508e+00,-1.883136440641360210e+00,2.304188374079495283e+00,3.527160454223181141e+00
-1.386159729981031319e+00,-4.865842977009499082e-01,2.269605284800696232e+00,3.350630321074568929e+00
-1.259819743623837640e+00,5.404575645286302521e-01,2.318390472972418070e+00,3.619657992729188756e+00
-1.385472158048735691e+00,7.111795328599587740e-02,2.332445610070091213e+00,3.384523386170905201e+00
-1.247581931206567019e+00,2.141045602290782002e-01,2.277755344412142779e+00,3.867757909698082308e+00
-1.242126515720792135e+00,1.302825124671302959e-01,2.278875210136118934e+00,3.903231276009860196e+00
-1.254692880024262491e+00,-4.230757801283169250e+00,2.331658233773913125e+00,3.773923316164986996e+00
-1.337086962518578170e+00,1.509355344456907888e+00,2.245481124572591192e+00,3.614986907824724316e+00
-1.302087337011883728e+00,-3.394789321478990374e-01,2.256727079824739857e+00,3.515681691060945191e+00
-1.241941392691805701e+00,-1.004400568652169978e+00,2.322820946542607956e+00,3.815334802423641314e+00
-1.243960138178398678e+00,-1.264519053482440647e+00,2.302944824150344516e+00,3.762287344361902264e+00
-1.276468812404543574e+00,-6.140412758568327689e-01,2.280844697072241356e+00,3.708737001139934097e+00
-1.329997086308663867e+00,9.197872005372258464e-01,2.268624417614880873e+00,3.579938435810016362e+00
-1.318571881037920557e+00,1.524051091609622377e+00,2.269383052572360171e+00,3.539607191526174645e+00
-1.318571881037920557e+00,1.524051091609622377e+00,2.269383052572360171e+00,3.539607191526174645e+00
-1.356044897481294864e+00,-5.015301088417408737e-01,2.239489076303985637e+00,3.473385712219572152e+00
-1.308281919233834412e+00,-6.999888427179348782e-02,2.308891331002753677e+00,3.544264493039452013e+00
-1.252928868588743194e+00,7.997206697931753538e-01,2.306703526459318976e+00,3.707419646440625272e+00
-1.317413243675601864e+00,-2.073726031153420912e+00,2.266609927361858290e+00,3.557281263478558664e+00
-1.287184269252311886e+00,7.603386061665001749e-01,2.291277096732282192e+00,3.678472259240312958e+00
-1.310563058352364862e+00,-7.168720774317099975e-01,2.292715497989166185e+00,3.439604136934661049e+00
-1.311714093772378353e+00,1.142337335356503836e+00,2.309951561942972464e+00,3.620610332299248224e+00
-1.293688055440938012e+00,-8.160814008656722685e-01,2.275776669155127774e+00,3.582793696875416156e+00
-1.188114437242529631e+00,-8.266015387714648055e-01,2.298063270203096753e+00,3.944317646845798997e+00
-1.195434860896736673e+00,-9.268979504029363214e-01,2.299407381168240949e+00,3.911631191652288120e+00
-1.306710923580101547e+00,9.357282637255348590e-01,2.268192620024255035e+00,3.579835429399315760e+00
-1.310468096093239776e+00,1.187862430838239058e+00,2.304923933307369222e+00,3.619620728481414584e+00
-1.381291256016796920e+00,-1.439998958989396671e+00,2.323206041209963324e+00,3.356200964859058722e+00
-1.355432777588810644e+00,-1.459197106040398761e+00,2.269999942964999295e+00,3.347853237748221300e+00
-1.321142927738422790e+00,-2.994119708687391856e+00,2.289550983417331320e+00,3.596099471610275877e+00
-1.222052198381039512e+00,1.923331051068986053e+00,2.297332281127662856e+00,3.899102000174897942e+00
-1.222052198381039512e+00,1.923331051068986053e+00,2.297332281127662856e+00,3.899102000174897942e+00
-1.219446005710095093e+00,2.000837609958886265e+00,2.296091681501676529e+00,3.826721296771845804e+00
-1.219446005710095093e+00,2.000837609958886265e+00,2.296091681501676529e+00,3.826721296771845804e+00
-1.294175928636047024e+00,-2.116365694755799165e+00,2.275116660205125374e+00,3.620886864201191546e+00
-1.322473146566454094e+00,-3.365644549398675522e+00,2.255542109689780084e+00,3.609151976262996442e+00
-1.337492902627628322e+00,-2.423172767367214320e+00,2.241583313041072500e+00,3.682418414903078308e+00
-1.340396000982164937e+00,-2.928108078276280501e+00,2.244005381664871290e+00,3.617996534271969988e+00
-1.257582482035727756e+00,-1.417834422592014532e+00,2.266342404791942489e+00,3.687207907527958461e+00
-1.280936377683522087e+00,-6.814128295388528489e-01,2.289859949557207841e+00,3.493519528745514080e+00
-1.281915532368925525e+00,-1.559821929925428563e+00,2.262689030849634353e+00,3.694372196190026880e+00
-1.263719440972711938e+00,7.306228419129952023e-01,2.318194335440294296e+00,3.654541567091745158e+00
-1.295327148801152850e+00,-1.627804005578046831e-01,2.333142304428144964e+00,3.558576479413189109e+00
-1.263810721659213376e+00,5.444710731234684298e-01,2.267033681928807276e+00,3.694103098541998254e+00
-1.293328307758199847e+00,5.169582029957849878e-01,2.297400728735664810e+00,3.677305829664960335e+00
-1.281336305352691829e+00,5.976458703511230430e-01,2.272527489775813869e+00,3.599004792502765948e+00
-1.286561776158673398e+00,1.954236340032576014e-01,2.262488311242788264e+00,3.589269218235203951e+00
-1.261517280520453310e+00,1.217794340513434381e+00,2.276908398123353550e+00,3.523162625531182091e+00
-1.319204115328235227e+00,1.263961426744904415e+00,2.283235952051194673e+00,3.445510595826271061e+00
-1.306567447728668840e+00,1.765972530670186780e-01,2.313174928551402054e+00,3.441807670978325628e+00
-1.319021640526751193e+00,7.934239152309534582e-01,2.273838498677863473e+00,3.434941911757730892e+00
-1.274738587523047473e+00,-6.745811509759395141e-01,2.291927357905308327e+00,3.756003745573389452e+00
-1.307081852235786990e+00,8.390065272603618451e-01,2.288967417925511061e+00,3.645205295643997090e+00
-1.307857210707233708e+00,1.244172312820967630e+00,2.287333017522108491e+00,3.680455423825076622e+00
-1.279278569708948821e+00,-4.656512549337799012e-01,2.263799719467554539e+00,3.636787539780683698e+00
-1.398037443161729287e+00,2.622795264154630934e-01,2.317218001719377085e+00,3.185988552936382945e+00
-1.403747000259994326e+00,-2.421817927690442795e-01,2.327031671892450859e+00,3.277754911729858112e+00
-1.341663766071342634e+00,-4.823772632918464365e-01,2.299096561151813045e+00,3.230874111866393950e+00
-1.324410191246902624e+00,6.057117125476703112e-01,2.262933019411474067e+00,3.675796910145462171e+00
-1.364214745641645576e+00,-1.157647716935767290e+00,2.251687895058908762e+00,3.564055145745449238e+00
-1.283290851759059104e+00,1.693518834388528793e-01,2.341568635532254916e+00,3.630235026762557826e+00
-1.343756658678312510e+00,-1.663857540857084150e+00,2.252594732343740525e+00,3.581922900796330911e+00
-1.306512883575833506e+00,1.086792172890788777e+00,2.313034784362114404e+00,3.613463831194580589e+00
-1.298329364080868631e+00,-2.885529855700806223e+00,2.277306165009654215e+00,3.618880775725332288e+00
-1.312795880726455700e+00,-1.525703430771141456e+00,2.267531779294233996e+00,3.466852228580714623e+00
-1.297039697194096730e+00,-6.788825051530938959e-01,2.278268766703305026e+00,3.510930397779984613e+00
-1.288701667605009593e+00,-1.287863564750447720e+00,2.312332231434421459e+00,3.644862696351410136e+00
-1.322516324665435894e+00,-1.784810796616827844e+00,2.218633998382522066e+00,3.615193194671202370e+00
-1.269943081613814195e+00,-1.039265943819006388e+00,2.278908327431139469e+00,3.729552488162522383e+00
-1.304461381082707039e+00,7.726603835825882616e-01,2.296407330831109928e+00,3.563929815008137769e+00
-1.324537699187839479e+00,7.259614092288377840e-01,2.278322557155175954e+00,3.366490555394440420e+00
-1.324744221997339766e+00,9.497762492474060014e-01,2.269183364815376525e+00,3.546660297756001778e+00
-1.311373333307189304e+00,1.000665605400927527e+00,2.267531159544283970e+00,3.509329013758096583e+00
-1.303555691669192385e+00,-8.670362507340498848e-01,2.261629587974042455e+00,3.791891297662943749e+00
-1.289717851424688755e+00,6.750223726077464459e-02,2.271882759298132548e+00,3.691816219868031546e+00
-1.271726773167831448e+00,9.558420195519916618e-01,2.281883619708003685e+00,3.668236338510428851e+00
-1.283215193218870231e+00,-7.814419157735960075e-01,2.263098440283322077e+00,3.591533938945204785e+00
-1.287921990273017681e+00,-1.103577108533267959e-01,2.308520957890547454e+00,3.546058664471697153e+00
-1.326362529835956483e+00,8.440003682063132451e-02,2.292804028771821656e+00,3.481358341778982624e+00
-1.284561187040073493e+00,-1.666848302877255383e+00,2.290681083926066730e+00,3.872226074227889114e+00
-1.302036217635588189e+00,-1.119755461154981147e+00,2.257060233734319521e+00,3.484427851631834550e+00
-1.307551642330867736e+00,4.882957303312993602e-01,2.345372210664850243e+00,3.650917505803726648e+00
-1.266344651561500001e+00,4.875982774648872642e-01,2.252657315384610559e+00,3.625390152427368839e+00
-1.315193727618531483e+00,-1.001251671758953410e-01,2.272350737993003467e+00,3.708138272305337324e+00
-1.292875179231589788e+00,-7.481244988097472959e-01,2.264184848680662832e+00,3.509306332252475791e+00
-1.299945690561335132e+00,1.113787021305152392e+00,2.284960570814986713e+00,3.572800088400303054e+00
-1.298993005462446559e+00,-2.741297867670733357e-01,2.277347502757692155e+00,3.594899320812352972e+00
-1.261048204128633055e+00,-1.276624192563091897e+00,2.291694519520406814e+00,3.625480920076816105e+00
-1.274849805158161153e+00,-4.981471367805314632e-01,2.294361888740811928e+00,3.630018858018566608e+00
-1.294041140148787905e+00,-2.257150883969956112e+00,2.274296521023740691e+00,3.665296983629697358e+00
-1.264996247823413356e+00,1.065330819065841927e+00,2.276021169491413865e+00,3.717017156889663720e+00
-1.290689971917047041e+00,1.126497230401742211e+00,2.291099743637880159e+00,3.607356636675169703e+00
-1.296518612169822671e+00,-2.279032964064650280e+00,2.315131157081810276e+00,3.679584754636658683e+00
-1.293413741979548837e+00,-3.628881066155522639e+00,2.256560906029814628e+00,3.574109687959707404e+00
-1.259190511495016151e+00,-3.207328397304028300e+00,2.318691387928984771e+00,3.528197580220721719e+00
-1.280194648689354509e+00,-2.326633209403031088e+00,2.295344748915784994e+00,3.619143121032796007e+00
-1.271269884722923349e+00,-2.335970467322606048e+00,2.295093904216130909e+00,3.608098361392598541e+00
-1.300743419035910620e+00,-5.089850976621068668e-01,2.265368404982562200e+00,3.629885729041062437e+00
-1.352573683132582749e+00,1.099833443551336276e-01,2.283601072617523542e+00,3.459538410479391590e+00
-1.346067297371099869e+00,-1.301661559797030465e+00,2.310799978291157686e+00,3.360188730807890156e+00
-1.300229875928702317e+00,-1.849195297389019110e+00,2.301662353744306166e+00,3.555232461953039991e+00
-1.308136370139810323e+00,-1.244760684861050848e+00,2.284617224118147050e+00,3.710847363410409550e+00
-1.312429447171088670e+00,-4.194929483343470267e-01,2.309463161163603839e+00,3.639682049536739239e+00
-1.289432784006698141e+00,-1.104006400112604869e-01,2.310491802074003065e+00,3.692579912817637311e+00
-1.281341880021679147e+00,-2.064452738968116374e-01,2.310329989703558962e+00,3.624873161581213310e+00
-1.255864779078918136e+00,-4.212302633783058248e-01,2.325993755493196424e+00,3.579424054786094267e+00
-1.222299723396916393e+00,7.016727939481376408e-01,2.328915237325751786e+00,3.416254438213876199e+00
-1.232443790395777450e+00,1.498980115034250327e+00,2.325451746276289811e+00,3.444661087843878811e+00
-1.289621241810342767e+00,9.947830913149479093e-01,2.335603791131774187e+00,3.493023918878706890e+00
-1.296082648721471831e+00,1.270319818268560663e+00,2.341125382427348800e+00,3.523257882789773809e+00
-1.309695203948579412e+00,2.756965211343834765e-01,2.320600610509181205e+00,3.412032390498525025e+00
-1.306228495059238437e+00,3.789096386108884440e-01,2.328776976894615380e+00,3.396644248704397295e+00
-1.310043998015737676e+00,-3.236131427017421847e-01,2.239018277411885194e+00,3.556086581155010862e+00
-1.325104062017577133e+00,9.528037560977590248e-01,2.287990328254192463e+00,3.640856461997546312e+00
-1.301245869633080199e+00,1.550011454702055591e+00,2.283858265516732100e+00,3.578408706654990112e+00
-1.371809364527584618e+00,-1.162884515101205718e-01,2.271853783037228958e+00,3.391713759345932999e+00
-1.371809364527584618e+00,-1.162884515101205718e-01,2.271853783037228958e+00,3.391713759345932999e+00
-1.359564782132971272e+00,2.466206259073664142e-01,2.334695633445084795e+00,3.386051389073562845e+00
-1.284979101214576813e+00,-2.764336182217606019e+00,2.248969211858764972e+00,3.666459228588712094e+00
-1.263947215602369667e+00,-1.771785654214013128e+00,2.254917532894169074e+00,3.723711710740417402e+00
-1.310396311929707513e+00,1.472424251331056588e+00,2.264111589428099425e+00,3.707760735407282127e+00
-1.253332584506824166e+00,-9.101950009331088998e-01,2.265820109009518468e+00,3.638433271627634191e+00
-1.261632770443363638e+00,-8.106158855358147619e-03,2.281735499397064437e+00,3.616474529669755356e+00
-1.275706596566718476e+00,1.375271270554430991e+00,2.299466124554031321e+00,3.728957640360321069e+00
-1.246268448993701483e+00,-7.012284679314559899e-01,2.308350925105197238e+00,3.703929552104416878e+00
-1.309765244164019515e+00,-3.842917545394571865e-01,2.260129774979453554e+00,3.711584727537554862e+00
-1.295376778148835895e+00,1.233491230964584240e+00,2.252587631513349287e+00,3.654014897866473710e+00
-1.281404842203172079e+00,-1.356176581318742747e+00,2.293379871881498833e+00,3.670444088987415032e+00
-1.298598780520140439e+00,-2.853006713284519602e+00,2.302057158818608951e+00,3.546150407711291752e+00
-1.320696648761769509e+00,-2.978463291214112463e+00,2.312261372523285452e+00,3.458268819865220500e+00
-1.343193608683163287e+00,-3.738962361946945201e+00,2.337704920058731872e+00,3.424299303003020434e+00
-1.359923313512930054e+00,-4.582613244225560045e+00,2.334143339942938766e+00,3.333619108018016419e+00
-1.272333431930002590e+00,-3.126782864825913499e+00,2.317696830175030698e+00,3.527325848378063178e+00
-1.362854183166112287e+00,1.685222829429289915e+00,2.296888784196737809e+00,3.341452826489524242e+00
-1.307984108356436082e+00,-1.900401851570045597e+00,2.285108282138744507e+00,3.504683372179858480e+00
-1.328827325018010486e+00,1.759872502701536945e+00,2.285085509804510195e+00,3.540993561635072506e+00
-1.303032418254688407e+00,-9.389329453427774919e-02,2.298185291599695645e+00,3.525843877176743302e+00
-1.334331223581632475e+00,-5.612409069908131931e-01,2.292315578706440871e+00,3.499907482367412115e+00
-1.314678527577192391e+00,-1.130433423816032512e+00,2.285708791735171275e+00,3.535085980241368997e+00
-1.279911615241198453e+00,-7.799991454030568150e-01,2.292348093775557150e+00,3.676844999010506321e+00
-1.279911615241198453e+00,-7.799991454030568150e-01,2.292348093775557150e+00,3.676844999010506321e+00
-1.243084598182285561e+00,-2.333025299929976981e+00,2.345904946880235986e+00,3.615760675814717828e+00
-1.312104701841246168e+00,1.727732784133565236e+00,2.298116847676198393e+00,3.396740179543412896e+00
-1.261324740947265877e+00,-2.942581448925175813e+00,2.256780756430131429e+00,3.650214134086003259e+00
-1.272294713354431561e+00,-2.542094188835109403e+00,2.254195803045078161e+00,3.682449829355739723e+00
-1.290691544501489707e+00,-2.785957641754553960e-01,2.254223130774986039e+00,3.711785904792330726e+00
-1.250835338097472604e+00,-2.522194609903760210e+00,2.241937267363259156e+00,3.725236003880290969e+00
-1.280982517358169259e+00,3.237883765280588078e-01,2.309939630466106397e+00,3.815082906137637231e+00
-1.324295206794210422e+00,3.727599525064667629e-01,2.307883729624854219e+00,3.335608344038243356e+00
-1.259284019330612070e+00,6.350769957131118248e-01,2.331579076433628828e+00,3.770925692441360333e+00
-1.256139055545921979e+00,8.921443015921266539e-01,2.343733525736375167e+00,3.767212603681406424e+00
-1.257122032949096413e+00,1.120827274988795752e+00,2.351319666717008428e+00,3.780321248604967543e+00
-1.256870256733658486e+00,-1.735974499772179103e+00,2.250602392855310718e+00,3.856678298354689005e+00
-1.282103074035195078e+00,-5.079644243358087952e-01,2.313194245363605628e+00,3.660872935734037714e+00
-1.281907123053164455e+00,-1.716213693107765170e+00,2.273983489697900318e+00,3.594127776494842053e+00
