x,y,reference,fixed_mean,fixed_std,map_mean,map_std,hmc_mean,hmc_std
-3.152209176461626683e+00,-3.438167376461628066e+00,1.327078769550745818e+01,3.300244483330334333e+01,5.769165468954095211e+00,9.934437941859874854e+01,1.216675251459664864e+01,7.508383971917768918e+01,2.105022272122596760e+01
-3.152209176461626683e+00,-3.185942727442393707e+00,1.940189344668677407e+01,3.657286744348857610e+01,5.802915533994312369e+00,6.076628623649938277e+01,1.207164693317389137e+01,4.568840006247134511e+01,2.047099261601556464e+01
-3.152209176461626683e+00,-2.933718078423159348e+00,2.553299919786610062e+01,4.084836449292538418e+01,5.819757571843747535e+00,4.923383998119462035e+01,1.181683472753560693e+01,3.522946432206907019e+01,1.980362778314659877e+01
-3.152209176461626683e+00,-2.681493429403924544e+00,3.159312477506313499e+01,4.496016238187257841e+01,5.811923115782765770e+00,6.492015073077783427e+01,1.195679419818253209e+01,4.648167727629095225e+01,2.259285042810697064e+01
-3.152209176461626683e+00,-2.429268780384690185e+00,3.734152183545513992e+01,4.831626767362371311e+01,5.809783395458365085e+00,9.498574515123257811e+01,1.162721960274576283e+01,6.504258593743125516e+01,2.281216610059201599e+01
-3.152209176461626683e+00,-2.177044131365455826e+00,4.106748951675082537e+01,5.043341331445117248e+01,5.820842587887129049e+00,1.069503368703287549e+02,1.138293347586903437e+01,7.323058654974721549e+01,2.024202217617394695e+01
-3.152209176461626683e+00,-1.924819482346221244e+00,4.187093558799988102e+01,5.077776184171477780e+01,5.824292387853392761e+00,1.046306485164056284e+02,1.102978705323276287e+01,7.254806479249104711e+01,1.940407275550759536e+01
-3.152209176461626683e+00,-1.672594833326986663e+00,4.055727645641454160e+01,4.899175861050025560e+01,5.810453430072445968e+00,1.122074559983813486e+02,1.128033735529355219e+01,7.619581407133031803e+01,2.043815302948667068e+01
-3.152209176461626683e+00,-1.420370184307752304e+00,3.694637545140358270e+01,4.541305894490778883e+01,5.797390423979759788e+00,1.328679759043494641e+02,9.919261668388029918e+00,9.384566244458324036e+01,2.000691226657813004e+01
-3.152209176461626683e+00,-1.168145535288517944e+00,3.235872684566742663e+01,4.131242690457838762e+01,5.799047158995696449e+00,1.105296681630357511e+02,1.049077817304962501e+01,7.801133185619531218e+01,1.915021942556829515e+01
-3.152209176461626683e+00,-9.159208862692833630e-01,2.848907185095328387e+01,3.837391867221731445e+01,5.804040572079260052e+00,7.332253024771722494e+01,1.023469111620563865e+01,4.511016820596903898e+01,1.841014901417399230e+01
-3.152209176461626683e+00,-6.636962372500488927e-01,2.712332242194188225e+01,3.764152799781368230e+01,5.799667745002197172e+00,9.161674132634584566e+01,1.079826522619244322e+01,6.117055859457282452e+01,1.964489552679059514e+01
-3.152209176461626683e+00,-4.114715882308144224e-01,2.867438356353806128e+01,3.879111400538840826e+01,5.793247815611420215e+00,1.080192865525305024e+02,9.499069809866691472e+00,7.743350034417542815e+01,1.807210178666289835e+01
-3.152209176461626683e+00,-1.592469392115799520e-01,3.139256071181020147e+01,4.043135578801138763e+01,5.795070355741662738e+00,8.600911074706243653e+01,1.033554023096824004e+01,6.165100688731121181e+01,1.947437276558307317e+01
-3.152209176461626683e+00,9.297770980765451831e-02,3.352075343529384099e+01,4.123322214259314933e+01,5.799064697592243078e+00,7.090363347585144993e+01,9.857843134415544384e+00,5.250401337185257944e+01,1.802738267669731798e+01
-3.152209176461626683e+00,3.452023588268889887e-01,3.380616768445995746e+01,4.089804506578639121e+01,5.796434010490362887e+00,7.090586445374769653e+01,1.055241522820428557e+01,5.139846137498494016e+01,1.957015902461641588e+01
-3.152209176461626683e+00,5.974270078461234590e-01,3.426005841137801156e+01,4.012230053798703011e+01,5.794289350807868111e+00,9.529755776298054570e+01,9.932995900960770896e+00,7.301891671616294843e+01,1.894991655717374357e+01
-3.152209176461626683e+00,8.496516568653579293e-01,3.213102673494897488e+01,3.968621076189629093e+01,5.803137125556909304e+00,8.542730998435912682e+01,1.084896097455378872e+01,7.222558984460886222e+01,2.002655201658208739e+01
-3.152209176461626683e+00,1.101876305884592400e+00,3.124379288560164625e+01,3.960891828739659104e+01,5.814967404750913005e+00,4.209193155529957409e+01,1.022962988662992068e+01,3.596974871836026466e+01,1.853592682164979166e+01
-3.152209176461626683e+00,1.354100954903826981e+00,3.122728082795093485e+01,3.916147624402901783e+01,5.814207181719809547e+00,3.447090614233700734e+01,1.070079199779378776e+01,3.013585789305132323e+01,1.956328040001548629e+01
-3.152209176461626683e+00,1.606325603923061340e+00,3.009887863775719552e+01,3.761133377816440770e+01,5.805449645639857437e+00,4.162778203167744095e+01,1.045322355117549229e+01,3.432911351497637042e+01,1.989653754917572925e+01
-3.152209176461626683e+00,1.858550252942295700e+00,2.730023968281918911e+01,3.486200993079000909e+01,5.806641720616878999e+00,5.745692868557890165e+01,1.110500403515208667e+01,4.688264617281307522e+01,2.018125948125646474e+01
-3.152209176461626683e+00,2.110774901961530503e+00,2.346841468113343510e+01,3.134680406353800208e+01,5.815417183327123318e+00,6.287085774055253040e+01,1.205982340055790480e+01,5.093144081618179086e+01,2.014229142700959585e+01
-3.152209176461626683e+00,2.362999550980764862e+00,1.987128895349329127e+01,2.736069892424006866e+01,5.806257398055150176e+00,6.299499032966758705e+01,1.217830465193058131e+01,5.166185128167409601e+01,2.052057710942669289e+01
-3.152209176461626683e+00,2.615224199999999222e+00,1.762985733932490717e+01,2.258657249254156341e+01,5.775398744476814450e+00,9.039598892527385487e+01,1.204399304793732561e+01,7.494055668947180493e+01,2.041581376020220517e+01
-2.905508764942392297e+00,-3.438167376461628066e+00,4.713223632293694010e+00,2.485601227365805244e+01,5.795624473192751758e+00,4.820047067950918063e+01,1.213765738726547916e+01,3.346381629165368565e+01,2.107669605965910975e+01
-2.905508764942392297e+00,-3.185942727442393707e+00,1.054365840188305725e+01,2.916964110119715770e+01,5.824829114014463016e+00,3.539112589960348032e+01,1.200855846077969424e+01,2.190057818855144944e+01,2.050459861584935339e+01
-2.905508764942392297e+00,-2.933718078423159348e+00,1.637409317147241694e+01,3.387905185594718205e+01,5.821438340647706156e+00,4.492237205108341414e+01,1.202829627215426278e+01,3.085606810113497289e+01,2.048279126936597550e+01
-2.905508764942392297e+00,-2.681493429403924544e+00,2.224563843221041637e+01,3.791049556162369072e+01,5.805100543869121665e+00,5.507773846167626886e+01,1.143676740549736870e+01,3.955798819787483467e+01,2.174786763833966674e+01
-2.905508764942392297e+00,-2.429268780384690185e+00,2.746544817115963966e+01,4.090604659575183177e+01,5.805873550176336551e+00,8.027817774942784013e+01,1.073982956473967043e+01,5.495041936506844138e+01,2.124534559148864687e+01
-2.905508764942392297e+00,-2.177044131365455826e+00,3.106381497742806630e+01,4.283857665438642925e+01,5.822756274853214009e+00,9.425926148126831094e+01,1.137015501240363058e+01,6.333533296238114474e+01,2.037542815348767888e+01
-2.905508764942392297e+00,-1.924819482346221244e+00,3.211678270993191120e+01,4.347989751939348935e+01,5.829399048246825643e+00,9.813257689349508439e+01,1.112827933130468239e+01,6.654296311126695684e+01,1.990060831186811896e+01
-2.905508764942392297e+00,-1.672594833326986663e+00,3.119817455247858362e+01,4.238780032642762308e+01,5.815649164366126556e+00,9.312398734736545691e+01,1.115713686431517537e+01,6.263218029728254521e+01,2.017475308041659687e+01
-2.905508764942392297e+00,-1.420370184307752304e+00,2.796257535616336654e+01,3.949749565754063951e+01,5.801926626918600505e+00,7.965346970129670012e+01,9.239845002723011902e+00,5.388092756334268074e+01,1.848772599004163908e+01
-2.905508764942392297e+00,-1.168145535288517944e+00,2.395834358709833722e+01,3.566451716179153664e+01,5.803797520248689779e+00,6.715425451636269827e+01,1.047302904562376646e+01,4.033636493939746259e+01,1.920787139970843427e+01
-2.905508764942392297e+00,-9.159208862692833630e-01,2.058109532383008045e+01,3.241988872403271671e+01,5.808980223737552961e+00,6.552106804520730066e+01,1.032587322484934411e+01,3.730622769901737001e+01,1.883399722411430588e+01
-2.905508764942392297e+00,-6.636962372500488927e-01,1.947631340726531235e+01,3.095390963384761562e+01,5.803537508164757774e+00,6.205144668900277338e+01,1.082770695093782720e+01,3.399397365161676987e+01,1.983210083766311271e+01
-2.905508764942392297e+00,-4.114715882308144224e-01,2.032081227753989339e+01,3.120939996047309251e+01,5.795941354952802271e+00,5.629824339793276522e+01,8.949041440155777849e+00,3.458707471013743628e+01,1.690543041894940046e+01
-2.905508764942392297e+00,-1.592469392115799520e-01,2.144294153265562741e+01,3.199006714260576700e+01,5.798282863570983992e+00,5.513089092062443797e+01,1.003825996729793602e+01,3.870886532865628737e+01,1.883165253063072342e+01
-2.905508764942392297e+00,9.297770980765451831e-02,2.156143338662069908e+01,3.205159479589110560e+01,5.803584063720340858e+00,6.133098397598530482e+01,1.008065713779132366e+01,4.363439834473171430e+01,1.868827074980253400e+01
-2.905508764942392297e+00,3.452023588268889887e-01,2.105143584651913358e+01,3.116431761356579955e+01,5.801031455725473407e+00,5.759419641742277918e+01,1.043560419900443392e+01,3.988749659560959770e+01,1.947655489929736561e+01
-2.905508764942392297e+00,5.974270078461234590e-01,2.120566170555479246e+01,3.014863141731893847e+01,5.798287468317209203e+00,4.700386201207052750e+01,8.876630931890813869e+00,3.572224450970874443e+01,1.681916598059525469e+01
-2.905508764942392297e+00,8.496516568653579293e-01,2.078334836698211419e+01,2.990606519088214554e+01,5.807553902395217627e+00,2.813837499264300845e+01,1.048791272549319054e+01,2.495975446766016859e+01,1.957147435001544622e+01
-2.905508764942392297e+00,1.101876305884592400e+00,2.131790800451733503e+01,3.045006208169752426e+01,5.819798907241654717e+00,2.495943399927790551e+01,1.040707994958393279e+01,2.049318953087188078e+01,1.910899373084251351e+01
-2.905508764942392297e+00,1.354100954903826981e+00,2.205874750448631971e+01,3.087609946355405555e+01,5.816726773872876066e+00,2.713986098604215158e+01,1.070686607362649312e+01,2.240035021817086403e+01,1.970470590682131728e+01
-2.905508764942392297e+00,1.606325603923061340e+00,2.112263435465086658e+01,3.020902615419754511e+01,5.802915711630386220e+00,2.529826665032160804e+01,9.812899570994106924e+00,2.122758116692147468e+01,1.864201261618035232e+01
-2.905508764942392297e+00,1.858550252942295700e+00,1.866946290432146682e+01,2.819937223752094724e+01,5.800937590782781150e+00,4.357506809543056647e+01,1.064799263859567624e+01,3.612786405400689205e+01,1.948137760287970366e+01
-2.905508764942392297e+00,2.110774901961530503e+00,1.507079225054033600e+01,2.527914643678013817e+01,5.815479004242313898e+00,5.479330745409293968e+01,1.219384051973010052e+01,4.383560793552667434e+01,2.064543749847894460e+01
-2.905508764942392297e+00,2.362999550980764862e+00,1.160053789732852714e+01,2.181174799890322902e+01,5.822388577513381236e+00,5.145383464765387771e+01,1.216317553632430659e+01,4.019536028035116715e+01,2.062245944957167509e+01
-2.905508764942392297e+00,2.615224199999999222e+00,9.378526853377071149e+00,1.748640387089312753e+01,5.798426338217784526e+00,4.740790260293445613e+01,1.217379928075600581e+01,3.723866086276213849e+01,2.083352005246439020e+01
-2.658808353423157911e+00,-3.438167376461628066e+00,1.165421479493695678e+00,1.970389863106765915e+01,5.802236354872131407e+00,7.046536155953754132e+01,1.214170079786596013e+01,5.180312729712254338e+01,2.090955392498911181e+01
-2.658808353423157911e+00,-3.185942727442393707e+00,6.300828507023775948e+00,2.457845875420571247e+01,5.810056410194349930e+00,3.904253037840146590e+01,1.199534015313844471e+01,2.498917959214424300e+01,2.061513543958346162e+01
-2.658808353423157911e+00,-2.933718078423159348e+00,1.143623553455385533e+01,2.921517025088053288e+01,5.799224628789520608e+00,3.852002164738553347e+01,1.203350020569353340e+01,2.465407773296469429e+01,2.053886529433052743e+01
-2.658808353423157911e+00,-2.681493429403924544e+00,1.676760030471014318e+01,3.239634636894697906e+01,5.787950881634229106e+00,5.668243414973572669e+01,1.143595397512691569e+01,3.915131352449931512e+01,2.148877209974998337e+01
-2.658808353423157911e+00,-2.429268780384690185e+00,2.162908013044065925e+01,3.416142329184322080e+01,5.793355890212031234e+00,8.618739011560001018e+01,1.084608042484469514e+01,5.774752972767230119e+01,2.161216176949154644e+01
-2.658808353423157911e+00,-2.177044131365455826e+00,2.484769026438006634e+01,3.513797013360817800e+01,5.810141198734451784e+00,9.036045659328149782e+01,1.117909915975721979e+01,5.862461836021161332e+01,1.999660631690744594e+01
-2.658808353423157911e+00,-1.924819482346221244e+00,2.607078589918285516e+01,3.554686149123290306e+01,5.817037954396744759e+00,8.774186551583568416e+01,1.112051639429905947e+01,5.662284093419522435e+01,2.000698022278793431e+01
-2.658808353423157911e+00,-1.672594833326986663e+00,2.536804813695230010e+01,3.489439905259132502e+01,5.806373338154164898e+00,8.944670587222654490e+01,1.095395595007527945e+01,5.832017822175342303e+01,1.963577702828957072e+01
-2.658808353423157911e+00,-1.420370184307752304e+00,2.245882360746209727e+01,3.265362327168850243e+01,5.794415114938898270e+00,8.003137500989447517e+01,9.545355358275026347e+00,5.115953380013556995e+01,1.926223216930215898e+01
-2.658808353423157911e+00,-1.168145535288517944e+00,1.916095772362285743e+01,2.918620074473801651e+01,5.794296593101898374e+00,6.714346834765251515e+01,1.047459161523757665e+01,3.783235810951033784e+01,1.912924297982607058e+01
-2.658808353423157911e+00,-9.159208862692833630e-01,1.628435990614763540e+01,2.584358113512826094e+01,5.797686611944994794e+00,5.923660157880124189e+01,1.045689012767764048e+01,3.167737377528779064e+01,1.919512932513524106e+01
-2.658808353423157911e+00,-6.636962372500488927e-01,1.521513057305059036e+01,2.399915101188889821e+01,5.793840941131691125e+00,7.269518996209905026e+01,1.074289795855251661e+01,4.325388004952357335e+01,1.962420108100225491e+01
-2.658808353423157911e+00,-4.114715882308144224e-01,1.506242755959527990e+01,2.390718286422452366e+01,5.788419671581683801e+00,9.883498437934611047e+01,9.244536910478727165e+00,7.144018536094232275e+01,1.748483706178464914e+01
-2.658808353423157911e+00,-1.592469392115799520e-01,1.456320629758202578e+01,2.454531455822052521e+01,5.790277432323502005e+00,7.860087441557300281e+01,1.012323076512710074e+01,5.915221519529306704e+01,1.886483182743413423e+01
-2.658808353423157911e+00,9.297770980765451831e-02,1.357122176903607169e+01,2.463990564697633090e+01,5.794391690150658469e+00,5.005032126185022889e+01,1.031429176231631395e+01,3.337295639564160865e+01,1.931547603310096761e+01
-2.658808353423157911e+00,3.452023588268889887e-01,1.308284409082568267e+01,2.386558174153651635e+01,5.792940072953843611e+00,6.101962141343942392e+01,1.054669713736350722e+01,4.296614950353088602e+01,1.972321780134643276e+01
-2.658808353423157911e+00,5.974270078461234590e-01,1.344196580808836927e+01,2.302845015828461328e+01,5.791834932126674218e+00,7.418649394411994535e+01,9.140153185694645188e+00,5.950697779652858088e+01,1.720724136057313558e+01
-2.658808353423157911e+00,8.496516568653579293e-01,1.438642412118250036e+01,2.309251986669642065e+01,5.799913129410836810e+00,4.199722064364226526e+01,1.053365502033371648e+01,3.599100277745063181e+01,1.939430915013180368e+01
-2.658808353423157911e+00,1.101876305884592400e+00,1.588286891968447989e+01,2.408425988288581721e+01,5.809467327117939561e+00,1.827143963431018392e+01,1.062918727119507700e+01,1.433676937604751345e+01,1.969690964719829651e+01
-2.658808353423157911e+00,1.354100954903826981e+00,1.653515279381363712e+01,2.498367092932039668e+01,5.805810683699542452e+00,2.722961132021322328e+01,1.083504452796480955e+01,2.262722418635396338e+01,2.006551715637833766e+01
-2.658808353423157911e+00,1.606325603923061340e+00,1.591717818107047044e+01,2.464728545009347727e+01,5.792283059953365232e+00,4.793528536041264942e+01,1.000560846497526235e+01,4.143877795334150704e+01,1.886205130531385521e+01
-2.658808353423157911e+00,1.858550252942295700e+00,1.360172226411338414e+01,2.276302201904218236e+01,5.787199672573819953e+00,5.570648861112388772e+01,1.063519347562210093e+01,4.428613348007441886e+01,1.939669565317509736e+01
-2.658808353423157911e+00,2.110774901961530503e+00,1.033729255665757663e+01,1.987879535933279840e+01,5.797602706319741728e+00,4.836278138486574107e+01,1.219951697693988990e+01,3.754998145129360410e+01,2.074828384649806878e+01
-2.658808353423157911e+00,2.362999550980764862e+00,6.999245443556269208e+00,1.655591486625280595e+01,5.809117106359692251e+00,4.732472660894552519e+01,1.194352961522239021e+01,3.616686443481909663e+01,2.043596666336001277e+01
-2.658808353423157911e+00,2.615224199999999222e+00,4.821967798937105698e+00,1.258391165386456123e+01,5.802631317830688751e+00,4.181433809505205090e+01,1.198395189370141800e+01,3.106168943637043256e+01,2.038464149070071940e+01
-2.412107941903923081e+00,-3.438167376461628066e+00,5.834201046269242852e-01,1.815988849177119846e+01,5.795717250912176155e+00,8.602915558598192547e+01,1.123513284030323689e+01,6.152466136673132269e+01,1.940452711221828963e+01
-2.412107941903923081e+00,-3.185942727442393707e+00,5.525597528831591276e+00,2.330157329778683106e+01,5.797364908008429296e+00,5.914827840294060479e+01,1.058565785752803912e+01,4.066096505658982352e+01,1.732967994145274560e+01
-2.412107941903923081e+00,-2.933718078423159348e+00,1.046777495303625471e+01,2.739170728602402960e+01,5.789519546476859624e+00,5.715761548972901096e+01,1.069249800164395658e+01,3.830512615687240441e+01,1.742999629933756012e+01
-2.412107941903923081e+00,-2.681493429403924544e+00,1.530618196488038052e+01,2.915087640033539174e+01,5.784048146465929463e+00,7.858567459590005910e+01,1.048809749094783683e+01,5.493865364048246391e+01,1.907872788186261559e+01
-2.412107941903923081e+00,-2.429268780384690185e+00,1.983950265411602132e+01,2.912644214230385842e+01,5.792210476403076846e+00,1.005296663502966510e+02,9.738241834330898072e+00,7.459484833744367904e+01,1.957228422744816143e+01
-2.412107941903923081e+00,-2.177044131365455826e+00,2.279037028293176093e+01,2.869893327460636101e+01,5.808557390202170545e+00,7.781413399735106395e+01,9.589672608014920385e+00,5.497961478424682724e+01,1.678867901907563365e+01
-2.412107941903923081e+00,-1.924819482346221244e+00,2.386516661523839744e+01,2.858873589899667422e+01,5.815050151315280580e+00,5.702784098928157164e+01,9.328537338740245488e+00,3.539101969520456237e+01,1.644625113360068269e+01
-2.412107941903923081e+00,-1.672594833326986663e+00,2.328031030507589350e+01,2.824679875782476302e+01,5.805477517515181596e+00,8.008912904960885726e+01,9.568553984173947313e+00,5.673535332854659430e+01,1.685058281393805757e+01
-2.412107941903923081e+00,-1.420370184307752304e+00,2.080126117804018193e+01,2.665266077620799479e+01,5.794408527962023214e+00,1.137493277724974234e+02,8.992342241540560721e+00,8.510949138702079608e+01,1.853091452168983011e+01
-2.412107941903923081e+00,-1.168145535288517944e+00,1.788743220048947791e+01,2.365376109253611503e+01,5.793743696688769873e+00,1.003488139351295558e+02,8.904678563041091621e+00,7.208759156632358156e+01,1.706004019932647964e+01
-2.412107941903923081e+00,-9.159208862692833630e-01,1.529189043581284757e+01,2.042972723900493293e+01,5.796537031018795361e+00,5.628978056416991649e+01,8.748997713385190167e+00,3.400246474279546050e+01,1.652376032162760566e+01
-2.412107941903923081e+00,-6.636962372500488927e-01,1.389464233943720117e+01,1.855169932967601198e+01,5.793332033453644669e+00,8.698060316566250094e+01,8.929360586545296741e+00,6.172377894508490925e+01,1.677326451627067883e+01
-2.412107941903923081e+00,-4.114715882308144224e-01,1.265871478797644123e+01,1.856347298468790541e+01,5.788807766004875788e+00,1.447756941559483153e+02,8.713701108963279651e+00,1.126476043307676775e+02,1.819641070123650906e+01
-2.412107941903923081e+00,-1.592469392115799520e-01,1.119764509954256582e+01,1.953176727732716245e+01,5.790505728174607292e+00,1.120244582513378191e+02,8.914025707946594324e+00,8.592291679168896223e+01,1.700750183406692528e+01
-2.412107941903923081e+00,9.297770980765451831e-02,9.933583254309281685e+00,2.002735076464705344e+01,5.793995738127900808e+00,6.615789390924203417e+01,8.982140950692251380e+00,4.785497679727536280e+01,1.681458166037752733e+01
-2.412107941903923081e+00,3.452023588268889887e-01,9.749966201717086278e+00,1.952334969956245914e+01,5.792715364795994581e+00,8.634450749003153192e+01,9.070396448623501584e+00,6.400602504931470094e+01,1.691358736243301664e+01
-2.412107941903923081e+00,5.974270078461234590e-01,1.064894655291664272e+01,1.878453637800248543e+01,5.792189746309394316e+00,1.281559202193049600e+02,8.696617565039995057e+00,1.044609366941444648e+02,1.780377379804945548e+01
-2.412107941903923081e+00,8.496516568653579293e-01,1.210610656189845002e+01,1.889834882017748896e+01,5.800011958809062840e+00,9.015354533361676204e+01,9.278990557200716083e+00,7.760418026691397131e+01,1.738899921609370125e+01
-2.412107941903923081e+00,1.101876305884592400e+00,1.400302984004174078e+01,2.000662067519442644e+01,5.808825114708871418e+00,2.937045260287246151e+01,9.266113209853745758e+00,2.296782160795521577e+01,1.747143145627691752e+01
-2.412107941903923081e+00,1.354100954903826981e+00,1.486793618623315005e+01,2.105426545374211855e+01,5.805181089231888691e+00,3.918146320043717878e+01,9.427740587734355415e+00,3.129384152660374951e+01,1.757455427479231602e+01
-2.412107941903923081e+00,1.606325603923061340e+00,1.443091050616180482e+01,2.075873442132069613e+01,5.791842200430862064e+00,7.506216567615729218e+01,9.577666592082906050e+00,6.097313160477697380e+01,1.927883913842836705e+01
-2.412107941903923081e+00,1.858550252942295700e+00,1.236781338057535606e+01,1.874576898236409761e+01,5.785328452447554781e+00,6.818740554239218454e+01,1.036028555891026137e+01,5.333107905491396394e+01,2.032573751675966633e+01
-2.412107941903923081e+00,2.110774901961530503e+00,9.263883037570016299e+00,1.569488047184313473e+01,5.792596299396749693e+00,4.442864929152241871e+01,1.057541521062755230e+01,3.637957594314156040e+01,1.852897514099720411e+01
-2.412107941903923081e+00,2.362999550980764862e+00,6.116776196081646688e+00,1.241474410590672051e+01,5.801522678198081984e+00,4.381319740605076163e+01,1.035277130623100739e+01,3.539250449145725952e+01,1.830186125375914585e+01
-2.412107941903923081e+00,2.615224199999999222e+00,4.095959372345930660e+00,8.850831487422738064e+00,5.798114525031193622e+00,4.569447590139161264e+01,1.087485990009331260e+01,3.586532124766095819e+01,1.963869630561402957e+01
-2.165407530384688695e+00,-3.438167376461628066e+00,2.603208413851945568e+00,1.887122359062709620e+01,5.791698348395709850e+00,6.658480114071710432e+01,1.138659197027608450e+01,4.487322404149352906e+01,1.992370675141653180e+01
-2.165407530384688695e+00,-3.185942727442393707e+00,7.067659027988695719e+00,2.405599576940403495e+01,5.798583556857671795e+00,6.947080544947471026e+01,1.143520642311930757e+01,4.730956425592218295e+01,1.951117834656338346e+01
-2.165407530384688695e+00,-2.933718078423159348e+00,1.153210964212544809e+01,2.748409024486318231e+01,5.795231667139937315e+00,7.311700215541588932e+01,1.136656998658534690e+01,5.111799078738750524e+01,1.925344824842752445e+01
-2.165407530384688695e+00,-2.681493429403924544e+00,1.618135605138823863e+01,2.785783976887432800e+01,5.791602447127490727e+00,7.635231703408757653e+01,1.061756636033060097e+01,5.445968262524762338e+01,1.890713868102753992e+01
-2.165407530384688695e+00,-2.429268780384690185e+00,2.031480549213691589e+01,2.619514467925091594e+01,5.800560134669882295e+00,7.206090482325794255e+01,9.197238766567652490e+00,5.254802989874159636e+01,1.795784816768023262e+01
-2.165407530384688695e+00,-2.177044131365455826e+00,2.293894108319510750e+01,2.452912097082662513e+01,5.817496819325923774e+00,5.355649824986116414e+01,1.020114066773165362e+01,3.532501547959816435e+01,1.844812454016123482e+01
-2.165407530384688695e+00,-1.924819482346221244e+00,2.389097162710283229e+01,2.397305220050475327e+01,5.823554013181668765e+00,4.407738274556004399e+01,9.832169192168628058e+00,2.635566447501574316e+01,1.770916635708938713e+01
-2.165407530384688695e+00,-1.672594833326986663e+00,2.337236343092622803e+01,2.387351907206539181e+01,5.812796051200660230e+00,5.220837502466866908e+01,1.027478488503362541e+01,3.455024233578164683e+01,1.860041398775206289e+01
-2.165407530384688695e+00,-1.420370184307752304e+00,2.098429322401695529e+01,2.275584911065925553e+01,5.801519869787906458e+00,8.314450111114021524e+01,8.754937987522440679e+00,6.206870733209359514e+01,1.733141292152147273e+01
-2.165407530384688695e+00,-1.168145535288517944e+00,1.823240107956900857e+01,2.005714841172448359e+01,5.802115147650279248e+00,8.791186735827051280e+01,9.438912054697729204e+00,6.537699305278061956e+01,1.803946133982455891e+01
-2.165407530384688695e+00,-9.159208862692833630e-01,1.543632132698982673e+01,1.688896326656140445e+01,5.805850838298991512e+00,5.611536765849956510e+01,9.556195438558148680e+00,3.534829988079981433e+01,1.804871257368682791e+01
-2.165407530384688695e+00,-6.636962372500488927e-01,1.332608721192498535e+01,1.505774011010180402e+01,5.802016061011704195e+00,6.430950986783409462e+01,9.849125203504160098e+00,4.337764868946933916e+01,1.871047668748346737e+01
-2.165407530384688695e+00,-4.114715882308144224e-01,1.119958158349429489e+01,1.534141851053846040e+01,5.796587787708013195e+00,9.587599102111562388e+01,8.487331732354165936e+00,7.146010120635010310e+01,1.678862194085349557e+01
-2.165407530384688695e+00,-1.592469392115799520e-01,9.417345015515284246e+00,1.677656424766064447e+01,5.798497004672692690e+00,9.579641576802612235e+01,9.312401947247948897e+00,7.034026186342217102e+01,1.758902549690316519e+01
-2.165407530384688695e+00,9.297770980765451831e-02,8.412506651848296713e+00,1.766360348868693109e+01,5.802323025278739443e+00,8.926519578197599003e+01,9.403492622689890723e+00,6.568375245971125764e+01,1.767638926838684199e+01
-2.165407530384688695e+00,3.452023588268889887e-01,8.689550160488430208e+00,1.723172280832568504e+01,5.800282283831936780e+00,9.369602107247339973e+01,9.564074161484104053e+00,6.847191547915079468e+01,1.799582638607850882e+01
-2.165407530384688695e+00,5.974270078461234590e-01,1.016982030935238868e+01,1.626101145640495815e+01,5.799001106216609358e+00,9.740143260288854776e+01,8.473930567526270607e+00,7.562375668681826824e+01,1.656461184045482682e+01
-2.165407530384688695e+00,8.496516568653579293e-01,1.197036000659646504e+01,1.608663438526491518e+01,5.807613683165697260e+00,6.749884838500105388e+01,9.910483290723316685e+00,5.359236677714456221e+01,1.803308435658439635e+01
-2.165407530384688695e+00,1.101876305884592400e+00,1.389655339573554649e+01,1.708689539372426225e+01,5.817894310695133520e+00,3.901749366549495335e+01,9.800175621226582479e+00,2.708072745392588843e+01,1.777829784510017319e+01
-2.165407530384688695e+00,1.354100954903826981e+00,1.481795823998727535e+01,1.822466429368023455e+01,5.814395887064432777e+00,3.994056357967622262e+01,9.986461926156918523e+00,2.749128062531884353e+01,1.810253649606721993e+01
-2.165407530384688695e+00,1.606325603923061340e+00,1.439851517298453309e+01,1.804641085945695522e+01,5.800068071463543973e+00,5.142551456778204511e+01,9.636272302401780010e+00,3.822580969172165055e+01,1.900334352415557504e+01
-2.165407530384688695e+00,1.858550252942295700e+00,1.264533177539485465e+01,1.603788047092393754e+01,5.793603042219721999e+00,5.208122473434075062e+01,1.095442123937323231e+01,4.254838198739396660e+01,2.041242603992180094e+01
-2.165407530384688695e+00,2.110774901961530503e+00,9.807964277450409440e+00,1.294871260629406606e+01,5.801658243342028065e+00,4.682447133044678367e+01,1.183601962463441737e+01,3.951188146556730629e+01,2.030505842306909514e+01
-2.165407530384688695e+00,2.362999550980764862e+00,6.745338561778139841e+00,9.827640115054236958e+00,5.807621263382615417e+00,4.722266676860877510e+01,1.188179446724939048e+01,3.940923109780709410e+01,2.049361864028322344e+01
-2.165407530384688695e+00,2.615224199999999222e+00,5.213334373761989937e+00,6.810991978718448081e+00,5.797088717875352515e+00,4.320236934367176218e+01,1.174695461179494060e+01,3.589604525241612976e+01,2.048272841817843215e+01
-1.918707118865454309e+00,-3.438167376461628066e+00,3.244561135064046198e+00,1.965553915990676614e+01,5.789452214701210409e+00,6.512558215060056455e+01,1.126634655741039026e+01,4.488532866430820434e+01,1.968584847186560083e+01
-1.918707118865454309e+00,-3.185942727442393707e+00,7.572503875988756405e+00,2.491892356062226099e+01,5.799697365877663380e+00,7.033910571799145828e+01,1.121746271985022503e+01,4.865751323522530214e+01,1.876115598638156001e+01
-1.918707118865454309e+00,-2.933718078423159348e+00,1.190044661691346839e+01,2.811985773215383233e+01,5.798786121337458077e+00,7.485440046133410874e+01,1.104464525760639937e+01,5.280442802813985281e+01,1.847709690887435485e+01
-1.918707118865454309e+00,-2.681493429403924544e+00,1.652291036808037461e+01,2.790348225101433854e+01,5.796067168719387652e+00,7.667761889107669049e+01,1.045728143849854419e+01,5.649364401378971934e+01,1.863291023814466030e+01
-1.918707118865454309e+00,-2.429268780384690185e+00,2.050831099216068765e+01,2.553124589171420666e+01,5.804627369194361286e+00,5.301563094516427554e+01,9.062854576031416087e+00,3.539171098785345748e+01,1.769892294506509245e+01
-1.918707118865454309e+00,-2.177044131365455826e+00,2.321081144801321727e+01,2.336727014328607765e+01,5.820561296692652320e+00,4.352525329971763313e+01,9.898559521304775899e+00,2.559012809068527261e+01,1.759715433954871600e+01
-1.918707118865454309e+00,-1.924819482346221244e+00,2.399091206654739850e+01,2.266236130485049216e+01,5.825750649112277912e+00,4.880698277485976178e+01,9.597675205228265227e+00,2.942477764138249796e+01,1.715678943728416428e+01
-1.918707118865454309e+00,-1.672594833326986663e+00,2.350769919190492274e+01,2.260120972314689425e+01,5.814828183358291547e+00,4.126819106843220197e+01,1.010045393423592586e+01,2.358940340371101030e+01,1.815830106475842243e+01
-1.918707118865454309e+00,-1.420370184307752304e+00,2.105643594613525593e+01,2.141360784030621289e+01,5.804136175260413033e+00,5.020496146940840276e+01,8.571194437643221420e+00,3.296888088655974514e+01,1.711672514172440529e+01
-1.918707118865454309e+00,-1.168145535288517944e+00,1.804158611657978994e+01,1.839686061364591296e+01,5.805566935617235025e+00,5.628661388720067293e+01,9.257419438792929611e+00,3.652010729110958920e+01,1.768056524717648870e+01
-1.918707118865454309e+00,-9.159208862692833630e-01,1.463606094535967195e+01,1.482246654255141038e+01,5.809709207830679567e+00,5.423068357971555997e+01,9.389938333804213499e+00,3.260870917044171335e+01,1.779818412733131083e+01
-1.918707118865454309e+00,-6.636962372500488927e-01,1.167827165898452080e+01,1.281283128420454887e+01,5.805662901842026713e+00,5.119477451661174427e+01,9.731059527924868391e+00,3.036517172011883758e+01,1.839701131905526665e+01
-1.918707118865454309e+00,-4.114715882308144224e-01,9.044158797856294285e+00,1.331239158605058037e+01,5.799971374397595802e+00,5.904634841258680922e+01,8.286564715130738890e+00,3.906348492406513628e+01,1.633050702100441498e+01
-1.918707118865454309e+00,-1.592469392115799520e-01,7.314393460153866933e+00,1.519376113493672165e+01,5.801968926931491133e+00,8.401501866252885975e+01,9.405765717322678299e+00,6.117456202984821800e+01,1.785043760081455844e+01
-1.918707118865454309e+00,9.297770980765451831e-02,7.033843351254026821e+00,1.638479755386015313e+01,5.805796795707291125e+00,9.361333576664912925e+01,9.441824249178738526e+00,6.840837667379433640e+01,1.775512567526911312e+01
-1.918707118865454309e+00,3.452023588268889887e-01,7.929511055232968175e+00,1.585402032719139243e+01,5.803316114124846159e+00,8.848774405059714354e+01,9.633885968779351217e+00,6.469964619407350881e+01,1.810165367372280087e+01
-1.918707118865454309e+00,5.974270078461234590e-01,9.917910938727434456e+00,1.445831462075693707e+01,5.801685568977474006e+00,6.174881890108133575e+01,8.341477988374299102e+00,4.499189794492681926e+01,1.623539409647486664e+01
-1.918707118865454309e+00,8.496516568653579293e-01,1.158249090423412575e+01,1.387206086052538012e+01,5.810634769931357191e+00,3.424426711138841029e+01,9.933992616607385528e+00,2.223616727791208092e+01,1.822862957742050583e+01
-1.918707118865454309e+00,1.101876305884592400e+00,1.321597060395804846e+01,1.477623061113354197e+01,5.821633725045196606e+00,3.822064909721882486e+01,9.839647011863958070e+00,2.475903142552814273e+01,1.777957789318051240e+01
-1.918707118865454309e+00,1.354100954903826981e+00,1.414731003409675303e+01,1.615791096871907939e+01,5.818549156019111379e+00,3.855125388418656485e+01,9.979488318579077699e+00,2.546678707150725174e+01,1.795665944069912356e+01
-1.918707118865454309e+00,1.606325603923061340e+00,1.401815399437092857e+01,1.633891801192430648e+01,5.804306824236493689e+00,3.929221371377275318e+01,9.455270179305355072e+00,3.028381749468455553e+01,1.876642884948215340e+01
-1.918707118865454309e+00,1.858550252942295700e+00,1.243080981724724232e+01,1.458370113594719442e+01,5.798082293500501194e+00,4.617550466679023202e+01,1.075782766673735402e+01,3.975089101451349904e+01,2.022596265080300171e+01
-1.918707118865454309e+00,2.110774901961530503e+00,9.912673725564731697e+00,1.164883652320622787e+01,5.806160066993258262e+00,4.998116789481198907e+01,1.160670505734592695e+01,4.182162272167993677e+01,1.988944248710096474e+01
-1.918707118865454309e+00,2.362999550980764862e+00,7.155518902646765156e+00,8.809467408986165537e+00,5.810224714439646831e+00,4.630009391834892085e+01,1.167799444279034660e+01,3.845962121091434938e+01,2.005446972703420272e+01
-1.918707118865454309e+00,2.615224199999999222e+00,5.612554354080715235e+00,6.426042795761532034e+00,5.795897753089589877e+00,4.560072934814513701e+01,1.166504676972360954e+01,3.804920606702070529e+01,2.041894213103400801e+01
-1.672006707346219923e+00,-3.438167376461628066e+00,2.037963447110943349e+00,1.926890975624337443e+01,5.784771876550857783e+00,8.309065381957125851e+01,1.120325318072721110e+01,5.677557455944111098e+01,1.956729772178164239e+01
-1.672006707346219923e+00,-3.185942727442393707e+00,6.799335126136978324e+00,2.493781605348158337e+01,5.792617090463449081e+00,6.420088595828948996e+01,1.114673160957042164e+01,4.370582649173279322e+01,1.890094975446092107e+01
-1.672006707346219923e+00,-2.933718078423159348e+00,1.156070680516301152e+01,2.874408986452453973e+01,5.791802826047960373e+00,8.395517772451023575e+01,1.118342742651522670e+01,6.176284687468410084e+01,1.885708013031002395e+01
-1.672006707346219923e+00,-2.681493429403924544e+00,1.624567151278930055e+01,2.917118932724224578e+01,5.790542759145181684e+00,1.124434909399886493e+02,1.060260693061842296e+01,8.782716307847150006e+01,1.895177655363953306e+01
-1.672006707346219923e+00,-2.429268780384690185e+00,2.045411922584250775e+01,2.737239262715365840e+01,5.798328443991580983e+00,7.602012530332444840e+01,9.381092591232750522e+00,5.300653132079740004e+01,1.835824878760022116e+01
-1.672006707346219923e+00,-2.177044131365455826e+00,2.319578560297916425e+01,2.559780173637227563e+01,5.811718833613210400e+00,4.362716799335623818e+01,1.003182833545202435e+01,2.566029720032247141e+01,1.803778771958168292e+01
-1.672006707346219923e+00,-1.924819482346221244e+00,2.416812226687914134e+01,2.493217230956906860e+01,5.816159232124538114e+00,4.606390342637564572e+01,9.682477315251214023e+00,2.791200059556316759e+01,1.750031584940554552e+01
-1.672006707346219923e+00,-1.672594833326986663e+00,2.341394676610224579e+01,2.440118039446679177e+01,5.807072835105598685e+00,6.383677704081469528e+01,1.003525024565082369e+01,4.528090448021741565e+01,1.798328298485281351e+01
-1.672006707346219923e+00,-1.420370184307752304e+00,2.051587226023037402e+01,2.223217579994616244e+01,5.797674223043451924e+00,1.021012658547928140e+02,8.775216187253542799e+00,7.822859371918734439e+01,1.739653225789681912e+01
-1.672006707346219923e+00,-1.168145535288517944e+00,1.697384567886954088e+01,1.798416127084419713e+01,5.798092593060486521e+00,9.410401465602959092e+01,9.424159035841114473e+00,7.062199024032959471e+01,1.796886652161357745e+01
-1.672006707346219923e+00,-9.159208862692833630e-01,1.295466033639930359e+01,1.338220329180148838e+01,5.801131626274505848e+00,5.593310504961573315e+01,9.601050710296300750e+00,3.520386041858716197e+01,1.831455911573166162e+01
-1.672006707346219923e+00,-6.636962372500488927e-01,9.509697972233512431e+00,1.094136193459235074e+01,5.797948143411250754e+00,4.908453840963497328e+01,9.754259956942153309e+00,2.801197633875770876e+01,1.849057574677506466e+01
-1.672006707346219923e+00,-4.114715882308144224e-01,6.602189498324857908e+00,1.167547949775143934e+01,5.793723711778196339e+00,7.090930202206845934e+01,8.428875345473883840e+00,4.681379365606791509e+01,1.664480948944281735e+01
-1.672006707346219923e+00,-1.592469392115799520e-01,5.367841318489352531e+00,1.414711513926249609e+01,5.795759553890107441e+00,8.717916538330209164e+01,9.157932146654319538e+00,6.255559050563044110e+01,1.704817383956817878e+01
-1.672006707346219923e+00,9.297770980765451831e-02,5.773928620000516432e+00,1.581395164914283669e+01,5.798903075922971162e+00,7.806469667919282074e+01,9.316154673700324906e+00,5.596929401032576834e+01,1.738586051002747368e+01
-1.672006707346219923e+00,3.452023588268889887e-01,7.426688325527969425e+00,1.535102984939385351e+01,5.796726726793875351e+00,9.044044283203447776e+01,9.423051513894026954e+00,6.606056700086413969e+01,1.752502409885722656e+01
-1.672006707346219923e+00,5.974270078461234590e-01,9.413397438752378221e+00,1.368629263384354999e+01,5.795841870216754899e+00,9.041391350748585864e+01,8.452790687167720307e+00,6.803313122295033111e+01,1.660115492467246057e+01
-1.672006707346219923e+00,8.496516568653579293e-01,1.074585185846222934e+01,1.282170680602393986e+01,5.804396833894772456e+00,5.453702813762890855e+01,9.965995078895982573e+00,4.138732276674858923e+01,1.818776606485946701e+01
-1.672006707346219923e+00,1.101876305884592400e+00,1.189707380731329067e+01,1.372327684946503723e+01,5.814497501345204711e+00,3.332517983950650375e+01,1.008523294420829330e+01,2.143842685538823645e+01,1.855025707664726653e+01
-1.672006707346219923e+00,1.354100954903826981e+00,1.264322468063658178e+01,1.539476511336579279e+01,5.811908395630180024e+00,4.861683731711559631e+01,1.021958369554926271e+01,3.599405523192348255e+01,1.870220190243646385e+01
-1.672006707346219923e+00,1.606325603923061340e+00,1.277531278258444480e+01,1.594077536849181342e+01,5.799036891475186195e+00,7.108100890616543666e+01,9.593977106636868868e+00,5.768804205219918657e+01,1.895907976918512361e+01
-1.672006707346219923e+00,1.858550252942295700e+00,1.147926486672872493e+01,1.441638967899871204e+01,5.792284129515748781e+00,6.007559963761997324e+01,1.086064877719300092e+01,4.920587659829587324e+01,2.022938444160242355e+01
-1.672006707346219923e+00,2.110774901961530503e+00,9.191393395683457257e+00,1.159294643895191257e+01,5.797534563381615769e+00,4.439039193628525481e+01,1.195150557820634774e+01,3.698838104960275075e+01,2.063044372904447599e+01
-1.672006707346219923e+00,2.362999550980764862e+00,6.329464994155093116e+00,8.981165925001732830e+00,5.800292710457402912e+00,4.894865065186854736e+01,1.189383244834145970e+01,4.195629813842323586e+01,2.065859396858794739e+01
-1.672006707346219923e+00,2.615224199999999222e+00,4.912850719613521377e+00,7.186833833564378438e+00,5.789035054146109083e+00,8.090944370609827274e+01,1.174071021930308945e+01,6.834382861877043069e+01,2.036134178798487682e+01
-1.425306295826985314e+00,-3.438167376461628066e+00,3.233917199833129530e-01,1.857064843390890019e+01,5.780665693747018885e+00,9.004415011864128360e+01,1.113573797054232450e+01,6.696018527890734617e+01,1.929297160161395652e+01
-1.425306295826985314e+00,-3.185942727442393707e+00,6.051527674599102902e+00,2.505265171695282334e+01,5.787263220712496548e+00,5.061551833849671311e+01,1.075379533349398997e+01,3.396125897285264728e+01,1.833778167185552377e+01
-1.425306295826985314e+00,-2.933718078423159348e+00,1.177966362921488752e+01,3.019226867824909277e+01,5.784785906728838079e+00,6.748301879048898400e+01,1.076176832552548390e+01,4.766979721703570760e+01,1.817239298325584329e+01
-1.425306295826985314e+00,-2.681493429403924544e+00,1.740957517927555642e+01,3.222861024226222071e+01,5.782956930407127771e+00,1.027750949833493905e+02,1.119524421460988961e+01,7.629673642064460637e+01,2.180796851763217958e+01
-1.425306295826985314e+00,-2.429268780384690185e+00,2.223919291982065971e+01,3.189247924579103710e+01,5.789886803733437226e+00,8.854516375430955577e+01,1.041648146784564588e+01,5.750367574441439444e+01,2.118172144172453031e+01
-1.425306295826985314e+00,-2.177044131365455826e+00,2.511155065768367578e+01,3.094043432476428279e+01,5.802347419921834337e+00,6.661756418781760658e+01,9.506616443653999937e+00,3.814250399646163459e+01,1.668539904042335920e+01
-1.425306295826985314e+00,-1.924819482346221244e+00,2.549823542472668336e+01,3.008884093981760088e+01,5.807272868326161408e+00,6.700597047197510392e+01,9.186842851419608991e+00,3.977011555423046474e+01,1.616481667349981777e+01
-1.425306295826985314e+00,-1.672594833326986663e+00,2.384489060065983779e+01,2.832245832909393357e+01,5.799632918249390201e+00,7.639689603109604832e+01,9.596810861568796369e+00,4.791252741508886714e+01,1.685413582292889956e+01
-1.425306295826985314e+00,-1.420370184307752304e+00,2.007179868296166347e+01,2.423828208434861153e+01,5.790338121772995450e+00,1.185793780892209384e+02,9.042699548397044040e+00,8.465505601285302362e+01,1.788630680250865623e+01
-1.425306295826985314e+00,-1.168145535288517944e+00,1.552681354622028564e+01,1.805663155830188771e+01,5.789050186902084505e+00,1.200668010630165554e+02,8.474042377154784589e+00,9.496213352708156208e+01,1.676035928389135066e+01
-1.425306295826985314e+00,-9.159208862692833630e-01,1.069414976116505045e+01,1.216802552906756318e+01,5.790901819719111110e+00,6.251063037954335755e+01,8.398913256987894371e+00,4.456682741486540777e+01,1.594985061003239757e+01
-1.425306295826985314e+00,-6.636962372500488927e-01,6.859079281906389269e+00,9.448614192850072868e+00,5.788638915942715180e+00,5.155940240416828146e+01,8.485676629006638549e+00,3.240173752935064044e+01,1.613415751464963321e+01
-1.425306295826985314e+00,-4.114715882308144224e-01,4.334320163448695418e+00,1.081579013953523827e+01,5.786099826370215915e+00,6.876165043586533443e+01,8.342315438945330897e+00,4.839215980299951525e+01,1.642152146242046129e+01
-1.425306295826985314e+00,-1.592469392115799520e-01,3.925712397885815719e+00,1.437095610382311861e+01,5.788671932099023643e+00,5.605128100168690253e+01,9.393118947558148690e+00,3.682605499670489735e+01,1.720744423750032581e+01
-1.425306295826985314e+00,9.297770980765451831e-02,5.678670871474583492e+00,1.702558442499048397e+01,5.791487313647670554e+00,3.847659198438668682e+01,9.152633077868786771e+00,2.020250184754120681e+01,1.684618722746579067e+01
-1.425306295826985314e+00,3.452023588268889887e-01,8.098359242078281284e+00,1.711375788937220932e+01,5.789493679997685938e+00,6.519728692893386324e+01,9.316614463963015069e+00,4.580013669488974415e+01,1.699422577206369667e+01
-1.425306295826985314e+00,5.974270078461234590e-01,1.000796987319126607e+01,1.555039842920268711e+01,5.789260834425486557e+00,9.927150458021816348e+01,8.775359961976658241e+00,7.528894731876611957e+01,1.762730856009246949e+01
-1.425306295826985314e+00,8.496516568653579293e-01,1.073772062960788531e+01,1.455009971787512768e+01,5.797937518766524079e+00,8.774299008783728482e+01,9.511789330302420353e+00,6.373187934430744406e+01,1.680878431814874929e+01
-1.425306295826985314e+00,1.101876305884592400e+00,1.146270689476681248e+01,1.529420386673473331e+01,5.807704948008201029e+00,6.242906833452775572e+01,9.377234938078014892e+00,4.095130106520304736e+01,1.640989675377974066e+01
-1.425306295826985314e+00,1.354100954903826981e+00,1.200629247740386063e+01,1.684539350475824904e+01,5.805181774297649255e+00,7.523608931567088121e+01,9.613222268757416700e+00,5.287676239687400681e+01,1.677440206444302717e+01
-1.425306295826985314e+00,1.606325603923061340e+00,1.178165546973661115e+01,1.723229022002760757e+01,5.792541262731438323e+00,9.175131055077235942e+01,9.651751379368651129e+00,6.765381484850749416e+01,1.898109009574178430e+01
-1.425306295826985314e+00,1.858550252942295700e+00,1.025184370294731195e+01,1.545729963923622563e+01,5.784930363834406286e+00,6.966733589453436082e+01,1.022358516422263364e+01,5.205915845764211980e+01,2.023404163382722487e+01
-1.425306295826985314e+00,2.110774901961530503e+00,7.711041758688780945e+00,1.239687113851368849e+01,5.788426058160615284e+00,4.860216462726242526e+01,1.008056781653204403e+01,3.688837747531545830e+01,1.783267012902997095e+01
-1.425306295826985314e+00,2.362999550980764862e+00,4.882816896940755491e+00,9.802708922769852506e+00,5.790957549286815720e+00,5.416288806112538623e+01,9.912153818152182438e+00,4.301465960241581854e+01,1.770905761804189282e+01
-1.425306295826985314e+00,2.615224199999999222e+00,3.603625106749659412e+00,8.488977221681125229e+00,5.781039839137641856e+00,8.906148391287104005e+01,1.088017922967438622e+01,7.061356362774117201e+01,2.010292755010082644e+01
-1.178605884307750928e+00,-3.438167376461628066e+00,0.000000000000000000e+00,2.011000911500923394e+01,5.779241204639386176e+00,6.093890424966616592e+01,1.234843193086719459e+01,4.197130101686808246e+01,2.132640939513244049e+01
-1.178605884307750928e+00,-3.185942727442393707e+00,7.523276413980180877e+00,2.753536511548554699e+01,5.790326076757432716e+00,5.426606131855854187e+01,1.228418123509721838e+01,3.556798991403172039e+01,2.128504283446325118e+01
-1.178605884307750928e+00,-2.933718078423159348e+00,1.504655282796036175e+01,3.405443729274111320e+01,5.786705480624162234e+00,5.844892799866606481e+01,1.237272968703362785e+01,4.055532558036667012e+01,2.136177483984745962e+01
-1.178605884307750928e+00,-2.681493429403924544e+00,2.233940398340272537e+01,3.771526069495303091e+01,5.781738183349323101e+00,6.834173890240546712e+01,1.212220043377774559e+01,4.721524885173783304e+01,2.361476319247558209e+01
-1.178605884307750928e+00,-2.429268780384690185e+00,2.790066139105433152e+01,3.872435632929773419e+01,5.787470212034845574e+00,8.049838463780235998e+01,1.102274701044433591e+01,5.177445482676699129e+01,2.201721917522549177e+01
-1.178605884307750928e+00,-2.177044131365455826e+00,3.064349518058741495e+01,3.820746460478767403e+01,5.801167054980278515e+00,8.216897531999325111e+01,1.078187197991351809e+01,4.951992665929632409e+01,1.927424015023816040e+01
-1.178605884307750928e+00,-1.924819482346221244e+00,2.947923281637267579e+01,3.651770140075132076e+01,5.807432506947904471e+00,8.659008942737006009e+01,1.061269140491132390e+01,5.313577173842023171e+01,1.895680361397965541e+01
-1.178605884307750928e+00,-1.672594833326986663e+00,2.611632492867918032e+01,3.282011679834431561e+01,5.799496669290792106e+00,7.508749940269942158e+01,1.091477443442142992e+01,4.249757159145671181e+01,1.952948910918270897e+01
-1.178605884307750928e+00,-1.420370184307752304e+00,2.093481465038904332e+01,2.640663103621227492e+01,5.788948180132844179e+00,7.719467809513253087e+01,9.508644144777585794e+00,4.798522871416133739e+01,1.799043515608360977e+01
-1.178605884307750928e+00,-1.168145535288517944e+00,1.529607346007305679e+01,1.837335657900257502e+01,5.786930509434601078e+00,8.186524233228465164e+01,9.358422506071134350e+00,6.182320936368599007e+01,1.843168942694413914e+01
-1.178605884307750928e+00,-9.159208862692833630e-01,9.826729561554568448e+00,1.174198407710173342e+01,5.788756286818758312e+00,6.031564903904580888e+01,9.874030999922538854e+00,4.265869929208879796e+01,1.933885083219351131e+01
-1.178605884307750928e+00,-6.636962372500488927e-01,6.057868971894944110e+00,9.519143231375892356e+00,5.786657916704806226e+00,5.327873084954390492e+01,9.683154679597290482e+00,3.554622727592796849e+01,1.888664668804686642e+01
-1.178605884307750928e+00,-4.114715882308144224e-01,4.369783050024656390e+00,1.228366736302086792e+01,5.784608238196400798e+00,4.284594979958336580e+01,8.450831148670397752e+00,2.558228257385152205e+01,1.658382031724504202e+01
-1.178605884307750928e+00,-1.592469392115799520e-01,5.667583312677565210e+00,1.756761732922086594e+01,5.788075124983648401e+00,2.905723476469222533e+01,9.974584879928457326e+00,1.209360210232154031e+01,1.870050103157418775e+01
-1.178605884307750928e+00,9.297770980765451831e-02,9.168403936737496096e+00,2.174806417788204271e+01,5.791381907085026093e+00,3.120346675279404280e+01,9.664679017928445859e+00,1.413754296084396600e+01,1.802787179214803359e+01
-1.178605884307750928e+00,3.452023588268889887e-01,1.218423317698357522e+01,2.281927913775189154e+01,5.789010222353753399e+00,3.710048939625278308e+01,9.908444559374967042e+00,2.009312242251045433e+01,1.859427665314045797e+01
-1.178605884307750928e+00,5.974270078461234590e-01,1.431068676694564701e+01,2.157964791750782751e+01,5.788546153327458477e+00,6.270947933239540362e+01,8.781039876931723498e+00,4.194198729457579589e+01,1.757308972572799988e+01
-1.178605884307750928e+00,8.496516568653579293e-01,1.502530245344109261e+01,2.029726244604489693e+01,5.798196647741276522e+00,8.574128273218616414e+01,1.046790058408435087e+01,5.598160105537150599e+01,1.901862872560595008e+01
-1.178605884307750928e+00,1.101876305884592400e+00,1.538992798188083100e+01,2.030188975416785979e+01,5.809199812835678323e+00,9.067385454070330297e+01,1.059405713827638529e+01,6.026112589752580107e+01,1.922865370057309065e+01
-1.178605884307750928e+00,1.354100954903826981e+00,1.504022167440027680e+01,2.084157001251446673e+01,5.806342875981790108e+00,9.117072893674094303e+01,1.080791685290838444e+01,6.050567828667164605e+01,1.961952515312693635e+01
-1.178605884307750928e+00,1.606325603923061340e+00,1.344563912548590245e+01,2.014139735154640221e+01,5.792157207366022575e+00,8.016669455381239118e+01,9.774549437722736656e+00,5.335114419580933287e+01,1.870351353687016172e+01
-1.178605884307750928e+00,1.858550252942295700e+00,1.075182063941315036e+01,1.740955516282519966e+01,5.784223937427381834e+00,6.371082653065258228e+01,1.067333432945159366e+01,4.565322254784835820e+01,1.978873433379314051e+01
-1.178605884307750928e+00,2.110774901961530503e+00,7.565222143529759080e+00,1.373112308601594123e+01,5.789302901460447792e+00,5.850516292003850083e+01,1.195017520181778181e+01,4.280079404287319988e+01,2.088435071652278197e+01
-1.178605884307750928e+00,2.362999550980764862e+00,4.671568539027756373e+00,1.102928732787086119e+01,5.792255180212037224e+00,5.569740558304954448e+01,1.189532422865684325e+01,4.004807023268708832e+01,2.088464677755838039e+01
-1.178605884307750928e+00,2.615224199999999222e+00,3.635693244421725812e+00,1.018112860987685053e+01,5.776941290810162499e+00,5.806618622311998479e+01,1.169388312779339145e+01,4.107259476249068086e+01,2.063265390886598283e+01
-9.319054727885164313e-01,-3.438167376461628066e+00,4.547505439015273154e+00,2.620384036301584274e+01,5.778288856592278755e+00,4.924120245227652504e+01,1.224308657602429840e+01,3.243625877485994380e+01,2.113790648509654346e+01
-9.319054727885164313e-01,-3.185942727442393707e+00,1.420909765879005882e+01,3.415533497758724479e+01,5.792789082933262890e+00,6.511975827198170919e+01,1.215086220157159680e+01,4.705545713245533079e+01,2.081277120740879027e+01
-9.319054727885164313e-01,-2.933718078423159348e+00,2.387068987856483915e+01,4.116635798609604535e+01,5.790355062307188660e+00,7.578669524452237738e+01,1.221030780075400912e+01,5.724252318590355060e+01,2.095464948571344976e+01
-9.319054727885164313e-01,-2.681493429403924544e+00,3.279902036397157872e+01,4.534630508628197276e+01,5.783577847719910459e+00,9.056268539948951002e+01,1.147788949356761989e+01,6.768852413875713125e+01,2.232519197179673398e+01
-9.319054727885164313e-01,-2.429268780384690185e+00,3.861237331381848037e+01,4.656187739172855800e+01,5.788162647033524344e+00,1.044802968893015418e+02,1.089175672513972515e+01,7.397933178268951337e+01,2.173578750707160623e+01
-9.319054727885164313e-01,-2.177044131365455826e+00,4.000232180255869707e+01,4.546041251903079683e+01,5.802293473620584230e+00,9.377987320772297153e+01,1.034287105382576755e+01,6.173550705225336088e+01,1.827991557234607001e+01
-9.319054727885164313e-01,-1.924819482346221244e+00,3.653845093603575833e+01,4.222692264983197674e+01,5.809051355963473995e+00,8.621834117901892114e+01,1.023198926395570751e+01,5.479058427018350130e+01,1.830364255101853033e+01
-9.319054727885164313e-01,-1.672594833326986663e+00,3.079372665041966428e+01,3.643634423769253772e+01,5.800698018226049690e+00,8.608774698368722511e+01,1.072491631633399578e+01,5.332104565167415444e+01,1.914465608549977205e+01
-9.319054727885164313e-01,-1.420370184307752304e+00,2.417977233599519948e+01,2.821087292274842184e+01,5.789563603662161384e+00,8.027856244800429408e+01,9.421193459721767027e+00,5.290675235376426855e+01,1.780868456081123696e+01
-9.319054727885164313e-01,-1.168145535288517944e+00,1.732729868506411464e+01,1.941759272780655010e+01,5.787648959358699940e+00,6.631745410828165177e+01,9.141657833868405802e+00,4.707869624511221929e+01,1.788465654136651750e+01
-9.319054727885164313e-01,-9.159208862692833630e-01,1.171008200776187813e+01,1.335627810229811985e+01,5.789858825344861515e+00,5.973620615786589383e+01,9.476773746907840135e+00,4.172515155232643735e+01,1.848294893123039984e+01
-9.319054727885164313e-01,-6.636962372500488927e-01,8.719496900895578051e+00,1.274173802544828504e+01,5.787822507229330782e+00,5.649196793354559532e+01,9.443731916728504316e+00,3.896569003567439893e+01,1.835279481517100564e+01
-9.319054727885164313e-01,-4.114715882308144224e-01,9.049423943446122109e+00,1.756418441758250992e+01,5.785795309879996573e+00,5.497759725531238928e+01,8.302035020061865112e+00,3.825144538766728886e+01,1.620064598617899065e+01
-9.319054727885164313e-01,-1.592469392115799520e-01,1.283209301306477279e+01,2.481561477505601943e+01,5.789581502694730375e+00,4.906479184094246193e+01,9.913053565686411162e+00,3.178568379968139013e+01,1.852696061398318506e+01
-9.319054727885164313e-01,9.297770980765451831e-02,1.779671308074979663e+01,3.053457992583844316e+01,5.793128490621536564e+00,4.104679047956847171e+01,9.618879021207767721e+00,2.435093079654280857e+01,1.802190808188810323e+01
-9.319054727885164313e-01,3.452023588268889887e-01,2.142572087981470830e+01,3.251641219852899667e+01,5.790535992911278740e+00,5.567813819565671452e+01,9.652311975070999139e+00,3.849201629656143098e+01,1.790208370778104552e+01
-9.319054727885164313e-01,5.974270078461234590e-01,2.401760263209882851e+01,3.140399243487445347e+01,5.789797713941852386e+00,9.633410791281960428e+01,8.684366004653584881e+00,7.490834729045380413e+01,1.718877548872152516e+01
-9.319054727885164313e-01,8.496516568653579293e-01,2.464056104321677765e+01,2.937934396360287792e+01,5.799788665320314784e+00,1.064982292084745836e+02,1.034086140245603858e+01,7.889718720424167486e+01,1.878315446370169184e+01
-9.319054727885164313e-01,1.101876305884592400e+00,2.414206853027015498e+01,2.787554403095782618e+01,5.811450751493766553e+00,9.688765927921440380e+01,1.032836668378773481e+01,6.812070725012351602e+01,1.864788539017247970e+01
-9.319054727885164313e-01,1.354100954903826981e+00,2.208841415129205643e+01,2.649231230500299716e+01,5.808525518323305548e+00,9.701485152049690441e+01,1.051214339523227537e+01,6.807400123737217257e+01,1.886986177192458669e+01
-9.319054727885164313e-01,1.606325603923061340e+00,1.839710910994076443e+01,2.395301319700467957e+01,5.793623437326893999e+00,8.728425422757928231e+01,9.591500632637293577e+00,6.160226768191960645e+01,1.825483637211997845e+01
-9.319054727885164313e-01,1.858550252942295700e+00,1.404333936688888507e+01,1.990492776775499806e+01,5.785902838190817299e+00,7.266762041174612818e+01,1.069346148896502946e+01,5.491813480039655104e+01,1.984875721033625595e+01
-9.319054727885164313e-01,2.110774901961530503e+00,1.000982195057167878e+01,1.564956303234657753e+01,5.792330112876566517e+00,6.052190176870260530e+01,1.170241040118439635e+01,4.478080243762986612e+01,2.038926822942528716e+01
-9.319054727885164313e-01,2.362999550980764862e+00,7.202502010518478492e+00,1.307743423146416717e+01,5.794702613648357925e+00,5.855920196855873883e+01,1.177750152282327001e+01,4.276766199624004372e+01,2.055627010763426199e+01
-9.319054727885164313e-01,2.615224199999999222e+00,6.887967768183310469e+00,1.287066628104571464e+01,5.774970786203020623e+00,5.589659872011270636e+01,1.172695127090291045e+01,4.084912766019953523e+01,2.082340776504943847e+01
-6.852050612692819342e-01,-3.438167376461628066e+00,1.526796742604096480e+01,3.674219480553938411e+01,5.778841693339447083e+00,8.862960887973255808e+01,1.175836003069445646e+01,6.001614848064009067e+01,2.141802083513293908e+01
-6.852050612692819342e-01,-3.185942727442393707e+00,2.658997179303052505e+01,4.428211109798576217e+01,5.788055970199780020e+00,7.358392290259018864e+01,1.117702643453897871e+01,5.384452042896300128e+01,2.016002845791459563e+01
-6.852050612692819342e-01,-2.933718078423159348e+00,3.791197616002010307e+01,5.027153281949267694e+01,5.787754884959696255e+00,9.292646937378526673e+01,1.066107203064119879e+01,7.227581331871982684e+01,1.883754938546179858e+01
-6.852050612692819342e-01,-2.681493429403924544e+00,4.762106490358051758e+01,5.328556756291254715e+01,5.782614304871889210e+00,1.261984742192677800e+02,1.133599979705843808e+01,9.808240223034982819e+01,2.354882583008279795e+01
-6.852050612692819342e-01,-2.429268780384690185e+00,5.196646377112253390e+01,5.322965457683312707e+01,5.786891879607216183e+00,1.449534148101487858e+02,1.079033618829102004e+01,1.095182324808070007e+02,2.223098939431055499e+01
-6.852050612692819342e-01,-2.177044131365455826e+00,5.025343275578768498e+01,5.058777841522896779e+01,5.799221858797465323e+00,1.329964377001464015e+02,1.041039596079224516e+01,9.689082346357723452e+01,1.893203001117903383e+01
-6.852050612692819342e-01,-1.924819482346221244e+00,4.357199425208185062e+01,4.561757221299194498e+01,5.804924956193703522e+00,9.635782670024266849e+01,1.013501927898796851e+01,6.377204530424338458e+01,1.823097204317475928e+01
-6.852050612692819342e-01,-1.672594833326986663e+00,3.562428535278505137e+01,3.841164764505811036e+01,5.797367314391858706e+00,1.116296769568974696e+02,1.057323309144716461e+01,7.747125921039463492e+01,1.915298154672461095e+01
-6.852050612692819342e-01,-1.420370184307752304e+00,2.793924090601054999e+01,2.979262885281059425e+01,5.787435317831442383e+00,1.273426690902318796e+02,9.355084663407353673e+00,9.615724279329012347e+01,1.839091757679475236e+01
-6.852050612692819342e-01,-1.168145535288517944e+00,2.113558788422534818e+01,2.198365236793642907e+01,5.785713053840335185e+00,8.333457941927588308e+01,9.144852215035648157e+00,6.207294539520893295e+01,1.810628235116505991e+01
-6.852050612692819342e-01,-9.159208862692833630e-01,1.660462286523576481e+01,1.798107768098270753e+01,5.787805055844433610e+00,5.863331956165313130e+01,9.184249351202854683e+00,4.219991175700985053e+01,1.787440045174039582e+01
-6.852050612692819342e-01,-6.636962372500488927e-01,1.586150455572905216e+01,1.972703451204688463e+01,5.786404918746772985e+00,6.399294979185197008e+01,9.381225637506426906e+00,4.553375610332927437e+01,1.822430452160681824e+01
-6.852050612692819342e-01,-4.114715882308144224e-01,1.929789250228330744e+01,2.649091590066018398e+01,5.784889645196315655e+00,9.413772048473310861e+01,9.265426152391601278e+00,7.105389650169399829e+01,1.879223934026829212e+01
-6.852050612692819342e-01,-1.592469392115799520e-01,2.503028955503213737e+01,3.498048630247831170e+01,5.787886679363824172e+00,8.913285259875010524e+01,1.037211067090341032e+01,6.593276022242909562e+01,2.008071275656599042e+01
-6.852050612692819342e-01,9.297770980765451831e-02,3.043052622258380424e+01,4.133260543812502874e+01,5.790461410542553367e+00,6.430538354555829983e+01,9.435847868098340641e+00,4.223300067381426004e+01,1.792444003196059654e+01
-6.852050612692819342e-01,3.452023588268889887e-01,3.449758817749734874e+01,4.347018366726933891e+01,5.788160807226373272e+00,1.152906148027053632e+02,1.024671622864260634e+01,8.343870786419560659e+01,1.986312053215225859e+01
-6.852050612692819342e-01,5.974270078461234590e-01,3.714077711564262074e+01,4.194825039097486297e+01,5.787797088696680525e+00,1.817317217102170162e+02,1.059307193122140589e+01,1.341451892325876258e+02,2.219070893796763144e+01
-6.852050612692819342e-01,8.496516568653579293e-01,3.690356560375406048e+01,3.875957610978184675e+01,5.796616701102663249e+00,1.647719240562990137e+02,1.103734086844618290e+01,1.206873912854352682e+02,2.103630090485082249e+01
-6.852050612692819342e-01,1.101876305884592400e+00,3.469608271781430631e+01,3.537573323114884261e+01,5.806886810099258334e+00,1.136393740895238551e+02,1.073221592476271624e+01,8.064382918630903418e+01,1.955167627548566855e+01
-6.852050612692819342e-01,1.354100954903826981e+00,3.024899190095534252e+01,3.184305317336747976e+01,5.804591585440138424e+00,1.005988905206882720e+02,1.099322856452651997e+01,6.993412207218814558e+01,2.019194949403767581e+01
-6.852050612692819342e-01,1.606325603923061340e+00,2.411917088544921128e+01,2.756257335944337683e+01,5.791623002024604006e+00,1.106671231355508098e+02,1.042046030498985765e+01,7.858469631965002122e+01,2.073572116136475074e+01
-6.852050612692819342e-01,1.858550252942295700e+00,1.875565654989487996e+01,2.269394063105437453e+01,5.784557997296813525e+00,1.124397164885841818e+02,1.083601213811848218e+01,8.910453380231811593e+01,2.026343755984551009e+01
-6.852050612692819342e-01,2.110774901961530503e+00,1.488453804131820135e+01,1.859963562434677442e+01,5.789592863173436577e+00,7.927050778587783952e+01,1.160284021119569609e+01,6.237150594531837555e+01,2.031664427464868794e+01
-6.852050612692819342e-01,2.362999550980764862e+00,1.288285520061131706e+01,1.681322054278666656e+01,5.790131093681226027e+00,6.052089485113998535e+01,1.164804470985957430e+01,4.421860870938417776e+01,2.045839548795852991e+01
-6.852050612692819342e-01,2.615224199999999222e+00,1.421613487734199310e+01,1.752357897944966680e+01,5.773980950109583787e+00,6.243038684443951070e+01,1.166458305675011253e+01,4.614228691633518054e+01,2.066843990386418639e+01
-4.385046497500475482e-01,-3.438167376461628066e+00,3.023528675458446102e+01,4.836568139465816785e+01,5.782881358068422628e+00,1.392312087022268656e+02,1.167725035037530290e+01,9.621114222786653158e+01,2.299265119209082897e+01
-4.385046497500475482e-01,-3.185942727442393707e+00,4.185104140277476859e+01,5.438166896310758602e+01,5.783737895069323010e+00,1.001176132742563141e+02,9.078015543871394755e+00,7.531510843627641805e+01,1.696808197874374358e+01
-4.385046497500475482e-01,-2.933718078423159348e+00,5.346679605096508681e+01,5.793927089178396272e+01,5.784603009436181331e+00,1.131636563176183472e+02,8.932059829225826419e+00,8.803504944066507676e+01,1.680805816144973974e+01
-4.385046497500475482e-01,-2.681493429403924544e+00,6.127053417165711835e+01,5.848375399383348849e+01,5.781330890489349450e+00,1.277392493409457757e+02,9.426419757645586373e+00,9.833348538419664919e+01,1.792067209549568929e+01
-4.385046497500475482e-01,-2.429268780384690185e+00,6.215884375350780999e+01,5.631408708285562170e+01,5.785811829852127275e+00,1.443844060557520379e+02,9.851794893438933443e+00,1.090278229666285199e+02,2.133559609616627739e+01
-4.385046497500475482e-01,-2.177044131365455826e+00,5.615752964941793834e+01,5.199799558324411919e+01,5.796323483440046331e+00,1.539139769175451988e+02,1.063244375079765902e+01,1.157972603931009417e+02,2.286419170474817975e+01
-4.385046497500475482e-01,-1.924819482346221244e+00,4.740531850120973445e+01,4.597013503909238352e+01,5.800600659250360280e+00,1.072676740320420095e+02,1.039392997907029859e+01,7.624014152812371492e+01,2.223911335108219589e+01
-4.385046497500475482e-01,-1.672594833326986663e+00,3.880565251341512578e+01,3.874911113215785008e+01,5.793775171131991364e+00,1.194156716540208549e+02,1.031244287917802893e+01,8.793115226047129340e+01,2.219799759383708349e+01
-4.385046497500475482e-01,-1.420370184307752304e+00,3.151835427613374563e+01,3.151903334903408904e+01,5.785488408866853227e+00,1.300764132017597774e+02,9.271986161579620855e+00,1.038645473163970934e+02,1.970186436993058976e+01
-4.385046497500475482e-01,-1.168145535288517944e+00,2.604128017842741727e+01,2.630789254552655621e+01,5.784428651394263099e+00,6.855983575822469334e+01,8.757286677652631468e+00,5.477058048253110911e+01,1.721903481992828944e+01
-4.385046497500475482e-01,-9.159208862692833630e-01,2.370835167884224148e+01,2.522618504667480011e+01,5.786453201364394339e+00,4.067519809048550883e+01,8.414639278194229632e+00,2.993689888877474559e+01,1.659338552623228580e+01
-4.385046497500475482e-01,-6.636962372500488927e-01,2.616898914706213830e+01,2.909909355911440798e+01,5.785387304154532728e+00,5.372882424043950778e+01,8.859904550417933677e+00,3.952318287133431340e+01,1.775626561223046096e+01
-4.385046497500475482e-01,-4.114715882308144224e-01,3.215822637619788793e+01,3.656063260631708545e+01,5.783964026980342510e+00,8.764881076332574139e+01,1.264959835819517053e+01,6.243602275081138941e+01,2.640147668098877176e+01
-4.385046497500475482e-01,-1.592469392115799520e-01,3.828901835944355980e+01,4.451432730795932002e+01,5.785774318304694575e+00,1.030751601263803536e+02,1.341289623419236854e+01,7.009345756169825847e+01,2.768720025292697784e+01
-4.385046497500475482e-01,9.297770980765451831e-02,4.369286263363724743e+01,4.981343864007430966e+01,5.787120540787213052e+00,1.197879233367279994e+02,1.253903884643992939e+01,8.167901690226824485e+01,2.655273643099795677e+01
-4.385046497500475482e-01,3.452023588268889887e-01,4.721871307028239073e+01,5.095975746802650974e+01,5.785008964609456683e+00,1.709762812942882420e+02,1.316011784674454255e+01,1.174173791481339038e+02,2.783615805500415874e+01
-4.385046497500475482e-01,5.974270078461234590e-01,4.865106688085273845e+01,4.855655690026651428e+01,5.784932360055322853e+00,2.017132538531621151e+02,1.463076609380482296e+01,1.319790557250056793e+02,3.067469785936857463e+01
-4.385046497500475482e-01,8.496516568653579293e-01,4.691962204089892907e+01,4.430579759300235310e+01,5.792416400679679001e+00,1.768484753378949677e+02,1.492261014555054643e+01,1.188525790300620173e+02,3.010061009479163374e+01
-4.385046497500475482e-01,1.101876305884592400e+00,4.265237454646162973e+01,3.956832914002188772e+01,5.801178700524966203e+00,1.153364000038983761e+02,1.471258366777361637e+01,7.996787693202969649e+01,2.903805545760891604e+01
-4.385046497500475482e-01,1.354100954903826981e+00,3.558096103302693791e+01,3.475941712407711748e+01,5.799758835011648905e+00,8.572253366611283809e+01,1.458837629158706406e+01,6.004936884342951231e+01,2.885622126582876135e+01
-4.385046497500475482e-01,1.606325603923061340e+00,2.847841375784872398e+01,2.991277760481852965e+01,5.789472003433237646e+00,9.615250864464138658e+01,1.287159618126703187e+01,6.611669949757953191e+01,2.665891798126648737e+01
-4.385046497500475482e-01,1.858550252942295700e+00,2.376192009528309868e+01,2.556550083646061466e+01,5.784000659329912253e+00,1.083224781291603449e+02,1.014250060393895403e+01,7.776894996470292654e+01,1.995115174758895549e+01
-4.385046497500475482e-01,2.110774901961530503e+00,2.124651529779348991e+01,2.286009421605604075e+01,5.788275684666701615e+00,8.665165871638464523e+01,9.596505899790724214e+00,6.135702945864759528e+01,1.791806800086328977e+01
-4.385046497500475482e-01,2.362999550980764862e+00,2.086476359594377428e+01,2.263691786922709070e+01,5.787187343345998158e+00,6.995264205938838131e+01,9.588018514009680970e+00,4.654850045179581741e+01,1.794680490762884872e+01
-4.385046497500475482e-01,2.615224199999999222e+00,2.447351221121872911e+01,2.437859836563757199e+01,5.776167105084067721e+00,6.892970986255323851e+01,1.212435697024934456e+01,4.798235928745988588e+01,2.322771509749960472e+01
-1.918042382308137173e-01,-3.438167376461628066e+00,4.850589225280003802e+01,5.586475903486643801e+01,5.785944955229308739e+00,1.268268428070325342e+02,1.181902519881706581e+01,8.752544916241271267e+01,2.218593527088031081e+01
-1.918042382308137173e-01,-3.185942727442393707e+00,5.646439207935738125e+01,5.954586456133802130e+01,5.786602048163505430e+00,1.009627274466928384e+02,9.830434879383419755e+00,7.281365776977602877e+01,1.722101441460890570e+01
-1.918042382308137173e-01,-2.933718078423159348e+00,6.442289190591472448e+01,6.007874863608731175e+01,5.788356403489643753e+00,1.203999892071259410e+02,9.609004215530873694e+00,9.190067202936297974e+01,1.685627339061496599e+01
-1.918042382308137173e-01,-2.681493429403924544e+00,6.661881560460682294e+01,5.800347412811061076e+01,5.784033576212976868e+00,1.385232927549602664e+02,9.791709619959037880e+00,1.104213959533642537e+02,1.721040805745214186e+01
-1.918042382308137173e-01,-2.429268780384690185e+00,6.067993307554559124e+01,5.412825120132947632e+01,5.788215198001320339e+00,1.461940970539290561e+02,9.254735317125915017e+00,1.151519258751474695e+02,1.853739769624242584e+01
-1.918042382308137173e-01,-2.177044131365455826e+00,5.295711896014739750e+01,4.909678215017993352e+01,5.799087873306056906e+00,1.425706694021171188e+02,9.770114142756309406e+00,1.124480456914486552e+02,1.889792464927925408e+01
-1.918042382308137173e-01,-1.924819482346221244e+00,4.538626341786127227e+01,4.339409206016352982e+01,5.803048488886935807e+00,1.001560466300254006e+02,9.790783969682443910e+00,7.428684933136068480e+01,1.871324368176020769e+01
-1.918042382308137173e-01,-1.672594833326986663e+00,3.859205148951654962e+01,3.771412904255839749e+01,5.795454968510060034e+00,9.852206866253663975e+01,9.646460773420802326e+00,7.168268037928699243e+01,1.836438589313711489e+01
-1.918042382308137173e-01,-1.420370184307752304e+00,3.346876424839186370e+01,3.323080728622517199e+01,5.787394573527495645e+00,8.220205057954515837e+01,9.219467517066467721e+00,6.463424010726515689e+01,1.736682853609898558e+01
-1.918042382308137173e-01,-1.168145535288517944e+00,3.082910718380634663e+01,3.134834404490084125e+01,5.787534211878027968e+00,4.205574294081691278e+01,1.040667572862546919e+01,3.442033953339851138e+01,1.939498523178553668e+01
-1.918042382308137173e-01,-9.159208862692833630e-01,3.218740337457106904e+01,3.295500827414070955e+01,5.790026118133172695e+00,3.790356934520920618e+01,1.028431493396263541e+01,2.866877499301117282e+01,1.917312755073636410e+01
-1.918042382308137173e-01,-6.636962372500488927e-01,3.717740052654531269e+01,3.769170330333872698e+01,5.788012112901642858e+00,4.573811686520630815e+01,1.024735331710433606e+01,3.670077545670592656e+01,1.936147000119426664e+01
-1.918042382308137173e-01,-4.114715882308144224e-01,4.299934543499676920e+01,4.384673607167860609e+01,5.785425973454859871e+00,6.621624866515364261e+01,1.156610775671967595e+01,4.809364412797212651e+01,2.455013220241267291e+01
-1.918042382308137173e-01,-1.592469392115799520e-01,4.816424565339237063e+01,4.908143275223847013e+01,5.787035180010871471e+00,9.492563261554082032e+01,1.036924029145326287e+01,6.212445578007053371e+01,2.029225986533610993e+01
-1.918042382308137173e-01,9.297770980765451831e-02,5.268891836343769342e+01,5.157182266615564004e+01,5.788777261890727388e+00,1.361622846303237111e+02,9.868657713765431438e+00,9.752613820148117441e+01,1.907378564692142220e+01
-1.918042382308137173e-01,3.452023588268889887e-01,5.429124186306641775e+01,5.081085680040996522e+01,5.786554832504026358e+00,1.709502923154363998e+02,9.951942977020113545e+00,1.278571305004766145e+02,1.928985540381111363e+01
-1.918042382308137173e-01,5.974270078461234590e-01,5.304803701711266228e+01,4.755751641801180085e+01,5.785869040373029293e+00,1.788447979852367098e+02,1.029338659758631813e+01,1.289039234897145150e+02,2.098590829476833264e+01
-1.918042382308137173e-01,8.496516568653579293e-01,4.856966218937211011e+01,4.308080375036297482e+01,5.793219931968051739e+00,1.509951936023758208e+02,1.133647994012792459e+01,1.120310667073369757e+02,2.260169735145641567e+01
-1.918042382308137173e-01,1.101876305884592400e+00,4.157309486289783251e+01,3.837927510959343635e+01,5.802371955726448149e+00,9.414438313919259826e+01,1.118589926410085944e+01,6.796229551713555850e+01,2.169153039352952206e+01
-1.918042382308137173e-01,1.354100954903826981e+00,3.470196718260299207e+01,3.398145383777455208e+01,5.801160792773078612e+00,7.055528657516566682e+01,1.124524740834556980e+01,4.937567080950658749e+01,2.191029865836994261e+01
-1.918042382308137173e-01,1.606325603923061340e+00,3.001149803732031529e+01,3.030965985477132563e+01,5.791404099220506474e+00,7.375193239208095974e+01,1.023397035468545546e+01,4.791647234141369438e+01,2.045465465518151049e+01
-1.918042382308137173e-01,1.858550252942295700e+00,2.771725267064760345e+01,2.801666539415418811e+01,5.788092777451500304e+00,8.184549617616588080e+01,1.072035590075759792e+01,5.001960718419224605e+01,1.913792873854235665e+01
-1.918042382308137173e-01,2.110774901961530503e+00,2.783276463176504834e+01,2.775543085234676255e+01,5.795170551022060579e+00,8.315126776640488515e+01,1.112071449384549382e+01,5.130445356436365500e+01,1.978516365151213918e+01
-1.918042382308137173e-01,2.362999550980764862e+00,2.994237658439505978e+01,2.947833947842218549e+01,5.793649618850649219e+00,8.666791947812143349e+01,1.106165451645729725e+01,5.409945546619947265e+01,1.962040889110001984e+01
-1.918042382308137173e-01,2.615224199999999222e+00,3.568378972316347131e+01,3.194583050403070956e+01,5.780941531983994963e+00,8.254602013685642703e+01,1.302731203462090193e+01,5.417556166823057140e+01,2.393399232516138397e+01
5.489617328842075206e-02,-3.438167376461628066e+00,6.323285994161446411e+01,5.511064210738913971e+01,5.783654524883574233e+00,9.312804311798456069e+01,1.141916572051969681e+01,6.477804289936965176e+01,2.146500286241417399e+01
5.489617328842075206e-02,-3.185942727442393707e+00,6.191215916017235088e+01,5.628703598319043522e+01,5.791564951228645342e+00,9.524473137290164004e+01,9.197838340729328266e+00,6.826670429568869736e+01,1.573921396849228138e+01
5.489617328842075206e-02,-2.933718078423159348e+00,6.059145837873025187e+01,5.428687819549850246e+01,5.794902351167698029e+00,1.007266393554942852e+02,9.157210670101996186e+00,7.300373571085533797e+01,1.581188885479811468e+01
5.489617328842075206e-02,-2.681493429403924544e+00,5.739337453047251358e+01,5.068365907647239510e+01,5.788122422568146241e+00,1.145989263736941552e+02,9.420358585643270999e+00,8.660943086615941411e+01,1.658874645384939939e+01
5.489617328842075206e-02,-2.429268780384690185e+00,5.132488279439702694e+01,4.659211455281365488e+01,5.791231430241628786e+00,1.189971874466524469e+02,8.806224058879580596e+00,8.996063426632568394e+01,1.733694698021938407e+01
5.489617328842075206e-02,-2.177044131365455826e+00,4.517925473602070952e+01,4.244885439277823025e+01,5.803438023229145593e+00,1.072076303903216825e+02,9.653321687193585632e+00,8.082230543283014867e+01,1.773902434463719047e+01
5.489617328842075206e-02,-1.924819482346221244e+00,3.994744385711015866e+01,3.849208748538421787e+01,5.808183131444615732e+00,9.061329393782091302e+01,9.697433829808025152e+00,6.565127935582363250e+01,1.779210012161476229e+01
5.489617328842075206e-02,-1.672594833326986663e+00,3.583705521450755782e+01,3.532571790496149333e+01,5.799444212743275706e+00,8.710028489912137672e+01,9.832655199650973898e+00,6.208155408462937430e+01,1.817826162900365361e+01
5.489617328842075206e-02,-1.420370184307752304e+00,3.389254501422807664e+01,3.391079286242256785e+01,5.790330213258288339e+00,5.551106807565338386e+01,8.651810439600547298e+00,4.037522829842164640e+01,1.611080639051329300e+01
5.489617328842075206e-02,-1.168145535288517944e+00,3.492864046449177806e+01,3.492391200967904297e+01,5.790803820266912538e+00,3.855424694827104304e+01,9.948415591041325001e+00,3.058379925313775871e+01,1.855639404093327727e+01
5.489617328842075206e-02,-9.159208862692833630e-01,3.898843265088315491e+01,3.807082980838458752e+01,5.793419946130313747e+00,5.050638086161575302e+01,9.670500694198794989e+00,4.023098235235931952e+01,1.800272746747683783e+01
5.489617328842075206e-02,-6.636962372500488927e-01,4.406963394319258498e+01,4.201858922539395280e+01,5.790125500058328711e+00,4.990392275215801021e+01,9.773108759156755809e+00,4.106863120513030196e+01,1.857401753085457230e+01
5.489617328842075206e-02,-4.114715882308144224e-01,4.811770561532065926e+01,4.506532796756437165e+01,5.786544961356780981e+00,6.718298627837998538e+01,1.055499549933265868e+01,4.914322141635501850e+01,2.280045153455343154e+01
5.489617328842075206e-02,-1.592469392115799520e-01,5.109526986145796457e+01,4.604278404911019607e+01,5.789364540113578705e+00,9.815601586197874440e+01,9.469922000709244614e+00,6.560070646708402364e+01,1.777038470671838155e+01
5.489617328842075206e-02,9.297770980765451831e-02,5.258653669352578675e+01,4.479969238297780976e+01,5.793162256731866577e+00,1.114389907367558976e+02,9.191769658318888148e+00,7.648842273546503634e+01,1.666303562813040173e+01
5.489617328842075206e-02,3.452023588268889887e-01,5.148953941227684084e+01,4.200899571250192821e+01,5.791166926180037144e+00,1.255865820404683291e+02,9.509150078406177542e+00,9.102552481439943222e+01,1.721103571558015943e+01
5.489617328842075206e-02,5.974270078461234590e-01,4.803140750318057428e+01,3.857593689614077448e+01,5.789453715228148667e+00,1.459711021847637085e+02,8.814427401276828888e+00,1.136018438786281592e+02,1.646240159291979310e+01
5.489617328842075206e-02,8.496516568653579293e-01,4.147910705888403982e+01,3.515650129250570899e+01,5.797025816601084180e+00,1.139033652953223736e+02,9.181063708893939079e+00,8.929407585008516435e+01,1.692645197463532725e+01
5.489617328842075206e-02,1.101876305884592400e+00,3.463666073127156153e+01,3.210118226546182996e+01,5.807098949062040383e+00,7.214994239840939372e+01,9.385893274590571878e+00,5.042622540848606150e+01,1.688052562713309612e+01
5.489617328842075206e-02,1.354100954903826981e+00,3.075411022218049339e+01,2.972946434126060922e+01,5.805139949298843582e+00,6.689759136514095417e+01,9.542337294161590933e+00,4.569185233204257202e+01,1.715954158167511423e+01
5.489617328842075206e-02,1.606325603923061340e+00,2.975223842586334300e+01,2.855171839585091220e+01,5.793874394034750352e+00,6.997869962504898922e+01,8.720660171006548111e+00,4.494338326225127389e+01,1.623280695141186669e+01
5.489617328842075206e-02,1.858550252942295700e+00,3.067643597021133672e+01,2.910904648373252712e+01,5.791459299949359263e+00,8.452911259974092673e+01,1.033591864550714590e+01,5.362146473196198571e+01,1.855109757429320183e+01
5.489617328842075206e-02,2.110774901961530503e+00,3.319051752708961089e+01,3.146035321601266332e+01,5.801537570138716404e+00,9.064336071895121449e+01,1.069124928425742915e+01,5.887139218733545221e+01,1.887442826254681094e+01
5.489617328842075206e-02,2.362999550980764862e+00,3.751948993571210167e+01,3.472425594599280885e+01,5.800507746712419532e+00,9.378524306532128207e+01,1.067511062201258021e+01,6.169729957122149244e+01,1.872245134348910867e+01
5.489617328842075206e-02,2.615224199999999222e+00,4.471196910439708461e+01,3.714804835993163579e+01,5.784216494124180485e+00,9.193935594486362106e+01,1.302057869631205023e+01,6.170125125806823974e+01,2.395252253546287946e+01
3.015965848076552214e-01,-3.438167376461628066e+00,5.370308273943800259e+01,4.565648043184955895e+01,5.779025333269717457e+00,8.092045171836799966e+01,1.149520076799631063e+01,5.655987146318260983e+01,2.146900960163412009e+01
3.015965848076552214e-01,-3.185942727442393707e+00,4.993703489854337363e+01,4.483581424992735265e+01,5.792015508274535485e+00,9.317574994053379100e+01,9.348259660546291983e+00,6.413440712255102483e+01,1.612863641947179261e+01
3.015965848076552214e-01,-2.933718078423159348e+00,4.617098705764875888e+01,4.157155736047343453e+01,5.796518818679079033e+00,8.139343633995085270e+01,9.180207032580851134e+00,5.392193451107111457e+01,1.575766228348962272e+01
3.015965848076552214e-01,-2.681493429403924544e+00,4.247328480223244185e+01,3.815287491380149731e+01,5.788812871076825850e+00,7.381223927989412914e+01,9.514891445090574607e+00,4.778121710314582771e+01,1.663013939543528252e+01
3.015965848076552214e-01,-2.429268780384690185e+00,3.827873972260626090e+01,3.558572755216664518e+01,5.790671381325897649e+00,8.124709067854911382e+01,8.747964624143699908e+00,5.424334090230307481e+01,1.719649322799106628e+01
3.015965848076552214e-01,-2.177044131365455826e+00,3.495586643168033447e+01,3.369967070731217973e+01,5.802719193157352962e+00,8.639501431912717067e+01,9.830176772602806423e+00,6.052604774229560292e+01,1.818524790328483576e+01
3.015965848076552214e-01,-1.924819482346221244e+00,3.261818385516205865e+01,3.219305758732662071e+01,5.808157060322987064e+00,8.745327286869404304e+01,9.874661049516202382e+00,6.196825015859647579e+01,1.815663430286796398e+01
3.015965848076552214e-01,-1.672594833326986663e+00,3.158809143430211108e+01,3.145321123336543678e+01,5.799782778071405964e+00,8.526984875924364360e+01,9.885568198348714475e+00,5.975760506129700644e+01,1.826233636980156305e+01
3.015965848076552214e-01,-1.420370184307752304e+00,3.239380419753901919e+01,3.229605743604770396e+01,5.790117533096372782e+00,6.848020250961675970e+01,8.879080361735470106e+00,5.392917011225438273e+01,1.651256207383636720e+01
3.015965848076552214e-01,-1.168145535288517944e+00,3.542783106039090057e+01,3.491931968479548232e+01,5.789516155475711301e+00,5.113417765511815105e+01,1.033944109643103282e+01,4.151344393094747431e+01,1.924818760019262598e+01
3.015965848076552214e-01,-9.159208862692833630e-01,3.960281237171471957e+01,3.820753877792594722e+01,5.791334260212043006e+00,4.912822097106948149e+01,9.846342375234678812e+00,3.930086157182893203e+01,1.817095545467865492e+01
3.015965848076552214e-01,-6.636962372500488927e-01,4.239669829391110056e+01,4.021332195462673553e+01,5.787866272131764411e+00,5.287643744269968238e+01,1.010943214450592542e+01,4.238989176680564697e+01,1.914800326329999791e+01
3.015965848076552214e-01,-4.114715882308144224e-01,4.416548943556718143e+01,3.948916290549823316e+01,5.784733436763303871e+00,6.969589760670875478e+01,1.054841890856173414e+01,4.832182451296316827e+01,2.278432936960840749e+01
3.015965848076552214e-01,-1.592469392115799520e-01,4.442031737323659968e+01,3.611434496173751540e+01,5.788800981394135015e+00,9.612149843941531913e+01,9.319738624618096878e+00,6.269292280644592097e+01,1.750649100820829673e+01
3.015965848076552214e-01,9.297770980765451831e-02,4.298546252255215450e+01,3.154926030776550760e+01,5.794232971325058656e+00,9.930564536934241460e+01,9.188589010705053184e+00,6.474888575198974650e+01,1.652919161207861976e+01
3.015965848076552214e-01,3.452023588268889887e-01,4.010818165659908630e+01,2.752006155009075883e+01,5.793035616075553840e+00,9.204091371067431737e+01,9.390025796207366326e+00,5.667261527025657131e+01,1.696958857854559000e+01
3.015965848076552214e-01,5.974270078461234590e-01,3.486622921211235138e+01,2.493704237952260883e+01,5.790967246314028039e+00,9.749321193041873812e+01,8.543657596677702415e+00,6.512408262079514998e+01,1.595049421283951752e+01
3.015965848076552214e-01,8.496516568653579293e-01,2.909442064705771358e+01,2.368651761181172333e+01,5.797858201343224493e+00,7.304793969313288926e+01,9.075139914521617612e+00,4.873573638476707970e+01,1.670671162172736146e+01
3.015965848076552214e-01,1.101876305884592400e+00,2.569487610305203162e+01,2.327398337468366663e+01,5.807169517650385693e+00,5.796112628805929035e+01,9.419430032724902091e+00,3.660600332226129439e+01,1.695094015285291889e+01
3.015965848076552214e-01,1.354100954903826981e+00,2.568302494146715986e+01,2.358049608135843300e+01,5.804113088780613161e+00,6.783891056298330113e+01,9.552496127859823716e+00,4.579097809945148612e+01,1.723274254531024496e+01
3.015965848076552214e-01,1.606325603923061340e+00,2.796942313017492765e+01,2.501002989820062794e+01,5.791679458051616436e+00,7.412311582046294234e+01,8.681130087774036497e+00,5.058129634035035593e+01,1.615672655534561031e+01
3.015965848076552214e-01,1.858550252942295700e+00,3.103283368681976384e+01,2.792831274545642373e+01,5.788167411564408837e+00,8.556960728770928881e+01,1.057687888637646800e+01,5.473970794681581964e+01,1.895671462475926461e+01
3.015965848076552214e-01,2.110774901961530503e+00,3.521148517811904810e+01,3.192644661803205963e+01,5.797420715186321516e+00,8.976279983205142798e+01,1.103088564314196951e+01,5.759685086205448101e+01,1.947259952550453477e+01
3.015965848076552214e-01,2.362999550980764862e+00,4.062777984362469397e+01,3.558105348305434745e+01,5.797371753121690396e+00,1.058001112824491656e+02,1.095265584907498990e+01,7.346769839487407694e+01,1.928873012278872068e+01
3.015965848076552214e-01,2.615224199999999222e+00,4.610997374577998187e+01,3.698095911232303479e+01,5.784023818242122417e+00,1.296178968236937976e+02,1.320886182841530854e+01,8.816274967126682327e+01,2.425708382024616938e+01
5.482969963268896629e-01,-3.438167376461628066e+00,3.668008666710419163e+01,3.127691732302992023e+01,5.775914538653271535e+00,6.998407874511380555e+01,1.172825507596740024e+01,4.629331143135651416e+01,2.183435306811974641e+01
5.482969963268896629e-01,-3.185942727442393707e+00,3.386613267856125731e+01,2.939758892699137505e+01,5.789884576733633104e+00,7.666681039424037181e+01,9.636941850939273024e+00,4.762680142783020187e+01,1.712286442104490902e+01
5.482969963268896629e-01,-2.933718078423159348e+00,3.105217869001832298e+01,2.626941778110813175e+01,5.794135233054872991e+00,7.145009168724368465e+01,9.437309680953354984e+00,4.364341871681484974e+01,1.687965141578289163e+01
5.482969963268896629e-01,-2.681493429403924544e+00,2.855380506400218721e+01,2.447162563477922959e+01,5.787010937636702046e+00,7.212983480373887346e+01,9.655473520114314923e+00,4.252178595838226727e+01,1.708068178501960332e+01
5.482969963268896629e-01,-2.429268780384690185e+00,2.671225699678859300e+01,2.449879532619888778e+01,5.788337403620732680e+00,8.840804767417353105e+01,8.742322002922442437e+00,5.885161172606620994e+01,1.731964981554339289e+01
5.482969963268896629e-01,-2.177044131365455826e+00,2.582482248711297501e+01,2.529035950909928943e+01,5.799199997532510586e+00,8.054812518262764343e+01,9.457110893605783275e+00,5.547832922729462268e+01,1.730507790069989937e+01
5.482969963268896629e-01,-1.924819482346221244e+00,2.565609092958572646e+01,2.588559210220273599e+01,5.804716222688187877e+00,7.590807594489774601e+01,9.557925429086607139e+00,5.184647927069774198e+01,1.755496740639648223e+01
5.482969963268896629e-01,-1.672594833326986663e+00,2.631503717981332002e+01,2.652277967497502686e+01,5.797738934224025975e+00,8.019778884414412801e+01,9.518935332493148493e+00,5.506413105760312732e+01,1.738116014314251245e+01
5.482969963268896629e-01,-1.420370184307752304e+00,2.868556578841976190e+01,2.814115415721153113e+01,5.788883961081809026e+00,7.841926877480557323e+01,8.817397898972267001e+00,6.294951940077181973e+01,1.711294705927333126e+01
5.482969963268896629e-01,-1.168145535288517944e+00,3.137312743206621590e+01,3.089785436345846392e+01,5.787723802901765247e+00,5.625887667305113382e+01,9.453064631926700656e+00,4.785124505813620033e+01,1.819659532454819484e+01
5.482969963268896629e-01,-9.159208862692833630e-01,3.312646423348996905e+01,3.334305786111508496e+01,5.789027322253332386e+00,3.402064488252923979e+01,9.269676855297596774e+00,2.795909895076440677e+01,1.802290880177460508e+01
5.482969963268896629e-01,-6.636962372500488927e-01,3.372007193883892739e+01,3.325821629705751548e+01,5.785918559941256589e+00,6.093104109599755702e+01,9.682719178268611060e+00,4.839088767581131378e+01,1.896980213968651441e+01
5.482969963268896629e-01,-4.114715882308144224e-01,3.331700634305907727e+01,2.949085442315845285e+01,5.783000779517649015e+00,8.699335831881322179e+01,1.097738385362954006e+01,5.950621624783792640e+01,2.372234558336456445e+01
5.482969963268896629e-01,-1.592469392115799520e-01,3.184910455236462568e+01,2.309429220533638727e+01,5.786571602682910154e+00,8.488429252401745373e+01,9.487848588219836898e+00,4.958927751628350933e+01,1.785908620571949967e+01
5.482969963268896629e-01,9.297770980765451831e-02,2.961589044472000509e+01,1.670742345887265401e+01,5.791796342502807171e+00,8.471693507268567203e+01,9.505176426532599976e+00,4.917730225723529713e+01,1.753929888348268662e+01
5.482969963268896629e-01,3.452023588268889887e-01,2.589779751526927143e+01,1.273009942953285645e+01,5.791340392870273135e+00,7.768432818586944677e+01,9.639125356872446204e+00,4.199620951341256614e+01,1.771892132838864242e+01
5.482969963268896629e-01,5.974270078461234590e-01,2.086479142821702126e+01,1.187608084183375468e+01,5.789930285892335604e+00,7.685478244473529230e+01,8.861638300199649265e+00,4.355569265874254370e+01,1.663154432873047739e+01
5.482969963268896629e-01,8.496516568653579293e-01,1.784086441489978014e+01,1.321089886785921408e+01,5.796062139754970310e+00,6.403813289275831266e+01,9.094658836493202614e+00,4.018745198008971897e+01,1.664456988791331327e+01
5.482969963268896629e-01,1.101876305884592400e+00,1.819925935439030340e+01,1.538425760076643201e+01,5.803700773825362980e+00,5.074573606439525975e+01,9.499872283056438604e+00,2.917304908212573267e+01,1.733599441098781924e+01
5.482969963268896629e-01,1.354100954903826981e+00,2.094543978401258855e+01,1.780264791926856560e+01,5.799879649570420348e+00,8.562818879505084624e+01,9.614375471875979073e+00,6.356355749850979464e+01,1.748328642089603946e+01
5.482969963268896629e-01,1.606325603923061340e+00,2.487610925830620090e+01,2.074655077756051469e+01,5.787687442050200914e+00,1.095290455210478058e+02,8.940359027525559554e+00,8.316631966356459316e+01,1.696905992217385162e+01
5.482969963268896629e-01,1.858550252942295700e+00,2.902803483615850055e+01,2.451302535083686962e+01,5.783213804466273977e+00,9.198825940355646935e+01,9.901226634790054604e+00,5.926375752083510662e+01,1.832993493954940334e+01
5.482969963268896629e-01,2.110774901961530503e+00,3.320504252659563349e+01,2.851036333886941065e+01,5.790362334899392671e+00,8.225624639521316794e+01,1.020365687620842721e+01,5.221835723019534470e+01,1.843697145714233443e+01
5.482969963268896629e-01,2.362999550980764862e+00,3.667375485350207498e+01,3.117146041136084023e+01,5.791815812915973360e+00,1.210553636413011702e+02,1.011415519516540584e+01,8.883315089240863927e+01,1.834724207909473392e+01
5.482969963268896629e-01,2.615224199999999222e+00,3.770842275561039969e+01,3.078266313921812980e+01,5.783382488529347221e+00,1.804479148614838095e+02,1.272604141651648391e+01,1.247848380929731604e+02,2.463101329134470419e+01
7.949974078461241600e-01,-3.438167376461628066e+00,2.195164943807388980e+01,1.808908536050512339e+01,5.774753011874897979e+00,3.330066592479474252e+01,1.098617205514596051e+01,1.858804411385927580e+01,2.065606329056529589e+01
7.949974078461241600e-01,-3.185942727442393707e+00,2.079513471175835804e+01,1.615324403666454600e+01,5.791400290515507976e+00,3.575756716899320509e+01,9.088163660850039349e+00,1.344710389562312969e+01,1.561535396197956516e+01
7.949974078461241600e-01,-2.933718078423159348e+00,1.963861998544282272e+01,1.410928226790383633e+01,5.794693985809759695e+00,3.608969206411131836e+01,8.972780693006329855e+00,1.460325043487961238e+01,1.542613985969400758e+01
7.949974078461241600e-01,-2.681493429403924544e+00,1.935336564792265079e+01,1.447649447402727674e+01,5.787678790716620725e+00,5.302214917309697739e+01,8.936498071768381735e+00,3.144388091383983053e+01,1.540009778767173287e+01
7.949974078461241600e-01,-2.429268780384690185e+00,1.981899088973720424e+01,1.705891701186283171e+01,5.789520006577467015e+00,7.756224646266775835e+01,8.243506337600244649e+00,5.924326159846176409e+01,1.611753090971517821e+01
7.949974078461241600e-01,-2.177044131365455826e+00,2.052909554205669806e+01,1.990482827543564781e+01,5.800468068993764881e+00,5.547079409551065510e+01,9.426924741401927932e+00,3.945424642404986315e+01,1.753999699590005434e+01
7.949974078461241600e-01,-1.924819482346221244e+00,2.130663782175406951e+01,2.150575657493754989e+01,5.805894897013813782e+00,5.373547927454671935e+01,9.097111267087520048e+00,3.831548481670753858e+01,1.695168124626265538e+01
7.949974078461241600e-01,-1.672594833326986663e+00,2.236636097925015321e+01,2.213164199903894769e+01,5.799292576191007242e+00,5.558254279901223072e+01,9.313920396817788827e+00,3.900292222850517021e+01,1.727655442542357633e+01
7.949974078461241600e-01,-1.420370184307752304e+00,2.383067514538512555e+01,2.311400515526838717e+01,5.791602439431867033e+00,3.657949212237190295e+01,8.725148687359103761e+00,2.542880141502586255e+01,1.828900986795692774e+01
7.949974078461241600e-01,-1.168145535288517944e+00,2.435943045579911015e+01,2.494316481530040619e+01,5.792121024575682675e+00,2.468435582788168858e+01,9.765925108289062351e+00,2.284996546782326021e+01,1.952675904825238717e+01
7.949974078461241600e-01,-9.159208862692833630e-01,2.411175485576230670e+01,2.623074747961800313e+01,5.794550435742504391e+00,1.596161463714054207e+01,9.848852935383689555e+00,1.632947138085597061e+01,1.984342143425415728e+01
7.949974078461241600e-01,-6.636962372500488927e-01,2.338351949536969698e+01,2.471573512532995665e+01,5.790895384290390524e+00,5.321689336642802459e+01,1.004567016644256050e+01,4.792075508889513458e+01,1.988123319547558765e+01
7.949974078461241600e-01,-4.114715882308144224e-01,2.201453517331753318e+01,1.942935406055767089e+01,5.785937050308074703e+00,8.911427429229001973e+01,9.951555705716534916e+00,6.804111319372205458e+01,2.154902659018413047e+01
7.949974078461241600e-01,-1.592469392115799520e-01,2.022485507411209227e+01,1.194507940910261823e+01,5.787258287513000532e+00,7.489501220526044278e+01,8.628041279219155868e+00,4.455011026644476146e+01,1.595934822603979342e+01
7.949974078461241600e-01,9.297770980765451831e-02,1.762342019701878826e+01,5.487654144948464818e+00,5.791136846378056369e+00,6.480871897316929164e+01,8.538792712374604577e+00,3.448760584273118468e+01,1.509959374207767091e+01
7.949974078461241600e-01,3.452023588268889887e-01,1.411041238806129527e+01,2.677357007993123261e+00,5.790692946028529242e+00,6.280765643371896090e+01,8.669117208642290962e+00,3.165603815240751118e+01,1.528388977152715178e+01
7.949974078461241600e-01,5.974270078461234590e-01,1.136033776346089397e+01,3.877355736425670329e+00,5.790207163627646203e+00,7.003619909373307451e+01,8.035008622310588322e+00,4.163363374769316749e+01,1.464254510431305611e+01
7.949974078461241600e-01,8.496516568653579293e-01,1.161334046741003512e+01,7.430956325053557521e+00,5.796946921194483515e+00,6.210432455639323734e+01,8.850155582163223400e+00,4.126645421583991435e+01,1.599442695584472141e+01
7.949974078461241600e-01,1.101876305884592400e+00,1.442210370650228590e+01,1.131365268849185668e+01,5.804353822410290853e+00,4.006058057336883849e+01,8.926955541649650883e+00,1.996993761501023812e+01,1.609412245041704637e+01
7.949974078461241600e-01,1.354100954903826981e+00,1.822671392797059298e+01,1.459475522673892556e+01,5.800370524597981081e+00,7.064983603397176637e+01,9.046991525623463204e+00,5.059800241844685331e+01,1.622519590937207212e+01
7.949974078461241600e-01,1.606325603923061340e+00,2.237635557438718692e+01,1.753369156750159163e+01,5.788916426956123296e+00,9.956248092989267207e+01,9.002687938456856998e+00,7.346451298836271349e+01,1.802884606157251213e+01
7.949974078461241600e-01,1.858550252942295700e+00,2.575112266366841141e+01,2.052270000778389658e+01,5.785658101520721353e+00,8.471234063240217438e+01,1.042664062394063151e+01,5.459736314287252412e+01,1.984680084205474060e+01
7.949974078461241600e-01,2.110774901961530503e+00,2.804508294350119968e+01,2.306774755087099038e+01,5.794054466504000800e+00,7.148489640866614536e+01,1.110936469720746800e+01,4.418636077882177915e+01,1.968021108362263405e+01
7.949974078461241600e-01,2.362999550980764862e+00,2.821518618453533378e+01,2.378875111184242996e+01,5.797244359517829793e+00,9.388426584139824627e+01,1.107943446778389252e+01,6.572705007308007907e+01,1.967435902513485502e+01
7.949974078461241600e-01,2.615224199999999222e+00,2.629792341673356049e+01,2.139853911981845158e+01,5.786011112031236081e+00,1.491355158502800009e+02,1.192930730621776725e+01,1.055365543210853616e+02,2.183010217330405922e+01
1.041697819365358546e+00,-3.438167376461628066e+00,1.581406083353422432e+01,1.147438128841531579e+01,5.776381053103178509e+00,1.901571386273354847e+01,1.069682998513784256e+01,8.139948916122328626e+00,2.066033053882700798e+01
1.041697819365358546e+00,-3.185942727442393707e+00,1.673609100683413686e+01,1.024846537055600493e+01,5.796791256635614786e+00,1.809577043618764947e+01,9.437565344126852551e+00,0.000000000000000000e+00,1.718947045592577894e+01
1.041697819365358546e+00,-2.933718078423159348e+00,1.765812118013405652e+01,9.556762259669994819e+00,5.799048305540882353e+00,1.772029965130479923e+01,9.302264914989454070e+00,1.698951450080485870e-01,1.689569784089467674e+01
1.041697819365358546e+00,-2.681493429403924544e+00,1.912702206633765911e+01,1.170426395554659393e+01,5.791369724595484492e+00,3.584763036756112342e+01,9.233069382437873784e+00,1.809777049151092143e+01,1.706549205142098202e+01
1.041697819365358546e+00,-2.429268780384690185e+00,2.081537438340613377e+01,1.592858211837119597e+01,5.794116738858005711e+00,4.591066311638155639e+01,8.339592920131284615e+00,3.149251025208374344e+01,1.623951059126664020e+01
1.041697819365358546e+00,-2.177044131365455826e+00,2.196595549428614191e+01,1.967461446700690431e+01,5.806149844318674091e+00,3.444554292517750582e+01,9.952846452168440550e+00,2.112060116311060654e+01,1.894366602917106590e+01
1.041697819365358546e+00,-1.924819482346221244e+00,2.244498107039696322e+01,2.114933243453697287e+01,5.811256411761729801e+00,3.590591052547392792e+01,9.494038115967335045e+00,2.278775223395351190e+01,1.796003704522207656e+01
1.041697819365358546e+00,-1.672594833326986663e+00,2.262254381650910418e+01,2.079363823537278222e+01,5.803508694632578901e+00,3.203230593400672888e+01,9.929408576346789417e+00,1.950737700471749037e+01,1.897823445196225478e+01
1.041697819365358546e+00,-1.420370184307752304e+00,2.196375858170896578e+01,2.040214342088802368e+01,5.796168672735473315e+00,1.244733545388245943e+01,8.499530603119605843e+00,8.054349124827623996e+00,1.749518646523729970e+01
1.041697819365358546e+00,-1.168145535288517944e+00,2.064136861457172145e+01,2.091735580790555105e+01,5.799212870929245867e+00,0.000000000000000000e+00,1.079190389657065019e+01,2.834208302361076903e+00,2.082033792630105751e+01
1.041697819365358546e+00,-9.159208862692833630e-01,1.915909855572908427e+01,2.119999934499719529e+01,5.803635544844030214e+00,2.067833642410192851e+00,1.071547548028585339e+01,4.193834437070762533e+00,2.058882446065479854e+01
1.041697819365358546e+00,-6.636962372500488927e-01,1.789646579808092497e+01,1.906957336830964778e+01,5.798993427157376424e+00,1.061524266560650176e+01,1.099653128578218286e+01,1.333107932313993871e+01,2.114186648634257537e+01
1.041697819365358546e+00,-4.114715882308144224e-01,1.652171194953621836e+01,1.362404750331916148e+01,5.791350963966389820e+00,3.564494166486162641e+01,8.885829098835355211e+00,2.944751554882665090e+01,1.855769105873554636e+01
1.041697819365358546e+00,-1.592469392115799520e-01,1.502428511020777968e+01,6.562003299161005998e+00,5.790672064565611343e+00,5.398429592047028791e+01,8.568413845994765410e+00,3.148529300039583845e+01,1.644151464177094724e+01
1.041697819365358546e+00,9.297770980765451831e-02,1.256742116285748700e+01,1.190295968783175340e+00,5.793394996457848833e+00,5.663586648807353185e+01,8.563265739948947797e+00,3.069571056796394259e+01,1.581362113146129467e+01
1.041697819365358546e+00,3.452023588268889887e-01,1.090158765891516879e+01,0.000000000000000000e+00,5.792196722238323936e+00,5.065673636025684345e+01,8.868397493053237213e+00,2.518623125038867983e+01,1.659255393594935768e+01
1.041697819365358546e+00,5.974270078461234590e-01,1.102820757135252450e+01,2.965822412734269165e+00,5.791987012917298117e+00,4.649086498752882335e+01,7.822742006846919338e+00,2.386320104420535770e+01,1.462927171258436587e+01
1.041697819365358546e+00,8.496516568653579293e-01,1.321531442506126197e+01,7.930168005845189327e+00,5.800159305755868466e+00,4.173012227657255835e+01,9.118542065496294313e+00,2.210786035061816079e+01,1.705351463380667099e+01
1.041697819365358546e+00,1.101876305884592400e+00,1.682347459097569597e+01,1.248501591183594428e+01,5.808998521269274740e+00,4.260081922512540586e+01,9.072528238395850764e+00,2.292764940854403477e+01,1.670663619716560433e+01
1.041697819365358546e+00,1.354100954903826981e+00,2.047876844202550828e+01,1.556523681185899477e+01,5.805608371663547373e+00,4.643878649536122794e+01,9.225229626388642856e+00,2.713535203403586138e+01,1.708934058407971790e+01
1.041697819365358546e+00,1.606325603923061340e+00,2.356012957742386860e+01,1.750734779421509302e+01,5.794690365166323964e+00,5.572279017715278826e+01,9.055739604146955557e+00,3.534841125552780738e+01,1.842602073572314580e+01
1.041697819365358546e+00,1.858550252942295700e+00,2.502709588947169905e+01,1.887989347951042873e+01,5.793313838443504338e+00,6.791686826539299204e+01,1.141501415841529443e+01,4.319481876450718971e+01,2.045829160086196197e+01
1.041697819365358546e+00,2.110774901961530503e+00,2.480084485116371695e+01,1.941895616877582142e+01,5.804482403017044767e+00,7.113777396366415928e+01,1.249375185861128656e+01,4.425703855208514170e+01,2.121256474309035411e+01
1.041697819365358546e+00,2.362999550980764862e+00,2.289261190575253124e+01,1.808049867764111696e+01,5.808480573362434285e+00,6.907711545339316217e+01,1.249157133556631827e+01,4.294482663868654271e+01,2.132185417756440771e+01
1.041697819365358546e+00,2.615224199999999222e+00,2.008453031646929077e+01,1.405953984261122969e+01,5.789752876022079775e+00,8.058013509529547491e+01,1.230570243872944758e+01,5.370586249613696594e+01,2.106919155336634120e+01
1.288398230884593154e+00,-3.438167376461628066e+00,1.888304536019156288e+01,1.363251287431194214e+01,5.780667834732222232e+00,6.566486439142533982e+01,1.068970710888909181e+01,4.592059826839057735e+01,2.030971543466770868e+01
1.288398230884593154e+00,-3.185942727442393707e+00,2.141636528276271534e+01,1.352682780333816481e+01,5.798698444046824996e+00,3.713237420432785996e+01,9.337137487367645150e+00,1.850263118698718046e+01,1.678153898259706978e+01
1.288398230884593154e+00,-2.933718078423159348e+00,2.394968520533386425e+01,1.393911068673696718e+01,5.799390933659731573e+00,2.380598755422079194e+01,9.229313893934564916e+00,5.673446462467538254e+00,1.663664688777259570e+01
1.288398230884593154e+00,-2.681493429403924544e+00,2.647643394069115530e+01,1.700155928034291719e+01,5.791969307612880868e+00,6.405607992062016365e+01,9.207366090050745910e+00,4.587472976665503666e+01,1.679175098573826830e+01
1.288398230884593154e+00,-2.429268780384690185e+00,2.845921359175945398e+01,2.172804365349657019e+01,5.795593108292900197e+00,6.153425125519595440e+01,8.364079433156096144e+00,4.549921084330407695e+01,1.617935323974001705e+01
1.288398230884593154e+00,-2.177044131365455826e+00,2.950035951139889434e+01,2.539581050318884081e+01,5.807734723678315447e+00,4.169517028497921274e+01,9.710475707983023952e+00,2.725170257580194644e+01,1.831038018623076624e+01
1.288398230884593154e+00,-1.924819482346221244e+00,2.948025572727421562e+01,2.619433245865366189e+01,5.811908956646205660e+00,3.970756450754350908e+01,9.372143552117741194e+00,2.593498444004601211e+01,1.763798330644558021e+01
1.288398230884593154e+00,-1.672594833326986663e+00,2.862508236752373136e+01,2.471921251275853137e+01,5.802908472379932014e+00,6.440399177979864476e+01,9.711274251023938930e+00,4.949059081533962257e+01,1.836586958807937009e+01
1.288398230884593154e+00,-1.420370184307752304e+00,2.633657570724416530e+01,2.303714619498714455e+01,5.795019262601546650e+00,7.527517124775522461e+01,8.560582426289569113e+00,6.542217911988130652e+01,1.720457977533526162e+01
1.288398230884593154e+00,-1.168145535288517944e+00,2.388991876839130057e+01,2.239234620682327659e+01,5.798632977853373838e+00,2.613597497883750975e+01,1.076807569426740230e+01,2.698831486062560714e+01,2.064829597161476471e+01
1.288398230884593154e+00,-9.159208862692833630e-01,2.155415664491578198e+01,2.190471858985256404e+01,5.803898840128018932e+00,2.520798094434212544e+00,1.064628035464162359e+01,4.398476558727004715e+00,2.042947659664036664e+01
1.288398230884593154e+00,-6.636962372500488927e-01,2.028644901734648087e+01,1.956943508092808770e+01,5.799519056817131535e+00,1.523926503211339423e+01,1.098510129890106057e+01,1.751545943661978555e+01,2.108992930898651252e+01
1.288398230884593154e+00,-4.114715882308144224e-01,1.909208653005879697e+01,1.455129043152555823e+01,5.791953015835926699e+00,5.001234990310859985e+01,8.782709061290971064e+00,4.155396659979459884e+01,1.824822792075141820e+01
1.288398230884593154e+00,-1.592469392115799520e-01,1.792134047988800916e+01,8.483365494270401541e+00,5.791452320951555599e+00,6.582928740868044315e+01,8.487151248693656669e+00,4.132962286054938517e+01,1.613127763850335228e+01
1.288398230884593154e+00,9.297770980765451831e-02,1.648111733453255567e+01,4.466343702668382321e+00,5.793756993456533166e+00,5.698034567456932109e+01,8.541085513563587028e+00,3.147104243610619179e+01,1.574939461409542396e+01
1.288398230884593154e+00,3.452023588268889887e-01,1.660173266729073660e+01,4.680814189028751571e+00,5.791556160672806541e+00,6.924939486194222127e+01,8.835549204732590312e+00,4.233612150456837497e+01,1.636220011232285643e+01
1.288398230884593154e+00,5.974270078461234590e-01,1.849391719845214510e+01,8.775801461262744851e+00,5.790904542491202456e+00,7.405361667477109222e+01,7.852692942017878153e+00,4.966358848677514715e+01,1.462395172398927912e+01
1.288398230884593154e+00,8.496516568653579293e-01,2.143728289887488359e+01,1.435662455197962117e+01,5.799776532559843822e+00,4.757860216343885895e+01,8.952016397586806562e+00,2.764286480518205025e+01,1.658061517169375776e+01
1.288398230884593154e+00,1.101876305884592400e+00,2.519226316073111960e+01,1.892281329326942796e+01,5.809963081610606928e+00,4.827022369049342387e+01,8.972175523022247745e+00,2.835995734121814138e+01,1.643354203689230175e+01
1.288398230884593154e+00,1.354100954903826981e+00,2.807709403972179629e+01,2.143912609333347064e+01,5.807750684368815364e+00,4.979509853642815642e+01,9.027831106819112605e+00,2.996978817914919091e+01,1.649835510383704218e+01
1.288398230884593154e+00,1.606325603923061340e+00,2.976458546549941886e+01,2.233065458964119898e+01,5.797258893025164284e+00,5.650469653884357513e+01,9.159306300519011401e+00,3.592697598816224058e+01,1.853564962731110199e+01
1.288398230884593154e+00,1.858550252942295700e+00,2.947334247126188700e+01,2.228270328200414951e+01,5.795496315356611028e+00,7.054530087836889152e+01,1.142684239042822547e+01,4.526606738207132707e+01,2.046140725920442804e+01
1.288398230884593154e+00,2.110774901961530503e+00,2.739479679568291459e+01,2.121452164776928839e+01,5.805762928142786272e+00,7.156906474219547931e+01,1.237045768847540828e+01,4.467957401004163387e+01,2.097902882312438777e+01
1.288398230884593154e+00,2.362999550980764862e+00,2.444490837913610903e+01,1.838860027033751976e+01,5.809090594744770186e+00,7.114399493743056269e+01,1.246263054395294745e+01,4.382272091424595573e+01,2.120963341340839037e+01
1.288398230884593154e+00,2.615224199999999222e+00,2.189152770349371835e+01,1.340975423116469756e+01,5.789291909648923706e+00,6.468118167990081702e+01,1.223501654425792928e+01,3.909364072550124547e+01,2.097456598103955727e+01
1.535098642403827540e+00,-3.438167376461628066e+00,3.059652580570134361e+01,2.292997500131150446e+01,5.784121380495415465e+00,8.778052303375640975e+01,1.039471909154475071e+01,5.961029974253205665e+01,1.964210563222937367e+01
1.535098642403827540e+00,-3.185942727442393707e+00,3.358674747134500649e+01,2.405545349033855018e+01,5.794306819009664267e+00,6.209899964771204850e+01,8.984144958947407389e+00,3.790096304219783718e+01,1.599094119729267049e+01
1.535098642403827540e+00,-2.933718078423159348e+00,3.657696913698866581e+01,2.518518579373994726e+01,5.792799291002840967e+00,4.655086699618266266e+01,8.976345030232335986e+00,2.294184894707918687e+01,1.596531956074747249e+01
1.535098642403827540e+00,-2.681493429403924544e+00,3.950733101817596093e+01,2.841014679401791909e+01,5.786571793660304941e+00,8.207401943777699671e+01,8.905215750059966240e+00,5.552054078153489769e+01,1.666396752396229886e+01
1.535098642403827540e+00,-2.429268780384690185e+00,4.148584381404479871e+01,3.288945956462066533e+01,5.791249232967718541e+00,7.698261987525921768e+01,9.258909947490069570e+00,5.206837157377727010e+01,1.920345254448246308e+01
1.535098642403827540e+00,-2.177044131365455826e+00,4.227564832231540493e+01,3.611564508557967201e+01,5.803044979212184096e+00,5.611117297195066556e+01,9.733244415163580854e+00,3.279795776839450383e+01,1.899055727582580388e+01
1.535098642403827540e+00,-1.924819482346221244e+00,4.185021410179739121e+01,3.640935183002738995e+01,5.806492688477788100e+00,5.628131929411460987e+01,9.402910911756221068e+00,3.399134071938908619e+01,1.834652423976176294e+01
1.535098642403827540e+00,-1.672594833326986663e+00,4.053724741585406832e+01,3.435275063414883334e+01,5.796908441592533379e+00,9.127062689763181424e+01,9.718733668202258258e+00,6.441339218683268086e+01,1.902868734514916937e+01
1.535098642403827540e+00,-1.420370184307752304e+00,3.805342714674513616e+01,3.194516777387434558e+01,5.787810226612156939e+00,1.137321415002756737e+02,9.571533172778643461e+00,8.840722384133106004e+01,2.048943495196480313e+01
1.535098642403827540e+00,-1.168145535288517944e+00,3.530264278656552790e+01,3.047153074645757442e+01,5.789634786448205617e+00,6.070194211116461247e+01,9.697277802813463410e+00,5.222139330861479323e+01,1.813006156048178141e+01
1.535098642403827540e+00,-9.159208862692833630e-01,3.285325970072344148e+01,2.927822464959535864e+01,5.794148727861635706e+00,2.524232335250081860e+01,9.553468561123636960e+00,2.019744226231278361e+01,1.780386250816201255e+01
1.535098642403827540e+00,-6.636962372500488927e-01,3.135140897226654033e+01,2.667487701651407406e+01,5.791247020027970649e+00,6.639370893466434609e+01,9.620056293045166740e+00,5.751078754017613903e+01,1.764271811302523219e+01
1.535098642403827540e+00,-4.114715882308144224e-01,3.006611433609465323e+01,2.201831986564866384e+01,5.786563007701253980e+00,1.155883352578866266e+02,8.593398231862074965e+00,9.570418316271783965e+01,1.763615741773904588e+01
1.535098642403827540e+00,-1.592469392115799520e-01,2.889373285121341439e+01,1.685593403281745850e+01,5.788270856446648516e+00,8.335346779795219163e+01,8.691900056664549012e+00,5.608856450315955300e+01,1.581469999632468948e+01
1.535098642403827540e+00,9.297770980765451831e-02,2.842133324871817379e+01,1.395277205154343392e+01,5.790941801946199341e+00,4.557521274000851008e+01,8.708772887542002294e+00,2.121413463478045713e+01,1.570620216315183804e+01
1.535098642403827540e+00,3.452023588268889887e-01,2.939928290016714740e+01,1.509532585101987934e+01,5.787981689893458181e+00,8.364561665227620324e+01,8.731516830769335158e+00,5.709170223899572250e+01,1.566463197641205163e+01
1.535098642403827540e+00,5.974270078461234590e-01,3.203527743210267431e+01,1.968987278463100665e+01,5.786677513458393207e+00,1.104108523599554417e+02,8.607755441574784783e+00,7.982881510089796961e+01,1.753469113467167162e+01
1.535098642403827540e+00,8.496516568653579293e-01,3.527355299384102238e+01,2.533105915684245701e+01,5.795435211909318873e+00,7.003471134838579815e+01,9.134491913758177262e+00,4.026572789707723388e+01,1.690440987774100634e+01
1.535098642403827540e+00,1.101876305884592400e+00,3.860616329553718629e+01,2.965647496976816910e+01,5.806068820984728873e+00,5.605855729843210611e+01,9.089657413554387944e+00,2.795074324629250029e+01,1.641321235355495034e+01
1.535098642403827540e+00,1.354100954903826981e+00,4.064510879526405063e+01,3.176283818011097537e+01,5.804579184578637197e+00,6.180343393706115762e+01,9.262498547471539112e+00,3.277317989997649761e+01,1.678384789921278397e+01
1.535098642403827540e+00,1.606325603923061340e+00,4.121192460170149729e+01,3.210985910419913125e+01,5.793802743697479052e+00,7.229456113618635982e+01,1.002363315667616916e+01,4.236679520537588672e+01,2.048178986331560480e+01
1.535098642403827540e+00,1.858550252942295700e+00,3.979778914377330068e+01,3.136032427010241008e+01,5.789365048141365655e+00,8.202359633299195707e+01,1.100044607087184723e+01,5.153825835195048199e+01,2.096133322616087113e+01
1.535098642403827540e+00,2.110774901961530503e+00,3.686667593067831206e+01,2.947671377598589970e+01,5.795610462894006609e+00,7.808396873453114040e+01,1.129347976390575425e+01,4.968014336126552877e+01,1.955563935813542287e+01
1.535098642403827540e+00,2.362999550980764862e+00,3.364888127296519826e+01,2.591503941246082832e+01,5.798139419936418903e+00,7.864145955952336919e+01,1.113657826386454452e+01,4.904942160044818422e+01,1.938712797507281138e+01
1.535098642403827540e+00,2.615224199999999222e+00,3.167867186940326363e+01,2.057716530917059572e+01,5.784811989631770679e+00,7.528819118294944701e+01,1.106741528580367806e+01,4.565139202833522347e+01,1.968159984893318892e+01
1.781799053923061926e+00,-3.438167376461628066e+00,4.372910487858963791e+01,3.495979283157976170e+01,5.783462055993704887e+00,7.288858588361955526e+01,1.129086526444190319e+01,4.120869758526457360e+01,1.962525699777483368e+01
1.781799053923061926e+00,-3.185942727442393707e+00,4.721264242646763876e+01,3.727133146432151989e+01,5.791155479364602954e+00,7.657240616311196391e+01,1.096922046818074925e+01,4.256459770340769921e+01,1.869401665827347614e+01
1.781799053923061926e+00,-2.933718078423159348e+00,5.069617997434562540e+01,3.894189797023955180e+01,5.787865809641908221e+00,7.818403873688686190e+01,1.111072459338428331e+01,4.497532024057494482e+01,1.883389659272291539e+01
1.781799053923061926e+00,-2.681493429403924544e+00,5.373243737874790327e+01,4.210032293456151820e+01,5.780951387059161561e+00,8.367230192436991842e+01,1.033929486637001816e+01,4.917423084468165229e+01,1.834471439638826595e+01
1.781799053923061926e+00,-2.429268780384690185e+00,5.552945680908872816e+01,4.625221958531255950e+01,5.786294697597162084e+00,7.842097304451149853e+01,1.033460136519537897e+01,4.383902724226599901e+01,1.850261983860513837e+01
1.781799053923061926e+00,-2.177044131365455826e+00,5.619463823865801544e+01,4.927758147790882504e+01,5.799491010434087102e+00,7.604449129872310209e+01,1.139307498941136387e+01,4.089627021260453432e+01,1.889811621997200319e+01
1.781799053923061926e+00,-1.924819482346221244e+00,5.581285422763937731e+01,4.961928694576818089e+01,5.803692695267701929e+00,7.473363083298522724e+01,1.111922537972568037e+01,4.016430650066715913e+01,1.852032829078716958e+01
1.781799053923061926e+00,-1.672594833326986663e+00,5.470306230578744078e+01,4.763457903103562785e+01,5.793332688565526745e+00,7.861871665129672238e+01,1.119390760139447671e+01,4.293897095803544772e+01,1.862954376019528269e+01
1.781799053923061926e+00,-1.420370184307752304e+00,5.248628133228167769e+01,4.497977659296520869e+01,5.782317718015652197e+00,8.126039237558057948e+01,1.012211831131820183e+01,5.055582787180919269e+01,2.018039905288094005e+01
1.781799053923061926e+00,-1.168145535288517944e+00,5.000534392230289882e+01,4.283123544907357427e+01,5.782244153695716982e+00,6.521475882137229974e+01,1.011604405781874050e+01,4.551054087755292699e+01,1.822040048944253243e+01
1.781799053923061926e+00,-9.159208862692833630e-01,4.730157514989382150e+01,4.082578959995953483e+01,5.785922898290064786e+00,4.982348000609931660e+01,1.025715615384603652e+01,3.291014577745229985e+01,1.833668125528538440e+01
1.781799053923061926e+00,-6.636962372500488927e-01,4.538628200657164768e+01,3.778066469545592554e+01,5.783779801607614068e+00,7.183814931551921745e+01,1.042092139266587303e+01,5.331533552037741686e+01,1.846427050465504038e+01
1.781799053923061926e+00,-4.114715882308144224e-01,4.380931165105869241e+01,3.339158269559993641e+01,5.781273011783786053e+00,9.489501989801362924e+01,9.062947102351849082e+00,7.242041309895218149e+01,1.695361038986416702e+01
1.781799053923061926e+00,-1.592469392115799520e-01,4.285051482269540202e+01,2.910714121432101820e+01,5.785432995831338410e+00,6.587291487199877338e+01,9.632381216950994585e+00,3.979068134789824995e+01,1.786189713418342606e+01
1.781799053923061926e+00,9.297770980765451831e-02,4.307601268557569085e+01,2.722202470253614592e+01,5.789296907454390961e+00,4.764972089113092579e+01,9.675692358198217491e+00,2.267081533597519183e+01,1.801361762849380455e+01
1.781799053923061926e+00,3.452023588268889887e-01,4.472515260986477870e+01,2.901564140191476326e+01,5.785917817555296772e+00,6.775911657349024608e+01,9.689773778872430299e+00,4.118253064103402750e+01,1.798049951269993940e+01
1.781799053923061926e+00,5.974270078461234590e-01,4.768268247344137478e+01,3.367704145866991894e+01,5.783864345557884867e+00,8.951392345991730792e+01,9.679824431003211771e+00,5.653023402559266941e+01,1.939426105740588469e+01
1.781799053923061926e+00,8.496516568653579293e-01,5.061963400423066162e+01,3.894932197067100788e+01,5.792678876852320968e+00,8.063384454874091034e+01,1.124136343883162859e+01,4.291763359304171388e+01,1.897443443081116499e+01
1.781799053923061926e+00,1.101876305884592400e+00,5.324769264619794740e+01,4.279238350415926107e+01,5.803612633053134573e+00,7.820126082075159957e+01,1.153821803805908530e+01,4.114216134432403749e+01,1.926679713542574746e+01
1.781799053923061926e+00,1.354100954903826981e+00,5.454633666638390821e+01,4.453159940549448947e+01,5.801390496248300721e+00,8.234334087622079323e+01,1.161254723859241267e+01,4.478424078331795499e+01,1.933117489910929976e+01
1.781799053923061926e+00,1.606325603923061340e+00,5.441473085386942898e+01,4.463688668591930764e+01,5.788594778306904054e+00,8.715805096193633972e+01,1.107666507665754274e+01,4.930128217006520686e+01,2.059270507252015747e+01
1.781799053923061926e+00,1.858550252942295700e+00,5.244144255126086307e+01,4.364957126873559901e+01,5.781603430013729117e+00,9.246247486582309705e+01,1.116500988154052187e+01,5.479716336521136100e+01,2.050480904365178247e+01
1.781799053923061926e+00,2.110774901961530503e+00,4.919201864918603917e+01,4.146591353904432253e+01,5.785857912214734000e+00,9.190754586313008190e+01,1.163325011348470639e+01,5.515013149460271080e+01,1.846689291383134446e+01
1.781799053923061926e+00,2.362999550980764862e+00,4.586906298848421670e+01,3.764145721461045468e+01,5.788842676802960163e+00,8.820653161390529817e+01,1.145990055322547363e+01,5.118342256933561174e+01,1.833909887212622536e+01
1.781799053923061926e+00,2.615224199999999222e+00,4.439988589789497553e+01,3.228425653370959481e+01,5.779978745193428580e+00,8.425419855708773298e+01,1.155412629039881800e+01,4.784673785976086435e+01,1.855122092894616515e+01
2.028499465442296312e+00,-3.438167376461628066e+00,5.506343409237688036e+01,4.440257814858887286e+01,5.778597702346162990e+00,8.200619250027105522e+01,1.095404932033664380e+01,5.058189252813268411e+01,1.914094150762753088e+01
2.028499465442296312e+00,-3.185942727442393707e+00,5.885350332971957243e+01,4.781164609609913896e+01,5.794573680672771232e+00,8.722326098804796857e+01,1.075893653343269918e+01,5.392838184590721795e+01,1.804738003958072667e+01
2.028499465442296312e+00,-2.933718078423159348e+00,6.264357256706223609e+01,5.019828698082983465e+01,5.791377486420038245e+00,9.235982807829276453e+01,1.074390634241258624e+01,5.880096160351171619e+01,1.784572657095820603e+01
2.028499465442296312e+00,-2.681493429403924544e+00,6.594718632854308282e+01,5.365877801062242725e+01,5.780864896515167217e+00,8.970276972245937941e+01,1.020752162114022177e+01,5.672713814645737784e+01,1.813382727983718112e+01
2.028499465442296312e+00,-2.429268780384690185e+00,6.778123395256004358e+01,5.797783257187438721e+01,5.785459184789775833e+00,8.538685308723808021e+01,1.032742723211900326e+01,5.052707992898449874e+01,1.820422291880921861e+01
2.028499465442296312e+00,-2.177044131365455826e+00,6.858130002882850818e+01,6.133386541938125447e+01,5.801423492318751762e+00,8.325793359380594438e+01,1.172609808711905721e+01,4.711390469819188809e+01,1.930944641201832823e+01
2.028499465442296312e+00,-1.924819482346221244e+00,6.833949446707612196e+01,6.216516916043588026e+01,5.807542152980605721e+00,8.486449043185160690e+01,1.123156286724653796e+01,4.824343377946896538e+01,1.834465234868100936e+01
2.028499465442296312e+00,-1.672594833326986663e+00,6.716715941039167603e+01,6.047804375009036448e+01,5.795977778667811720e+00,8.364161784245143849e+01,1.157429040914703045e+01,4.825669279226526243e+01,1.916960298338129931e+01
2.028499465442296312e+00,-1.420370184307752304e+00,6.496698632133606566e+01,5.754455791107102414e+01,5.783044399778979106e+00,7.237243819379477827e+01,9.847523249642760490e+00,4.657838715278624875e+01,1.938489913010756638e+01
2.028499465442296312e+00,-1.168145535288517944e+00,6.234753226112759705e+01,5.453582830249069957e+01,5.782635703220886825e+00,6.968162172783499386e+01,1.017142507638573612e+01,5.094432698906335588e+01,1.834592799301681509e+01
2.028499465442296312e+00,-9.159208862692833630e-01,5.948857119400513227e+01,5.159220909506075259e+01,5.786423422049135290e+00,6.614477526155121723e+01,1.015166635791291760e+01,4.793252153850894359e+01,1.786094395805553958e+01
2.028499465442296312e+00,-6.636962372500488927e-01,5.739145311484838885e+01,4.823258506389174727e+01,5.783423144390845039e+00,6.183978815320460853e+01,1.049464400092320737e+01,4.520280516386991820e+01,1.857569769474687860e+01
2.028499465442296312e+00,-4.114715882308144224e-01,5.591469168685499369e+01,4.452940249630046310e+01,5.780364694903939338e+00,6.227814053415269768e+01,8.696036396839984306e+00,4.271699516052190404e+01,1.625542534283519558e+01
2.028499465442296312e+00,-1.592469392115799520e-01,5.582434463790929158e+01,4.167347534832515521e+01,5.785722846814942422e+00,6.534024677324626396e+01,9.341821014222476904e+00,4.001138917223945413e+01,1.722785924946956371e+01
2.028499465442296312e+00,9.297770980765451831e-02,5.704381294170521244e+01,4.122520193811942590e+01,5.791143789795973440e+00,6.735241836621321454e+01,9.260746926943850710e+00,4.183794236430742330e+01,1.682071830796992629e+01
2.028499465442296312e+00,3.452023588268889887e-01,5.939381728885157941e+01,4.374703033266996499e+01,5.787659238329894151e+00,6.581583818180956769e+01,9.437898089136801616e+00,4.054949715785459574e+01,1.734698174438731755e+01
2.028499465442296312e+00,5.974270078461234590e-01,6.237764650172007919e+01,4.816806832557631424e+01,5.784704707502325682e+00,8.229051255312674584e+01,9.223186563715204400e+00,5.316047967976923871e+01,1.855549730868251146e+01
2.028499465442296312e+00,8.496516568653579293e-01,6.434160212658561306e+01,5.250261854715245136e+01,5.793817019895450393e+00,8.802788719038947818e+01,1.104238983730013679e+01,5.240134326048436009e+01,1.866119497344834244e+01
2.028499465442296312e+00,1.101876305884592400e+00,6.589887075591622079e+01,5.522744964302910375e+01,5.805316846352685189e+00,8.779706128674915533e+01,1.114578646495685277e+01,5.011815613423617322e+01,1.829204881055866139e+01
2.028499465442296312e+00,1.354100954903826981e+00,6.602344265474468443e+01,5.605945886968720515e+01,5.801522836697992958e+00,8.880494223080549432e+01,1.131670450458384636e+01,5.191560659719819171e+01,1.865881038243099255e+01
2.028499465442296312e+00,1.606325603923061340e+00,6.530966146332791311e+01,5.556286857797567791e+01,5.785772961752312149e+00,9.419599685372875797e+01,1.069747267556629566e+01,5.691378328401536635e+01,1.989572066710673326e+01
2.028499465442296312e+00,1.858550252942295700e+00,6.280750873976387538e+01,5.417564265812507074e+01,5.777672861144904637e+00,1.024708110092364279e+02,1.136425761913536547e+01,6.341124443782256748e+01,2.054746377995586215e+01
2.028499465442296312e+00,2.110774901961530503e+00,5.956795980502494103e+01,5.171008362142447368e+01,5.783298416664459651e+00,1.057019510198598056e+02,1.212333569918964926e+01,6.695725340485525123e+01,1.901615092456436784e+01
2.028499465442296312e+00,2.362999550980764862e+00,5.640953376652610984e+01,4.777929190521831515e+01,5.787077913619209646e+00,1.015042674364737110e+02,1.206134740205582823e+01,6.296697319184345787e+01,1.900460030743633055e+01
2.028499465442296312e+00,2.615224199999999222e+00,5.515629524862107758e+01,4.262692356694242335e+01,5.775370449743519430e+00,9.926397275130594267e+01,1.216186035515059771e+01,6.057659112312559557e+01,1.943992709785588247e+01
2.275199876961531142e+00,-3.438167376461628066e+00,5.660157192721889885e+01,4.678158977083512582e+01,5.774047306269877389e+00,8.743583243779984571e+01,1.083821420683939252e+01,5.440010024376154263e+01,1.898676259929237986e+01
2.275199876961531142e+00,-3.185942727442393707e+00,6.165209780176897425e+01,5.116431653423660464e+01,5.800058323160313556e+00,9.131991899470470742e+01,1.064917939955333459e+01,5.820143154611219671e+01,1.768645701239812951e+01
2.275199876961531142e+00,-2.933718078423159348e+00,6.670262367631907807e+01,5.468482036913155753e+01,5.800060014544236253e+00,9.589843197047071044e+01,1.053874156633629866e+01,6.272957522130706565e+01,1.760324075702114399e+01
2.275199876961531142e+00,-2.681493429403924544e+00,7.064486314337553097e+01,5.918543039848100307e+01,5.786760505112581221e+00,9.814143214590203002e+01,1.002881893462016549e+01,6.491029170848528906e+01,1.787117978309284538e+01
2.275199876961531142e+00,-2.429268780384690185e+00,7.306757350369005621e+01,6.442677676225048344e+01,5.788647436189592987e+00,1.052710797869416410e+02,1.014313083234196000e+01,7.083129182657010858e+01,1.786168655505364811e+01
2.275199876961531142e+00,-2.177044131365455826e+00,7.411883628795281709e+01,6.859926155629545974e+01,5.804259124676670822e+00,1.000635063310484156e+02,1.142327792138000930e+01,6.374607108802683086e+01,1.860699377556498391e+01
2.275199876961531142e+00,-1.924819482346221244e+00,7.381846797002880578e+01,6.996887888403580291e+01,5.811037585974481168e+00,9.355382061913707048e+01,1.100947160274579240e+01,5.807611576737386372e+01,1.811793966755456253e+01
2.275199876961531142e+00,-1.672594833326986663e+00,7.267642490752398032e+01,6.821323018021757889e+01,5.799890076216328794e+00,9.227629732830280318e+01,1.128199414712749338e+01,5.647821169872580072e+01,1.861200875046873193e+01
2.275199876961531142e+00,-1.420370184307752304e+00,7.005303294260795610e+01,6.443683767719994648e+01,5.787303430178625696e+00,8.375234557430954396e+01,9.705620952411319280e+00,5.631241696320743273e+01,1.915454615391575288e+01
2.275199876961531142e+00,-1.168145535288517944e+00,6.683537491218856985e+01,6.013524400668393355e+01,5.787364150262059859e+00,7.604963242746126184e+01,9.922540932841894090e+00,5.773293314057251990e+01,1.780963455271701434e+01
2.275199876961531142e+00,-9.159208862692833630e-01,6.331135523551834865e+01,5.624807683259859914e+01,5.791074421907379310e+00,7.251078754001268578e+01,1.001310147214465474e+01,5.442006011407727328e+01,1.772655917949971993e+01
2.275199876961531142e+00,-6.636962372500488927e-01,6.130747701771184666e+01,5.311049721713061444e+01,5.786926687847142148e+00,7.014362342885453927e+01,1.033444964569261160e+01,5.248267266288072364e+01,1.818265989921844650e+01
2.275199876961531142e+00,-4.114715882308144224e-01,6.082269011844054774e+01,5.103727035179872473e+01,5.782219404828911280e+00,6.902731169976871684e+01,8.748955447860469192e+00,4.744160554775729111e+01,1.624842270308252878e+01
2.275199876961531142e+00,-1.592469392115799520e-01,6.224004134164785285e+01,5.063301585831504781e+01,5.786622792054603615e+00,7.537634452955506958e+01,9.499548434324653456e+00,4.958841278000387121e+01,1.751635641711742508e+01
2.275199876961531142e+00,9.297770980765451831e-02,6.540906097820329990e+01,5.235244177843924263e+01,5.792260226565330683e+00,7.701728428177861474e+01,9.564827549688441621e+00,5.177364957110066257e+01,1.768157841433415811e+01
2.275199876961531142e+00,3.452023588268889887e-01,6.859500178787563129e+01,5.578937613368543680e+01,5.789405768111209660e+00,9.874112070089628901e+01,9.520723157376576040e+00,7.212240180698786673e+01,1.742346270203483982e+01
2.275199876961531142e+00,5.974270078461234590e-01,7.098695424366998452e+01,5.956911097566899116e+01,5.786783859230803628e+00,1.175548455859080264e+02,9.346466758352024229e+00,8.537761413019056533e+01,1.867582266970531890e+01
2.275199876961531142e+00,8.496516568653579293e-01,7.107986818936147699e+01,6.212187995689237141e+01,5.796223599786624270e+00,9.887103633252979762e+01,1.099235503552420745e+01,6.218317686579292314e+01,1.859893310252811105e+01
2.275199876961531142e+00,1.101876305884592400e+00,7.091356462454884024e+01,6.268318703239037859e+01,5.808182523525379892e+00,9.940582605906138269e+01,1.105157348923436267e+01,6.230330314005664860e+01,1.822876673612628196e+01
2.275199876961531142e+00,1.354100954903826981e+00,7.000010414941917247e+01,6.160288947326625930e+01,5.804321029585008951e+00,9.766598090454738212e+01,1.115956270713917853e+01,6.070342382162191086e+01,1.823764429615685856e+01
2.275199876961531142e+00,1.606325603923061340e+00,6.866700751546328263e+01,5.972241889083079514e+01,5.788073593083046475e+00,9.313314985986333738e+01,1.064066133148802429e+01,5.742530082415824921e+01,1.979976113767897772e+01
2.275199876961531142e+00,1.858550252942295700e+00,6.607724819322592680e+01,5.748384913524887452e+01,5.780301940626193513e+00,1.011823970253946925e+02,1.100308808716525277e+01,6.472644306203052622e+01,2.006791158014380727e+01
2.275199876961531142e+00,2.110774901961530503e+00,6.277993338033552106e+01,5.464813564437963578e+01,5.786959617883255191e+00,1.070192983079762712e+02,1.166210828436063984e+01,6.919966655508257247e+01,1.819428218994682567e+01
2.275199876961531142e+00,2.362999550980764862e+00,5.943380805379398168e+01,5.084638890237101805e+01,5.789354900920441693e+00,1.027623304944361564e+02,1.176515540861641185e+01,6.483052781017170219e+01,1.837239513588397344e+01
2.275199876961531142e+00,2.615224199999999222e+00,5.814337552898381034e+01,4.635757168105442361e+01,5.771472006692046186e+00,1.003179246493754420e+02,1.179903381912508387e+01,6.240810142971248808e+01,1.882182857520445296e+01
2.521900288480765528e+00,-3.438167376461628066e+00,4.951071664988563725e+01,3.967731551142696844e+01,5.775977069551575305e+00,1.033205662031348027e+02,1.117807621377779626e+01,6.859758467173978147e+01,1.956678809926043527e+01
2.521900288480765528e+00,-3.185942727442393707e+00,5.541869385414366889e+01,4.479154299704441655e+01,5.797091059358813858e+00,8.240864609593154455e+01,1.086584029485335101e+01,5.029787134220113387e+01,1.860929667397145337e+01
2.521900288480765528e+00,-2.933718078423159348e+00,6.132667105840170052e+01,4.982799177552806213e+01,5.805142218538273724e+00,8.935475922634159929e+01,1.088617877499292064e+01,5.652234493510528779e+01,1.855525117163136883e+01
2.521900288480765528e+00,-2.681493429403924544e+00,6.626481573835640404e+01,5.609090172755713866e+01,5.796728957120530268e+00,1.173789334982119499e+02,1.042063638062686692e+01,8.364760212163511710e+01,1.850061926837113191e+01
2.521900288480765528e+00,-2.429268780384690185e+00,6.998768415851301938e+01,6.291857279866871977e+01,5.794964631778225517e+00,1.375734790201912574e+02,1.048233514029091928e+01,1.020126046884920044e+02,1.850509020899428592e+01
2.521900288480765528e+00,-2.177044131365455826e+00,7.178990664750959638e+01,6.816779142573795980e+01,5.802137796252462287e+00,1.226754742947751993e+02,1.181139757008534374e+01,8.607522957438737876e+01,1.965877394670245693e+01
2.521900288480765528e+00,-1.924819482346221244e+00,7.174460727656393999e+01,6.979625563130184673e+01,5.805054815006835511e+00,9.117780965421749784e+01,1.135052948207399837e+01,5.589709128020234630e+01,1.889389384167176900e+01
2.521900288480765528e+00,-1.672594833326986663e+00,7.023081655770404552e+01,6.729169620144602959e+01,5.797414246292333040e+00,1.043633727011263090e+02,1.164229931676942975e+01,6.893707727354541248e+01,1.934989574503163823e+01
2.521900288480765528e+00,-1.420370184307752304e+00,6.685528522905686089e+01,6.193771771534193249e+01,5.788259658707946897e+00,1.308811135442663840e+02,1.009394865480171433e+01,9.668977446354855942e+01,1.993959909287405097e+01
2.521900288480765528e+00,-1.168145535288517944e+00,6.287535877699660603e+01,5.593838216498261318e+01,5.786128776446792799e+00,1.040379642429372922e+02,1.026037891159600512e+01,8.343061950179713904e+01,1.853366421350491322e+01
2.521900288480765528e+00,-9.159208862692833630e-01,5.887825845583041939e+01,5.126662475786542927e+01,5.786350433672552640e+00,6.766029786219000641e+01,1.024275742462574357e+01,5.112814483112694575e+01,1.826468470227219498e+01
2.521900288480765528e+00,-6.636962372500488927e-01,5.680750604396773440e+01,4.904865659920142207e+01,5.782487973669003800e+00,6.303791422118160881e+01,1.053323583569617838e+01,4.495546833624511862e+01,1.875112771969367031e+01
2.521900288480765528e+00,-4.114715882308144224e-01,5.750258564320243693e+01,4.957699847510593827e+01,5.778997584656078601e+00,6.311412366257725637e+01,9.630048168800248831e+00,4.370056759431000160e+01,1.841219217068724134e+01
2.521900288480765528e+00,-1.592469392115799520e-01,6.095453281867671080e+01,5.249512910934026877e+01,5.781688283273170192e+00,6.742918504299552751e+01,1.104596691277160048e+01,4.564134455320095185e+01,2.127642368563414266e+01
2.521900288480765528e+00,9.297770980765451831e-02,6.600032455703222922e+01,5.683075596060734824e+01,5.785727178767181123e+00,8.720909223072627015e+01,1.129783310671683871e+01,5.900968578936416975e+01,2.099032560811610537e+01
2.521900288480765528e+00,3.452023588268889887e-01,6.999534450114002482e+01,6.105941468859600718e+01,5.784998978733104202e+00,1.470310652829842013e+02,1.157834823083924647e+01,1.028218913581560798e+02,2.218105065791355202e+01
2.521900288480765528e+00,5.974270078461234590e-01,7.076751014885869040e+01,6.355319743765721796e+01,5.784998620608288178e+00,1.699654224394257653e+02,1.098450498372349315e+01,1.188494465270312759e+02,2.250712159839968152e+01
2.521900288480765528e+00,8.496516568653579293e-01,6.890767908462125035e+01,6.335842650792437780e+01,5.793673175561244726e+00,1.177425457146896406e+02,1.133661349376491323e+01,7.864833966837774426e+01,1.926001256629120206e+01
2.521900288480765528e+00,1.101876305884592400e+00,6.665554413102427134e+01,6.073304863394878339e+01,5.804681237318968456e+00,9.030566700708237704e+01,1.128924440922857997e+01,5.450390225086743357e+01,1.907394172130370791e+01
2.521900288480765528e+00,1.354100954903826981e+00,6.528990599226550273e+01,5.690917225586963468e+01,5.804445306995146048e+00,1.023733628850656601e+02,1.152919581093504142e+01,6.490955830142110017e+01,1.941916896629307132e+01
2.521900288480765528e+00,1.606325603923061340e+00,6.349274649763056289e+01,5.318904376906994003e+01,5.794152627651686593e+00,1.163727258513854395e+02,1.093634066806277616e+01,7.898376509259776412e+01,2.031070529587470475e+01
2.521900288480765528e+00,1.858550252942295700e+00,6.052989467938793666e+01,5.010849831798168452e+01,5.788573002568591974e+00,1.071272853834634589e+02,1.136574219602423597e+01,6.881788393369525636e+01,2.050822526493323039e+01
2.521900288480765528e+00,2.110774901961530503e+00,5.688202500123234984e+01,4.736079957620040659e+01,5.791944501551584246e+00,9.959801452155514312e+01,1.212817942605610710e+01,6.118144772299628187e+01,1.924365899138695113e+01
2.521900288480765528e+00,2.362999550980764862e+00,5.344900472140498948e+01,4.448080748648726512e+01,5.788394028726403739e+00,9.393669136658286334e+01,1.193481833465714814e+01,5.585869247883440636e+01,1.898514778694532978e+01
2.521900288480765528e+00,2.615224199999999222e+00,5.194699518789194315e+01,4.160756162538154967e+01,5.768523046343334570e+00,9.761593784392005091e+01,1.202744180550726405e+01,6.004820313778056118e+01,1.923425182025851043e+01
2.768600699999999915e+00,-3.438167376461628066e+00,3.572060080596969556e+01,2.332655181487825757e+01,5.801968187288039758e+00,1.382698152441244872e+02,1.141209071999517377e+01,9.355566778123105109e+01,2.025710145161951559e+01
2.768600699999999915e+00,-3.185942727442393707e+00,4.202358642983752191e+01,2.872658870827763167e+01,5.783650891570484731e+00,7.981923062052288742e+01,1.084034755849970644e+01,4.846200993847190119e+01,1.848306986306181443e+01
2.768600699999999915e+00,-2.933718078423159348e+00,4.832657205370534825e+01,3.533665784548384181e+01,5.808357586076771106e+00,8.758416127981888621e+01,1.090786528429923052e+01,5.475890243038631411e+01,1.852140268775429632e+01
2.768600699999999915e+00,-2.681493429403924544e+00,5.429930599873068786e+01,4.370150480138636340e+01,5.826214954072250762e+00,1.406776123978242481e+02,1.074509751523923029e+01,1.001413115184117544e+02,1.946751283879684635e+01
2.768600699999999915e+00,-2.429268780384690185e+00,5.915197127107185793e+01,5.241995341507890771e+01,5.832105613612993622e+00,1.507863134309443467e+02,1.161546721067839805e+01,1.060998281530456495e+02,2.159712972074064652e+01
2.768600699999999915e+00,-2.177044131365455826e+00,6.185586729708943210e+01,5.876032721874162235e+01,5.829092629966929451e+00,1.228830804330098658e+02,1.224592769961985361e+01,8.583791746862213756e+01,2.100907049806921378e+01
2.768600699999999915e+00,-1.924819482346221244e+00,6.198192056941324779e+01,6.031487876184655761e+01,5.824460006886527985e+00,9.048113184417755406e+01,1.205546124447344880e+01,5.660674799846270133e+01,2.073868498112839376e+01
2.768600699999999915e+00,-1.672594833326986663e+00,6.028501527999708287e+01,5.654817665347650291e+01,5.819940637720065091e+00,1.306699559843780207e+02,1.221328852103028062e+01,8.628900704489568341e+01,2.122366474928016444e+01
2.768600699999999915e+00,-1.420370184307752304e+00,5.643644316868436306e+01,4.920754091733761015e+01,5.810048861089219585e+00,1.853493903077431924e+02,1.275219798591248477e+01,1.265972205646303053e+02,2.539191108922878470e+01
2.768600699999999915e+00,-1.168145535288517944e+00,5.189197292782056081e+01,4.143282627945063723e+01,5.794309884845397995e+00,1.412584111352710465e+02,1.234907619419458236e+01,1.028371426065807128e+02,2.289808721367043631e+01
2.768600699999999915e+00,-9.159208862692833630e-01,4.771969164080648795e+01,3.626419402115789126e+01,5.782527456127493970e+00,7.120657897492282018e+01,1.199936197702117191e+01,5.257474364594116878e+01,2.180541123412293558e+01
2.768600699999999915e+00,-6.636962372500488927e-01,4.604380947241745048e+01,3.544333926758918096e+01,5.783579806685492208e+00,5.549334897037626035e+01,1.213752771753869375e+01,3.914368628253635762e+01,2.197437319118388288e+01
2.768600699999999915e+00,-4.114715882308144224e-01,4.729169935441008477e+01,3.895925501860438089e+01,5.795136451487183926e+00,5.707782453335856587e+01,1.410207136706927855e+01,4.179259177481651477e+01,2.575098111836088322e+01
2.768600699999999915e+00,-1.592469392115799520e-01,5.129510159420733828e+01,4.525764170462571201e+01,5.808179146919256297e+00,6.321487899966570012e+01,1.933517448071959421e+01,4.612285502768259704e+01,3.290505669767863850e+01
2.768600699999999915e+00,9.297770980765451831e-02,5.661198659178919002e+01,5.185440864111387782e+01,5.816287303915304463e+00,9.102558261232839243e+01,2.111869717805724989e+01,5.879937405887761770e+01,3.432833525797516927e+01
2.768600699999999915e+00,3.452023588268889887e-01,5.916444609315171022e+01,5.619120833033957751e+01,5.817214160167179848e+00,1.536624140689976912e+02,2.050250702417434567e+01,9.100183836398053927e+01,3.441489703665831001e+01
2.768600699999999915e+00,5.974270078461234590e-01,5.843318720305967418e+01,5.658383373041033337e+01,5.811617122887906106e+00,1.895659649331322498e+02,1.615294034109680510e+01,1.165559075021439810e+02,3.001931207692106440e+01
2.768600699999999915e+00,8.496516568653579293e-01,5.654075245763394264e+01,5.292433339175477158e+01,5.804544464071472731e+00,1.417879607933467128e+02,1.198027582850167860e+01,9.388287918675221988e+01,2.094665803345255028e+01
2.768600699999999915e+00,1.101876305884592400e+00,5.474462773341792854e+01,4.669507538827747339e+01,5.802162096050486717e+00,8.428676930772144260e+01,1.185296375726934670e+01,4.967189068311772360e+01,2.022106431691259587e+01
2.768600699999999915e+00,1.354100954903826981e+00,5.339954008007566699e+01,4.015294104209533543e+01,5.804069125849136590e+00,1.105511170551308169e+02,1.190472172458575884e+01,7.091186167705498633e+01,2.027707352661207807e+01
2.768600699999999915e+00,1.606325603923061340e+00,5.151942930930974285e+01,3.512573993258592964e+01,5.804483507796140529e+00,1.479255466220390929e+02,1.202530468980245892e+01,9.980994127008823114e+01,2.296904101664135212e+01
2.768600699999999915e+00,1.858550252942295700e+00,4.849324113234736444e+01,3.221265146212317632e+01,5.800231759858822222e+00,1.117250330056820928e+02,1.179330283802106472e+01,6.752634237521736793e+01,2.138805586927706415e+01
2.768600699999999915e+00,2.110774901961530503e+00,4.468101736248044631e+01,3.090483950220277620e+01,5.791533007027164892e+00,8.254592262636964506e+01,1.202223501687583784e+01,4.561711088894162458e+01,1.900683981869925177e+01
2.768600699999999915e+00,2.362999550980764862e+00,4.101243826536385484e+01,3.042294739583849150e+01,5.777712165616420315e+00,8.501817325411019510e+01,1.185599238477841588e+01,4.781351159989620925e+01,1.889473174105518893e+01
2.768600699999999915e+00,2.615224199999999222e+00,3.903496528657642273e+01,3.052425808279917874e+01,5.776362650613208416e+00,1.167872720078394764e+02,1.190418847641231004e+01,7.624583323496224807e+01,1.898885971473058731e+01
