x,y,reference,fixed_mean,fixed_std,map_mean,map_std,hmc_mean,hmc_std
-3.152209176461626683e+00,-3.469684776461626541e+00,1.354922521087631893e+01,2.951382705994183198e+01,5.338726230359947422e+00,1.385825958785812873e+01,4.709788539641867722e+00,7.188874884630500617e+00,7.716601204979937734e+00
-3.152209176461626683e+00,-3.193298003423157727e+00,2.026766664915473015e+01,3.741816836979342042e+01,5.355420382469350926e+00,1.441872728550123384e+01,4.370940903493989005e+00,7.456145414055054488e+00,7.067374393692894330e+00
-3.152209176461626683e+00,-2.916911230384688469e+00,2.698610808743315204e+01,4.292005387261815486e+01,5.362955105886307194e+00,1.982083269630726363e+01,4.487197023588484157e+00,1.292147265826741176e+01,6.741753360278056384e+00
-3.152209176461626683e+00,-2.640524457346219656e+00,3.365310151933848459e+01,4.911999267821011017e+01,5.361588861460049316e+00,3.140577565224444356e+01,4.315778686581910328e+00,2.217391055531211563e+01,6.099817690534890424e+00
-3.152209176461626683e+00,-2.364137684307750398e+00,3.967748110158314034e+01,5.591909252296500199e+01,5.359377436823460350e+00,4.523070167962725918e+01,4.194826428014953201e+00,3.210793006016809414e+01,5.915776097399366051e+00
-3.152209176461626683e+00,-2.087750911269281584e+00,4.261222989130078531e+01,6.053981569850111555e+01,5.357981240714869919e+00,5.381940264807269614e+01,4.247323235232697058e+00,3.865501902850408555e+01,6.240726681618531835e+00
-3.152209176461626683e+00,-1.811364138230812770e+00,4.259703789756655112e+01,6.044326028704381315e+01,5.356582278829001176e+00,5.333384630224509237e+01,4.235579019174751103e+00,3.940912691399329049e+01,6.046304186262794644e+00
-3.152209176461626683e+00,-1.534977365192343735e+00,3.973036815599667193e+01,5.581433249415567843e+01,5.355538609573561537e+00,4.723039292502107855e+01,4.130748253947392534e+00,3.633547390742494088e+01,5.543006371917377884e+00
-3.152209176461626683e+00,-1.258590592153874699e+00,3.521601279990309763e+01,4.951669026684612618e+01,5.355690619324130708e+00,4.178079409483120799e+01,4.138017026465739434e+00,3.350079450692546601e+01,5.536917133993390472e+00
-3.152209176461626683e+00,-9.822038191154056630e-01,3.031926168519055054e+01,4.489807268524600659e+01,5.356391804940098034e+00,3.991255849826654867e+01,4.219293196709778648e+00,3.244115105879436101e+01,5.896036613402875659e+00
-3.152209176461626683e+00,-7.058170460769367383e-01,2.819588205922309854e+01,4.353205285330841434e+01,5.356343988634961306e+00,4.049721740105405843e+01,4.181791314189939435e+00,3.288199814698904788e+01,5.736339582788378522e+00
-3.152209176461626683e+00,-4.294302730384677580e-01,2.954375831215489612e+01,4.462154332984937355e+01,5.355684499162739698e+00,4.147593442070058245e+01,4.102330101485146763e+00,3.431095859093899492e+01,5.696347401959522827e+00
-3.152209176461626683e+00,-1.530434999999996659e-01,3.251322908269564493e+01,4.616960525581453112e+01,5.355358949155028192e+00,4.172879007894479741e+01,4.140949955767713853e+00,3.547701182530357755e+01,5.961620623074957770e+00
-3.152209176461626683e+00,1.233432730384693143e-01,3.456948141582279277e+01,4.670362319046762423e+01,5.355383137564251328e+00,4.095715972384221004e+01,4.203035729643135987e+00,3.540362277861167684e+01,6.088298124572016690e+00
-3.152209176461626683e+00,3.997300460769382946e-01,3.502220591140910244e+01,4.616945284784014802e+01,5.355491666130983930e+00,3.957232835278750827e+01,4.148603321787811993e+00,3.447775666269622263e+01,5.654593857160917558e+00
-3.152209176461626683e+00,6.761168191154072193e-01,3.463579243603027180e+01,4.546938335635786643e+01,5.355879446622591189e+00,3.858811387101900436e+01,4.110323261934412109e+00,3.359785093621668750e+01,5.685307462025900094e+00
-3.152209176461626683e+00,9.525035921538762551e-01,3.266866829370768954e+01,4.527833800554071786e+01,5.356436195044626203e+00,3.843020379878714721e+01,4.197219079718347068e+00,3.236264434696330738e+01,6.026248593478991111e+00
-3.152209176461626683e+00,1.228890365192345291e+00,3.228590313027838477e+01,4.531305779596732464e+01,5.356657066924853439e+00,3.781328723860974605e+01,4.251115554956608200e+00,3.041555316595119862e+01,6.288455472066329044e+00
-3.152209176461626683e+00,1.505277138230814327e+00,3.188566253613612744e+01,4.465841371411079308e+01,5.356677749527741561e+00,3.482833186826326255e+01,4.171146383109713085e+00,2.774391158777076782e+01,6.084715311707650010e+00
-3.152209176461626683e+00,1.781663911269283140e+00,2.930908483285712762e+01,4.263206351287226425e+01,5.357374587234070340e+00,2.929761112884386876e+01,4.166052013106251728e+00,2.405896389101003408e+01,6.284905637581897686e+00
-3.152209176461626683e+00,2.058050684307752398e+00,2.539932441283341191e+01,3.920298069799900986e+01,5.358390483052033915e+00,2.331124552035220177e+01,4.302053700024747407e+00,1.971628307421570270e+01,6.871274692486072588e+00
-3.152209176461626683e+00,2.334437457346221212e+00,2.127510501021362543e+01,3.466265063372702571e+01,5.355860604737375574e+00,1.984504675382271444e+01,4.307556211515895406e+00,1.573369501834447348e+01,7.147426995397032634e+00
-3.152209176461626683e+00,2.610824230384690026e+00,1.870406158639491068e+01,2.919318668997584609e+01,5.348994557401283600e+00,2.183593036889976702e+01,4.308667082791988179e+00,1.398283993934701464e+01,7.111650947224310571e+00
-3.152209176461626683e+00,2.887211003423159283e+00,1.839001958206891629e+01,2.300756095095130149e+01,5.358085041553755978e+00,3.132164654178836827e+01,5.207897957395900335e+00,1.587386307288289622e+01,8.006943221251061615e+00
-3.152209176461626683e+00,3.163597776461628097e+00,2.127069168775407704e+01,1.687716583931614878e+01,5.451182623141694883e+00,4.699804747838572894e+01,7.090157614352832205e+00,2.006700224115717290e+01,9.141721337475674503e+00
-2.882200815923157577e+00,-3.469684776461626541e+00,4.224273919411391631e+00,2.278949387612374267e+01,5.354449854871929482e+00,6.927382999839778677e+00,4.688955929777051779e+00,2.667216303552066847e+00,7.427041421792607068e+00
-2.882200815923157577e+00,-3.193298003423157727e+00,1.058211298308448711e+01,2.883754402178601595e+01,5.365302826980991924e+00,6.371918810375063913e+00,4.483877229368350648e+00,1.016652081509437977e+00,6.760053963471901461e+00
-2.882200815923157577e+00,-2.916911230384688469e+00,1.693995204675759680e+01,3.359180853541329270e+01,5.362650108466056942e+00,1.048184979551245988e+01,4.413073628896311718e+00,5.347500714361366647e+00,6.336984282467826191e+00
-2.882200815923157577e+00,-2.640524457346219656e+00,2.331938940730246657e+01,3.998486994909399073e+01,5.358675197165758242e+00,2.112500688552029260e+01,4.180691359658657014e+00,1.440029297107476935e+01,5.574727572201871872e+00
-2.882200815923157577e+00,-2.364137684307750398e+00,2.874047320569622954e+01,4.713245568509955774e+01,5.358333908984217686e+00,3.506374034751661384e+01,4.130002652014556297e+00,2.481147663979203699e+01,5.485747512981350660e+00
-2.882200815923157577e+00,-2.087750911269281584e+00,3.178517990925358916e+01,5.171305123576530605e+01,5.359185917444607483e+00,4.475279564074435257e+01,4.222234244100735445e+00,3.203175343702160660e+01,5.824806348366077025e+00
-2.882200815923157577e+00,-1.811364138230812770e+00,3.201893201790345955e+01,5.137677464996158960e+01,5.358601883516417530e+00,4.563796389872709369e+01,4.199253602496552773e+00,3.357494695016214337e+01,5.514623315250616997e+00
-2.882200815923157577e+00,-1.534977365192343735e+00,2.978423051368291041e+01,4.688099732060072711e+01,5.357442663381234205e+00,4.061841177553310445e+01,4.086011629598318429e+00,3.125307497209317376e+01,5.005358425386566168e+00
-2.882200815923157577e+00,-1.258590592153874699e+00,2.561646274386566446e+01,4.129531129794486333e+01,5.357601651303822266e+00,3.561362398281244168e+01,4.103606691576002774e+00,2.835394575738083844e+01,5.137517388741180469e+00
-2.882200815923157577e+00,-9.822038191154056630e-01,2.152037721821657712e+01,3.748843059549108148e+01,5.358310776545115672e+00,3.301853808635200949e+01,4.192599984422082926e+00,2.608282135277090319e+01,5.643362962680686046e+00
-2.882200815923157577e+00,-7.058170460769367383e-01,1.983845432091869299e+01,3.628668911321437918e+01,5.357826878895171063e+00,3.154286825491271884e+01,4.146671782852856758e+00,2.466367427974288518e+01,5.339059294589530325e+00
-2.882200815923157577e+00,-4.294302730384677580e-01,2.049095433069855332e+01,3.655289813560375478e+01,5.356789485520601524e+00,3.023503529682727731e+01,4.056324073701976118e+00,2.449670377725820813e+01,5.014085281741092359e+00
-2.882200815923157577e+00,-1.530434999999996659e-01,2.156328912299394673e+01,3.664292372660929686e+01,5.356770404517560813e+00,2.964843827307737456e+01,4.100600101169827205e+00,2.520187252980558412e+01,5.267948884753857364e+00
-2.882200815923157577e+00,1.233432730384693143e-01,2.137732107652970370e+01,3.586022710980250849e+01,5.357157353551782464e+00,2.980099210547757593e+01,4.174561852854272281e+00,2.601135888146553654e+01,5.729898090685812129e+00
-2.882200815923157577e+00,3.997300460769382946e-01,2.086742482680668687e+01,3.484258895061429939e+01,5.356897768752183708e+00,2.973902808601997094e+01,4.113549762039986568e+00,2.626657142435491110e+01,5.421909399850600053e+00
-2.882200815923157577e+00,6.761168191154072193e-01,2.090424355795747502e+01,3.471786365773732541e+01,5.356923411877132502e+00,2.937550856176790148e+01,4.065902910919525048e+00,2.580203639170188268e+01,5.230489702985355649e+00
-2.882200815923157577e+00,9.525035921538762551e-01,2.085705265372713058e+01,3.581799755625252146e+01,5.357884724294956769e+00,2.956776448640209765e+01,4.161433311709180849e+00,2.469997155265859590e+01,5.500124202216779778e+00
-2.882200815923157577e+00,1.228890365192345291e+00,2.192726906456983826e+01,3.714631989595363848e+01,5.358432438523761832e+00,2.986088366793910609e+01,4.224462894155176507e+00,2.355309640815134742e+01,6.001301551088596753e+00
-2.882200815923157577e+00,1.505277138230814327e+00,2.205699088331763846e+01,3.714896935346041573e+01,5.357943778723912587e+00,2.820813325335785748e+01,4.135332857520099381e+00,2.185034522039207161e+01,6.201448027322414625e+00
-2.882200815923157577e+00,1.781663911269283140e+00,1.973750632523564974e+01,3.505325451006501680e+01,5.357764405026006926e+00,2.356728761678562023e+01,4.110331799084920412e+00,1.810846706194325506e+01,6.340075766100193633e+00
-2.882200815923157577e+00,2.058050684307752398e+00,1.614301358861927582e+01,3.143166632280190242e+01,5.358845171442377264e+00,1.710861164653869082e+01,4.243934081782504641e+00,1.296425538982958159e+01,6.635624171486239398e+00
-2.882200815923157577e+00,2.334437457346221212e+00,1.221921859040801728e+01,2.749664355508866720e+01,5.359924050544498719e+00,1.113982340143343208e+01,4.314250627216616785e+00,8.350363311864697380e+00,6.890465620125293178e+00
-2.882200815923157577e+00,2.610824230384690026e+00,9.668175171658592859e+00,2.400529770042339806e+01,5.358171856377034636e+00,9.066533213141042324e+00,4.208843523726521596e+00,6.338758528621745825e+00,6.783210227669931314e+00
-2.882200815923157577e+00,2.887211003423159283e+00,9.251668234138909597e+00,2.096311727972351946e+01,5.350340299600029326e+00,1.528487574699681772e+01,4.278257634558958244e+00,8.820431033980582924e+00,7.421093814681639422e+00
-2.882200815923157577e+00,3.163597776461628097e+00,1.195386338094686174e+01,1.827281984261571779e+01,5.345371473888119063e+00,3.127145948065265202e+01,5.101257683832532308e+00,1.485157326936735522e+01,8.725708091663852528e+00
-2.612192455384688916e+00,-3.469684776461626541e+00,1.322973523158282205e+00,1.932537776462413603e+01,5.358901690397094519e+00,9.082732582780636221e+00,4.709198645959221885e+00,2.557064613026156508e+00,7.509065039737533809e+00
-2.612192455384688916e+00,-3.193298003423157727e+00,6.877093582704778996e+00,2.429012923550908454e+01,5.360176387489866912e+00,7.810928683638621806e+00,4.287599461046375460e+00,0.000000000000000000e+00,6.315433859043239728e+00
-2.612192455384688916e+00,-2.916911230384688469e+00,1.243121364225128289e+01,2.835243998598889448e+01,5.355899231309969366e+00,9.258592525704330001e+00,4.157842285420878525e+00,2.536816823629852280e+00,5.581827510791201874e+00
-2.612192455384688916e+00,-2.640524457346219656e+00,1.821400069714858461e+01,3.432951645489447401e+01,5.354539876206819038e+00,1.615637156995302348e+01,4.137010015444463562e+00,9.455382917726614878e+00,5.315892380165371911e+00
-2.612192455384688916e+00,-2.364137684307750398e+00,2.316948597502578266e+01,4.108958196970343124e+01,5.355196803804449956e+00,2.742601796086967170e+01,4.132733374546828209e+00,1.888507303534644777e+01,5.219835863186003344e+00
-2.612192455384688916e+00,-2.087750911269281584e+00,2.592226278384062610e+01,4.540424831068139611e+01,5.355298930213808539e+00,3.687443130593783280e+01,4.070384209174690682e+00,2.656362248580131791e+01,5.112948716346381595e+00
-2.612192455384688916e+00,-1.811364138230812770e+00,2.638299476118762144e+01,4.532619823456116137e+01,5.355019877791248994e+00,3.932076460591338218e+01,4.056871948965470764e+00,2.914069358385800612e+01,4.937048530772782051e+00
-2.612192455384688916e+00,-1.534977365192343735e+00,2.437121600544115196e+01,4.177678212443424854e+01,5.355059544728973719e+00,3.600828891531045883e+01,4.094382480802729596e+00,2.742951160694110513e+01,4.988913468017440067e+00
-2.612192455384688916e+00,-1.258590592153874699e+00,2.092280477520496262e+01,3.733826598385348916e+01,5.355115639211125433e+00,3.163964007867616601e+01,4.080465320320596945e+00,2.383086121844534588e+01,4.962539640482996006e+00
-2.612192455384688916e+00,-9.822038191154056630e-01,1.754739039603003903e+01,3.402248960462748073e+01,5.354883505096768026e+00,2.830404123660355253e+01,4.031443665647750585e+00,2.022339809969534485e+01,4.939408321142161107e+00
-2.612192455384688916e+00,-7.058170460769367383e-01,1.596931392100628244e+01,3.217843850584904430e+01,5.354690143293444393e+00,2.514722225063201222e+01,4.038875236388218326e+00,1.764881595699891648e+01,4.946246773206694591e+00
-2.612192455384688916e+00,-4.294302730384677580e-01,1.556247927458085734e+01,3.101247738747770200e+01,5.354604841770175483e+00,2.224992032601835490e+01,4.073378488233578842e+00,1.613731096997013026e+01,4.958614338209139660e+00
-2.612192455384688916e+00,-1.530434999999996659e-01,1.478039232809569725e+01,2.974224650981341256e+01,5.354465466444640498e+00,2.131440966903505796e+01,4.047823268782115846e+00,1.591090777917264099e+01,4.740777211138707870e+00
-2.612192455384688916e+00,1.233432730384693143e-01,1.363329480508365066e+01,2.835918664755445207e+01,5.354363479496092815e+00,2.262972345291541387e+01,4.021110602536814405e+00,1.744523753648353903e+01,4.874103423553000525e+00
-2.612192455384688916e+00,3.997300460769382946e-01,1.328373758209207978e+01,2.760441099321906222e+01,5.354455532541220641e+00,2.424896995202317385e+01,4.055067283483827723e+00,1.939972558774370981e+01,5.356990699161117142e+00
-2.612192455384688916e+00,6.761168191154072193e-01,1.400835628299868141e+01,2.824343490207684226e+01,5.354635369629532349e+00,2.482871554068151454e+01,4.091406037478011015e+00,1.993889584857873842e+01,5.619167199739582230e+00
-2.612192455384688916e+00,9.525035921538762551e-01,1.537072712510470396e+01,3.013476654583428171e+01,5.354745360607907401e+00,2.489448193345390337e+01,4.059962110450496375e+00,1.902846663767065039e+01,5.215145910349963110e+00
-2.612192455384688916e+00,1.228890365192345291e+00,1.683121349170760084e+01,3.193539737158062053e+01,5.354999793677546194e+00,2.460839728710413965e+01,4.047619575185360752e+00,1.812967896846765115e+01,5.385175308736523725e+00
-2.612192455384688916e+00,1.505277138230814327e+00,1.713522118103857395e+01,3.195342144733876921e+01,5.355638579382279829e+00,2.280840798814767822e+01,4.098115619278235755e+00,1.681658094521956315e+01,5.916380061888422581e+00
-2.612192455384688916e+00,1.781663911269283140e+00,1.504196480799683400e+01,2.953896864849230042e+01,5.355932752220174287e+00,1.892382907790852187e+01,4.125658165865803362e+00,1.335006084128910331e+01,5.942698419629266482e+00
-2.612192455384688916e+00,2.058050684307752398e+00,1.179430619597415486e+01,2.566625728575309040e+01,5.355350522538159908e+00,1.341216504408083665e+01,4.092762192469433735e+00,8.637208694924286334e+00,5.836687425640953109e+00
-2.612192455384688916e+00,2.334437457346221212e+00,8.036171484109841501e+00,2.207846253195020836e+01,5.355620702972230696e+00,6.714111456496198116e+00,4.141805516346923177e+00,4.211616207479327301e+00,6.226363510446234706e+00
-2.612192455384688916e+00,2.610824230384690026e+00,5.574156551586257002e+00,1.987144899422855815e+01,5.358243898780370884e+00,1.168658969038460782e+00,4.267954950234430278e+00,1.378622707905815759e+00,6.360090928077592132e+00
-2.612192455384688916e+00,2.887211003423159283e+00,5.376944926437011496e+00,1.893002127425643266e+01,5.356777263354380203e+00,2.890390098129614671e+00,4.277213308981524520e+00,3.033702384776329808e+00,6.567442579232595889e+00
-2.612192455384688916e+00,3.163597776461628097e+00,7.791986677122469729e+00,1.860035697006605915e+01,5.339121244150579315e+00,1.674544997092527865e+01,4.472103831923749162e+00,9.785500741260811708e+00,7.641209476569984282e+00
-2.342184094846219811e+00,-3.469684776461626541e+00,1.220478316905146965e+00,1.832559581590612652e+01,5.355776796423065811e+00,1.266967667328913194e+01,4.572595932025107501e+00,5.070252010000015019e+00,7.429868821879710872e+00
-2.342184094846219811e+00,-3.193298003423157727e+00,6.591406764778865224e+00,2.330310712751088431e+01,5.356944927167427650e+00,1.167328676641523089e+01,4.151313363399239620e+00,3.283456235850255922e+00,6.401901769415712096e+00
-2.342184094846219811e+00,-2.916911230384688469e+00,1.196233521265259370e+01,2.711814576960750856e+01,5.354770423172015015e+00,1.194484132900799978e+01,4.095419062756803896e+00,4.983200214961836849e+00,5.495989147543130393e+00
-2.342184094846219811e+00,-2.640524457346219656e+00,1.712335258433336449e+01,3.240008281597692985e+01,5.354791172034255808e+00,1.603363534922527833e+01,4.115426442027483311e+00,9.422370499926946863e+00,5.148164134545798909e+00
-2.342184094846219811e+00,-2.364137684307750398e+00,2.177319415686788417e+01,3.819891723811451811e+01,5.355445433826283796e+00,2.442644465168456236e+01,4.105246663143085506e+00,1.683656229180291319e+01,5.073843450684617729e+00
-2.342184094846219811e+00,-2.087750911269281584e+00,2.420642012967068624e+01,4.191434301883691660e+01,5.355026831607885285e+00,3.268515935004097628e+01,4.035099348953930409e+00,2.408770719872072874e+01,4.884030426229767130e+00
-2.342184094846219811e+00,-1.811364138230812770e+00,2.464944378811896897e+01,4.217639747084467672e+01,5.354593717712283762e+00,3.578163464544240924e+01,4.025661662906856009e+00,2.697335106315281195e+01,4.964911254515081751e+00
-2.342184094846219811e+00,-1.534977365192343735e+00,2.292667403001781423e+01,3.978335242664616089e+01,5.354867453627690566e+00,3.360778280563499720e+01,4.068784018732622521e+00,2.525076833115965513e+01,5.078713513752941999e+00
-2.342184094846219811e+00,-1.258590592153874699e+00,1.996363302462712142e+01,3.642603376883198507e+01,5.355096193652871150e+00,2.955566658976067629e+01,4.053434449038903153e+00,2.057497845706947714e+01,4.830962329143515532e+00
-2.342184094846219811e+00,-9.822038191154056630e-01,1.690805538675907371e+01,3.317865846739732660e+01,5.354852014584344566e+00,2.554929840575732669e+01,4.000904593237768481e+00,1.567716625473521752e+01,4.604619365562019340e+00
-2.342184094846219811e+00,-7.058170460769367383e-01,1.495114914154166819e+01,3.026253761215775739e+01,5.354731031937825847e+00,2.144136740364592697e+01,4.011714700233697251e+00,1.275275277935203100e+01,4.810884303380781546e+00
-2.342184094846219811e+00,-4.294302730384677580e-01,1.339908377922404803e+01,2.769004790024337126e+01,5.354857440435024429e+00,1.795140013807508694e+01,4.053000106316798856e+00,1.123378494238172465e+01,5.069789994269029876e+00
-2.342184094846219811e+00,-1.530434999999996659e-01,1.158405850214895239e+01,2.568190709131158656e+01,5.354818683910975707e+00,1.693254677305401401e+01,4.027343675073541185e+00,1.087171346136621430e+01,4.660559656699788889e+00
-2.342184094846219811e+00,1.233432730384693143e-01,1.031357634336441009e+01,2.458260404726388515e+01,5.354672589737321076e+00,1.858795414339556373e+01,3.994544493013802988e+00,1.254009334869189907e+01,4.647899609795659082e+00
-2.342184094846219811e+00,3.997300460769382946e-01,1.039923630812627486e+01,2.467794767556915758e+01,5.354688552940384483e+00,2.083819691319240519e+01,4.028335972887970406e+00,1.521848525826244902e+01,5.322983815595120127e+00
-2.342184094846219811e+00,6.761168191154072193e-01,1.178498776690054584e+01,2.602726127115056443e+01,5.354627440107405434e+00,2.204916086397992103e+01,4.066794152614791713e+00,1.669447770750930715e+01,6.056386609084490225e+00
-2.342184094846219811e+00,9.525035921538762551e-01,1.377027054175526288e+01,2.814765996394817194e+01,5.354309114379774748e+00,2.234138307783098298e+01,4.029671437662528000e+00,1.626004835415906413e+01,5.588404333650481171e+00
-2.342184094846219811e+00,1.228890365192345291e+00,1.545550460609630683e+01,2.983437620364566101e+01,5.354381169800349838e+00,2.179909444814740027e+01,4.011797938999623447e+00,1.532973682285866346e+01,5.358819932490946236e+00
-2.342184094846219811e+00,1.505277138230814327e+00,1.577443961884733170e+01,2.969349045338458382e+01,5.355424212903352021e+00,1.992077564655892274e+01,4.068170740287354370e+00,1.414161713566733880e+01,5.478819204469590254e+00
-2.342184094846219811e+00,1.781663911269283140e+00,1.408315325271790641e+01,2.723527323129746947e+01,5.356388959829619267e+00,1.709344829941278476e+01,4.104981044793233558e+00,1.188167372554370615e+01,5.602928843687624116e+00
-2.342184094846219811e+00,2.058050684307752398e+00,1.101579580650419388e+01,2.345479407093080226e+01,5.355837743174187260e+00,1.367412658591013042e+01,4.061916377476523898e+00,9.100072749322475119e+00,6.049950148608405520e+00
-2.342184094846219811e+00,2.334437457346221212e+00,7.564716805373318920e+00,2.013752429597298033e+01,5.355053171579578830e+00,8.341353192224232771e+00,4.077759282686984399e+00,5.436950324573025739e+00,6.603145626866081308e+00
-2.342184094846219811e+00,2.610824230384690026e+00,5.310303252189362055e+00,1.849306672029342735e+01,5.357033808123166096e+00,1.623530427727018832e+00,4.212204258315603411e+00,1.606086288129464634e+00,6.151179869690359681e+00
-2.342184094846219811e+00,2.887211003423159283e+00,5.133549397309213447e+00,1.846184949319649604e+01,5.358368171159189508e+00,0.000000000000000000e+00,4.290720255000275429e+00,1.922820527489886189e+00,6.216729800700565356e+00
-2.342184094846219811e+00,3.163597776461628097e+00,7.767889948527741950e+00,1.924653905981176649e+01,5.347843746391395037e+00,1.074326262620058969e+01,4.501461701812044858e+00,8.162054187758574386e+00,7.290236380669379734e+00
-2.072175734307751149e+00,-3.469684776461626541e+00,3.606053965833531549e+00,1.903576080142374849e+01,5.353149283162779604e+00,1.221286918478187999e+01,4.502077568621459136e+00,7.284389159510645584e+00,6.780697287602349022e+00
-2.072175734307751149e+00,-3.193298003423157727e+00,8.363174922924077492e+00,2.458562667824298842e+01,5.357159275200003457e+00,1.276438733468035025e+01,4.207856954165770880e+00,6.798638582712460021e+00,6.268080645046437915e+00
-2.072175734307751149e+00,-2.916911230384688469e+00,1.312029588001462699e+01,2.849139090341486735e+01,5.356247001969443033e+00,1.499033082689015828e+01,4.183079216892688024e+00,9.319174211848768152e+00,5.971312711713356869e+00
-2.072175734307751149e+00,-2.640524457346219656e+00,1.824609964108759641e+01,3.303462778493121732e+01,5.355866286694110023e+00,1.931876404642883926e+01,4.073753150336969497e+00,1.311804880299161979e+01,4.968154374580116439e+00
-2.072175734307751149e+00,-2.364137684307750398e+00,2.242404751614423120e+01,3.760046711751419934e+01,5.356133524471065499e+00,2.589434959256024626e+01,4.042715650615976486e+00,1.869586269577865068e+01,4.782423969273666309e+00
-2.072175734307751149e+00,-2.087750911269281584e+00,2.464888449940065840e+01,4.041960415586072486e+01,5.355828009020819458e+00,3.183515790587966876e+01,4.079025565598247915e+00,2.397477720872130647e+01,5.259009088400756760e+00
-2.072175734307751149e+00,-1.811364138230812770e+00,2.493388651216379159e+01,4.072092400611654739e+01,5.355260689281599262e+00,3.366519882324564605e+01,4.065612934449417182e+00,2.526750144147671762e+01,5.213870685013426431e+00
-2.072175734307751149e+00,-1.534977365192343735e+00,2.337236993445245403e+01,3.907595069066155702e+01,5.355217567423215641e+00,3.135933666866731073e+01,4.009466933613742512e+00,2.259250517666882274e+01,4.818777298684193688e+00
-2.072175734307751149e+00,-1.258590592153874699e+00,2.037310644469260268e+01,3.629937393014552072e+01,5.355687753950779673e+00,2.736612959145668356e+01,4.014974562369719280e+00,1.732375631344972078e+01,4.600218950686227437e+00
-2.072175734307751149e+00,-9.822038191154056630e-01,1.701744524290584692e+01,3.277146742289187387e+01,5.355875116957725446e+00,2.308392569059469679e+01,4.055205384086635334e+00,1.182087840192052397e+01,4.765949302231279106e+00
-2.072175734307751149e+00,-7.058170460769367383e-01,1.421886477595572806e+01,2.887559058663464384e+01,5.355562783473901689e+00,1.875394232486678447e+01,4.031347851044742470e+00,8.720642935400245932e+00,4.681905785302320488e+00
-2.072175734307751149e+00,-4.294302730384677580e-01,1.162334318383873821e+01,2.547667550436744932e+01,5.355324527052926165e+00,1.543854263567527596e+01,3.992600902684025677e+00,7.914488287972833547e+00,4.839387032750900097e+00
-2.072175734307751149e+00,-1.530434999999996659e-01,9.657898251998467742e+00,2.350772565417719306e+01,5.355496655203784151e+00,1.455887131680265156e+01,4.016709870938928617e+00,8.544196458285313156e+00,4.968957792086820646e+00
-2.072175734307751149e+00,1.233432730384693143e-01,8.998934509655374114e+00,2.323124512098002015e+01,5.355665378998330617e+00,1.583677012830912645e+01,4.052858836192565484e+00,1.016878781948307164e+01,5.107099284960735730e+00
-2.072175734307751149e+00,3.997300460769382946e-01,9.710246605204162051e+00,2.420131317194318399e+01,5.355446655724986016e+00,1.754705605931894752e+01,4.020524066493581294e+00,1.216829158993590632e+01,4.987464870079664436e+00
-2.072175734307751149e+00,6.761168191154072193e-01,1.172416901516337084e+01,2.582696948813099880e+01,5.355055787845309112e+00,1.877244134242789642e+01,3.998335730169724211e+00,1.364952681292344217e+01,5.266009251150455484e+00
-2.072175734307751149e+00,9.525035921538762551e-01,1.369168180149247505e+01,2.761592583367382758e+01,5.354772545650222426e+00,1.969695071345631732e+01,4.043942168789264713e+00,1.386013122241892503e+01,5.465805948166519990e+00
-2.072175734307751149e+00,1.228890365192345291e+00,1.535888731929802731e+01,2.888492933085944969e+01,5.354714551515869836e+00,1.986033729969295791e+01,4.076374523038586162e+00,1.359545111366113446e+01,5.616060990002372577e+00
-2.072175734307751149e+00,1.505277138230814327e+00,1.585225227460739106e+01,2.872384584127030394e+01,5.355305226501292815e+00,1.857061449490799987e+01,4.036189278962890370e+00,1.329519652173415345e+01,5.367037360824776115e+00
-2.072175734307751149e+00,1.781663911269283140e+00,1.431320019736995874e+01,2.666983577475730272e+01,5.356522489204625259e+00,1.677002371794696955e+01,4.034028496902893224e+00,1.275725248710139859e+01,5.637395440674298541e+00
-2.072175734307751149e+00,2.058050684307752398e+00,1.172947665090472924e+01,2.337718573360143637e+01,5.357105862213093594e+00,1.528203776668976843e+01,4.095457210451481700e+00,1.188948429757954450e+01,7.019202863716405894e+00
-2.072175734307751149e+00,2.334437457346221212e+00,8.381503395289749747e+00,2.033418557970435359e+01,5.356564130416209935e+00,1.219216381912019642e+01,4.120046178453090846e+00,9.094714293684262429e+00,7.542141847167097346e+00
-2.072175734307751149e+00,2.610824230384690026e+00,6.565287901538034987e+00,1.877667529333211860e+01,5.357043950701094737e+00,6.668881644349085036e+00,4.102176531119260616e+00,5.234371556650895485e+00,6.323596452712457072e+00
-2.072175734307751149e+00,2.887211003423159283e+00,6.588275675639831519e+00,1.890119601787591819e+01,5.357623430658776442e+00,4.376345999110071716e+00,4.152367048980535102e+00,4.942160065213432318e+00,6.276557168095015626e+00
-2.072175734307751149e+00,3.163597776461628097e+00,9.052867461886050293e+00,2.008513250933538075e+01,5.352302995576939004e+00,1.307976832534950518e+01,4.567765895076785654e+00,9.926064535000143962e+00,7.753959870919659991e+00
-1.802167373769282044e+00,-3.469684776461626541e+00,3.337472748460756478e+00,1.957601053197140573e+01,5.352642710683613636e+00,9.793365006962517327e+00,4.470422840352739513e+00,8.561760782209056231e+00,6.334878240043644304e+00
-1.802167373769282044e+00,-3.193298003423157727e+00,8.232851827516142862e+00,2.545043496834841790e+01,5.356868313436398132e+00,1.241731709226201019e+01,4.186933738253750370e+00,8.484887800101322597e+00,5.636604094558972378e+00
-1.802167373769282044e+00,-2.916911230384688469e+00,1.312823090657153635e+01,2.966212414533219999e+01,5.356140457957706325e+00,1.826624717119238994e+01,4.158437926188545575e+00,1.208841011020396117e+01,5.593315316762879519e+00
-1.802167373769282044e+00,-2.640524457346219656e+00,1.814391669099545368e+01,3.393100611238332931e+01,5.355764514954287847e+00,2.451749035028080925e+01,4.067714456964806935e+00,1.671998928204551760e+01,5.148238828896309904e+00
-1.802167373769282044e+00,-2.364137684307750398e+00,2.225638748514088050e+01,3.776695425360958325e+01,5.355789254224484708e+00,2.978236671037569749e+01,4.037554320093841298e+00,2.144407814865752471e+01,5.067958339643819698e+00
-1.802167373769282044e+00,-2.087750911269281584e+00,2.464197039840425418e+01,3.996396300866035745e+01,5.355367387331247286e+00,3.254892434442729154e+01,4.058803120547604948e+00,2.448906294593450639e+01,5.345857314968203156e+00
-1.802167373769282044e+00,-1.811364138230812770e+00,2.491994601055305125e+01,4.010636880901438417e+01,5.355006491517102063e+00,3.174522023046688446e+01,4.048940009034532217e+00,2.340346642337437189e+01,4.870225689518139944e+00
-1.802167373769282044e+00,-1.534977365192343735e+00,2.311835604211982442e+01,3.855098593684670050e+01,5.355231843011894810e+00,2.844085970571541111e+01,4.006824592476934122e+00,1.938773826997667982e+01,4.527330169539399485e+00
-1.802167373769282044e+00,-1.258590592153874699e+00,1.985876483275617943e+01,3.561234268111002166e+01,5.355733824051436720e+00,2.448065552315392779e+01,4.009180029934626077e+00,1.421913548971640751e+01,4.568284784953286604e+00
-1.802167373769282044e+00,-9.822038191154056630e-01,1.589675302696188197e+01,3.147955881026427960e+01,5.355738386005134188e+00,2.034703651275458469e+01,4.038784470075073685e+00,8.938906202924870925e+00,4.722935081037829441e+00
-1.802167373769282044e+00,-7.058170460769367383e-01,1.228073140204788771e+01,2.690472388032503659e+01,5.355255762883283310e+00,1.618323493237448929e+01,4.019337037660367429e+00,5.494958299535273483e+00,4.583338295413967423e+00
-1.802167373769282044e+00,-4.294302730384677580e-01,9.113642800474053729e+00,2.332566593534284038e+01,5.354944858297562504e+00,1.332124049070762339e+01,3.987316778765247260e+00,4.667873671125398971e+00,4.638050490284802763e+00
-1.802167373769282044e+00,-1.530434999999996659e-01,7.346699049469940235e+00,2.187028263256797800e+01,5.355080002503745717e+00,1.289859637992435637e+01,4.003057899495051863e+00,5.787776261414915524e+00,4.989048537124506133e+00
-1.802167373769282044e+00,1.233432730384693143e-01,7.506543090230093362e+00,2.240330832618928980e+01,5.355303939076219599e+00,1.409394204837917641e+01,4.033805517035506938e+00,7.626449790854582744e+00,5.212395464349934393e+00
-1.802167373769282044e+00,3.997300460769382946e-01,9.039071874684722729e+00,2.384292264390023774e+01,5.355282288255780010e+00,1.529340857296165268e+01,4.011856887498458590e+00,9.493444700118924828e+00,4.952125194405664566e+00
-1.802167373769282044e+00,6.761168191154072193e-01,1.124260860923047112e+01,2.529242179301218130e+01,5.355056097675857885e+00,1.623356856033183249e+01,3.996023617891497182e+00,1.093764833591077945e+01,5.010042443555765779e+00
-1.802167373769282044e+00,9.525035921538762551e-01,1.283052535670467442e+01,2.653189224378729705e+01,5.354699543540162310e+00,1.740037593620806433e+01,4.031540246439381470e+00,1.145075296844412271e+01,5.155439692340311630e+00
-1.802167373769282044e+00,1.228890365192345291e+00,1.420095060907225104e+01,2.744906108955910895e+01,5.354358724683110360e+00,1.803238854437282157e+01,4.057845554051871417e+00,1.186663995705421115e+01,5.487582272072908829e+00
-1.802167373769282044e+00,1.505277138230814327e+00,1.476328296792843275e+01,2.748082554296706803e+01,5.354644505242911023e+00,1.710625209428042126e+01,4.025472021154968161e+00,1.240571236641079977e+01,5.439778645508050126e+00
-1.802167373769282044e+00,1.781663911269283140e+00,1.364239131382002057e+01,2.600846460559841944e+01,5.355749533695517428e+00,1.568107594442142272e+01,4.023391478568671076e+00,1.249889046580876339e+01,5.438425904727832716e+00
-1.802167373769282044e+00,2.058050684307752398e+00,1.125229711859111603e+01,2.322621306486689718e+01,5.356622611164288728e+00,1.503123159184110591e+01,4.073424272652927947e+00,1.221478501411321993e+01,6.199043456439826905e+00
-1.802167373769282044e+00,2.334437457346221212e+00,8.250799589754789665e+00,2.031466147854371229e+01,5.356706853886311848e+00,1.351863504576726882e+01,4.102634700960922309e+00,1.050341852111303353e+01,6.848884467913170404e+00
-1.802167373769282044e+00,2.610824230384690026e+00,6.461750333496480536e+00,1.862488561426653177e+01,5.357694364994882719e+00,9.949642096281877457e+00,4.101599018101239835e+00,7.885421756614253042e+00,6.515027246545034068e+00
-1.802167373769282044e+00,2.887211003423159283e+00,6.647749142642079612e+00,1.873943642014364741e+01,5.357758173848443661e+00,9.038076337481015798e+00,4.131787396808253909e+00,7.704260161648623040e+00,6.649037459481585088e+00
-1.802167373769282044e+00,3.163597776461628097e+00,9.012322181824643508e+00,2.029509106956902542e+01,5.350810034058546272e+00,1.771080710826686300e+01,4.528534855745414589e+00,1.153869944806558578e+01,7.725637062531996335e+00
-1.532159013230812938e+00,-3.469684776461626541e+00,1.394863755443962461e+00,1.821259907546482282e+01,5.352836376799110063e+00,9.198837729342812963e+00,4.426858179328155174e+00,9.554240048843269051e+00,6.210564895874206570e+00
-1.532159013230812938e+00,-3.193298003423157727e+00,7.114063316032268602e+00,2.392298693434713641e+01,5.356045734446357010e+00,1.256102550500577308e+01,4.088425003058039131e+00,9.388730895637268148e+00,5.226813064148756460e+00
-1.532159013230812938e+00,-2.916911230384688469e+00,1.283326287662058007e+01,2.881569474808202358e+01,5.354875440547740340e+00,2.077665850686207705e+01,4.049348852354485828e+00,1.348671758034486956e+01,4.986940567586328754e+00
-1.532159013230812938e+00,-2.640524457346219656e+00,1.847680278147636557e+01,3.381229253860510653e+01,5.354976414849532240e+00,2.850570616768254695e+01,4.088444788031647903e+00,1.866695941771416400e+01,5.060167122363914416e+00
-1.532159013230812938e+00,-2.364137684307750398e+00,2.308240916520997743e+01,3.810092216543125687e+01,5.355165479528040784e+00,3.303379775888566883e+01,4.075533039380007772e+00,2.303569336969128400e+01,4.945021633566562436e+00
-1.532159013230812938e+00,-2.087750911269281584e+00,2.547000856320532236e+01,4.047006863878050353e+01,5.354617545211690199e+00,3.370392572624552940e+01,3.999802809828759909e+00,2.500238851462227174e+01,4.637576410706943264e+00
-1.532159013230812938e+00,-1.811364138230812770e+00,2.537889505521153310e+01,4.046111104510782752e+01,5.354528342302786292e+00,3.101192095250939929e+01,3.996627582699656678e+00,2.249621298770890832e+01,4.457730761181705859e+00
-1.532159013230812938e+00,-1.534977365192343735e+00,2.284512177310131520e+01,3.830795364837103989e+01,5.355130921729694293e+00,2.676107480704831687e+01,4.043966661665540308e+00,1.716489967547600060e+01,4.764754179194584438e+00
-1.532159013230812938e+00,-1.258590592153874699e+00,1.872256666280271276e+01,3.439674949729669606e+01,5.355411175711068950e+00,2.258457299155406872e+01,4.026011433849002508e+00,1.188582081327962037e+01,4.651099791306355868e+00
-1.532159013230812938e+00,-9.822038191154056630e-01,1.375532531447411699e+01,2.933151009130961029e+01,5.354933509126812652e+00,1.848322205381964523e+01,3.973236946360985566e+00,7.000326568519934511e+00,4.740403064223865925e+00
-1.532159013230812938e+00,-7.058170460769367383e-01,9.494633396796896108e+00,2.436517834458209109e+01,5.354472245234086714e+00,1.435786520880901662e+01,3.985391426918399649e+00,3.421076206008923037e+00,4.762321191156948075e+00
-1.532159013230812938e+00,-4.294302730384677580e-01,6.281145154600560332e+00,2.110117152098246152e+01,5.354431421915077927e+00,1.157899445811199257e+01,4.024409616917387744e+00,2.062522365013833792e+00,5.040701848853271549e+00
-1.532159013230812938e+00,-1.530434999999996659e-01,5.366143976566553064e+00,2.036011842154402984e+01,5.354444698063967500e+00,1.136523016869182356e+01,3.996651927131527060e+00,2.406337308241116801e+00,4.815281357593464762e+00
-1.532159013230812938e+00,1.233432730384693143e-01,6.731738275512380909e+00,2.149703332314675208e+01,5.354488044772067745e+00,1.288833784638904945e+01,3.966209493457310220e+00,4.273629359914853154e+00,4.743039232058630539e+00
-1.532159013230812938e+00,3.997300460769382946e-01,9.009603034275373901e+00,2.311016644490882754e+01,5.354795219763610170e+00,1.445447153172221988e+01,4.002347949364422064e+00,7.383823848929257139e+00,5.346929394219086085e+00
-1.532159013230812938e+00,6.761168191154072193e-01,1.080386250147846638e+01,2.434975198508618632e+01,5.354995530760388256e+00,1.561254935725787618e+01,4.038777299730915260e+00,9.783542622506953279e+00,5.958659152499256706e+00
-1.532159013230812938e+00,9.525035921538762551e-01,1.185320925065249220e+01,2.529062685711687664e+01,5.354610597112241521e+00,1.664253051157004393e+01,3.999931117640243894e+00,1.022498788543362025e+01,5.292240452469083145e+00
-1.532159013230812938e+00,1.228890365192345291e+00,1.266130396750013354e+01,2.609898218194575747e+01,5.354112716835829566e+00,1.685101502313591482e+01,3.981878866526662453e+00,1.034903819147513104e+01,5.094060833348361683e+00
-1.532159013230812938e+00,1.505277138230814327e+00,1.332755638776287199e+01,2.626678218645247398e+01,5.354348615050710691e+00,1.555153166979278012e+01,4.032007713397730342e+00,1.081953995629446474e+01,5.312738452098143327e+00
-1.532159013230812938e+00,1.781663911269283140e+00,1.219525431474293953e+01,2.499253069976111874e+01,5.354998083722922964e+00,1.398801356930732709e+01,4.061203033063851109e+00,1.053485001305800495e+01,5.107811005730514609e+00
-1.532159013230812938e+00,2.058050684307752398e+00,9.925056543177589674e+00,2.224033706841146341e+01,5.355124962725684945e+00,1.336596161487204881e+01,4.017654397944891542e+00,9.994009677992258034e+00,4.924450888261263870e+00
-1.532159013230812938e+00,2.334437457346221212e+00,6.772794275652820772e+00,1.916194852803891990e+01,5.355369235760401025e+00,1.215925372366928059e+01,4.035883968520924903e+00,9.132005485367832520e+00,5.640484907337372178e+00
-1.532159013230812938e+00,2.610824230384690026e+00,5.182756948935577590e+00,1.735614685772452503e+01,5.357712669491710322e+00,9.537964062340961391e+00,4.169974019277783661e+00,7.785610039564769380e+00,6.452291868350609860e+00
-1.532159013230812938e+00,2.887211003423159283e+00,5.477045237266349176e+00,1.772581986875957227e+01,5.357972992818202940e+00,1.017189343418067438e+01,4.214084584560536584e+00,8.208935262724331494e+00,6.789423279254252819e+00
-1.532159013230812938e+00,3.163597776461628097e+00,8.315969470640432348e+00,1.998100538449398300e+01,5.346886822832585651e+00,2.019259640181030591e+01,4.441521034799000844e+00,1.202263232450147967e+01,7.402033088389205595e+00
-1.262150652692344055e+00,-3.469684776461626541e+00,0.000000000000000000e+00,1.636573048092395766e+01,5.351741020346398869e+00,1.078611951048173978e+01,4.383511386744032734e+00,1.135871088759767211e+01,6.065395147971144318e+00
-1.262150652692344055e+00,-3.193298003423157727e+00,7.466415369391953050e+00,2.201047602234029910e+01,5.356347987656813636e+00,1.223382261566803209e+01,4.106568771054464939e+00,1.177501819918954773e+01,5.302504819454726182e+00
-1.262150652692344055e+00,-2.916911230384688469e+00,1.493283073878391320e+01,2.810974132178671425e+01,5.354667547291156460e+00,2.029284894675697615e+01,4.050166394982780638e+00,1.671776746261770796e+01,4.948903431070830194e+00
-1.262150652692344055e+00,-2.640524457346219656e+00,2.206073015700990680e+01,3.462844059071358060e+01,5.354544129233735461e+00,2.885251579146995482e+01,4.063974263581645374e+00,2.229024340785369773e+01,4.785260287250169497e+00
-1.262150652692344055e+00,-2.364137684307750398e+00,2.757141896045586549e+01,4.012183038045623107e+01,5.355076109438861032e+00,3.430914147622894461e+01,4.055297931382994214e+00,2.656378772257705734e+01,4.670674624539129738e+00
-1.262150652692344055e+00,-2.087750911269281584e+00,2.935519053918591936e+01,4.298068745467753615e+01,5.354955021010833427e+00,3.561617860365015531e+01,4.007225757783930753e+00,2.857335780050249596e+01,4.517781815561726866e+00
-1.262150652692344055e+00,-1.811364138230812770e+00,2.781207968200262570e+01,4.249327961852395674e+01,5.354868663930410833e+00,3.297494167995932912e+01,4.003264474465489720e+00,2.562702790389203855e+01,4.488075819643382758e+00
-1.262150652692344055e+00,-1.534977365192343735e+00,2.360940195384741358e+01,3.898712117618561024e+01,5.355085372611290140e+00,2.806137709216136500e+01,4.028911180053418306e+00,1.841907421871020034e+01,4.598736394280336981e+00
-1.262150652692344055e+00,-1.258590592153874699e+00,1.813317420948929026e+01,3.347770902234333334e+01,5.355074301745642806e+00,2.304397539011415574e+01,4.013850937457477563e+00,1.151259771170471424e+01,4.507050997257305625e+00
-1.262150652692344055e+00,-9.822038191154056630e-01,1.212514328850263290e+01,2.744962522005516803e+01,5.354608711579620817e+00,1.859658706267146044e+01,3.978134808696855096e+00,6.203009675960984737e+00,4.781740766512679208e+00
-1.262150652692344055e+00,-7.058170460769367383e-01,7.595894250034920248e+00,2.264099164438084699e+01,5.354258405385849962e+00,1.443952092634754081e+01,3.981977026972129075e+00,2.558530186062203171e+00,4.933367742662993827e+00
-1.262150652692344055e+00,-4.294302730384677580e-01,5.040084031022063371e+00,2.038436687754438026e+01,5.354324556905340593e+00,1.125581507059450814e+01,4.006906423476711332e+00,1.152316000258426953e+00,5.138154029215460383e+00
-1.262150652692344055e+00,-1.530434999999996659e-01,5.600813688259099976e+00,2.078767790103302104e+01,5.354450692289103308e+00,1.031082831888784312e+01,3.995287776679095515e+00,1.169123979493253529e+00,4.672408380399740935e+00
-1.262150652692344055e+00,1.233432730384693143e-01,8.798500640984524779e+00,2.267939491680590436e+01,5.354483516452104297e+00,1.166881666090944236e+01,3.979923300568857236e+00,3.157924610909621066e+00,4.509889718517857027e+00
-1.262150652692344055e+00,3.997300460769382946e-01,1.182144017819534021e+01,2.460659309553011553e+01,5.354675770740282559e+00,1.412967861504512257e+01,3.996946841267474237e+00,7.370667163783199527e+00,5.093510747626043056e+00
-1.262150652692344055e+00,6.761168191154072193e-01,1.350826063945480371e+01,2.591705293290578993e+01,5.354955860918215294e+00,1.653290850010989743e+01,4.018359078580696853e+00,1.075511943261577841e+01,5.876961439913108265e+00
-1.262150652692344055e+00,9.525035921538762551e-01,1.425964659310592531e+01,2.678566363859135890e+01,5.354940451741442509e+00,1.801784926995242131e+01,3.996376707212259571e+00,1.116894014742356589e+01,5.083431691036630617e+00
-1.262150652692344055e+00,1.228890365192345291e+00,1.451980795413748382e+01,2.731053155824338319e+01,5.354736933987731540e+00,1.766964850633178230e+01,3.992381675221870818e+00,1.045069875703388362e+01,4.727655577368565787e+00
-1.262150652692344055e+00,1.505277138230814327e+00,1.414460782256108118e+01,2.692388229912467068e+01,5.354773253047309112e+00,1.563420255545429427e+01,4.024500187901018045e+00,1.019629781158268322e+01,4.892984731765352535e+00
-1.262150652692344055e+00,1.781663911269283140e+00,1.206343178340794431e+01,2.492314675360830734e+01,5.354781448636241059e+00,1.379634907131799082e+01,4.042592302719976161e+00,9.776935987547945572e+00,4.996310069228750095e+00
-1.262150652692344055e+00,2.058050684307752398e+00,9.106572805042382868e+00,2.151652233294589678e+01,5.354313419156753184e+00,1.302467257501439235e+01,4.017289105691592255e+00,9.245501966490607515e+00,5.135818843790015187e+00
-1.262150652692344055e+00,2.334437457346221212e+00,5.825407364659919374e+00,1.813360988068598090e+01,5.354373486319730979e+00,1.133034734291618406e+01,4.037450265144691741e+00,8.183472606065812727e+00,5.762116978977314119e+00
-1.262150652692344055e+00,2.610824230384690026e+00,4.365619664447280890e+00,1.655832747515523806e+01,5.356883378584987199e+00,8.366732769874261066e+00,4.143244047213732628e+00,6.807056359165233772e+00,6.070200427225283413e+00
-1.262150652692344055e+00,2.887211003423159283e+00,5.286268545136354469e+00,1.766479015980439726e+01,5.357225869785824379e+00,9.709385458164888405e+00,4.184304728669070883e+00,8.093912989285740878e+00,6.475973327737285956e+00
-1.262150652692344055e+00,3.163597776461628097e+00,8.927825827333746744e+00,2.085386860331345815e+01,5.346101756790841542e+00,2.145052446326440077e+01,4.488002701381663684e+00,1.307537735354398656e+01,7.516684128447634450e+00
-9.921422921538751716e-01,-3.469684776461626541e+00,2.764907920587827306e+00,1.898572377231175778e+01,5.350012963435543334e+00,1.596832441293963711e+01,4.340347337910632319e+00,1.692059162709066200e+01,6.157094942974204343e+00
-9.921422921538751716e-01,-3.193298003423157727e+00,1.280827827008604380e+01,2.540659766358294291e+01,5.356732679072154113e+00,1.422529174994656387e+01,4.165849314248289303e+00,1.834339078255801780e+01,5.976466089460656939e+00
-9.921422921538751716e-01,-2.916911230384688469e+00,2.285164861958427096e+01,3.282663441579643404e+01,5.355443594597158352e+00,2.083356476736071272e+01,4.118990144767462169e+00,2.409500511140392121e+01,5.407962425691646757e+00
-9.921422921538751716e-01,-2.640524457346219656e+00,3.196212776238765585e+01,4.037044553708255989e+01,5.354881799700017098e+00,2.999663616710017777e+01,4.024341999366896516e+00,3.017894839450100619e+01,4.882088729032796337e+00
-9.921422921538751716e-01,-2.364137684307750398e+00,3.776820148587654558e+01,4.617902311649959302e+01,5.355463604203218431e+00,3.712390994459701687e+01,4.006293976593883421e+00,3.444038501779285610e+01,4.680329813578754106e+00
-9.921422921538751716e-01,-2.087750911269281584e+00,3.773540251132369860e+01,4.845864816020912258e+01,5.355644591193550852e+00,3.985715919612937341e+01,4.049534656078178863e+00,3.590837296107925880e+01,4.896676617483109339e+00
-9.921422921538751716e-01,-1.811364138230812770e+00,3.377069730375094281e+01,4.647814596633907058e+01,5.355305298012908999e+00,3.737279832080093911e+01,4.038194048688512616e+00,3.184367944728101918e+01,5.379634409649077575e+00
-9.921422921538751716e-01,-1.534977365192343735e+00,2.723033668793790696e+01,4.096701651598414173e+01,5.354910317001410291e+00,3.127300002172000859e+01,3.981187128732072811e+00,2.245496126520217217e+01,4.479264965939934839e+00
-9.921422921538751716e-01,-1.258590592153874699e+00,2.011887948057778885e+01,3.386505472027056385e+01,5.354770010201718833e+00,2.501294612138940465e+01,3.983145402225599430e+00,1.349333492569556370e+01,4.402963918415306210e+00
-9.921422921538751716e-01,-9.822038191154056630e-01,1.327504252084308689e+01,2.760327988686185563e+01,5.354649691759575170e+00,2.065388916268511821e+01,4.021448902755814458e+00,7.627013169859370834e+00,4.920705164105694251e+00
-9.921422921538751716e-01,-7.058170460769367383e-01,9.100423614728503807e+00,2.412934762243094156e+01,5.354459037302494728e+00,1.757586087353570292e+01,4.000662566831280742e+00,4.337585263741662089e+00,4.823088420591878034e+00
-9.921422921538751716e-01,-4.294302730384677580e-01,8.264651607202662120e+00,2.405283313450490823e+01,5.354492191812873614e+00,1.489429703662995053e+01,3.963250242530940159e+00,3.922414198739478053e+00,4.658815773856193942e+00
-9.921422921538751716e-01,-1.530434999999996659e-01,1.172249530742167245e+01,2.645356707908649696e+01,5.354766560349752069e+00,1.338273707881921837e+01,3.991887344954014871e+00,5.436559697068542363e+00,4.515901125402601579e+00
-9.921422921538751716e-01,1.233432730384693143e-01,1.676779534109698844e+01,2.960077086957608117e+01,5.354879025234045464e+00,1.431363842206474146e+01,4.033370211179455822e+00,8.512297107640616645e+00,4.669182384233456773e+00
-9.921422921538751716e-01,3.997300460769382946e-01,2.040941921734807707e+01,3.208500060770165874e+01,5.354781750369331128e+00,1.756515546353489299e+01,3.994961069125197994e+00,1.281051440863446800e+01,4.411387604453603117e+00
-9.921422921538751716e-01,6.761168191154072193e-01,2.258356053721437817e+01,3.342991280960995937e+01,5.354858066275298256e+00,2.140683661065804699e+01,3.966673346545391610e+00,1.601504658632983791e+01,4.478393214962710367e+00
-9.921422921538751716e-01,9.525035921538762551e-01,2.316547849091956479e+01,3.374908763562416425e+01,5.355142469272106354e+00,2.347300234507747518e+01,4.010460629475060657e+00,1.639899300666588289e+01,4.630386736230789779e+00
-9.921422921538751716e-01,1.228890365192345291e+00,2.210673239797727518e+01,3.300738825299049495e+01,5.355308850914678231e+00,2.223160315586369506e+01,4.045182903057469304e+00,1.469164831563586482e+01,4.837018906113295991e+00
-9.921422921538751716e-01,1.505277138230814327e+00,1.953884134117950566e+01,3.082943677620642120e+01,5.355264035026593206e+00,1.873979174956275529e+01,4.003563636935115078e+00,1.264231224395749820e+01,4.642576551851766098e+00
-9.921422921538751716e-01,1.781663911269283140e+00,1.532162093077238296e+01,2.711455759242380736e+01,5.354972677371438117e+00,1.606117211898094865e+01,3.992649679089300907e+00,1.146836391689210188e+01,5.049379175083813287e+00
-9.921422921538751716e-01,2.058050684307752398e+00,1.099870637645222260e+01,2.273908405684778700e+01,5.354381140220155544e+00,1.508890101041333764e+01,4.049480919855980687e+00,1.107389234881875240e+01,6.399308604714398108e+00
-9.921422921538751716e-01,2.334437457346221212e+00,7.592920004439330128e+00,1.944649978003872093e+01,5.354270080690787914e+00,1.310438269210635553e+01,4.080967182599784415e+00,9.523775260026937417e+00,6.580145701361481692e+00
-9.921422921538751716e-01,2.610824230384690026e+00,6.782725990045256559e+00,1.882084187700093025e+01,5.356282594310751044e+00,9.776673583523006528e+00,4.067466023226693039e+00,7.639408593953124438e+00,5.442231670078123251e+00
-9.921422921538751716e-01,2.887211003423159283e+00,9.105715503440340086e+00,2.115230240733217215e+01,5.356363743359227492e+00,1.160386546730069313e+01,4.091924549271764633e+00,9.731096511754000034e+00,5.696903576800560032e+00
-9.921422921538751716e-01,3.163597776461628097e+00,1.520635550536319869e+01,2.513715628242061939e+01,5.347370087899146363e+00,2.504134644218561334e+01,4.616277007373160046e+00,1.587525639682628764e+01,7.235230498830803825e+00
-7.221339316154062882e-01,-3.469684776461626541e+00,1.300796688936933876e+01,2.994587803605099907e+01,5.351282667746212418e+00,2.953979351984196455e+01,4.391586548664161427e+00,2.852424427127520445e+01,6.312357636433627128e+00
-7.221339316154062882e-01,-3.193298003423157727e+00,2.518614711521184191e+01,3.789251582544966368e+01,5.356084482048482087e+00,2.662358386762093687e+01,4.119801794956801544e+00,3.142212281274973407e+01,6.472975662190625812e+00
-7.221339316154062882e-01,-2.916911230384688469e+00,3.736432734105436282e+01,4.571615240928804269e+01,5.355804938983970587e+00,3.210363695442993048e+01,4.091759300017931977e+00,3.691894158192667419e+01,6.495864224148517607e+00
-7.221339316154062882e-01,-2.640524457346219656e+00,4.740366301150129402e+01,5.225049351999041392e+01,5.355492852573566331e+00,4.050252686031831217e+01,4.042136630147146192e+00,4.242586940271584695e+01,5.954367046973113808e+00
-7.221339316154062882e-01,-2.364137684307750398e+00,5.142650628016436087e+01,5.602799275016150204e+01,5.355830757653714080e+00,4.654207676004443783e+01,4.026818087203884566e+00,4.534536163876605031e+01,5.052971780337802699e+00
-7.221339316154062882e-01,-2.087750911269281584e+00,4.788698510670769792e+01,5.582507287894259207e+01,5.355580523806154680e+00,4.743105534483197516e+01,4.032403875990401509e+00,4.350562349683205809e+01,4.665936777690887105e+00
-7.221339316154062882e-01,-1.811364138230812770e+00,4.052215468741755444e+01,5.138846628473402234e+01,5.355013105241861027e+00,4.258922796945830669e+01,4.019156195545053656e+00,3.607718374958650287e+01,4.621347479782198064e+00
-7.221339316154062882e-01,-1.534977365192343735e+00,3.180472467034757500e+01,4.400117892552952981e+01,5.354667252753998241e+00,3.431002823031781190e+01,3.993451546042660283e+00,2.512376894011997308e+01,4.361201232503185032e+00
-7.221339316154062882e-01,-1.258590592153874699e+00,2.388428726856134077e+01,3.633544752466696082e+01,5.354594041506206104e+00,2.721267537736980557e+01,3.989968374708940946e+00,1.597239182339782460e+01,4.360720898231799758e+00
-7.221339316154062882e-01,-9.822038191154056630e-01,1.765128363777064990e+01,3.132807924116059439e+01,5.354540090480384151e+00,2.433106184847792974e+01,4.001308548064533177e+00,1.142499731463793466e+01,4.596198404989710440e+00
-7.221339316154062882e-01,-7.058170460769367383e-01,1.553253265107714398e+01,3.063381422527891118e+01,5.354555049018615343e+00,2.451108852214588296e+01,3.999024817183240987e+00,1.059160436789049875e+01,4.721272463800272767e+00
-7.221339316154062882e-01,-4.294302730384677580e-01,1.813933427247292229e+01,3.378137643934314838e+01,5.354731377099755107e+00,2.506752814007973029e+01,3.991532375079410055e+00,1.268148881744226841e+01,4.637154820779194608e+00
-7.221339316154062882e-01,-1.530434999999996659e-01,2.419693084948877271e+01,3.870550703311164398e+01,5.354871332465385159e+00,2.556644532823702320e+01,3.994134310220119666e+00,1.663250042946557627e+01,4.395451783000546619e+00
-7.221339316154062882e-01,1.233432730384693143e-01,2.997559897335266754e+01,4.316460316399025032e+01,5.354830194274217803e+00,2.744824798430454393e+01,4.008560765356696365e+00,2.124192770202800062e+01,4.586547579142485453e+00
-7.221339316154062882e-01,3.997300460769382946e-01,3.416803732800524074e+01,4.585340887759957695e+01,5.354783525827924606e+00,3.106477455755657502e+01,3.999720831267780330e+00,2.512839965196002368e+01,4.676393334441632632e+00
-7.221339316154062882e-01,6.761168191154072193e-01,3.628077158264777324e+01,4.648426498407934560e+01,5.354840075928720466e+00,3.450351002982893078e+01,3.997261226094715347e+00,2.705948428448541065e+01,4.632771807980825329e+00
-7.221339316154062882e-01,9.525035921538762551e-01,3.580456415544763615e+01,4.517167998814693419e+01,5.354903209759978466e+00,3.488955687328279964e+01,4.009484363040182409e+00,2.629223552860688429e+01,4.486030411739871049e+00
-7.221339316154062882e-01,1.228890365192345291e+00,3.242504476972929695e+01,4.199086556961265160e+01,5.355061541004049630e+00,3.078047171176206120e+01,4.020190711174352671e+00,2.275471677345518628e+01,4.829435003427710704e+00
-7.221339316154062882e-01,1.505277138230814327e+00,2.683514458003028835e+01,3.716518788245593896e+01,5.355406004179135593e+00,2.431754822591335596e+01,4.010978526027975555e+00,1.785715377336439502e+01,4.630359978113935071e+00
-7.221339316154062882e-01,1.781663911269283140e+00,2.058722883994247255e+01,3.155147923964977963e+01,5.355388003365216143e+00,1.991397649233363154e+01,4.015832241864381480e+00,1.446618160325781233e+01,4.737278632719886140e+00
-7.221339316154062882e-01,2.058050684307752398e+00,1.578131694066911983e+01,2.674706920379685471e+01,5.354660916965709561e+00,1.884358830938663232e+01,4.036159972590387390e+00,1.373481845654828781e+01,5.586155328487269145e+00
-7.221339316154062882e-01,2.334437457346221212e+00,1.306473402377122106e+01,2.448061632329336135e+01,5.354479777217177272e+00,1.762598273943740423e+01,4.063311253937008871e+00,1.301954448237498951e+01,5.791796201863472326e+00
-7.221339316154062882e-01,2.610824230384690026e+00,1.386506000736106614e+01,2.559303938699304126e+01,5.356711376267146996e+00,1.521785852765879099e+01,4.100611801485739782e+00,1.236183372593326801e+01,5.160044867098786625e+00
-7.221339316154062882e-01,2.887211003423159283e+00,1.896810403481325835e+01,2.932590570168395061e+01,5.356332749272842086e+00,1.822347155173383726e+01,4.127360224338539219e+00,1.551737256378885021e+01,5.453490969090283969e+00
-7.221339316154062882e-01,3.163597776461628097e+00,2.784934443840353069e+01,3.350739031499870180e+01,5.346111722232080865e+00,3.325150296276160589e+01,4.600315738122771059e+00,2.168493878017642373e+01,6.586258448744260363e+00
-4.521255710769372937e-01,-3.469684776461626541e+00,2.894910734374328953e+01,4.653577526134176878e+01,5.354747361753934065e+00,5.034255997621949064e+01,4.552571476133358885e+00,4.210244406734965850e+01,6.347665910620733598e+00
-4.521255710769372937e-01,-3.193298003423157727e+00,4.168850666703978902e+01,5.560022975762694841e+01,5.355272144066357320e+00,4.952960420077090475e+01,4.063109137649331792e+00,4.772559339447026616e+01,5.654986538147684705e+00
-4.521255710769372937e-01,-2.916911230384688469e+00,5.442790599033627075e+01,6.199478208357322728e+01,5.355655308645603796e+00,5.410004518226327264e+01,4.030962529957579754e+00,5.308496506039709573e+01,5.545252278228424814e+00
-4.521255710769372937e-01,-2.640524457346219656e+00,6.225714971627490968e+01,6.514891627745964797e+01,5.355529796547836341e+00,5.897581401701739878e+01,4.082358759095392031e+00,5.685279969960475910e+01,5.203381019747740588e+00
-4.521255710769372937e-01,-2.364137684307750398e+00,6.190238595231522822e+01,6.493880238047131570e+01,5.355667259846578432e+00,5.976500234221555274e+01,4.075835264781508371e+00,5.610182912214575879e+01,5.061440628406876918e+00
-4.521255710769372937e-01,-2.087750911269281584e+00,5.388743640846536209e+01,6.140309655377495801e+01,5.355031244649901545e+00,5.534173800432859025e+01,3.992063463453489724e+00,4.858131556596724465e+01,4.535699455238144218e+00
-4.521255710769372937e-01,-1.811364138230812770e+00,4.438722501007420362e+01,5.499056335253408179e+01,5.354456889575136103e+00,4.675222829647691469e+01,3.982867965358594997e+00,3.734431284384791638e+01,4.731489312953800486e+00
-4.521255710769372937e-01,-1.534977365192343735e+00,3.553334596076832952e+01,4.723509590319736162e+01,5.354492266367747888e+00,3.682072182349656941e+01,4.037575888753168307e+00,2.652806383326685591e+01,5.117007577547131980e+00
-4.521255710769372937e-01,-1.258590592153874699e+00,2.853719896914786958e+01,4.085149453310441459e+01,5.354614740867220668e+00,3.004893281811246197e+01,4.020817916606200804e+00,1.912164599612104254e+01,4.830954386894181773e+00
-4.521255710769372937e-01,-9.822038191154056630e-01,2.446827237336983885e+01,3.853134724307892611e+01,5.354509147844922268e+00,2.954586259926963976e+01,3.961175420688828552e+00,1.712528472545170644e+01,4.344207648265552280e+00
-4.521255710769372937e-01,-7.058170460769367383e-01,2.593503708942485630e+01,4.117558500060113147e+01,5.354604151749225771e+00,3.401671923511821660e+01,3.987401632670243501e+00,1.985844586580505222e+01,4.587167911983463853e+00
-4.521255710769372937e-01,-4.294302730384677580e-01,3.200536218668381139e+01,4.721199371596594574e+01,5.354854794292712938e+00,3.975483375491103288e+01,4.047666700813898011e+00,2.521456419957447537e+01,4.911631111995948373e+00
-4.521255710769372937e-01,-1.530434999999996659e-01,3.874065381735806568e+01,5.372220713335991604e+01,5.354746788223942566e+00,4.471279732497077930e+01,4.004852303423826143e+00,3.166458734603557446e+01,4.526466056630679802e+00
-4.521255710769372937e-01,1.233432730384693143e-01,4.447567637617460434e+01,5.830363416935870191e+01,5.354493503592880899e+00,4.883171418204528891e+01,3.956773200942794055e+00,3.750523538398181245e+01,4.442289057357716509e+00
-4.521255710769372937e-01,3.997300460769382946e-01,4.824165419791620479e+01,6.001196384152717656e+01,5.354626773746515411e+00,5.169753952469363867e+01,4.010153594111430131e+00,4.079716890044970512e+01,4.731559014294536070e+00
-4.521255710769372937e-01,6.761168191154072193e-01,4.876172995144162314e+01,5.894057185015844880e+01,5.354819022358854319e+00,5.183100578276776105e+01,4.061820005036102188e+00,4.051234204504498138e+01,4.977629973938537233e+00
-4.521255710769372937e-01,9.525035921538762551e-01,4.642179288685707661e+01,5.541803288665687433e+01,5.354620559655132617e+00,4.775191822119541030e+01,4.002887549493297392e+00,3.632484621959404336e+01,4.593546489358901752e+00
-4.521255710769372937e-01,1.228890365192345291e+00,3.998435992764065361e+01,4.984594609151099576e+01,5.354594751412460774e+00,3.945084758599944053e+01,3.968072283720182725e+00,2.975790062833887362e+01,4.578995593611000281e+00
-4.521255710769372937e-01,1.505277138230814327e+00,3.186859725753925687e+01,4.312523996247182367e+01,5.355253131771892328e+00,2.999778254823752377e+01,4.036141492058423985e+00,2.297907876743667188e+01,4.739030019302601815e+00
-4.521255710769372937e-01,1.781663911269283140e+00,2.576377305277886620e+01,3.688179839023359818e+01,5.355622016323290602e+00,2.434966429175710800e+01,4.072590757207951384e+00,1.850502117222962539e+01,4.959495334390613408e+00
-4.521255710769372937e-01,2.058050684307752398e+00,2.230985718283282537e+01,3.300042731806024676e+01,5.354936420043509671e+00,2.388610260272935193e+01,4.008747702656310530e+00,1.817395870136912706e+01,4.661204296966268146e+00
-4.521255710769372937e-01,2.334437457346221212e+00,2.137719680911530418e+01,3.270476076543855015e+01,5.354810887144823006e+00,2.453822731375657895e+01,4.020066563120956005e+00,1.962788572519717079e+01,4.923065784129704525e+00
-4.521255710769372937e-01,2.610824230384690026e+00,2.482548892488650338e+01,3.577718349114365992e+01,5.357373197047530233e+00,2.431367700963073730e+01,4.173757563985240004e+00,2.148349627775842308e+01,5.391699771374668160e+00
-4.521255710769372937e-01,2.887211003423159283e+00,3.286344401449587593e+01,4.039459201341378503e+01,5.356577779879613033e+00,2.917460890478810143e+01,4.211192682466412762e+00,2.557919329539910080e+01,5.745077918340403045e+00
-4.521255710769372937e-01,3.163597776461628097e+00,4.510510087279978109e+01,4.375829426806194533e+01,5.344385912550042583e+00,4.541765581569870847e+01,4.504237635169505261e+00,3.044636708307243822e+01,6.369296284152655474e+00
-1.821172105384683548e-01,-3.469684776461626541e+00,4.945069402817870241e+01,5.978267266741750063e+01,5.354965942330164985e+00,6.553784636227538840e+01,4.612281238600091982e+00,4.931185497011995267e+01,6.496893175161531531e+00
-1.821172105384683548e-01,-3.193298003423157727e+00,5.777442984884608279e+01,6.826490029819979100e+01,5.355062785800691394e+00,6.751378088754864848e+01,4.099981650957997381e+00,5.688994341063272486e+01,5.362600485825451457e+00
-1.821172105384683548e-01,-2.916911230384688469e+00,6.609816566951347738e+01,7.152332319840934360e+01,5.355910541920525958e+00,7.024647012415312020e+01,4.077675244296236734e+00,6.172853667354532092e+01,5.080773146181392086e+00
-1.821172105384683548e-01,-2.640524457346219656e+00,6.655177633224232636e+01,7.039208482900721719e+01,5.355037867991361722e+00,7.001484990258654761e+01,4.062539132026133260e+00,6.276954589103755211e+01,5.175724300310741377e+00
-1.821172105384683548e-01,-2.364137684307750398e+00,5.971816762760910535e+01,6.652043801912077470e+01,5.355075806400172667e+00,6.509754107749517971e+01,4.046034476339026575e+00,5.777258989276815271e+01,5.058617876703697114e+00
-1.821172105384683548e-01,-2.087750911269281584e+00,5.101884744744954503e+01,6.119213590377330547e+01,5.354829728273893252e+00,5.699692197341596511e+01,4.007170591139459503e+00,4.698117914209566948e+01,4.641508782727283844e+00
-1.821172105384683548e-01,-1.811364138230812770e+00,4.317473213262276488e+01,5.514496514384518377e+01,5.354397311399520021e+00,4.782189244395885908e+01,3.996444284494613086e+00,3.608065153357271981e+01,4.844082869627341026e+00
-1.821172105384683548e-01,-1.534977365192343735e+00,3.658859586518215679e+01,4.944166913376102457e+01,5.354379508483056327e+00,3.932534302206931898e+01,4.011093762791088757e+00,2.797152247807508729e+01,4.658680139024416356e+00
-1.821172105384683548e-01,-1.258590592153874699e+00,3.260213251156774561e+01,4.600149304570368258e+01,5.354712945468178553e+00,3.429277957205295024e+01,4.011169316961835207e+00,2.319906642627817206e+01,4.624071829725390437e+00
-1.821172105384683548e-01,-9.822038191154056630e-01,3.266752335664934037e+01,4.665259936958864273e+01,5.354885028392755153e+00,3.540784073355007422e+01,3.995524758845926616e+00,2.339479160488810905e+01,4.523540554560971927e+00
-1.821172105384683548e-01,-7.058170460769367383e-01,3.761476939874377479e+01,5.144831135180720594e+01,5.354840477499735130e+00,4.216579040760143471e+01,3.996204853593848139e+00,2.825473059292430733e+01,4.436718590362561443e+00
-1.821172105384683548e-01,-4.294302730384677580e-01,4.397006073958176842e+01,5.816963937944819918e+01,5.354757821204018775e+00,5.113286549754411681e+01,4.014117773905159225e+00,3.562171462626238139e+01,4.633433279255315895e+00
-1.821172105384683548e-01,-1.530434999999996659e-01,4.958485159700744305e+01,6.376603147105925018e+01,5.354615430660842001e+00,5.894475994984463796e+01,3.999179957900070193e+00,4.345263699246282130e+01,4.534951584158211091e+00
-1.821172105384683548e-01,1.233432730384693143e-01,5.417335945797788099e+01,6.632863466883281944e+01,5.354488640713211289e+00,6.348710345176436931e+01,3.985439986848949179e+00,4.879624923576791673e+01,4.568139731852022045e+00
-1.821172105384683548e-01,3.997300460769382946e-01,5.542214846323773259e+01,6.572302666937321192e+01,5.354576322430014912e+00,6.355056648597451385e+01,4.004457510221986816e+00,5.006486378288580852e+01,4.661850549028677904e+00
-1.821172105384683548e-01,6.761168191154072193e-01,5.288402058172125919e+01,6.270138631673034979e+01,5.354772760074236970e+00,5.919572210799208278e+01,4.024678313591703471e+00,4.686347192552756979e+01,4.898295430165072517e+00
-1.821172105384683548e-01,9.525035921538762551e-01,4.683649100043524527e+01,5.792296934968180722e+01,5.354797383623647100e+00,5.157626870761176008e+01,3.999957339448800830e+00,3.920440470274695599e+01,4.443298613983519552e+00
-1.821172105384683548e-01,1.228890365192345291e+00,3.884750688465082646e+01,5.196441599391255295e+01,5.354743081799930415e+00,4.209030629913637256e+01,3.988185529031786469e+00,3.104309931354814012e+01,4.452643794999230131e+00
-1.821172105384683548e-01,1.505277138230814327e+00,3.249668238457662284e+01,4.589335785508592380e+01,5.355022973065879377e+00,3.323606463573898395e+01,4.017090386773565669e+00,2.542461951367814876e+01,4.512565991860045145e+00
-1.821172105384683548e-01,1.781663911269283140e+00,2.934248709524641185e+01,4.134313036344974535e+01,5.355400442511916381e+00,2.879884145335790890e+01,4.043612700538269600e+00,2.310876014763596942e+01,4.727967911760973863e+00
-1.821172105384683548e-01,2.058050684307752398e+00,2.893146818283203814e+01,3.979068932192603825e+01,5.355274990678425162e+00,2.977759100346770538e+01,4.035828265453518249e+00,2.488166324580194910e+01,4.709597632851604487e+00
-1.821172105384683548e-01,2.334437457346221212e+00,3.095602171414446602e+01,4.165294391220231773e+01,5.355284719205521959e+00,3.230263143479169230e+01,4.050965975922394158e+00,2.825675253548583044e+01,4.880451284499804920e+00
-1.821172105384683548e-01,2.610824230384690026e+00,3.701009993237124718e+01,4.585885007945944380e+01,5.357151349606119162e+00,3.420074953751259272e+01,4.130018917021869740e+00,3.126139617287815042e+01,5.179383027960014374e+00
-1.821172105384683548e-01,2.887211003423159283e+00,4.697359883908615075e+01,5.006918907223462156e+01,5.356249478129287311e+00,4.066910574261282818e+01,4.171139582627278131e+00,3.496831479295941136e+01,5.605084296873839023e+00
-1.821172105384683548e-01,3.163597776461628097e+00,5.916371923789127152e+01,5.144133667376991070e+01,5.346521209579774947e+00,5.725734107792300165e+01,4.597134311092178294e+00,3.798419702368966711e+01,6.510497432619072988e+00
8.789115000000102818e-02,-3.469684776461626541e+00,6.583273658373300918e+01,6.158504614365665475e+01,5.351773291476559891e+00,6.299583236638574135e+01,4.587317105334289380e+00,4.585603224231145703e+01,6.646500164202137739e+00
8.789115000000102818e-02,-3.193298003423157727e+00,6.304097748390148581e+01,6.760379909263428999e+01,5.355080800606519809e+00,6.544987466675291898e+01,4.162842962263670898e+00,5.219332427114920847e+01,5.608980809436551418e+00
8.789115000000102818e-02,-2.916911230384688469e+00,6.024921838406997665e+01,6.735109506715525640e+01,5.356355869188770491e+00,6.556262641886451092e+01,4.156015835848792861e+00,5.454307527571420877e+01,5.444372220051215017e+00
8.789115000000102818e-02,-2.640524457346219656e+00,5.583088134741952047e+01,6.329672749016754096e+01,5.354595834296607570e+00,6.188938139225490431e+01,4.026262296724273604e+00,5.237799263136553662e+01,5.015825394596594933e+00
8.789115000000102818e-02,-2.364137684307750398e+00,4.941251828637182086e+01,5.839305732322827680e+01,5.354571655483341353e+00,5.545072066672332767e+01,3.997545024040370709e+00,4.579213739074434386e+01,5.172014978965823850e+00
8.789115000000102818e-02,-2.087750911269281584e+00,4.320385179748976157e+01,5.435180713138106512e+01,5.354950679463607699e+00,4.917789391219389472e+01,4.049793164390409927e+00,3.736651932845518331e+01,5.519411220762229675e+00
8.789115000000102818e-02,-1.811364138230812770e+00,3.823385901459624847e+01,5.139583270483126398e+01,5.354704055305845145e+00,4.455757452576608557e+01,4.037171384452562073e+00,3.117388174935754819e+01,4.741808514179369993e+00
8.789115000000102818e-02,-1.534977365192343735e+00,3.526907028327904925e+01,4.947539528897323180e+01,5.354377791180866986e+00,4.095286283036580244e+01,3.971752724462732864e+00,2.701442025056880070e+01,4.410382002411769697e+00
8.789115000000102818e-02,-1.258590592153874699e+00,3.550870549792887232e+01,4.928545503369423386e+01,5.354702017288224702e+00,3.862327971095783141e+01,3.992801608684271031e+00,2.517160805520637368e+01,4.511753668708031739e+00
8.789115000000102818e-02,-9.822038191154056630e-01,3.948419352972766205e+01,5.169297616041512811e+01,5.355131265477139912e+00,3.963224278399093237e+01,4.056975010935665260e+00,2.710628112811005153e+01,4.917135580334888623e+00
8.789115000000102818e-02,-7.058170460769367383e-01,4.504138407801151800e+01,5.625509481830522418e+01,5.354969541593926685e+00,4.488951414800840212e+01,4.021549124221679428e+00,3.186290081932742169e+01,4.641934270148098562e+00
8.789115000000102818e-02,-4.294302730384677580e-01,4.933131478334254894e+01,6.082304094982828246e+01,5.354584820633047748e+00,5.227543638262000059e+01,3.961556639139681923e+00,3.798610897574911149e+01,4.373123245616978849e+00
8.789115000000102818e-02,-1.530434999999996659e-01,5.219466294855160982e+01,6.299986541704129195e+01,5.354570235151581592e+00,5.803155079346493039e+01,3.995901421711985257e+00,4.368618942634045510e+01,4.558486990992535404e+00
8.789115000000102818e-02,1.233432730384693143e-01,5.299124221065252982e+01,6.195039811275637476e+01,5.354721164463999372e+00,5.905629531790191322e+01,4.048568657680621463e+00,4.560403855177835908e+01,4.832586334796419081e+00
8.789115000000102818e-02,3.997300460769382946e-01,5.132723803206604885e+01,5.865863076634559548e+01,5.354693293955280708e+00,5.481677576724388246e+01,4.003817724069834938e+00,4.350265879994685037e+01,4.521898780875072354e+00
8.789115000000102818e-02,6.761168191154072193e-01,4.602737050573240651e+01,5.463209647690382553e+01,5.354802456681758471e+00,4.791998431711493822e+01,3.963113577851085534e+00,3.861184165684764480e+01,4.334685499293353672e+00
8.789115000000102818e-02,9.525035921538762551e-01,3.812623379875387286e+01,5.072954834857227979e+01,5.355157685965044934e+00,4.161952663352144555e+01,4.007182568407362311e+00,3.163505706896972924e+01,4.822831331321889792e+00
8.789115000000102818e-02,1.228890365192345291e+00,3.247293441219871823e+01,4.723707854502572445e+01,5.355162078745211218e+00,3.682328921589748916e+01,4.042073875660174842e+00,2.635647595797848552e+01,5.055508664099500393e+00
8.789115000000102818e-02,1.505277138230814327e+00,3.052975858997691816e+01,4.459324052035663044e+01,5.354918389198893180e+00,3.333905482128051290e+01,3.995020151485054072e+00,2.454705077423901116e+01,4.466325006255040364e+00
8.789115000000102818e-02,1.781663911269283140e+00,3.150979928885641712e+01,4.357973596936062677e+01,5.355107728169363313e+00,3.246280792307959473e+01,3.993086229261894715e+00,2.577065436252528485e+01,4.499706424561914275e+00
8.789115000000102818e-02,2.058050684307752398e+00,3.411955979000094885e+01,4.475682302536733914e+01,5.355446688649413645e+00,3.479834140524440045e+01,4.082974211428405553e+00,2.996810295651393830e+01,4.974304857379020284e+00
8.789115000000102818e-02,2.334437457346221212e+00,3.888047961142231657e+01,4.784150618842977565e+01,5.355450642570612096e+00,3.773763892073952775e+01,4.114009381210783189e+00,3.421739757839016960e+01,5.148265777872748750e+00
8.789115000000102818e-02,2.610824230384690026e+00,4.665334003402608687e+01,5.155155404316792556e+01,5.356374780833545124e+00,4.003505759079689597e+01,4.057948152806042152e+00,3.646639566388031284e+01,5.337821697065148641e+00
8.789115000000102818e-02,2.887211003423159283e+00,5.612000809825664760e+01,5.384812468696691212e+01,5.355812954245731561e+00,4.642852913998740405e+01,4.092995345663255513e+00,3.842529225778014990e+01,6.000430807484063322e+00
8.789115000000102818e-02,3.163597776461628097e+00,6.311470950300633831e+01,5.244149309886415722e+01,5.349668937477969344e+00,6.162090122093832179e+01,4.706773914095072620e+00,3.984193531941396316e+01,6.869085551196578265e+00
3.578995105384699671e-01,-3.469684776461626541e+00,5.144774224763818893e+01,5.175657432429579785e+01,5.349798318714521272e+00,4.613410761792076187e+01,4.647274339444567914e+00,3.412380762489394215e+01,6.483623169149677956e+00
3.578995105384699671e-01,-3.193298003423157727e+00,4.746950907194366209e+01,5.463716825040319236e+01,5.354951039458125450e+00,4.703633789714064051e+01,4.135379544409734542e+00,3.715591016995635698e+01,5.540807985504069499e+00
3.578995105384699671e-01,-2.916911230384688469e+00,4.349127589624913526e+01,5.216182604204368545e+01,5.356072989767694636e+00,4.547139651634614665e+01,4.108449157435817511e+00,3.722221969865743318e+01,5.624175584642022940e+00
3.578995105384699671e-01,-2.640524457346219656e+00,3.943054291582848236e+01,4.789108948171633529e+01,5.354338763295725556e+00,4.186697564810094718e+01,4.029519693024846916e+00,3.438040468227995916e+01,5.854337820791937652e+00
3.578995105384699671e-01,-2.364137684307750398e+00,3.560164809700368238e+01,4.494117563496547518e+01,5.354350532391969786e+00,3.809078244282045489e+01,4.009193576753983912e+00,2.976858475766320922e+01,5.574796073892880344e+00
3.578995105384699671e-01,-2.087750911269281584e+00,3.301604507356842788e+01,4.439393103370821336e+01,5.354816478343111363e+00,3.664402816166648336e+01,4.022905821742400079e+00,2.534809875113863598e+01,4.872812786648281325e+00
3.578995105384699671e-01,-1.811364138230812770e+00,3.143148787343547568e+01,4.543780450421036221e+01,5.354762237056577057e+00,3.800871985444746315e+01,4.017259118855911026e+00,2.293983339872248806e+01,4.597591159636040814e+00
3.578995105384699671e-01,-1.534977365192343735e+00,3.188943257988168867e+01,4.692482381517038448e+01,5.354509044604014889e+00,3.982641278551091091e+01,3.992359563360890817e+00,2.193865234802569475e+01,4.470722015152560402e+00
3.578995105384699671e-01,-1.258590592153874699e+00,3.476178126610848551e+01,4.862867204534268240e+01,5.354597990042574196e+00,4.009556048180093057e+01,3.995794538065417179e+00,2.292160661551090328e+01,4.480453047289144841e+00
3.578995105384699671e-01,-9.822038191154056630e-01,3.876385844147519322e+01,5.088625053568830481e+01,5.354796058221255706e+00,3.985542822865272683e+01,4.016675895700354992e+00,2.578544211762901384e+01,4.589452844672393006e+00
3.578995105384699671e-01,-7.058170460769367383e-01,4.140651126420732453e+01,5.328424331727001118e+01,5.354757689114755692e+00,4.125267448842851081e+01,4.004483297133473840e+00,2.865930495836414238e+01,4.442631487042246086e+00
3.578995105384699671e-01,-4.294302730384677580e-01,4.293049148849296159e+01,5.428087041901744669e+01,5.354616357380317382e+00,4.394208798439331076e+01,3.987846602584062428e+00,3.097183855067532221e+01,4.515867204145423308e+00
3.578995105384699671e-01,-1.530434999999996659e-01,4.266537217252566450e+01,5.249052036058128579e+01,5.354639286459247138e+00,4.469150884521877742e+01,3.996449530865417543e+00,3.211499102588244625e+01,4.543902017142294802e+00
3.578995105384699671e-01,1.233432730384693143e-01,4.072835622649047593e+01,4.820056304826721316e+01,5.354728735999011668e+00,4.071242991397537025e+01,4.014907838622965741e+00,3.020352580119538999e+01,5.058815864355427294e+00
3.578995105384699671e-01,3.997300460769382946e-01,3.702447450898417003e+01,4.331993177605181700e+01,5.354696785992920205e+00,3.326005903282998588e+01,3.997184281156477947e+00,2.603469962971195883e+01,5.448478160861968789e+00
3.578995105384699671e-01,6.761168191154072193e-01,3.076252638030729614e+01,3.983745898509368999e+01,5.354783238219659403e+00,2.721225489807079612e+01,3.979561967320253135e+00,2.188508636528826301e+01,5.446178656619069969e+00
3.578995105384699671e-01,9.525035921538762551e-01,2.564770668567370748e+01,3.851817467863293132e+01,5.355046998160024607e+00,2.612494307887573086e+01,3.992841198689067728e+00,1.915660387442650858e+01,5.307817147480535347e+00
3.578995105384699671e-01,1.228890365192345291e+00,2.490569161138462206e+01,3.898988979949353961e+01,5.355036049875459447e+00,2.868776243018101013e+01,4.013089672130950802e+00,1.930585031311917277e+01,4.803978124038259523e+00
3.578995105384699671e-01,1.505277138230814327e+00,2.706110618976235216e+01,4.062429365267598769e+01,5.354935055050434656e+00,3.164483334121996450e+01,4.003473103879817252e+00,2.169734075155678354e+01,4.451046911254882943e+00
3.578995105384699671e-01,1.781663911269283140e+00,3.069851584807959100e+01,4.302386336618656060e+01,5.355188858163919541e+00,3.426687614668233550e+01,4.008570782162172108e+00,2.553325462049025774e+01,4.508285827934180645e+00
3.578995105384699671e-01,2.058050684307752398e+00,3.516425039503828742e+01,4.585351408745918889e+01,5.355314260793533343e+00,3.703242701209671850e+01,4.046715214031074481e+00,3.073773347322621419e+01,4.671521205859324510e+00
3.578995105384699671e-01,2.334437457346221212e+00,4.081451194636277080e+01,4.856928549051554000e+01,5.355088056020498755e+00,3.859857686816849309e+01,4.076186021201695375e+00,3.459551085863225950e+01,4.895590859018597918e+00
3.578995105384699671e-01,2.610824230384690026e+00,4.566498283718173923e+01,5.034105164137145039e+01,5.356078836687546030e+00,3.876576307095024276e+01,4.091655786520277616e+00,3.511314753425173762e+01,5.463629907099898375e+00
3.578995105384699671e-01,2.887211003423159283e+00,4.805141839205387555e+01,4.999403026115032844e+01,5.356356964646248997e+00,4.213190126627205245e+01,4.130209636804817563e+00,3.476989408373421497e+01,5.961937531258613809e+00
3.578995105384699671e-01,3.163597776461628097e+00,4.730096123398696761e+01,4.601814233335608151e+01,5.349506590594936384e+00,5.316198303430087435e+01,4.532069026889013585e+00,3.489070579698005758e+01,6.382739989531705405e+00
6.279078710769389060e-01,-3.469684776461626541e+00,3.255791779333365810e+01,3.787526576797972666e+01,5.349375931229359615e+00,2.938176338824180789e+01,4.697141705892827979e+00,2.058855313851599789e+01,6.224909621275348748e+00
6.279078710769389060e-01,-3.193298003423157727e+00,2.998934728468790212e+01,3.852187132738617947e+01,5.354951755572233907e+00,2.893520639909007741e+01,4.076470199194661248e+00,2.052887487911680964e+01,5.364626411564493047e+00
6.279078710769389060e-01,-2.916911230384688469e+00,2.742077677604214969e+01,3.592644268873118563e+01,5.355453607336625232e+00,2.760042562931806742e+01,4.032740941660793332e+00,2.027025474730668719e+01,5.243422828250270840e+00
6.279078710769389060e-01,-2.640524457346219656e+00,2.561648119999310680e+01,3.371881726913125021e+01,5.354181231062110413e+00,2.633148335657597272e+01,4.049170094226243855e+00,1.962895381524969451e+01,4.933121033614532358e+00
6.279078710769389060e-01,-2.364137684307750398e+00,2.459258027237854449e+01,3.402555470159131801e+01,5.354313264274896511e+00,2.574840092088152232e+01,4.040939934170896919e+00,1.784555430044213153e+01,4.664994290240211505e+00
6.279078710769389060e-01,-2.087750911269281584e+00,2.463748355743203078e+01,3.670013390908570727e+01,5.354555196950572693e+00,2.706646336325775337e+01,3.982902758569009993e+00,1.508465436125931447e+01,4.420860543758720063e+00
6.279078710769389060e-01,-1.811364138230812770e+00,2.506597961841120181e+01,4.011175575778906932e+01,5.354612695451786308e+00,3.101032946857117167e+01,3.983196056550610820e+00,1.391140659715297545e+01,4.428673781791732544e+00
6.279078710769389060e-01,-1.534977365192343735e+00,2.709416434550176334e+01,4.275697940628742799e+01,5.354682649806217221e+00,3.550485211322666146e+01,4.027581298748756922e+00,1.510023843809702981e+01,4.709594367042055474e+00
6.279078710769389060e-01,-1.258590592153874699e+00,2.954547360237499376e+01,4.427764762865990633e+01,5.354651725896800940e+00,3.719460167350803204e+01,4.007983067867549209e+00,1.779182327530077856e+01,4.556407027686256050e+00
6.279078710769389060e-01,-9.822038191154056630e-01,3.129068595632140415e+01,4.504074876540835248e+01,5.354508939917100641e+00,3.569827244270754818e+01,3.957529959936362918e+00,2.003488615972196030e+01,4.290151038311009302e+00
6.279078710769389060e-01,-7.058170460769367383e-01,3.145004378360042452e+01,4.497737707637861604e+01,5.354600762598684227e+00,3.379043372350247409e+01,3.982315419610237051e+00,2.060864742965321739e+01,4.356415350946183374e+00
6.279078710769389060e-01,-4.294302730384677580e-01,3.070373569080698672e+01,4.324506689144618576e+01,5.354829604358117834e+00,3.278257502382791699e+01,4.035019079548931131e+00,2.004262349215163752e+01,4.829186017799487196e+00
6.279078710769389060e-01,-1.530434999999996659e-01,2.876964709730214764e+01,3.927295725809381111e+01,5.354818180558091889e+00,3.026771742168455148e+01,3.998834923954357912e+00,1.824605366684681229e+01,4.548545164887802805e+00
6.279078710769389060e-01,1.233432730384693143e-01,2.597374913270959951e+01,3.395329426292300923e+01,5.354648148472475278e+00,2.404890709385904302e+01,3.955658107089516484e+00,1.461402535786473322e+01,4.447083189941400505e+00
6.279078710769389060e-01,3.997300460769382946e-01,2.151645090822412953e+01,2.943660481133701978e+01,5.354601605419308186e+00,1.668556732583124358e+01,3.985270220081089665e+00,1.047360377703495971e+01,4.779883076194374247e+00
6.279078710769389060e-01,6.761168191154072193e-01,1.708890387758126650e+01,2.762427450814720942e+01,5.354684795975677147e+00,1.369210926188384292e+01,4.015710767979510543e+00,8.523487208868242959e+00,5.090725125213896973e+00
6.279078710769389060e-01,9.525035921538762551e-01,1.614600666123437378e+01,2.892820052697061328e+01,5.354692592343278434e+00,1.724570996822035340e+01,3.978430293898693293e+00,1.008608982355919359e+01,4.613852009176517832e+00
6.279078710769389060e-01,1.228890365192345291e+00,1.897842507918528199e+01,3.237401144712202949e+01,5.354649280694511404e+00,2.395644221511997785e+01,3.965297573096582262e+00,1.421202688723899143e+01,4.349204830988780301e+00
6.279078710769389060e-01,1.505277138230814327e+00,2.312322244260916193e+01,3.654452972238505026e+01,5.354981545339219551e+00,2.963749246983104513e+01,4.018368171603255767e+00,1.905936905900091816e+01,4.534286289138373505e+00
6.279078710769389060e-01,1.781663911269283140e+00,2.785516440491685231e+01,4.028735984984814422e+01,5.355465068377271542e+00,3.356191323111278280e+01,4.042643397255712756e+00,2.372588068106865222e+01,4.709787000381098210e+00
6.279078710769389060e-01,2.058050684307752398e+00,3.204922538271391375e+01,4.288226876081171213e+01,5.355239398119541860e+00,3.614248602625343665e+01,3.997071152572976960e+00,2.790273599235015212e+01,4.471719952318140123e+00
6.279078710769389060e-01,2.334437457346221212e+00,3.506434673494906917e+01,4.400575584491343761e+01,5.354752304969086829e+00,3.585950910664109870e+01,4.020020662566794023e+00,2.978471445066073997e+01,4.688104230283255625e+00
6.279078710769389060e-01,2.610824230384690026e+00,3.518157182495173174e+01,4.357112649422924733e+01,5.356142024890083064e+00,3.240245162085238917e+01,4.154299044594856660e+00,2.801739417929574216e+01,5.482823707085358045e+00
6.279078710769389060e-01,2.887211003423159283e+00,3.265187009821802633e+01,4.126315915233863052e+01,5.357445885024433530e+00,3.031726440996544625e+01,4.212857453811627018e+00,2.533055157035760274e+01,5.841953427729050574e+00
6.279078710769389060e-01,3.163597776461628097e+00,2.960290760614975625e+01,3.608164144949842012e+01,5.348194367875881206e+00,3.482199338436589642e+01,4.317630189112907857e+00,2.433130775759411080e+01,6.068804476733008713e+00
8.979162316154079004e-01,-3.469684776461626541e+00,1.939959441219199121e+01,2.873714105271938024e+01,5.348425395095162571e+00,2.218311475761845486e+01,4.624473116631022229e+00,1.226532883160845522e+01,6.046891116109873288e+00
8.979162316154079004e-01,-3.193298003423157727e+00,1.914097375314500482e+01,2.872235081322287442e+01,5.355454601450508001e+00,2.148863211175188326e+01,4.106966646889812722e+00,1.073559758216139493e+01,5.255169510379410269e+00
8.979162316154079004e-01,-2.916911230384688469e+00,1.888235309409801488e+01,2.761517642210674239e+01,5.355549884379394499e+00,2.124510622296935480e+01,4.075998550167343915e+00,1.096282096359714942e+01,5.093812471212609161e+00
8.979162316154079004e-01,-2.640524457346219656e+00,1.961652354807444709e+01,2.821336855630943319e+01,5.354276456894953462e+00,2.222620400459686607e+01,4.034332470384036640e+00,1.212966020797979816e+01,4.588856808813533306e+00
8.979162316154079004e-01,-2.364137684307750398e+00,2.071374605117864931e+01,3.106729069715220248e+01,5.354427485860648872e+00,2.320821708828793817e+01,4.020316803056770638e+00,1.145854224681156808e+01,4.467740626040384910e+00
8.979162316154079004e-01,-2.087750911269281584e+00,2.177505931136496287e+01,3.491546276637382107e+01,5.354600744311439620e+00,2.412765512786108957e+01,4.005676025414680375e+00,8.904625852595289714e+00,4.629890478198634085e+00
8.979162316154079004e-01,-1.811364138230812770e+00,2.242897975655236209e+01,3.805045059331314405e+01,5.354578902397049589e+00,2.675354296098180384e+01,3.998897493231633238e+00,8.469413087858995937e+00,4.545794155605779707e+00
8.979162316154079004e-01,-1.534977365192343735e+00,2.338345285483230285e+01,3.953150596758496249e+01,5.354707158770069420e+00,3.064097990426648721e+01,4.000000857764082873e+00,1.058620243503632352e+01,4.492498903726319881e+00
8.979162316154079004e-01,-1.258590592153874699e+00,2.337025920594362560e+01,3.950677551852277247e+01,5.354849115188080155e+00,3.226023610851802914e+01,3.991022859938344158e+00,1.300187913260099748e+01,4.468595790070688523e+00
8.979162316154079004e-01,-9.822038191154056630e-01,2.267743664235566214e+01,3.859245434455078794e+01,5.354764460327558595e+00,3.010963809251575185e+01,3.983916476733478262e+00,1.365773186052085109e+01,4.313986601452891811e+00
8.979162316154079004e-01,-7.058170460769367383e-01,2.151439300701860802e+01,3.700581933056673734e+01,5.354733126983148850e+00,2.701216001850389148e+01,3.991426260755450706e+00,1.272592996488549133e+01,4.621714137850018389e+00
8.979162316154079004e-01,-4.294302730384677580e-01,2.009098646730904036e+01,3.440719265455118148e+01,5.354887952620398295e+00,2.520914397873025337e+01,4.002720261453920791e+00,1.154331940766716613e+01,4.613094730826542644e+00
8.979162316154079004e-01,-1.530434999999996659e-01,1.821731576425010957e+01,3.067515326645661844e+01,5.354942953381285342e+00,2.278570377700452809e+01,3.988555446855063025e+00,9.295891683219593915e+00,4.283178695941511016e+00
8.979162316154079004e-01,1.233432730384693143e-01,1.525145182739206362e+01,2.670064409058977617e+01,5.354801716914619369e+00,1.780583590676178574e+01,3.977260351103404812e+00,5.590419549903273833e+00,4.239044912643583629e+00
8.979162316154079004e-01,3.997300460769382946e-01,1.229341849365386352e+01,2.413589783349743811e+01,5.354688986359012581e+00,1.308722025564338765e+01,3.979154522856347853e+00,2.670044352063371207e+00,4.281741341055565364e+00
8.979162316154079004e-01,6.761168191154072193e-01,1.154308277521950821e+01,2.422220641449530376e+01,5.354697942122517595e+00,1.326594440619101078e+01,3.988159590500839791e+00,3.553948003952630330e+00,4.345330941894650856e+00
8.979162316154079004e-01,9.525035921538762551e-01,1.362400141900152306e+01,2.689262942090135766e+01,5.354676176889840988e+00,1.847815163870063770e+01,3.986722198442599563e+00,8.278832735093541118e+00,4.215597436623658822e+00
8.979162316154079004e-01,1.228890365192345291e+00,1.775302451079676302e+01,3.094862672956514871e+01,5.354640256259601827e+00,2.441142093443795602e+01,3.991720354027102236e+00,1.372442121406836435e+01,4.328694218445883202e+00
8.979162316154079004e-01,1.505277138230814327e+00,2.191089110564383802e+01,3.489513021613674937e+01,5.354958846134040051e+00,2.831314933263331568e+01,4.003319679109480944e+00,1.828303649204598713e+01,4.459019047414403580e+00
8.979162316154079004e-01,1.781663911269283140e+00,2.533527015287752349e+01,3.760367971719097113e+01,5.355468129458301085e+00,3.128849743503371883e+01,4.013272301365548245e+00,2.189835346631214819e+01,4.564187792480869810e+00
8.979162316154079004e-01,2.058050684307752398e+00,2.712642355889984103e+01,3.857294130275113275e+01,5.355348020360771066e+00,3.374910527808879124e+01,4.017811397602948809e+00,2.411076171160705783e+01,4.481416632536378231e+00
8.979162316154079004e-01,2.334437457346221212e+00,2.652555862600600989e+01,3.796428964965889463e+01,5.354764465299632903e+00,3.272918812257580612e+01,4.046673976279579144e+00,2.346882655500117920e+01,4.690304853724303946e+00
8.979162316154079004e-01,2.610824230384690026e+00,2.400089253802738298e+01,3.631175913289916934e+01,5.355833712927928758e+00,2.667380575419929301e+01,4.105722383014690280e+00,1.921967422591002617e+01,5.201366356561353044e+00
8.979162316154079004e-01,2.887211003423159283e+00,2.089409608565197729e+01,3.374552873920038110e+01,5.357722539728347222e+00,1.987560818480278613e+01,4.161708334849177682e+00,1.448676190390389884e+01,5.705843050490984503e+00
8.979162316154079004e-01,3.163597776461628097e+00,1.897699150137368562e+01,2.926535942700138548e+01,5.348872066925514090e+00,1.851891246717832473e+01,4.304348684085803178e+00,1.292355522442879767e+01,5.914488212692059044e+00
1.167924592153876784e+00,-3.469684776461626541e+00,1.700988016501976574e+01,2.846951711187284673e+01,5.348165318343237828e+00,2.373516594696496895e+01,4.541227147215716187e+00,1.188387327604664812e+01,6.069626728872036914e+00
1.167924592153876784e+00,-3.193298003423157727e+00,1.899110786484780888e+01,2.883454349001840455e+01,5.355805026815376735e+00,2.341743584019593527e+01,4.155264275343798275e+00,1.075926961369734158e+01,5.357842737024400392e+00
1.167924592153876784e+00,-2.916911230384688469e+00,2.097233556467585913e+01,2.960562556403601775e+01,5.355926437978066446e+00,2.377930610109387999e+01,4.145584560138006580e+00,1.156838301274846081e+01,5.432838409863952833e+00
1.167924592153876784e+00,-2.640524457346219656e+00,2.334442691980775209e+01,3.242453768195264274e+01,5.354774274987061489e+00,2.590934395504291388e+01,4.030988206756177306e+00,1.342609647846756360e+01,4.840886199460065598e+00
1.167924592153876784e+00,-2.364137684307750398e+00,2.529701700523845886e+01,3.638313702953018947e+01,5.354829099833863459e+00,2.769063753491411717e+01,4.001029356038129592e+00,1.323977026341404084e+01,4.858346330464247131e+00
1.167924592153876784e+00,-2.087750911269281584e+00,2.622434620514670556e+01,3.962876285341189941e+01,5.354716161882953962e+00,2.782276705385015703e+01,4.039845302013744366e+00,1.101958041003017819e+01,5.734965311991675918e+00
1.167924592153876784e+00,-1.811364138230812770e+00,2.610128146126755055e+01,4.102509354438370792e+01,5.354377886877494497e+00,2.824886080538158240e+01,4.027880233039924818e+00,1.046890102102110376e+01,5.025472992931818261e+00
1.167924592153876784e+00,-1.534977365192343735e+00,2.510445724564210934e+01,4.062104297588666668e+01,5.354423643227313789e+00,3.002189726068559139e+01,3.975520329401738717e+00,1.137098632532893916e+01,4.395623880530099115e+00
1.167924592153876784e+00,-1.258590592153874699e+00,2.288037357670952687e+01,3.910660963734699180e+01,5.354817084649530656e+00,3.064464482178073013e+01,3.982714868724574142e+00,1.223222083322249887e+01,4.348616961504652600e+00
1.167924592153876784e+00,-9.822038191154056630e-01,2.070747666654452601e+01,3.710023279060987988e+01,5.354935168457034322e+00,2.845191499303223281e+01,4.027738803065598283e+00,1.199469241404067787e+01,4.746230084979600861e+00
1.167924592153876784e+00,-7.058170460769367383e-01,1.910844649447537691e+01,3.483624211730057141e+01,5.354723549927181026e+00,2.578494844572560396e+01,4.006938564884257481e+00,1.106835645929501766e+01,5.029916830875473366e+00
1.167924592153876784e+00,-4.294302730384677580e-01,1.772441368320477295e+01,3.234366604341630591e+01,5.354630307609601125e+00,2.472135879426684824e+01,3.963990643335821851e+00,1.038613805767783127e+01,4.497624404175668111e+00
1.167924592153876784e+00,-1.530434999999996659e-01,1.632685679731602590e+01,2.987634112138039200e+01,5.354753106219697578e+00,2.341872487833086325e+01,3.982048925418081087e+00,8.391730509763778656e+00,4.322940195493885085e+00
1.167924592153876784e+00,1.233432730384693143e-01,1.418476755379842658e+01,2.813461679795727832e+01,5.354825128107748355e+00,2.016795059095011311e+01,4.017819662954804194e+00,5.297399512822213552e+00,4.645678174093472279e+00
1.167924592153876784e+00,3.997300460769382946e-01,1.373998107403585145e+01,2.793609240801742999e+01,5.354800899113143942e+00,1.777680792631326767e+01,3.987927648843049955e+00,4.144640426211349649e+00,4.555933875090302010e+00
1.167924592153876784e+00,6.761168191154072193e-01,1.562268342871666604e+01,2.956564704298943980e+01,5.354798140043365073e+00,1.991407099905609357e+01,3.962995867480329171e+00,7.213400083998696033e+00,4.273976478111001676e+00
1.167924592153876784e+00,9.525035921538762551e-01,1.898088896412509996e+01,3.245776721298898337e+01,5.354767247227058213e+00,2.518049118530734631e+01,4.001806921180271814e+00,1.320910906643634597e+01,4.358314930426085532e+00
1.167924592153876784e+00,1.228890365192345291e+00,2.308571222037208059e+01,3.551599191908462672e+01,5.354644901075560348e+00,2.887664328154460236e+01,4.031535181165650350e+00,1.818084209149819941e+01,4.591473295232565199e+00
1.167924592153876784e+00,1.505277138230814327e+00,2.618382719079517429e+01,3.769565360427804990e+01,5.354702276254476701e+00,2.977322605156371083e+01,3.993764980730148739e+00,2.098912361345431776e+01,4.785198913237747043e+00
1.167924592153876784e+00,1.781663911269283140e+00,2.754712723660991358e+01,3.838884556508128298e+01,5.355049642124911635e+00,3.088620167379508530e+01,3.990683871098436253e+00,2.268631317392864233e+01,4.881480668628368491e+00
1.167924592153876784e+00,2.058050684307752398e+00,2.672157153444025113e+01,3.759459813712601317e+01,5.355095938253541910e+00,3.308578063543131975e+01,4.057744375988019847e+00,2.339726486080203927e+01,4.731448463285889972e+00
1.167924592153876784e+00,2.334437457346221212e+00,2.397632574783100168e+01,3.595399792229363811e+01,5.354638489584514716e+00,3.250315687041234014e+01,4.086205954011298935e+00,2.131050324685008235e+01,4.893412553746276039e+00
1.167924592153876784e+00,2.610824230384690026e+00,2.088391873030190737e+01,3.437300894282816444e+01,5.355528726059493927e+00,2.660871716604651738e+01,4.051942810403653006e+00,1.573324660487753768e+01,5.018021135838598212e+00
1.167924592153876784e+00,2.887211003423159283e+00,1.890908312064112451e+01,3.306432377125747735e+01,5.357421825962124018e+00,1.921590447466451224e+01,4.093565252370682472e+00,1.044028969900404746e+01,5.651899042874332757e+00
1.167924592153876784e+00,3.163597776461628097e+00,1.915124458133224650e+01,3.070032380994962296e+01,5.349742618454380150e+00,1.636866446987960444e+01,4.377085702890512131e+00,9.084411205749546525e+00,6.028902191185030901e+00
1.437932952692345667e+00,-3.469684776461626541e+00,2.626185641227596435e+01,3.590602152379142353e+01,5.349516575826092968e+00,2.984877382183162808e+01,4.545146690955532698e+00,1.750065342236438326e+01,6.088287825722650481e+00
1.437932952692345667e+00,-3.193298003423157727e+00,2.936668352834063711e+01,3.681705761160264956e+01,5.355207169619855101e+00,3.052710053348772590e+01,4.110194407663349203e+00,1.802366806014671852e+01,5.374162664895322905e+00
1.437932952692345667e+00,-2.916911230384688469e+00,3.247151064440530632e+01,3.892679281088203425e+01,5.355527956899136299e+00,3.119286298981245409e+01,4.097705147504956180e+00,1.971111369644454214e+01,5.758356460089480322e+00
1.437932952692345667e+00,-2.640524457346219656e+00,3.551713259236280607e+01,4.299570925014995737e+01,5.355438599581433756e+00,3.384823102423456476e+01,4.069899586733393804e+00,2.228126824857287147e+01,5.711411658097148347e+00
1.437932952692345667e+00,-2.364137684307750398e+00,3.743817840967059851e+01,4.719879972226772225e+01,5.355700873697569975e+00,3.679609297413162494e+01,4.042730627419642175e+00,2.366680021900796049e+01,5.316694709073890301e+00
1.437932952692345667e+00,-2.087750911269281584e+00,3.801047937302683977e+01,4.955562209043273469e+01,5.354949890606614638e+00,3.761972622277244227e+01,4.015755671571053398e+00,2.255366829525598504e+01,5.277399190467389367e+00
1.437932952692345667e+00,-1.811364138230812770e+00,3.719566415235314594e+01,4.962981384318118216e+01,5.354112470917129052e+00,3.708367657281928587e+01,4.008439263602415537e+00,2.090072848771486846e+01,4.951316885469019269e+00
1.437932952692345667e+00,-1.534977365192343735e+00,3.512320527364482103e+01,4.823222513458313188e+01,5.354115206334976840e+00,3.692779136935973838e+01,4.012061037758916981e+00,1.952373305623511612e+01,4.846441974581323642e+00
1.437932952692345667e+00,-1.258590592153874699e+00,3.216969154874926318e+01,4.617516003683704184e+01,5.354533616497652915e+00,3.641635457337110893e+01,4.005734900419713362e+00,1.884266596915714587e+01,4.704254553011906204e+00
1.437932952692345667e+00,-9.822038191154056630e-01,2.933404972008024458e+01,4.368800086073315470e+01,5.354605482985807186e+00,3.444992765871393203e+01,3.995700108188718236e+00,1.857296105759534299e+01,4.640678890767016895e+00
1.437932952692345667e+00,-7.058170460769367383e-01,2.759185393925988450e+01,4.082696871068765176e+01,5.354405081156067503e+00,3.244853741758868182e+01,3.992727610205629940e+00,1.851608734214891427e+01,4.494657888050554995e+00
1.437932952692345667e+00,-4.294302730384677580e-01,2.635374544990840917e+01,3.804062634502042783e+01,5.354318364306104527e+00,3.170183899828236918e+01,3.995146835621801618e+00,1.848508343318389180e+01,4.390377843618095355e+00
1.437932952692345667e+00,-1.530434999999996659e-01,2.503227177078615640e+01,3.616995688614406390e+01,5.354369035206136829e+00,3.049281169966718608e+01,3.986257313543795533e+00,1.694048941251791263e+01,4.294693241268470629e+00
1.437932952692345667e+00,1.233432730384693143e-01,2.429320446957307666e+01,3.594566440697963117e+01,5.354475482524602370e+00,2.745378969154012339e+01,3.986126769251149504e+00,1.483181591497711516e+01,4.539450091643363550e+00
1.437932952692345667e+00,3.997300460769382946e-01,2.527934324243070208e+01,3.748497951094032032e+01,5.354706910151415755e+00,2.541822583583257256e+01,3.993979531510369441e+00,1.497532660751445022e+01,4.571849858647965448e+00
1.437932952692345667e+00,6.761168191154072193e-01,2.830054985176242610e+01,4.018398210344457766e+01,5.354864118811080154e+00,2.796302769749286199e+01,4.001066129253938009e+00,1.828349925588196712e+01,4.498279611368006137e+00
1.437932952692345667e+00,9.525035921538762551e-01,3.188815111711216943e+01,4.304575159315572819e+01,5.354648291338269139e+00,3.352319454783923902e+01,3.994768133803137111e+00,2.325755386912448586e+01,4.333386182714457746e+00
1.437932952692345667e+00,1.228890365192345291e+00,3.539198823286207585e+01,4.514978809392050607e+01,5.354281288950413220e+00,3.698739796943061720e+01,3.998325257966508506e+00,2.705732356894387891e+01,4.576095317182060640e+00
1.437932952692345667e+00,1.505277138230814327e+00,3.721555387231637724e+01,4.592198707440547878e+01,5.354260736836168100e+00,3.682060381216268752e+01,4.014306451126996578e+00,2.849092810347430316e+01,5.248344278698632515e+00
1.437932952692345667e+00,1.781663911269283140e+00,3.681224943109387482e+01,4.519622319022164447e+01,5.354513420221617359e+00,3.639589202215859132e+01,4.035366836677487967e+00,2.850376996304319377e+01,5.729030268728416253e+00
1.437932952692345667e+00,2.058050684307752398e+00,3.438502108407512026e+01,4.332171727255263249e+01,5.354464780980261018e+00,3.747057696690967532e+01,4.039410420017527592e+00,2.824563433885693442e+01,4.962675628997371469e+00
1.437932952692345667e+00,2.334437457346221212e+00,3.083443887113354620e+01,4.127127986426057760e+01,5.354361595474522950e+00,3.704864785667473370e+01,4.054325016747868382e+00,2.600824892940265087e+01,4.791968105840159531e+00
1.437932952692345667e+00,2.610824230384690026e+00,2.832799416066477605e+01,4.023911510880861897e+01,5.356004067063615537e+00,3.313538946379117078e+01,4.110174653537668199e+00,2.113749014076364574e+01,5.214234497824114634e+00
1.437932952692345667e+00,2.887211003423159283e+00,2.778932910435174364e+01,4.052389042193681234e+01,5.357317828921193126e+00,2.930325040528055069e+01,4.161736430432545930e+00,1.744561542452661129e+01,5.484106495182893504e+00
1.437932952692345667e+00,3.163597776461628097e+00,2.966466790779994156e+01,4.054147492555057397e+01,5.348453900181148413e+00,3.008998868402068183e+01,4.411595717858769028e+00,1.666598152329308391e+01,6.139534694448918195e+00
1.707941313230814551e+00,-3.469684776461626541e+00,4.053704957031051492e+01,4.711913260038272711e+01,5.350155733320706375e+00,3.778109204093789231e+01,4.573506072381294807e+00,2.624317374503119282e+01,6.718231737080077259e+00
1.707941313230814551e+00,-3.193298003423157727e+00,4.417910569785261998e+01,4.851501956961146789e+01,5.354693021694111543e+00,4.027787126064521317e+01,4.102476039484805881e+00,2.901116728145678536e+01,5.932933577761855481e+00
1.707941313230814551e+00,-2.916911230384688469e+00,4.782116182539472504e+01,5.135924181857990334e+01,5.354911978240745718e+00,4.197766575893274421e+01,4.057560705981819282e+00,3.188451539934508361e+01,6.201358599967601748e+00
1.707941313230814551e+00,-2.640524457346219656e+00,5.102263621852057440e+01,5.606225025605090195e+01,5.355751394741464999e+00,4.536357880488924366e+01,4.103124852637738407e+00,3.485854003828143988e+01,6.769867243804902124e+00
1.707941313230814551e+00,-2.364137684307750398e+00,5.266889686986111485e+01,6.045717226954729995e+01,5.356835326279183462e+00,4.965012818751335999e+01,4.094921933225472266e+00,3.765998515724246687e+01,5.982305330836779511e+00
1.707941313230814551e+00,-2.087750911269281584e+00,5.310366953286690261e+01,6.261070576673228061e+01,5.356174586773180479e+00,5.184304076935654848e+01,4.012597231455687030e+00,3.809751080177765914e+01,5.183720569904584963e+00
1.707941313230814551e+00,-1.811364138230812770e+00,5.218094588046281501e+01,6.248599380075029330e+01,5.354901009911555931e+00,5.127538742225328861e+01,4.004676716840322115e+00,3.612579860361523032e+01,5.162148422847825380e+00
1.707941313230814551e+00,-1.534977365192343735e+00,5.037685465071393764e+01,6.118104282153217355e+01,5.354427036930280437e+00,4.985092825048764098e+01,4.054028064019793653e+00,3.357092295758108946e+01,5.500994238295570327e+00
1.707941313230814551e+00,-1.258590592153874699e+00,4.759511544940833971e+01,5.931561628872441361e+01,5.354575906636915406e+00,4.844529351727214816e+01,4.032524449491717178e+00,3.205509871277339329e+01,5.098323539370443136e+00
1.707941313230814551e+00,-9.822038191154056630e-01,4.465542349260965693e+01,5.665342271212284686e+01,5.354630489026635409e+00,4.646339177863796976e+01,3.975322629580491096e+00,3.148470395685261991e+01,4.550360636235298628e+00
1.707941313230814551e+00,-7.058170460769367383e-01,4.250219981665912883e+01,5.309848860854253871e+01,5.354520410206386138e+00,4.436277819351573726e+01,3.991787843278457260e+00,3.123896474674802093e+01,4.472057098781964335e+00
1.707941313230814551e+00,-4.294302730384677580e-01,4.079792859747784917e+01,4.953346780098945601e+01,5.354439359636112172e+00,4.314133259588817282e+01,4.037314644098653815e+00,3.118954076277837117e+01,4.718537873852310049e+00
1.707941313230814551e+00,-1.530434999999996659e-01,3.966282596592363063e+01,4.742106281461747130e+01,5.354422904432121655e+00,4.182427637588591551e+01,4.006085102477228155e+00,3.084298362756368661e+01,4.575442010700419893e+00
1.707941313230814551e+00,1.233432730384693143e-01,3.977985959470389332e+01,4.767166662558884127e+01,5.354500198263419719e+00,3.900082050784521925e+01,3.969729168705027345e+00,3.032453939402588361e+01,4.759310665510203542e+00
1.707941313230814551e+00,3.997300460769382946e-01,4.164615974592408065e+01,4.998832938714622287e+01,5.354788755363603769e+00,3.659087198052679923e+01,4.006630439932141741e+00,3.092787599366274875e+01,5.061897096091598769e+00
1.707941313230814551e+00,6.761168191154072193e-01,4.501001386433576101e+01,5.320752925698616309e+01,5.355015413894260057e+00,3.831783535699423737e+01,4.044732113524721839e+00,3.320227508267656447e+01,5.285851764514601925e+00
1.707941313230814551e+00,9.525035921538762551e-01,4.839682438091672623e+01,5.611780332004855154e+01,5.354741882354010052e+00,4.391042911915906188e+01,4.002204782257966720e+00,3.637986079951932794e+01,5.026496166508128915e+00
1.707941313230814551e+00,1.228890365192345291e+00,5.092464628781577574e+01,5.795317852065636544e+01,5.354238258770316783e+00,4.850384406187959030e+01,3.983814501196961011e+00,3.906189571176335562e+01,5.039613859006200514e+00
1.707941313230814551e+00,1.505277138230814327e+00,5.188673678910548404e+01,5.833401525660156040e+01,5.354167474563379159e+00,4.908535014332392166e+01,4.047125219103051563e+00,3.988734823801911489e+01,5.623730699150844003e+00
1.707941313230814551e+00,1.781663911269283140e+00,5.040666236761254027e+01,5.712451171385328053e+01,5.354480688932318877e+00,4.777940999694374113e+01,4.080715098252015061e+00,3.923941315223018478e+01,6.317973103320354333e+00
1.707941313230814551e+00,2.058050684307752398e+00,4.720791287023850202e+01,5.467091500479364186e+01,5.354642381595820844e+00,4.689467634841059862e+01,4.025726710011813481e+00,3.874763541035984815e+01,5.365367299577744831e+00
1.707941313230814551e+00,2.334437457346221212e+00,4.355056246871113501e+01,5.213527472957139253e+01,5.355029364968093120e+00,4.528820306060720213e+01,4.038824824780975931e+00,3.664283437367863883e+01,5.089241900010976316e+00
1.707941313230814551e+00,2.610824230384690026e+00,4.164306798609443661e+01,5.110055053674295777e+01,5.357081787472574241e+00,4.277354972243438169e+01,4.176825415494487714e+00,3.244859194034518168e+01,5.855228709814658039e+00
1.707941313230814551e+00,2.887211003423159283e+00,4.191935038420430715e+01,5.221767997255665250e+01,5.357005653343732909e+00,4.340862123264901129e+01,4.216438444990052048e+00,3.017102525948921254e+01,5.736195477754191252e+00
1.707941313230814551e+00,3.163597776461628097e+00,4.475623821455221218e+01,5.395386193084414117e+01,5.347409181083440544e+00,4.998215990189964941e+01,4.447799985599677264e+00,2.961059277953794222e+01,6.440377414941075962e+00
1.977949673769283656e+00,-3.469684776461626541e+00,5.389680699908532802e+01,5.700723218822531635e+01,5.348773107818111328e+00,4.548441786435984113e+01,4.528358844350092838e+00,3.491614949620657882e+01,7.791686360462169780e+00
1.977949673769283656e+00,-3.193298003423157727e+00,5.790744040509618173e+01,5.938628734897793038e+01,5.355378520869149561e+00,4.942703636571212655e+01,4.207302134502602264e+00,3.930800564024558952e+01,6.743769743702952013e+00
1.977949673769283656e+00,-2.916911230384688469e+00,6.191807381110704966e+01,6.296677696592087159e+01,5.354813319491648294e+00,5.282951757509238178e+01,4.160695843282213424e+00,4.333310550434966046e+01,6.491092029169553967e+00
1.977949673769283656e+00,-2.640524457346219656e+00,6.528049619247276780e+01,6.822212133750872454e+01,5.355077992546661392e+00,5.747545014956546083e+01,4.087255977954139752e+00,4.651962242536118453e+01,6.895188391611218215e+00
1.977949673769283656e+00,-2.364137684307750398e+00,6.696537870485123278e+01,7.303225454201310640e+01,5.357164515161239038e+00,6.283434981435624422e+01,4.077514441638883547e+00,4.964976897581152571e+01,6.632722322590185016e+00
1.977949673769283656e+00,-2.087750911269281584e+00,6.749147177719085278e+01,7.548083061517536407e+01,5.357937092101282772e+00,6.588506844902383364e+01,4.095427709345059064e+00,5.113490129944671025e+01,6.157042114299571267e+00
1.977949673769283656e+00,-1.811364138230812770e+00,6.675569019675724292e+01,7.556422334202943603e+01,5.356786715137740629e+00,6.530418987432369704e+01,4.079021416200296457e+00,4.988293743094226329e+01,6.192742424725921069e+00
1.977949673769283656e+00,-1.534977365192343735e+00,6.491686692699651928e+01,7.441823271752946312e+01,5.355443698895016702e+00,6.311533152324591356e+01,4.036806881640919720e+00,4.749453164437856856e+01,6.122295660330925315e+00
1.977949673769283656e+00,-1.258590592153874699e+00,6.226019471416078943e+01,7.264244100846553920e+01,5.355198104669207204e+00,6.112570024887168074e+01,4.033384985143733559e+00,4.567824400652844474e+01,5.431713691704238123e+00
1.977949673769283656e+00,-9.822038191154056630e-01,5.921982397983195767e+01,6.994445751242892584e+01,5.355491261075309595e+00,5.878481072436125032e+01,4.057231532649106853e+00,4.431638661335492202e+01,5.085939216085768599e+00
1.977949673769283656e+00,-7.058170460769367383e-01,5.670759590403224593e+01,6.626309061345091322e+01,5.355372152398981456e+00,5.593663385954778278e+01,4.039340544128417143e+00,4.291153061759793275e+01,5.082358421105828583e+00
1.977949673769283656e+00,-4.294302730384677580e-01,5.492053988330818015e+01,6.264735116436349927e+01,5.355009191773134170e+00,5.431582375032331811e+01,4.013085375014224354e+00,4.263288686007516048e+01,5.452884231686088157e+00
1.977949673769283656e+00,-1.530434999999996659e-01,5.457083644481328122e+01,6.068381436209165258e+01,5.355008233331243872e+00,5.441415373577137871e+01,4.026147094840291096e+00,4.431277089836477501e+01,5.513852199759626593e+00
1.977949673769283656e+00,1.233432730384693143e-01,5.573618220977100179e+01,6.116656521858385531e+01,5.355176778661927983e+00,5.414908491817436698e+01,4.048648324386904918e+00,4.606610682371129428e+01,6.024105726324117782e+00
1.977949673769283656e+00,3.997300460769382946e-01,5.832672813602128770e+01,6.351924879350553965e+01,5.355204663784921770e+00,5.284244410224937383e+01,4.028166431005049120e+00,4.704096702387266049e+01,6.664664171940074766e+00
1.977949673769283656e+00,6.761168191154072193e-01,6.148543825143690356e+01,6.644905201670917450e+01,5.355240606412978721e+00,5.322901174564412941e+01,4.018607402530912864e+00,4.813609883952850055e+01,6.832014215774360189e+00
1.977949673769283656e+00,9.525035921538762551e-01,6.371095665994138812e+01,6.892658000194205670e+01,5.355228704829627873e+00,5.684917339461458141e+01,4.046660141936513355e+00,4.950762462938835995e+01,6.420034457320435095e+00
1.977949673769283656e+00,1.228890365192345291e+00,6.506143523479218516e+01,7.045694325627846410e+01,5.354978032555827383e+00,6.064194425941855116e+01,4.070063851279902778e+00,5.089290523924248077e+01,5.889019478616468461e+00
1.977949673769283656e+00,1.505277138230814327e+00,6.515583577910426527e+01,7.067423129411326954e+01,5.354872870942696927e+00,6.118548826523593220e+01,4.054027950163626492e+00,5.126396444124611662e+01,5.676615086756339856e+00
1.977949673769283656e+00,1.781663911269283140e+00,6.295388376021185195e+01,6.916041071817744523e+01,5.355402837670311555e+00,5.913117787731238195e+01,4.055805871182864841e+00,5.071783945820598660e+01,5.926823033498468618e+00
1.977949673769283656e+00,2.058050684307752398e+00,5.968147589003154962e+01,6.601224438009739970e+01,5.356229772432022251e+00,5.635135920987090685e+01,4.090816637772901387e+00,5.035943602668905328e+01,5.404928827871599673e+00
1.977949673769283656e+00,2.334437457346221212e+00,5.598874078271308008e+01,6.250509825004337472e+01,5.356832750825596179e+00,5.280600184211857595e+01,4.122690083386926219e+00,4.795055292373234579e+01,5.520621551197871568e+00
1.977949673769283656e+00,2.610824230384690026e+00,5.443801068318232694e+01,6.069237042883469258e+01,5.357960839003008680e+00,5.005438291414338892e+01,4.144870917886167128e+00,4.331216585937263375e+01,6.468587232755547589e+00
1.977949673769283656e+00,2.887211003423159283e+00,5.515405970129558000e+01,6.174723372693188139e+01,5.356252236530776756e+00,5.316086172354243899e+01,4.162540789419111320e+00,4.068723809114921153e+01,6.269467326378237004e+00
1.977949673769283656e+00,3.163597776461628097e+00,5.829528935468607642e+01,6.438728179742611246e+01,5.349391836013124291e+00,6.401326209992737404e+01,4.671355820055579144e+00,3.943920947103796237e+01,6.550934709880603890e+00
2.247958034307752762e+00,-3.469684776461626541e+00,5.733017705638012274e+01,5.978105111246259185e+01,5.346833337696214272e+00,5.144161621458636091e+01,4.492956964083360205e+00,4.045564875225899470e+01,8.408345282415178090e+00
2.247958034307752762e+00,-3.193298003423157727e+00,6.272917575262451351e+01,6.429516059904563008e+01,5.356195742575311947e+00,5.421618840031146647e+01,4.277427762776194520e+00,4.442026732723613236e+01,7.494157334114207814e+00
2.247958034307752762e+00,-2.916911230384688469e+00,6.812817444886891849e+01,6.924851416149613215e+01,5.354483968590967535e+00,5.829732757001528398e+01,4.257193982857492287e+00,4.849893572730974256e+01,6.932889005420643791e+00
2.247958034307752762e+00,-2.640524457346219656e+00,7.210163378427400005e+01,7.533920118182868464e+01,5.353256431750267552e+00,6.410227881470950706e+01,4.098240423771306595e+00,5.218189275045354236e+01,6.619271125030773639e+00
2.247958034307752762e+00,-2.364137684307750398e+00,7.433676845658678189e+01,8.071526326571620302e+01,5.355574779924297424e+00,7.027058112765780606e+01,4.071925462435360465e+00,5.578726912876688715e+01,6.543632114093969498e+00
2.247958034307752762e+00,-2.087750911269281584e+00,7.499544011770676377e+01,8.343251133102603490e+01,5.357747723033374321e+00,7.369860316335677908e+01,4.164721636279419492e+00,5.800736807580753407e+01,6.678933909471108876e+00
2.247958034307752762e+00,-1.811364138230812770e+00,7.417063232404127859e+01,8.330699107697728323e+01,5.357560574600682912e+00,7.301401520264550982e+01,4.148402620305344790e+00,5.755984075421167745e+01,6.897098810842138050e+00
2.247958034307752762e+00,-1.534977365192343735e+00,7.223587710933044548e+01,8.154322460357798263e+01,5.356170077878810609e+00,7.044054953304714672e+01,4.038134508026242742e+00,5.555256900783696494e+01,6.652391526816300527e+00
2.247958034307752762e+00,-1.258590592153874699e+00,6.905759460212996714e+01,7.920955738593329443e+01,5.355582733311410770e+00,6.828817125806654076e+01,4.047893824346050273e+00,5.347270589434502597e+01,5.877296580076706967e+00
2.247958034307752762e+00,-9.822038191154056630e-01,6.517066185895660624e+01,7.658953612000186695e+01,5.355773998899586275e+00,6.590902579304520259e+01,4.133124146114724340e+00,5.136793508298318045e+01,5.692987755586331744e+00
2.247958034307752762e+00,-7.058170460769367383e-01,6.264879876697254701e+01,7.385780603197781602e+01,5.355622057832158056e+00,6.274117228611646624e+01,4.093000024173221618e+00,4.925196601255809981e+01,5.951953093953139096e+00
2.247958034307752762e+00,-4.294302730384677580e-01,6.176296536514645652e+01,7.175456389952887548e+01,5.355144966233704729e+00,6.142352063563612319e+01,4.010822080849844262e+00,4.946987267793431897e+01,6.749069637286361001e+00
2.247958034307752762e+00,-1.530434999999996659e-01,6.302594145163698158e+01,7.118066204961360199e+01,5.355060649063998923e+00,6.409485561088018812e+01,4.049969638703495356e+00,5.379790359360596597e+01,6.357925492309091986e+00
2.247958034307752762e+00,1.233432730384693143e-01,6.632338385604147390e+01,7.226454862989339745e+01,5.355191701407168381e+00,6.813781643051771653e+01,4.115152760728772563e+00,5.864153810534565991e+01,6.352897912714530193e+00
2.247958034307752762e+00,3.997300460769382946e-01,6.950716391205840239e+01,7.417095752675231779e+01,5.355092667254902850e+00,6.967031871051790404e+01,4.057308909128650498e+00,6.062985519824454173e+01,6.831478587027482341e+00
2.247958034307752762e+00,6.761168191154072193e-01,7.165921422572255040e+01,7.589771880961052375e+01,5.355003409612378640e+00,6.897996442672024386e+01,4.013667182129447397e+00,6.050549006467549873e+01,7.021910586923219455e+00
2.247958034307752762e+00,9.525035921538762551e-01,7.193233168010064560e+01,7.702678936762822559e+01,5.355149313643499553e+00,6.856619865256323010e+01,4.093216301905028942e+00,5.929266352047051214e+01,6.792748936753450373e+00
2.247958034307752762e+00,1.228890365192345291e+00,7.145280228688450563e+01,7.753196745427703718e+01,5.355344250105482651e+00,6.828555775664801786e+01,4.144759238460320461e+00,5.807273658761896229e+01,6.435546095985806403e+00
2.247958034307752762e+00,1.505277138230814327e+00,7.064035627125052486e+01,7.705793103471660288e+01,5.355738603596948089e+00,6.647618950354262779e+01,4.071345071587803233e+00,5.697697275073603862e+01,5.954521370187277007e+00
2.247958034307752762e+00,1.781663911269283140e+00,6.806399711076471704e+01,7.485519757358997595e+01,5.356650576829977695e+00,6.333812534655959325e+01,4.057083443240458998e+00,5.590487665739890133e+01,6.043766517909008762e+00
2.247958034307752762e+00,2.058050684307752398e+00,6.480062400587330274e+01,7.075891074992614449e+01,5.357524792898303190e+00,5.949732064844465640e+01,4.163175307974513295e+00,5.495843692119998281e+01,5.906918886104745248e+00
2.247958034307752762e+00,2.334437457346221212e+00,6.097718303845530841e+01,6.614257374602675554e+01,5.357547757892044515e+00,5.455294857102489914e+01,4.203992851834708055e+00,5.199038748070983473e+01,6.188517367151563420e+00
2.247958034307752762e+00,2.610824230384690026e+00,5.937487818826069486e+01,6.344233140371943591e+01,5.357689995418323470e+00,5.079319515145834885e+01,4.142147666826765828e+00,4.732744040948898601e+01,6.908109139674992072e+00
2.247958034307752762e+00,2.887211003423159283e+00,6.017445174951099318e+01,6.420647337946866173e+01,5.355340134501050287e+00,5.407623768867540548e+01,4.177704650723192970e+00,4.435626051489663269e+01,6.981395294072681779e+00
2.247958034307752762e+00,3.163597776461628097e+00,6.387293825096807609e+01,6.730702065947480150e+01,5.350600904749681419e+00,6.623819234021573266e+01,4.900724214975853421e+00,4.232093022574006369e+01,7.429550742953328957e+00
2.517966394846221423e+00,-3.469684776461626541e+00,4.996567414633010173e+01,5.112270879650168354e+01,5.346265273342711843e+00,5.523955159041133811e+01,4.568725089418285812e+00,4.135605465417233972e+01,7.722866282019842821e+00
2.517966394846221423e+00,-3.193298003423157727e+00,5.642685941761219226e+01,5.894654432738025207e+01,5.355892654126671815e+00,5.321299233294564601e+01,4.217439655153375710e+00,4.280426288007707569e+01,7.091897852683257675e+00
2.517966394846221423e+00,-2.916911230384688469e+00,6.288804468889431121e+01,6.601363158290769206e+01,5.354227436049821875e+00,5.521905531209011997e+01,4.178711047034984638e+00,4.499674194682626194e+01,6.749398299498891696e+00
2.517966394846221423e+00,-2.640524457346219656e+00,6.813928067757824181e+01,7.327941510033269878e+01,5.351906064881922553e+00,6.090251395560335368e+01,4.155707503028579275e+00,4.862821686371944452e+01,6.496221608977979400e+00
2.517966394846221423e+00,-2.364137684307750398e+00,7.178574545873321711e+01,7.936068426869314862e+01,5.353107016675331842e+00,6.761685121792697828e+01,4.136720841996598175e+00,5.314288469124093695e+01,6.143293531096319704e+00
2.517966394846221423e+00,-2.087750911269281584e+00,7.303998090745240290e+01,8.234721355921647046e+01,5.355009078703306891e+00,7.157475899823623422e+01,4.100618607705786900e+00,5.631146280186966635e+01,5.972710184299140579e+00
2.517966394846221423e+00,-1.811364138230812770e+00,7.235051163557041320e+01,8.177301784435985610e+01,5.356052254149757275e+00,7.102179974725618194e+01,4.095494237327513609e+00,5.656683359296640390e+01,6.339973578808574040e+00
2.517966394846221423e+00,-1.534977365192343735e+00,6.956970186643025045e+01,7.890963620338879991e+01,5.356031175954917956e+00,6.818083419774347931e+01,4.103816501681938789e+00,5.465571850902058770e+01,6.587327962850307195e+00
2.517966394846221423e+00,-1.258590592153874699e+00,6.555724566860386915e+01,7.558143420374108246e+01,5.355333095714654768e+00,6.603597213184991688e+01,4.085262891148611963e+00,5.215205867019534480e+01,5.836356209686901941e+00
2.517966394846221423e+00,-9.822038191154056630e-01,6.092635492337228698e+01,7.304331552715302678e+01,5.354707207337938257e+00,6.437425637423984881e+01,4.063705041309646049e+00,4.975236763674890739e+01,5.155105230687709650e+00
2.517966394846221423e+00,-7.058170460769367383e-01,5.812334537465385154e+01,7.181440769627079135e+01,5.354613320135628740e+00,6.208494431153349069e+01,4.074863030799796171e+00,4.776332821849969434e+01,5.405543154704816722e+00
2.517966394846221423e+00,-4.294302730384677580e-01,5.842091339006904605e+01,7.198592523341358174e+01,5.354603612775019172e+00,6.147684722014321324e+01,4.095834582667664314e+00,4.856088548217977774e+01,6.703133675347094922e+00
2.517966394846221423e+00,-1.530434999999996659e-01,6.215272454501986488e+01,7.326351765785511816e+01,5.354265012349789465e+00,6.561249932779310257e+01,4.069004434819888161e+00,5.476358281145493834e+01,6.127430884566528846e+00
2.517966394846221423e+00,1.233432730384693143e-01,6.764998568000866896e+01,7.486886715800937964e+01,5.354064377860431989e+00,7.249249114892302259e+01,4.045336719185238294e+00,6.247063856838383344e+01,5.238660319989737246e+00
2.517966394846221423e+00,3.997300460769382946e-01,7.154534722883128950e+01,7.588524165734270355e+01,5.354322116415842991e+00,7.664176164584921480e+01,4.070168604759787812e+00,6.582334782464181444e+01,5.413655075341416101e+00
2.517966394846221423e+00,6.761168191154072193e-01,7.138323583382114634e+01,7.595248445179458940e+01,5.354439383541709674e+00,7.572616111263005223e+01,4.099780580351129800e+00,6.480842667909683996e+01,5.788577740529121662e+00
2.517966394846221423e+00,9.525035921538762551e-01,6.911713133035011936e+01,7.545872697757295100e+01,5.354202396513175977e+00,7.168628349242658260e+01,4.079920897214361908e+00,6.107216301180591245e+01,5.674806866055041255e+00
2.517966394846221423e+00,1.228890365192345291e+00,6.702941258229425614e+01,7.480660885266115656e+01,5.354558125261438484e+00,6.673602790405539054e+01,4.072017671234998026e+00,5.673134899133830800e+01,5.845068770315506868e+00
2.517966394846221423e+00,1.505277138230814327e+00,6.573992367058549746e+01,7.356034426806581905e+01,5.356014042111465479e+00,6.193544178928296162e+01,4.105485442803339602e+00,5.353205360485175390e+01,6.146058193834281091e+00
2.517966394846221423e+00,1.781663911269283140e+00,6.265553278828178918e+01,7.067716026340349345e+01,5.357262745754848510e+00,5.794733264247366833e+01,4.133156286382541289e+00,5.141066695221697103e+01,6.445763934352743973e+00
2.517966394846221423e+00,2.058050684307752398e+00,5.885055547892403638e+01,6.586625997810187982e+01,5.356856163476305888e+00,5.401092059995119143e+01,4.122737474035624849e+00,4.955476414900584814e+01,6.046217753659867356e+00
2.517966394846221423e+00,2.334437457346221212e+00,5.496075546835463399e+01,6.064013927894120570e+01,5.355648555352403584e+00,4.862197584779892168e+01,4.143555079590738544e+00,4.611382252063430087e+01,6.220683657694307200e+00
2.517966394846221423e+00,2.610824230384690026e+00,5.314055811521397743e+01,5.762790323273657123e+01,5.356273606290594458e+00,4.398399912456284255e+01,4.227478218449525649e+00,4.191207082643806814e+01,6.763947157881010419e+00
2.517966394846221423e+00,2.887211003423159283e+00,5.395655280116959318e+01,5.840419664368891972e+01,5.354886213315365850e+00,4.616095409559079599e+01,4.282797154438982012e+00,3.955735199368503174e+01,6.613585590496900757e+00
2.517966394846221423e+00,3.163597776461628097e+00,5.727375518218106265e+01,6.172363288513770385e+01,5.347121406309741865e+00,5.725371878150372140e+01,4.768186982499326376e+00,3.796908660664695390e+01,7.100947555540631839e+00
2.787974755384690528e+00,-3.469684776461626541e+00,3.468219188527699259e+01,3.216257007239619270e+01,5.356641049890465744e+00,5.578842888323072202e+01,5.045557955254286853e+00,3.678335645389601183e+01,7.194410324397136236e+00
2.787974755384690528e+00,-3.193298003423157727e+00,4.163996328921227530e+01,4.373624620526970830e+01,5.354777604889862097e+00,4.682541399997455756e+01,4.336042284820627479e+00,3.467748596283352924e+01,6.541139463376587138e+00
2.787974755384690528e+00,-2.916911230384688469e+00,4.859773469314757222e+01,5.305858408386848168e+01,5.355938026823472420e+00,4.429707296647609382e+01,4.168546483263559033e+00,3.391904867040021543e+01,6.768161014328345715e+00
2.787974755384690528e+00,-2.640524457346219656e+00,5.510324162101065326e+01,6.143138723732408835e+01,5.353782256014149254e+00,4.841935698660574872e+01,4.233775630198770124e+00,3.675726623704681373e+01,6.969260697720573106e+00
2.787974755384690528e+00,-2.364137684307750398e+00,6.009680918505402758e+01,6.824231424380559474e+01,5.352864420753662422e+00,5.570816065243946014e+01,4.218958021124267432e+00,4.205957640600152558e+01,6.471022555668616505e+00
2.787974755384690528e+00,-2.087750911269281584e+00,6.210731865182553690e+01,7.182631902270077262e+01,5.353129440114037685e+00,6.100412665730311801e+01,4.075356942587835540e+00,4.640453607948447257e+01,5.873260722284183721e+00
2.787974755384690528e+00,-1.811364138230812770e+00,6.150130437904776670e+01,7.136888716724206461e+01,5.354742416809593841e+00,6.104388705839994600e+01,4.072169795623849176e+00,4.739712093751907673e+01,6.141572214899125193e+00
2.787974755384690528e+00,-1.534977365192343735e+00,5.831970018445588266e+01,6.794585392674343893e+01,5.356348338871036674e+00,5.740788373453722215e+01,4.185628313929963262e+00,4.500820598806404860e+01,6.950115305745304894e+00
2.787974755384690528e+00,-1.258590592153874699e+00,5.362070651994584125e+01,6.389390521340828855e+01,5.355963623679171448e+00,5.424609396333562472e+01,4.155626857793730089e+00,4.133324593340265096e+01,6.553672826444010724e+00
2.787974755384690528e+00,-9.822038191154056630e-01,4.855957312787275271e+01,6.132472426891763462e+01,5.354556112097830223e+00,5.295332520937324716e+01,4.036067759631047913e+00,3.855479814359389934e+01,5.273763164443458606e+00
2.787974755384690528e+00,-7.058170460769367383e-01,4.619480840361495666e+01,6.107126458279526560e+01,5.354492581545634344e+00,5.204882238224956836e+01,4.082205619789432305e+00,3.711126619957948236e+01,5.299486436949153223e+00
2.787974755384690528e+00,-4.294302730384677580e-01,4.708684263870314624e+01,6.259419579643144971e+01,5.355052330075196210e+00,5.193585648044381742e+01,4.198502506480989105e+00,3.808188406149658078e+01,6.555484605510717877e+00
2.787974755384690528e+00,-1.530434999999996659e-01,5.146387006810680020e+01,6.455853499363729497e+01,5.354519873794337137e+00,5.517661004781723477e+01,4.127780029923500571e+00,4.409706755345361273e+01,6.577932709252292121e+00
2.787974755384690528e+00,1.233432730384693143e-01,5.697886700146067085e+01,6.564818317400204251e+01,5.354102778029693255e+00,6.140345429795854670e+01,4.023695259097832988e+00,5.235342652067036795e+01,5.552296083509401292e+00
2.787974755384690528e+00,3.997300460769382946e-01,5.912381295226587952e+01,6.531683242123108357e+01,5.355009579602978853e+00,6.620934494438017737e+01,4.114676343001868020e+00,5.632888441169092175e+01,5.824051083973744269e+00
2.787974755384690528e+00,6.761168191154072193e-01,5.762726352485707082e+01,6.407692136860714527e+01,5.355479774531006321e+00,6.603879298912710283e+01,4.202279112101164671e+00,5.532602167735363707e+01,6.236692574100711539e+00
2.787974755384690528e+00,9.525035921538762551e-01,5.567293117112338052e+01,6.294394959586497862e+01,5.354547680758867223e+00,6.129761516843166191e+01,4.096436711329989322e+00,5.108645102661030535e+01,5.698775074423929610e+00
2.787974755384690528e+00,1.228890365192345291e+00,5.390924714641356275e+01,6.230213081798865460e+01,5.354569286269943440e+00,5.475652619395486909e+01,4.037698749390492559e+00,4.577561412160369514e+01,5.684715242843555671e+00
2.787974755384690528e+00,1.505277138230814327e+00,5.253949622568110556e+01,6.126623584582557669e+01,5.356773174008159444e+00,4.920344008769282595e+01,4.162287153677621809e+00,4.179851082705796728e+01,6.290165636127990290e+00
2.787974755384690528e+00,1.781663911269283140e+00,4.940154563127376264e+01,5.843228054918290582e+01,5.358056147814115988e+00,4.572121866484565089e+01,4.218909935396607302e+00,3.918260938699285134e+01,6.642231254944536367e+00
2.787974755384690528e+00,2.058050684307752398e+00,4.546682896860774292e+01,5.353122206283660489e+01,5.356038367803463096e+00,4.249945638572455664e+01,4.103968968130697448e+00,3.682699425152318184e+01,5.998697180886301439e+00
2.787974755384690528e+00,2.334437457346221212e+00,4.129379437878129977e+01,4.831191975811816519e+01,5.353841374845191403e+00,3.716467517126784514e+01,4.109458039954938968e+00,3.315366256607991602e+01,6.058106391734590979e+00
2.787974755384690528e+00,2.610824230384690026e+00,3.894802080442778447e+01,4.547126072836545063e+01,5.355915925961600266e+00,3.168117294521357508e+01,4.311945615658194342e+00,2.913986716262336785e+01,6.803287080527271158e+00
2.787974755384690528e+00,2.887211003423159283e+00,3.920069368597478388e+01,4.633321827150939498e+01,5.356356167961489945e+00,3.197927108379474248e+01,4.347839958484179590e+00,2.759060379338088254e+01,6.693228509236655022e+00
2.787974755384690528e+00,3.163597776461628097e+00,4.274545776418244714e+01,4.934079445913266682e+01,5.343350416404317293e+00,4.059723170914719503e+01,4.564766401496561876e+00,2.780508055795305467e+01,6.821921951682123897e+00
3.057983115923159190e+00,-3.469684776461626541e+00,1.874762879329088250e+01,1.123316468719713157e+01,5.415470816430657308e+00,5.050213963137940709e+01,6.282577293631971038e+00,2.802069615126305280e+01,7.850986855704005229e+00
3.057983115923159190e+00,-3.193298003423157727e+00,2.544838589212080038e+01,2.591716452052060049e+01,5.354574382882822725e+00,3.542770608002501831e+01,4.827439324176097557e+00,2.269071837693501337e+01,6.937088472700083663e+00
3.057983115923159190e+00,-2.916911230384688469e+00,3.214914299095072892e+01,3.656052772860857658e+01,5.356347396862751076e+00,2.840840128267871023e+01,4.330731073615971205e+00,1.960035315575029102e+01,7.308421499332850679e+00
3.057983115923159190e+00,-2.640524457346219656e+00,3.907279185094012064e+01,4.501561019987275358e+01,5.357682038597327612e+00,3.119907021411370351e+01,4.283263515130400378e+00,2.180921757029347319e+01,7.457703144759113556e+00
3.057983115923159190e+00,-2.364137684307750398e+00,4.482679722027496894e+01,5.184735104630090063e+01,5.355677268073293362e+00,4.016812167382124699e+01,4.240989057182734001e+00,2.782609604623631938e+01,6.776293606486134991e+00
3.057983115923159190e+00,-2.087750911269281584e+00,4.747310382749380153e+01,5.600976713699856191e+01,5.354671638769032960e+00,4.830091993928692773e+01,4.177252205147627961e+00,3.356189525863084810e+01,6.118834085900072495e+00
3.057983115923159190e+00,-1.811364138230812770e+00,4.717453961729999889e+01,5.639689227161579765e+01,5.355889468744400972e+00,4.962458003190045019e+01,4.164625695257612392e+00,3.541461039392353172e+01,6.059598143689441940e+00
3.057983115923159190e+00,-1.534977365192343735e+00,4.415992810842733718e+01,5.352847548104182351e+01,5.357777116621036839e+00,4.423370173984267240e+01,4.211893505305677188e+00,3.210473500819290393e+01,6.900939380597423956e+00
3.057983115923159190e+00,-1.258590592153874699e+00,3.943259777381510389e+01,4.965057046277797781e+01,5.357853565339831370e+00,3.775334892715079604e+01,4.209995560604214759e+00,2.638483553022965467e+01,7.476634611724531254e+00
3.057983115923159190e+00,-9.822038191154056630e-01,3.454153447228132023e+01,4.720591950392008584e+01,5.356399695770566183e+00,3.455621567361765756e+01,4.131858568258343745e+00,2.223996140377254349e+01,6.319586899006663927e+00
3.057983115923159190e+00,-7.058170460769367383e-01,3.242909131134693723e+01,4.714719419378161547e+01,5.356072594821497113e+00,3.394258003347999875e+01,4.137917529805904771e+00,2.067469348362712722e+01,5.747114072224376535e+00
3.057983115923159190e+00,-4.294302730384677580e-01,3.354379663528935396e+01,4.852161661057289166e+01,5.356632502962880515e+00,3.401236449547764096e+01,4.213017468356765605e+00,2.150014095367230027e+01,6.473261011072294124e+00
3.057983115923159190e+00,-1.530434999999996659e-01,3.724815174810593987e+01,4.949634425112162717e+01,5.356352000858514373e+00,3.541711398338770778e+01,4.181338575231566601e+00,2.609322941294008302e+01,7.005912517670839890e+00
3.057983115923159190e+00,1.233432730384693143e-01,4.049003868713602117e+01,4.887223378554881492e+01,5.356436431435003698e+00,3.902088816327989207e+01,4.116494548082692440e+00,3.278042245362984630e+01,6.608226436733780851e+00
3.057983115923159190e+00,3.997300460769382946e-01,4.080150773410436216e+01,4.694755340035044355e+01,5.357941812949887250e+00,4.288721423471986327e+01,4.170956197835862689e+00,3.650903869529646784e+01,6.876595368857383761e+00
3.057983115923159190e+00,6.761168191154072193e-01,3.976420680694899090e+01,4.515844005276449025e+01,5.358624421069647425e+00,4.392350047711892103e+01,4.229939530292721628e+00,3.624348360496836108e+01,7.007865274665320499e+00
3.057983115923159190e+00,9.525035921538762551e-01,3.852309740143621752e+01,4.475972046347305877e+01,5.357280775838612286e+00,4.115361747658369040e+01,4.166042201841829495e+00,3.338714776054590772e+01,6.341676050775571838e+00
3.057983115923159190e+00,1.228890365192345291e+00,3.784555235734457312e+01,4.554695214312232565e+01,5.356721225963013922e+00,3.648321152269461720e+01,4.127724739500908235e+00,2.959717807781543542e+01,6.029441925962045090e+00
3.057983115923159190e+00,1.505277138230814327e+00,3.701941323665141681e+01,4.577658794862509239e+01,5.358694870324359094e+00,3.286938777394232147e+01,4.201724274981123664e+00,2.659248786885382998e+01,6.302072123653176483e+00
3.057983115923159190e+00,1.781663911269283140e+00,3.406994050581253219e+01,4.359671077291932306e+01,5.359798360128686490e+00,3.132837473615268209e+01,4.243308864845898754e+00,2.435411847594019363e+01,6.606036301416524203e+00
3.057983115923159190e+00,2.058050684307752398e+00,3.010113924309591837e+01,3.888228136472935148e+01,5.357325099249835354e+00,2.946113357260026078e+01,4.176274740482371683e+00,2.221033636987976934e+01,6.154953286959433001e+00
3.057983115923159190e+00,2.334437457346221212e+00,2.586782885476412375e+01,3.372243455221541808e+01,5.355105256237956191e+00,2.447050062701714523e+01,4.200558780433016892e+00,1.895182619462109841e+01,6.084963912574358424e+00
3.057983115923159190e+00,2.610824230384690026e+00,2.343542235091834769e+01,3.085183878529278445e+01,5.357876794513503960e+00,1.803475496848705006e+01,4.347234858498808308e+00,1.509755203482989216e+01,6.828955356191871218e+00
3.057983115923159190e+00,2.887211003423159283e+00,2.321015725161037224e+01,3.125072193640517071e+01,5.358362243292910776e+00,1.585118062595051924e+01,4.349065116722465874e+00,1.386504433150481219e+01,6.944058561029519794e+00
3.057983115923159190e+00,3.163597776461628097e+00,2.648376874240542733e+01,3.304613634834095137e+01,5.341963336912842308e+00,2.122959849662743181e+01,4.708407346947915961e+00,1.601440677282942460e+01,7.088276354757202746e+00
3.327991476461628295e+00,-3.469684776461626541e+00,3.904678948298947461e+00,0.000000000000000000e+00,5.616116647322518141e+00,3.883059708983174119e+01,8.223887406837786074e+00,1.978509920273882727e+01,8.975259593458748242e+00
3.327991476461628295e+00,-3.193298003423157727e+00,9.849849158134997396e+00,1.623133788572886260e+01,5.376192246429258859e+00,2.083853277014179639e+01,5.867741221862203815e+00,1.302460540492912600e+01,7.742342857870516681e+00
3.327991476461628295e+00,-2.916911230384688469e+00,1.579501936797106154e+01,2.619999540369462920e+01,5.345629056219642017e+00,1.197782030255274321e+01,4.819290782819400043e+00,9.155448209936112747e+00,7.368920732999734824e+00
3.327991476461628295e+00,-2.640524457346219656e+00,2.299992039539147370e+01,3.252457376866732375e+01,5.351392780694997242e+00,1.549503188943049281e+01,4.635223960298258561e+00,1.110615209126792102e+01,7.321343272902161914e+00
3.327991476461628295e+00,-2.364137684307750398e+00,2.944421225448244783e+01,3.733258241501243901e+01,5.354411002302202682e+00,2.792483059282619706e+01,4.606064580571383793e+00,1.739091474562672346e+01,6.897406402115374036e+00
3.327991476461628295e+00,-2.087750911269281584e+00,3.259957077475777965e+01,4.069584482980644680e+01,5.356007747426861698e+00,4.038028743736754222e+01,4.646826808717579915e+00,2.399772216713921580e+01,6.574110463073973065e+00
3.327991476461628295e+00,-1.811364138230812770e+00,3.271132463137186619e+01,4.156637207426683744e+01,5.355797580328390595e+00,4.379914903183430397e+01,4.615574768324991695e+00,2.656161058087957727e+01,6.540953798883042403e+00
3.327991476461628295e+00,-1.534977365192343735e+00,2.995199827135291670e+01,3.984584698156504601e+01,5.354358342680089144e+00,3.628491281279355007e+01,4.550257175488703787e+00,2.286610134544763895e+01,6.577758661342658186e+00
3.327991476461628295e+00,-1.258590592153874699e+00,2.532885267993135869e+01,3.721580883023398201e+01,5.353434780609668486e+00,2.467943390833363537e+01,4.529008927679159413e+00,1.579456310854586398e+01,6.999779933178937874e+00
3.327991476461628295e+00,-9.822038191154056630e-01,2.078801049426013847e+01,3.585914029812056469e+01,5.352559148917393372e+00,1.697153507417050378e+01,4.487136117893014031e+00,1.012912504020756010e+01,6.518205534711674076e+00
3.327991476461628295e+00,-7.058170460769367383e-01,1.888241855401055247e+01,3.649465021655669261e+01,5.351831812728274684e+00,1.480548051969486778e+01,4.489780553533381457e+00,7.573733484724314735e+00,6.257657865829736821e+00
3.327991476461628295e+00,-4.294302730384677580e-01,2.018782873887408513e+01,3.778450907749993348e+01,5.351997684161337254e+00,1.511872609933698186e+01,4.540341304264638111e+00,7.731161745353137604e+00,6.470328820018535154e+00
3.327991476461628295e+00,-1.530434999999996659e-01,2.282481719154389666e+01,3.767815170793073776e+01,5.352991330682174365e+00,1.608493078164576673e+01,4.521522530226449454e+00,1.070770744666032215e+01,6.474833364695446569e+00
3.327991476461628295e+00,1.233432730384693143e-01,2.333955332478278066e+01,3.536579871688263665e+01,5.354347801792813222e+00,1.819097396057293281e+01,4.461011275769259043e+00,1.530722148725930509e+01,6.358901092254501286e+00
3.327991476461628295e+00,3.997300460769382946e-01,2.202652570416171685e+01,3.206043002913520468e+01,5.355381788428237755e+00,2.117788808074544704e+01,4.467744244406499199e+00,1.843874612467908491e+01,6.583564176696271808e+00
3.327991476461628295e+00,6.761168191154072193e-01,2.170398367164866826e+01,2.996818900822972864e+01,5.355596695549160735e+00,2.305718823657829830e+01,4.501346981443353990e+00,1.902774201149680522e+01,6.757913031402057236e+00
3.327991476461628295e+00,9.525035921538762551e-01,2.122619574219150351e+01,3.034517160596442409e+01,5.355174263579886684e+00,2.234407938880542588e+01,4.479950601504018692e+00,1.793421379998607534e+01,6.451250617870280202e+00
3.327991476461628295e+00,1.228890365192345291e+00,2.172165376425968830e+01,3.226609267190360697e+01,5.354972352852804818e+00,2.003384629947325379e+01,4.476746974739050700e+00,1.628461679965782594e+01,6.242377564073376739e+00
3.327991476461628295e+00,1.505277138230814327e+00,2.159352446288222893e+01,3.319733461409305164e+01,5.355722347685787810e+00,1.868220020538797144e+01,4.536996442194545232e+00,1.489739631747329085e+01,6.424362488562320728e+00
3.327991476461628295e+00,1.781663911269283140e+00,1.885123226284818898e+01,3.103214596911675471e+01,5.356373957864874136e+00,1.917892652384318808e+01,4.576309807849340494e+00,1.375443527389608001e+01,6.633975291869838031e+00
3.327991476461628295e+00,2.058050684307752398e+00,1.489073529915012628e+01,2.593590115676306596e+01,5.355495869243451779e+00,1.897817551415994330e+01,4.528381797774862605e+00,1.264124658908667698e+01,6.376245816649026565e+00
3.327991476461628295e+00,2.334437457346221212e+00,1.061982732663897977e+01,2.033290753551955277e+01,5.354468679048938640e+00,1.494900242712674299e+01,4.543500876288673496e+00,1.050418065750430863e+01,6.414999247921036485e+00
3.327991476461628295e+00,2.610824230384690026e+00,8.203256967063829563e+00,1.689161468160091317e+01,5.354969614794224952e+00,8.048920466076424418e+00,4.648891145070353836e+00,7.167372031671423116e+00,6.754142335304365474e+00
3.327991476461628295e+00,2.887211003423159283e+00,7.560086761987529158e+00,1.618706090839259559e+01,5.350676107031091533e+00,3.463541777255954912e+00,4.682310455600455334e+00,5.812882490196646046e+00,7.113011255881475314e+00
3.327991476461628295e+00,3.163597776461628097e+00,1.056600845903185970e+01,1.609677959669897973e+01,5.339801095108194673e+00,5.452254923152509036e+00,5.372051176142948137e+00,8.635392832347324799e+00,7.714199566857624646e+00
