x,y,reference,fixed_mean,fixed_std,map_mean,map_std,hmc_mean,hmc_std
-3.152209176461626683e+00,-3.469684776461626541e+00,1.343529269912403734e+01,3.229868255362180207e+01,5.643884933263321635e+00,3.862150566557221509e+01,5.900991541623557879e+00,2.488761203357146812e+01,1.163010955843936145e+01
-3.152209176461626683e+00,-3.215634219109058556e+00,1.961078283988290138e+01,3.791429526653610083e+01,5.662597215813896412e+00,3.904306769272096744e+01,5.795058390345964483e+00,2.618373829458906954e+01,1.052674117718227365e+01
-3.152209176461626683e+00,-2.961583661756491015e+00,2.578627298064173701e+01,4.299467210493548919e+01,5.671955828891153573e+00,4.297544306263210956e+01,6.031636862159827750e+00,2.934020416166099210e+01,1.052841927959355850e+01
-3.152209176461626683e+00,-2.707533104403923030e+00,3.188052380478841030e+01,4.669617600235960708e+01,5.672691809719408340e+00,5.006335452773777206e+01,5.621951224661151159e+00,3.548195141797643259e+01,1.064618827487863051e+01
-3.152209176461626683e+00,-2.453482547051355489e+00,3.779205459594064109e+01,4.929482193902822473e+01,5.675037942807091618e+00,5.772903317331477524e+01,5.277276578042994437e+00,4.668429124669995645e+01,1.110763816282493366e+01
-3.152209176461626683e+00,-2.199431989698787504e+00,4.174304654128651748e+01,5.105337522404170159e+01,5.680739323487475900e+00,6.283402892175192278e+01,5.656060987077156099e+00,5.420151675374505373e+01,1.034399592215420860e+01
-3.152209176461626683e+00,-1.945381432346219519e+00,4.283862461163518276e+01,5.140815708926038496e+01,5.682830104629114309e+00,6.361234038526963275e+01,5.957944316401185603e+00,5.676572499785055470e+01,1.011735415975311980e+01
-3.152209176461626683e+00,-1.691330874993651756e+00,4.162227708594971887e+01,4.941357257208528608e+01,5.678832716833480454e+00,6.003191797211661651e+01,5.552060741317089487e+00,5.485874489404984899e+01,1.028693611233616068e+01
-3.152209176461626683e+00,-1.437280317641083993e+00,3.814494470999414943e+01,4.504375376974439860e+01,5.675453100331746548e+00,5.362698845491792099e+01,5.147934710203529107e+00,5.217099836978443506e+01,1.028861003299043730e+01
-3.152209176461626683e+00,-1.183229760288516230e+00,3.359168180784202207e+01,3.994845640502262540e+01,5.677204321528846798e+00,4.779947036698820284e+01,5.513947431832409762e+00,5.049672146539554518e+01,1.006973652123442697e+01
-3.152209176461626683e+00,-9.291792029359483562e-01,2.955022035504699929e+01,3.666219478020957467e+01,5.679520836621668956e+00,4.640628030138498161e+01,5.895417041739269060e+00,4.832771511780206453e+01,1.005925546797961090e+01
-3.152209176461626683e+00,-6.751286455833804823e-01,2.806155399895110136e+01,3.675479778313547286e+01,5.677784881606728007e+00,4.993862113707172057e+01,5.567177657454340789e+00,6.035402583759324102e+01,1.019086805023125208e+01
-3.152209176461626683e+00,-4.210780882308131634e-01,2.951130339897612487e+01,3.954098559612612007e+01,5.675193527078595146e+00,5.430633272435454728e+01,5.106169690302108322e+00,7.011771157055744652e+01,9.994024323799699516e+00
-3.152209176461626683e+00,-1.670275308782453449e-01,3.222774390106246756e+01,4.257966670275436627e+01,5.675911537868585377e+00,5.546609397802603780e+01,5.329206814707579731e+00,6.024746094230373217e+01,1.002961797900029595e+01
-3.152209176461626683e+00,8.702302647432247351e-02,3.444886860825003794e+01,4.359566643768721406e+01,5.677560428668700254e+00,5.383356839264607174e+01,5.712579504050097512e+00,5.473897140854727894e+01,9.522501635823990895e+00
-3.152209176461626683e+00,3.410735838268902920e-01,3.472381759249130084e+01,4.215466975035542418e+01,5.676477498507504826e+00,5.193054553710294385e+01,5.499802029006559678e+00,5.655524424389187033e+01,9.840847594316123548e+00
-3.152209176461626683e+00,5.951241411794581104e-01,3.518830019236659723e+01,3.966858415661135950e+01,5.674840746609734587e+00,4.977684189123007741e+01,5.127878909261986529e+00,6.562282124589799537e+01,1.013866492991148505e+01
-3.152209176461626683e+00,8.491746985320258734e-01,3.306401109559939044e+01,3.786823863227709808e+01,5.676843388448582495e+00,4.599258782972626136e+01,5.409610091125878206e+00,6.226429737764830463e+01,1.022240862644862958e+01
-3.152209176461626683e+00,1.103225255884593636e+00,3.217116016631644726e+01,3.724838167353391327e+01,5.680558604700249425e+00,4.203543986194847548e+01,5.887781834417868509e+00,4.371071196961204208e+01,9.975550720593664877e+00
-3.152209176461626683e+00,1.357275813237161621e+00,3.215235972391009511e+01,3.687080348952531494e+01,5.679856911634135308e+00,4.145023181333800721e+01,5.740748083875293339e+00,3.960695168771924557e+01,1.008003649006748148e+01
-3.152209176461626683e+00,1.611326370589729384e+00,3.099278075854778081e+01,3.549510555583492533e+01,5.674663023809480400e+00,4.488551790228274285e+01,5.318334165731291918e+00,4.045775288207541820e+01,1.042996634469349893e+01
-3.152209176461626683e+00,1.865376927942297147e+00,2.813487083485633278e+01,3.274554364311643440e+01,5.671377711180657144e+00,4.872300064383648532e+01,5.570009246797087421e+00,4.685100816179871686e+01,1.037960342734207408e+01
-3.152209176461626683e+00,2.119427485294865132e+00,2.425359021025511908e+01,2.913794315239738353e+01,5.671033738304354088e+00,4.920358939451412539e+01,6.093293448892351805e+00,5.188784537983683265e+01,1.025182687073744248e+01
-3.152209176461626683e+00,2.373478042647432673e+00,2.069745101902072903e+01,2.506384914478348946e+01,5.665468537890282263e+00,4.617995256414505434e+01,6.017193670699067631e+00,4.813027706356610480e+01,1.046009771237609520e+01
-3.152209176461626683e+00,2.627528600000000658e+00,1.847760860967733620e+01,1.990919984215270233e+01,5.649349549544807836e+00,4.241012966197138212e+01,5.831052046101356190e+00,4.408036996145329312e+01,1.072614507403862127e+01
-2.904563427442392154e+00,-3.469684776461626541e+00,4.882651801125998503e+00,2.483718084568408813e+01,5.661250194581135098e+00,3.142398240169825385e+01,5.892798326531371700e+00,2.015180590967965912e+01,1.144218304728474145e+01
-2.904563427442392154e+00,-3.215634219109058556e+00,1.075413384923517590e+01,2.951593142136789538e+01,5.674943747580461384e+00,3.041637594283963608e+01,5.949083768131906425e+00,1.662176058610789653e+01,1.060653083846118250e+01
-2.904563427442392154e+00,-2.961583661756491015e+00,1.662561589734434619e+01,3.425139013171155966e+01,5.673859451292342371e+00,3.408322734498983664e+01,6.060469071805777652e+00,2.245568908847042167e+01,1.081155382256653930e+01
-2.904563427442392154e+00,-2.707533104403923030e+00,2.255297889219492191e+01,3.777310209787992790e+01,5.670579833253815316e+00,4.092406725307614579e+01,5.549560786390927980e+00,3.260610351925949857e+01,1.025724606026756724e+01
-2.904563427442392154e+00,-2.453482547051355489e+00,2.792173243934333371e+01,4.028812403821666521e+01,5.674264927598573927e+00,4.790407824363836653e+01,5.238243606197574564e+00,4.201640156664021930e+01,1.049552020488277293e+01
-2.904563427442392154e+00,-2.199431989698787504e+00,3.169549777179620165e+01,4.227150435923340410e+01,5.682569940038028733e+00,5.306785645352802305e+01,5.701309505807752309e+00,4.760659940215139585e+01,1.044391824558335458e+01
-2.904563427442392154e+00,-1.945381432346219519e+00,3.303760857574124543e+01,4.333344149025742809e+01,5.685808958815008474e+00,5.606400505404161549e+01,6.014486827590693530e+00,4.987760412215616412e+01,1.033702341609328457e+01
-2.904563427442392154e+00,-1.691330874993651756e+00,3.218585636193527222e+01,4.238955832168085180e+01,5.681393699860874058e+00,5.622130436447073976e+01,5.570557251211380567e+00,4.705910379849109404e+01,1.028629898006598964e+01
-2.904563427442392154e+00,-1.437280317641083993e+00,2.912574006737026266e+01,3.897015803996418981e+01,5.677520381393596161e+00,5.232059854719170744e+01,5.133030147220372541e+00,4.399236931842363418e+01,9.729028729604516812e+00
-2.904563427442392154e+00,-1.183229760288516230e+00,2.509708025952739874e+01,3.425321263928435656e+01,5.679632344422823387e+00,4.552332395884661764e+01,5.529027749106351308e+00,4.502209536921004229e+01,1.024670588562657692e+01
-2.904563427442392154e+00,-9.291792029359483562e-01,2.158208401815438293e+01,3.058231401767716306e+01,5.682444317074462070e+00,4.020350323474104925e+01,5.955962728244658777e+00,4.289353649750599118e+01,1.027568373361834020e+01
-2.904563427442392154e+00,-6.751286455833804823e-01,2.038824473543935056e+01,2.971272649689217360e+01,5.680293139807789160e+00,3.946848717413297436e+01,5.619998953417612242e+00,4.139036474500107943e+01,1.043206441552218955e+01
-2.904563427442392154e+00,-4.210780882308131634e-01,2.116987871879438998e+01,3.136100689773866179e+01,5.676912174442381165e+00,4.155250045520671165e+01,5.105302808688415794e+00,4.488624644736634650e+01,9.491050000148277377e+00
-2.904563427442392154e+00,-1.670275308782453449e-01,2.230935729026408509e+01,3.345981140188723657e+01,5.677758320829642713e+00,4.299850729542538375e+01,5.327926853810856400e+00,4.614866524908628520e+01,9.530852847169548170e+00
-2.904563427442392154e+00,8.702302647432247351e-02,2.246337292349309678e+01,3.394779751588521322e+01,5.680107412770719399e+00,4.324701266066824701e+01,5.754530928128571254e+00,4.624795281229904020e+01,9.744518421412125875e+00
-2.904563427442392154e+00,3.410735838268902920e-01,2.193375273779480850e+01,3.246297046997733560e+01,5.678982247897909730e+00,4.316329500195493551e+01,5.537369699505439335e+00,4.420584997754841794e+01,9.752538639272994914e+00
-2.904563427442392154e+00,5.951241411794581104e-01,2.208390734553599088e+01,3.039942167341450840e+01,5.676860850257340552e+00,4.158591506884975786e+01,5.118850945683710130e+00,4.267564615370617531e+01,9.140032423189033750e+00
-2.904563427442392154e+00,8.491746985320258734e-01,2.167026253953935466e+01,2.936528222206197825e+01,5.679123293872525124e+00,3.746593752996199100e+01,5.412233973631613182e+00,3.590283887525957596e+01,1.005910409296129515e+01
-2.904563427442392154e+00,1.103225255884593636e+00,2.221511973482192914e+01,2.959555563523554156e+01,5.683335253343988036e+00,3.376973346748292215e+01,5.937523069807877363e+00,3.282239372176730541e+01,1.021694052036551881e+01
-2.904563427442392154e+00,1.357275813237161621e+00,2.295330886004638060e+01,2.983081659009712894e+01,5.681819935429095025e+00,3.483852670669580220e+01,5.795901874644843410e+00,3.679838216720130362e+01,1.032956493080364879e+01
-2.904563427442392154e+00,1.611326370589729384e+00,2.198233821358143913e+01,2.864680288032923272e+01,5.674458375664852561e+00,4.018197481660575932e+01,5.317745834255013015e+00,3.695502020952875455e+01,1.023915293126314552e+01
-2.904563427442392154e+00,1.865376927942297147e+00,1.947636639544271731e+01,2.578205624401107343e+01,5.669642098554016130e+00,4.434492067997507547e+01,5.532237452013529122e+00,4.202491234122769725e+01,1.011502495103080790e+01
-2.904563427442392154e+00,2.119427485294865132e+00,1.583361627585266262e+01,2.210287544997936493e+01,5.671526509781998904e+00,4.323594463953469358e+01,6.112970530065362063e+00,4.578511013856324041e+01,1.056692846585320389e+01
-2.904563427442392154e+00,2.373478042647432673e+00,1.239074464806441256e+01,1.830731072828439210e+01,5.673977831410263128e+00,3.828158945193963092e+01,6.141775132259072123e+00,4.161607572916976494e+01,1.056313698896558861e+01
-2.904563427442392154e+00,2.627528600000000658e+00,1.020743383442365548e+01,1.376892730885174387e+01,5.664405165012966314e+00,3.404463635382958842e+01,5.916572663356351569e+00,3.723817434359120426e+01,1.091284869331889240e+01
-2.656917678423157625e+00,-3.469684776461626541e+00,1.444397407399494959e+00,2.125904978449489136e+01,5.667520316129555091e+00,3.358503293778926491e+01,5.829853322455912590e+00,2.995781282476552221e+01,1.150170629274742495e+01
-2.656917678423157625e+00,-3.215634219109058556e+00,6.614250349105866178e+00,2.529527082991353382e+01,5.670991881560414782e+00,3.257219509264007229e+01,5.662542246714200367e+00,1.516436482822604859e+01,1.082675613129407921e+01
-2.656917678423157625e+00,-2.961583661756491015e+00,1.178410329081222585e+01,2.972540866140207072e+01,5.666368667664404057e+00,3.569692721752062425e+01,5.627758417701762106e+00,2.264906348439181372e+01,1.074858571439541066e+01
-2.656917678423157625e+00,-2.707533104403923030e+00,1.712800642141404950e+01,3.269238883583329880e+01,5.665250178188713015e+00,4.014548204843276835e+01,5.268283910818491123e+00,4.000721339113528074e+01,1.064813802610359872e+01
-2.656917678423157625e+00,-2.453482547051355489e+00,2.214010863373493621e+01,3.435444840355285123e+01,5.671026412650329362e+00,4.319453579891649042e+01,5.082145435513630183e+00,4.195884480075536516e+01,1.039086223963367139e+01
-2.656917678423157625e+00,-2.199431989698787504e+00,2.551851364740281269e+01,3.559854012706000503e+01,5.678947579150156244e+00,4.523866240551829776e+01,5.362332652645016573e+00,4.036878533602251196e+01,1.027239765861311227e+01
-2.656917678423157625e+00,-1.945381432346219519e+00,2.697536336540381186e+01,3.647630699896126316e+01,5.681580103617885236e+00,4.811062555363709947e+01,5.544538810545879493e+00,4.134986033083208667e+01,1.015367552475168011e+01
-2.656917678423157625e+00,-1.691330874993651756e+00,2.635693939910838424e+01,3.595554369462934119e+01,5.678175062930962191e+00,5.065873904324629962e+01,5.257012854140621805e+00,4.296011609811129262e+01,1.018863207699480533e+01
-2.656917678423157625e+00,-1.437280317641083993e+00,2.358944066462756339e+01,3.316146954168016237e+01,5.675301670830748435e+00,4.883140848273470169e+01,4.963518369611657377e+00,4.560437714122863895e+01,9.676472380430885423e+00
-2.656917678423157625e+00,-1.183229760288516230e+00,2.027132494843313637e+01,2.872520039967366756e+01,5.676826953727503344e+00,4.149436930194661954e+01,5.171521277789687510e+00,4.313988427411828042e+01,1.006276657237180672e+01
-2.656917678423157625e+00,-9.291792029359483562e-01,1.729402535535460572e+01,2.471540600384196296e+01,5.678944369532396230e+00,3.338808039048524279e+01,5.440522113391740966e+00,3.697098068229169598e+01,1.005265715672150151e+01
-2.656917678423157625e+00,-6.751286455833804823e-01,1.614569127466500476e+01,2.305379109805562621e+01,5.677541856591540537e+00,2.988030636055736977e+01,5.252820012665685212e+00,3.548395663048992787e+01,1.015378743793696792e+01
-2.656917678423157625e+00,-4.210780882308131634e-01,1.598628736551355978e+01,2.388571826016141131e+01,5.675177093699051767e+00,3.110685682800243512e+01,4.951293847560373607e+00,3.848204279572934894e+01,9.291024486780981917e+00
-2.656917678423157625e+00,-1.670275308782453449e-01,1.547912591409732563e+01,2.550538486605091748e+01,5.675854684696401087e+00,3.391069132987371404e+01,5.089900801652905926e+00,3.804909812704608640e+01,9.599908859813895745e+00
-2.656917678423157625e+00,8.702302647432247351e-02,1.448283164894917796e+01,2.595208287230434507e+01,5.677680921722586760e+00,3.672239607503922798e+01,5.372907568626993147e+00,3.671975231589777167e+01,9.814706155604138615e+00
-2.656917678423157625e+00,3.410735838268902920e-01,1.397900504207046524e+01,2.475296022393831663e+01,5.676898218268280338e+00,3.892917173549807330e+01,5.245879125213677163e+00,4.446155993607118262e+01,9.957451822743646375e+00
-2.656917678423157625e+00,5.951241411794581104e-01,1.433670204164078754e+01,2.314058102909712034e+01,5.675222248391868618e+00,3.829660561475969871e+01,4.979971578945235677e+00,4.801362822239669015e+01,9.119630110936496337e+00
-2.656917678423157625e+00,8.491746985320258734e-01,1.528821283572309753e+01,2.259761428200818045e+01,5.676780352328237633e+00,3.384879971312705038e+01,5.147902036919616009e+00,3.103559917442887794e+01,9.948150652344384781e+00
-2.656917678423157625e+00,1.103225255884593636e+00,1.680015190643159428e+01,2.324804233507984463e+01,5.679974380368330245e+00,2.963331185451529848e+01,5.471573004308265098e+00,2.512263966952281180e+01,1.023486907735633622e+01
-2.656917678423157625e+00,1.357275813237161621e+00,1.745015149002134791e+01,2.372149825586620864e+01,5.678742236367148699e+00,3.079441127812330592e+01,5.397504655875860813e+00,3.702594236175262665e+01,1.028065489046040604e+01
-2.656917678423157625e+00,1.611326370589729384e+00,1.679758734096446560e+01,2.255923682765660487e+01,5.672065805235398273e+00,3.635991061666260293e+01,5.126730257866422669e+00,4.591998558283216170e+01,9.955641629104659884e+00
-2.656917678423157625e+00,1.865376927942297147e+00,1.443675969846059459e+01,1.963315848125876073e+01,5.666052943229230365e+00,3.982588087867867443e+01,5.263401755187469888e+00,4.344815690573746991e+01,1.017365847468844464e+01
-2.656917678423157625e+00,2.119427485294865132e+00,1.112656854988235366e+01,1.606856270799926278e+01,5.665858066492020839e+00,3.706487739728950004e+01,5.634946013712618829e+00,3.901533300154323314e+01,1.055324076833711189e+01
-2.656917678423157625e+00,2.373478042647432673e+00,7.807442634064993392e+00,1.274540246577907965e+01,5.669976639805325291e+00,3.080521041308196573e+01,5.718555518509924163e+00,3.549899698345848975e+01,1.054607352962765532e+01
-2.656917678423157625e+00,2.627528600000000658e+00,5.674695116417300511e+00,8.939608855203005078e+00,5.668489146489342545e+00,2.691800784918800105e+01,5.748229796257005475e+00,3.185416366967235646e+01,1.056318635898241354e+01
-2.409271929403923540e+00,-3.469684776461626541e+00,8.992675610908662520e-01,2.084060876410603669e+01,5.667653507571253968e+00,3.956668103009633342e+01,5.690527769995113339e+00,3.899971835128966546e+01,1.073663894966533583e+01
-2.409271929403923540e+00,-3.215634219109058556e+00,5.876991471769178688e+00,2.447670320776978770e+01,5.669020811187083453e+00,3.955878867818000799e+01,5.453426059943243587e+00,2.701015184027822968e+01,9.430294631100194280e+00
-2.409271929403923540e+00,-2.961583661756491015e+00,1.085471538244748402e+01,2.861528594294304639e+01,5.666006451439283609e+00,4.254715750636739813e+01,5.444925304529132148e+00,3.355654754801791739e+01,9.558154257077685401e+00
-2.409271929403923540e+00,-2.707533104403923030e+00,1.571693341902103391e+01,3.074235755222707667e+01,5.667215096079907255e+00,4.436041121726043457e+01,5.161039352386457502e+00,4.561249735780709358e+01,9.930176014738547607e+00
-2.409271929403923540e+00,-2.453482547051355489e+00,2.039600348375990890e+01,3.102734771682025894e+01,5.673901729668399341e+00,4.274857943243540603e+01,4.976986791866765181e+00,4.052340609526891768e+01,9.904740638051370283e+00
-2.409271929403923540e+00,-2.199431989698787504e+00,2.349837613993789276e+01,3.092601213810939953e+01,5.681331312395720090e+00,4.043071662618575601e+01,5.173974204533370980e+00,3.582658286270466874e+01,9.115971798471376175e+00
-2.409271929403923540e+00,-1.945381432346219519e+00,2.478333364400216610e+01,3.110091748137801915e+01,5.683474944931326434e+00,4.127771636820531853e+01,5.323676327198518798e+00,3.835438983503103572e+01,9.112285669893543272e+00
-2.409271929403923540e+00,-1.691330874993651756e+00,2.426912637564276665e+01,3.068025426246913412e+01,5.680458817549628669e+00,4.403825128427888558e+01,5.101052356386589715e+00,5.102598954808220100e+01,9.128017334411602235e+00
-2.409271929403923540e+00,-1.437280317641083993e+00,2.191679070508282123e+01,2.841327159228694654e+01,5.678233789556252020e+00,4.295528193285727525e+01,4.853054903698232003e+00,6.586383540362564304e+01,9.508425592194935660e+00
-2.409271929403923540e+00,-1.183229760288516230e+00,1.899277978848688520e+01,2.436787163446297200e+01,5.679874840983444528e+00,3.558110077882841438e+01,4.983153834843833785e+00,5.524959098435722638e+01,9.165932073332115237e+00
-2.409271929403923540e+00,-9.291792029359483562e-01,1.631807203294492581e+01,2.031676590733786725e+01,5.681871496770905416e+00,2.680807879025348939e+01,5.179676320328839623e+00,3.470891489691182841e+01,9.030658089898929930e+00
-2.409271929403923540e+00,-6.751286455833804823e-01,1.485981356550702337e+01,1.832870969502528169e+01,5.680689904209954122e+00,2.296550140722004585e+01,5.042297521257957271e+00,3.884238404386925936e+01,9.056400669873603704e+00
-2.409271929403923540e+00,-4.210780882308131634e-01,1.363452443986257201e+01,1.892947881102281826e+01,5.678689297247077938e+00,2.476916205772766943e+01,4.835508075647405590e+00,4.834882033579692262e+01,8.839477193424333024e+00
-2.409271929403923540e+00,-1.670275308782453449e-01,1.213721978289196635e+01,2.066676471160553774e+01,5.679417006858295203e+00,2.883015303773240134e+01,4.964296914791957782e+00,3.985510743650856114e+01,8.514535075816541010e+00
-2.409271929403923540e+00,8.702302647432247351e-02,1.084813295800330835e+01,2.152499809971141076e+01,5.681090938525074741e+00,3.295320535284452035e+01,5.195178956579804996e+00,3.535093587896829348e+01,8.607169355913423914e+00
-2.409271929403923540e+00,3.410735838268902920e-01,1.065055242927028445e+01,2.078229037745131791e+01,5.680259969089969552e+00,3.604482569009041981e+01,5.087361479540978060e+00,5.723951697134582162e+01,8.612906085809878931e+00
-2.409271929403923540e+00,5.951241411794581104e-01,1.155154912444766246e+01,1.946934435909588501e+01,5.678432523972146484e+00,3.572041075684938960e+01,4.867502251829507465e+00,7.600114027738166556e+01,9.183948625125012200e+00
-2.409271929403923540e+00,8.491746985320258734e-01,1.302120971163876462e+01,1.903794943946650164e+01,5.679426631288119864e+00,3.113163213165807974e+01,4.991928656546458676e+00,5.390864277352920908e+01,9.098404498635431992e+00
-2.409271929403923540e+00,1.103225255884593636e+00,1.493450889303696805e+01,1.968788190525901882e+01,5.682140724117660469e+00,2.659060406915938302e+01,5.235100287891069293e+00,3.204072338379471319e+01,9.176370956555540914e+00
-2.409271929403923540e+00,1.357275813237161621e+00,1.579407610563130504e+01,2.011342717275056202e+01,5.681255748288381646e+00,2.736510112786334048e+01,5.176819228761900149e+00,3.861772741928400876e+01,9.166947949888378133e+00
-2.409271929403923540e+00,1.611326370589729384e+00,1.533229809242546082e+01,1.888723195675356692e+01,5.675290359876758117e+00,3.229418891892078136e+01,4.996170096134010308e+00,4.869701413490792419e+01,9.649154949696132633e+00
-2.409271929403923540e+00,1.865376927942297147e+00,1.321668033465809522e+01,1.594294699173860863e+01,5.669132298377553170e+00,3.473749424565053801e+01,5.149272727162950147e+00,4.256379700359418194e+01,9.819120353860192552e+00
-2.409271929403923540e+00,2.119427485294865132e+00,1.007389589504127336e+01,1.251519185089364328e+01,5.667669798055158026e+00,3.107123979324629204e+01,5.459412926334712424e+00,3.557570225087558669e+01,9.595935054206263359e+00
-2.409271929403923540e+00,2.373478042647432673e+00,6.951567438701106383e+00,9.540001010373998724e+00,5.670202095799238506e+00,2.503291174536511221e+01,5.494690104747894210e+00,3.328468868144186388e+01,9.540826415204982425e+00
-2.409271929403923540e+00,2.627528600000000658e+00,4.964624166109269154e+00,6.167878768980699533e+00,5.669395486786376281e+00,2.302434423790509754e+01,5.557375619796602884e+00,3.081782508198394410e+01,9.907412661953530986e+00
-2.161626180384689011e+00,-3.469684776461626541e+00,2.996908912902286115e+00,2.175501668859669735e+01,5.668057515866676610e+00,4.288067370918372490e+01,5.775113616720469523e+00,3.453226126486829628e+01,1.077218168572846402e+01
-2.161626180384689011e+00,-3.215634219109058556e+00,7.488645491242539087e+00,2.517709226522947574e+01,5.672071990454262469e+00,4.394238140795607706e+01,5.710295905829812391e+00,3.509276404802169225e+01,9.977458644463881754e+00
-2.161626180384689011e+00,-2.961583661756491015e+00,1.198038206958277918e+01,2.911113166841187194e+01,5.671124437243075356e+00,4.748278834334576004e+01,5.818137540997628143e+00,3.794955676531873934e+01,9.995098839812671443e+00
-2.161626180384689011e+00,-2.707533104403923030e+00,1.665136708762517870e+01,3.043396374068925070e+01,5.672714810647650374e+00,4.806483947406076140e+01,5.409223317794539021e+00,3.884301351720196038e+01,9.933164200425355972e+00
-2.161626180384689011e+00,-2.453482547051355489e+00,2.091815562651045113e+01,2.937968307260689471e+01,5.679270871110739805e+00,4.360099651346894234e+01,5.107363784840472931e+00,3.540578461671928778e+01,9.956440546646874168e+00
-2.161626180384689011e+00,-2.199431989698787504e+00,2.369149250047700406e+01,2.797721419305253221e+01,5.686953667985958916e+00,3.819829331455494525e+01,5.443890903956869920e+00,3.538878438233121670e+01,9.656943527623434775e+00
-2.161626180384689011e+00,-1.945381432346219519e+00,2.483176717376671405e+01,2.745178420789034135e+01,5.689206350209984109e+00,3.679104691872937849e+01,5.705001309391950493e+00,3.746451068493677639e+01,9.450882654339681110e+00
-2.161626180384689011e+00,-1.691330874993651756e+00,2.436465353898910280e+01,2.704900121312039118e+01,5.685844597823463964e+00,3.818088075214615174e+01,5.359315755987778651e+00,4.538151097676404078e+01,9.766317457093695253e+00
-2.161626180384689011e+00,-1.437280317641083993e+00,2.211337727085973981e+01,2.517224243845794263e+01,5.683625656985509700e+00,3.644091397195677473e+01,4.980902736786521068e+00,5.769008563286570990e+01,9.269277604723878738e+00
-2.161626180384689011e+00,-1.183229760288516230e+00,1.932568994357771430e+01,2.143779830747826054e+01,5.686031887988490574e+00,2.931966926779512050e+01,5.229394384454862710e+00,4.827249244064385891e+01,9.419986486726985575e+00
-2.161626180384689011e+00,-9.291792029359483562e-01,1.647550398433426722e+01,1.744447083002978616e+01,5.688578647852329695e+00,2.178508784309320845e+01,5.541635840517981748e+00,3.010785694426704140e+01,9.332868806956398089e+00
-2.161626180384689011e+00,-6.751286455833804823e-01,1.432641261217483120e+01,1.544254499690850935e+01,5.686997117583149297e+00,1.964288217473017539e+01,5.299329745676160996e+00,3.319007290255177622e+01,9.591626320844946818e+00
-2.161626180384689011e+00,-4.210780882308131634e-01,1.217818159152755619e+01,1.624043576065014349e+01,5.684460978732026604e+00,2.278836576740900455e+01,4.957782719287873618e+00,4.268052051705094385e+01,8.852820288718890041e+00
-2.161626180384689011e+00,-1.670275308782453449e-01,1.035797818584580554e+01,1.845608862754215806e+01,5.685403790182612660e+00,2.724282087428730392e+01,5.173682559866763064e+00,3.989385588597906462e+01,8.995153914602237677e+00
-2.161626180384689011e+00,8.702302647432247351e-02,9.325847060123511056e+00,1.985555662647766439e+01,5.687454034556119531e+00,3.074259678870134849e+01,5.522504123536925214e+00,3.744953383378864231e+01,8.998200167062467614e+00
-2.161626180384689011e+00,3.410735838268902920e-01,9.593223261854145534e+00,1.941617907697309420e+01,5.686269224370342101e+00,3.274007813965226887e+01,5.336493513850137482e+00,5.019778292744342707e+01,8.970244760959664276e+00
-2.161626180384689011e+00,5.951241411794581104e-01,1.108153172096635508e+01,1.805185359045663063e+01,5.683755286069563262e+00,3.169382495612944695e+01,4.983881872899305954e+00,6.316065446372120107e+01,8.823203022882756486e+00
-2.161626180384689011e+00,8.491746985320258734e-01,1.289512184118318139e+01,1.735670444716470229e+01,5.684606960523042929e+00,2.715971632571955752e+01,5.194061164457177249e+00,5.235061201863827307e+01,9.247837881749012112e+00
-2.161626180384689011e+00,1.103225255884593636e+00,1.483025216884283637e+01,1.777731194455645891e+01,5.687583700647424578e+00,2.303207309959549320e+01,5.586156766541146013e+00,3.742610259293926589e+01,9.031023486064293948e+00
-2.161626180384689011e+00,1.357275813237161621e+00,1.574512521993563219e+01,1.815534229317654535e+01,5.686692097538544211e+00,2.383155848741583327e+01,5.474908737119049462e+00,3.487198359841566031e+01,9.212302577649920110e+00
-2.161626180384689011e+00,1.611326370589729384e+00,1.530949976367151599e+01,1.704833834344117349e+01,5.680627144160492747e+00,2.813370277592528623e+01,5.148958673026324817e+00,3.685323787646636617e+01,9.330226151545545576e+00
-2.161626180384689011e+00,1.865376927942297147e+00,1.351455827006103227e+01,1.430182147885443555e+01,5.675057616968128826e+00,2.985605467349148512e+01,5.393428311270220377e+00,3.612676327285868894e+01,9.835652055101299140e+00
-2.161626180384689011e+00,2.119427485294865132e+00,1.062263247471756245e+01,1.108879762630476762e+01,5.674414182671183582e+00,2.641962803395364290e+01,5.900583054643209202e+00,3.504712511497009331e+01,1.020534734287892320e+01
-2.161626180384689011e+00,2.373478042647432673e+00,7.612337104676008437e+00,8.304282291429444740e+00,5.675690892048447012e+00,2.231368617776763585e+01,5.881574972381345745e+00,3.253584832475976185e+01,1.032132714011986074e+01
-2.161626180384689011e+00,2.627528600000000658e+00,6.108932520750764539e+00,5.001755916578076722e+00,5.671332743506737550e+00,2.366082666203368490e+01,5.711337066707960375e+00,2.999114569549598741e+01,1.067811667285977428e+01
-1.913980431365454482e+00,-3.469684776461626541e+00,3.622739815950332343e+00,2.228674241512726439e+01,5.667795625082656663e+00,4.343534712779717211e+01,5.810056193745291253e+00,3.290585899249290236e+01,1.091824277751589989e+01
-1.913980431365454482e+00,-3.215634219109058556e+00,7.985925417548725314e+00,2.577150085445555305e+01,5.673268840377731159e+00,4.494253217816662982e+01,5.850155508580218822e+00,3.416586173211538835e+01,1.003774448854896839e+01
-1.913980431365454482e+00,-2.961583661756491015e+00,1.234911101914711118e+01,2.982368691157262219e+01,5.673017967367284697e+00,4.910055812351572513e+01,6.006914724147542017e+00,3.872550230639331659e+01,1.027559298696950663e+01
-1.913980431365454482e+00,-2.707533104403923030e+00,1.698066172789920358e+01,3.087355103585377947e+01,5.674501791547534424e+00,4.950217524732943275e+01,5.547219578570303788e+00,4.447942039850821772e+01,9.849067357740851847e+00
-1.913980431365454482e+00,-2.453482547051355489e+00,2.112037435512897687e+01,2.922120275568977377e+01,5.680677675121369674e+00,4.416246004417388349e+01,5.198448649597927407e+00,4.047561208659208631e+01,1.006866326993563554e+01
-1.913980431365454482e+00,-2.199431989698787504e+00,2.393408607379726050e+01,2.725564079810010298e+01,5.688218504389393360e+00,3.785207503616345548e+01,5.592889360880475280e+00,3.684752337183278570e+01,9.618363377954832316e+00
-1.913980431365454482e+00,-1.945381432346219519e+00,2.492681786360991225e+01,2.645433936107747286e+01,5.690586456423320172e+00,3.544088719396324905e+01,5.896837715477492026e+00,3.732872601221479414e+01,9.806166089090934790e+00
-1.913980431365454482e+00,-1.691330874993651756e+00,2.448794863385126064e+01,2.598898606636885233e+01,5.687424198425034660e+00,3.525066550419234090e+01,5.497808182842137015e+00,3.504690131485616433e+01,9.724865765872875656e+00
-1.913980431365454482e+00,-1.437280317641083993e+00,2.216719031052947742e+01,2.399413008947067283e+01,5.685472555288832552e+00,3.190821183976891007e+01,5.063640173225612884e+00,3.443792783263003088e+01,9.297657558881294193e+00
-1.913980431365454482e+00,-1.183229760288516230e+00,1.914434657481669788e+01,1.993660593201366282e+01,5.688176746314917764e+00,2.458304727833410652e+01,5.365839585416249946e+00,3.061046834888149704e+01,9.129891247811629640e+00
-1.913980431365454482e+00,-9.291792029359483562e-01,1.569963157740614257e+01,1.556116785417725623e+01,5.690790401890622796e+00,1.867047200344444491e+01,5.732760304953750108e+00,2.674097463796729102e+01,9.765609996314022823e+00
-1.913980431365454482e+00,-6.751286455833804823e-01,1.270342330868708380e+01,1.342872499342047377e+01,5.688962246655311361e+00,1.873014153435593698e+01,5.448254555055536130e+00,2.464908944841187832e+01,9.481032296290317518e+00
-1.913980431365454482e+00,-4.210780882308131634e-01,1.001417670003488780e+01,1.451700133681333682e+01,5.686231361464415990e+00,2.311704316045893393e+01,5.043856324910433564e+00,2.858779735353393647e+01,8.739663210183149289e+00
-1.913980431365454482e+00,-1.670275308782453449e-01,8.234193832622160869e+00,1.728474459819653930e+01,5.687281901818924013e+00,2.728862176094747838e+01,5.296166165991503583e+00,3.621569226492537297e+01,8.955931720044640443e+00
-1.913980431365454482e+00,8.702302647432247351e-02,7.919968507430851901e+00,1.911889777149463043e+01,5.689465459200530262e+00,2.936220264793269052e+01,5.693843826257469765e+00,3.763693601845879755e+01,9.484340057242194533e+00
-1.913980431365454482e+00,3.410735838268902920e-01,8.819851436292164948e+00,1.870369199876677158e+01,5.688150156304924820e+00,2.969640216746961414e+01,5.469837723320327250e+00,3.716365214931362715e+01,9.060255481441185310e+00
-1.913980431365454482e+00,5.951241411794581104e-01,1.082018509975503839e+01,1.697637803752240870e+01,5.685421577269300641e+00,2.778145410310344232e+01,5.059111768676510579e+00,3.396593606051170156e+01,8.762070389660726377e+00
-1.913980431365454482e+00,8.491746985320258734e-01,1.249437596729914013e+01,1.583354446497196477e+01,5.686256261989722560e+00,2.357724036687829994e+01,5.311345800024250607e+00,3.161453144890107581e+01,9.367254610883927413e+00
-1.913980431365454482e+00,1.103225255884593636e+00,1.413519182665030449e+01,1.605208054796912620e+01,5.689299756396312802e+00,2.028674630139835244e+01,5.771279625623349396e+00,3.357647325462254173e+01,9.477041088423060700e+00
-1.913980431365454482e+00,1.357275813237161621e+00,1.506012896067502638e+01,1.659637466687945562e+01,5.688314260240752596e+00,2.137342941918677752e+01,5.641250539766840433e+00,3.558567813956770465e+01,9.356552050513217367e+00
-1.913980431365454482e+00,1.611326370589729384e+00,1.491250679175678684e+01,1.590216831573434320e+01,5.682171056483758420e+00,2.522282302105890039e+01,5.247954157126464736e+00,3.807740678841497584e+01,9.493613907328114720e+00
-1.913980431365454482e+00,1.865376927942297147e+00,1.328907963041712570e+01,1.359270203535652399e+01,5.676918922820317626e+00,2.669936277791333623e+01,5.519298109390649465e+00,3.758525644537317589e+01,9.760842441723818652e+00
-1.913980431365454482e+00,2.119427485294865132e+00,1.072987647091727403e+01,1.067766917348581046e+01,5.676782706604266870e+00,2.439500560440808385e+01,6.113382290363249538e+00,3.530111266135374848e+01,1.043730794744849177e+01
-1.913980431365454482e+00,2.373478042647432673e+00,8.001506040730847147e+00,7.988687477226449118e+00,5.677745770225957500e+00,2.311206670609027469e+01,6.092512157079829294e+00,3.359746462572919512e+01,1.041039732785975680e+01
-1.913980431365454482e+00,2.627528600000000658e+00,6.499279656712957376e+00,4.551996793637044902e+00,5.671696299009733266e+00,2.808464704634013742e+01,5.838373625784684329e+00,3.656241795453829013e+01,1.083673396454010351e+01
-1.666334682346219953e+00,-3.469684776461626541e+00,2.336590455436859060e+00,2.189146411294223071e+01,5.665961125764282791e+00,4.584615810373190925e+01,5.558106452689872690e+00,4.165035207228885383e+01,1.043006655066571575e+01
-1.666334682346219953e+00,-3.215634219109058556e+00,7.145333103381108941e+00,2.591017223314793227e+01,5.670196793466304896e+00,4.698695863275486317e+01,5.458556291715226827e+00,3.135615717483869247e+01,9.733638469058067955e+00
-1.666334682346219953e+00,-2.961583661756491015e+00,1.195407575132535172e+01,3.061865429825502360e+01,5.669329125176833628e+00,5.104942854362582239e+01,5.546889104579334706e+00,4.279037354430656848e+01,9.740506045899639531e+00
-1.666334682346219953e+00,-2.707533104403923030e+00,1.666635595359771571e+01,3.226405550426079571e+01,5.671138905199271107e+00,5.100281801839093987e+01,5.250332875619322159e+00,6.110476639516382136e+01,1.030232860266135297e+01
-1.666334682346219953e+00,-2.453482547051355489e+00,2.108273300144039553e+01,3.117182426766612480e+01,5.677233002401827378e+00,4.528502126996295374e+01,5.017642482054665010e+00,4.991860150745416291e+01,9.879879045652321778e+00
-1.666334682346219953e+00,-2.199431989698787504e+00,2.391978152880118458e+01,2.971428024755823571e+01,5.684070092260426144e+00,3.938502835987753770e+01,5.255279846821214740e+00,3.626409154268674229e+01,9.489790369959287375e+00
-1.666334682346219953e+00,-1.945381432346219519e+00,2.512455419677479895e+01,2.914133642087927001e+01,5.686379108676685057e+00,3.754870483900799627e+01,5.452673182882759484e+00,3.687715276399898556e+01,9.293022603299892381e+00
-1.666334682346219953e+00,-1.691330874993651756e+00,2.442314313874617326e+01,2.830515535786344117e+01,5.684157118692587218e+00,3.665524648733673985e+01,5.192500845594077319e+00,3.461584112427756565e+01,9.531156905051849648e+00
-1.666334682346219953e+00,-1.437280317641083993e+00,2.164274033505724759e+01,2.524327966899090825e+01,5.682742214597250374e+00,3.136506973351072247e+01,4.897709752587437571e+00,2.992135392725883491e+01,9.183779197184460230e+00
-1.666334682346219953e+00,-1.183229760288516230e+00,1.811145806306156913e+01,1.974793427387794509e+01,5.684761085976680839e+00,2.263449821713368237e+01,5.074228274888203494e+00,2.749325480631721064e+01,9.366562709211217808e+00
-1.666334682346219953e+00,-9.291792029359483562e-01,1.403386726109912530e+01,1.417083577578341647e+01,5.686601183899019141e+00,1.696599676448562377e+01,5.322580234965728962e+00,2.640542397745123182e+01,9.401771457104446839e+00
-1.666334682346219953e+00,-6.751286455833804823e-01,1.053550877042589207e+01,1.156294482135217550e+01,5.685039458938061507e+00,1.798634710038732010e+01,5.139747263326397864e+00,2.217649164255990968e+01,9.530506121405970532e+00
-1.666334682346219953e+00,-4.210780882308131634e-01,7.540619187092442388e+00,1.294108062501345557e+01,5.682974177143473860e+00,2.260816104641463653e+01,4.881313313133339271e+00,2.773950374880668335e+01,8.667863914703376693e+00
-1.666334682346219953e+00,-1.670275308782453449e-01,6.272334778597077332e+00,1.635350795648719213e+01,5.684004037260996789e+00,2.604697834051836480e+01,5.066478821301389601e+00,3.512503940743533093e+01,8.960018711133454161e+00
-1.666334682346219953e+00,8.702302647432247351e-02,6.643821904845204074e+00,1.865096325549620815e+01,5.685821481071386962e+00,2.714868355594921923e+01,5.341563062216644120e+00,3.301906544742004712e+01,8.894730033623121201e+00
-1.666334682346219953e+00,3.410735838268902920e-01,8.318397028442189978e+00,1.823267995398509811e+01,5.684737690190121207e+00,2.701662482330380044e+01,5.170059448854299688e+00,3.816451988036723719e+01,9.084210214623686497e+00
-1.666334682346219953e+00,5.951241411794581104e-01,1.031262898611393197e+01,1.614695414398102002e+01,5.682613781423137667e+00,2.550816807059800340e+01,4.890051991245032426e+00,4.004050520895722798e+01,8.626370593388656971e+00
-1.666334682346219953e+00,8.491746985320258734e-01,1.165480372032685885e+01,1.463779902617625339e+01,5.683557516907426610e+00,2.237323795339602839e+01,5.074711896763736796e+00,3.567911417091461601e+01,9.122035551876976456e+00
-1.666334682346219953e+00,1.103225255884593636e+00,1.280001572136997723e+01,1.477096746721235832e+01,5.686298440886402794e+00,1.999424781064578838e+01,5.396237028220501664e+00,3.311370254842154992e+01,9.028813327490777141e+00
-1.666334682346219953e+00,1.357275813237161621e+00,1.354587388156940619e+01,1.555308216614957928e+01,5.685308288534066889e+00,2.112506262066676754e+01,5.316514020971312426e+00,4.038311717205588280e+01,9.187960325933117289e+00
-1.666334682346219953e+00,1.611326370589729384e+00,1.366505849806883077e+01,1.524789470563791838e+01,5.679308152919051444e+00,2.445064355590739069e+01,5.052527209679956499e+00,4.884685338881611472e+01,9.170698428658331736e+00
-1.666334682346219953e+00,1.865376927942297147e+00,1.233253028111493599e+01,1.326562237598500360e+01,5.673450975454716882e+00,2.594396217069493105e+01,5.214159112648058425e+00,4.178506233378997337e+01,9.728768757920610355e+00
-1.666334682346219953e+00,2.119427485294865132e+00,1.000806566122259866e+01,1.050663769084803789e+01,5.672131769977551308e+00,2.494496240730768477e+01,5.613699131050518432e+00,3.328837080779538837e+01,1.022387945192295078e+01
-1.666334682346219953e+00,2.373478042647432673e+00,7.162043399486108797e+00,7.811442328332304896e+00,5.673144333481945800e+00,2.589877489097830221e+01,5.628441941064007636e+00,3.863062086053755451e+01,1.028723865893880607e+01
-1.666334682346219953e+00,2.627528600000000658e+00,5.784318279926674577e+00,4.251048229000844003e+00,5.668940435173566605e+00,3.295688314774730543e+01,5.618579440729544849e+00,5.392102627774660561e+01,1.059240955794569672e+01
-1.418688933326985646e+00,-3.469684776461626541e+00,4.978122069865165145e-01,2.155547762015430635e+01,5.664243055690304729e+00,5.205321907448922047e+01,5.405642419465461757e+00,4.571132469509348795e+01,9.843148564847247428e+00
-1.418688933326985646e+00,-3.215634219109058556e+00,6.306823058321692876e+00,2.667288612797074165e+01,5.668090694888587855e+00,5.219785790176172213e+01,5.165293283120028889e+00,2.929232452056618996e+01,9.389957547224545564e+00
-1.418688933326985646e+00,-2.961583661756491015e+00,1.211583390965686213e+01,3.246951597471434070e+01,5.666221704026940920e+00,5.585025113073413650e+01,5.143088392799953112e+00,3.711046009086444997e+01,9.398990208646077704e+00
-1.418688933326985646e+00,-2.707533104403923030e+00,1.785032718973419108e+01,3.536606264349484263e+01,5.667803000296761873e+00,5.528402223240425428e+01,4.978357598482448410e+00,5.102327103093983851e+01,9.662881209618438660e+00
-1.418688933326985646e+00,-2.453482547051355489e+00,2.289037315116701876e+01,3.571277667535559885e+01,5.673928575719346945e+00,4.911708639495634543e+01,4.871485656772643225e+00,4.195471582341985339e+01,9.726087714141128160e+00
-1.418688933326985646e+00,-2.199431989698787504e+00,2.595238725989809936e+01,3.550219541711066995e+01,5.680713736211978393e+00,4.373365594941799372e+01,5.007766963452123576e+00,3.341187212552317476e+01,9.179183103753150164e+00
-1.418688933326985646e+00,-1.945381432346219519e+00,2.658602273432349250e+01,3.532068333926235937e+01,5.683286533854345457e+00,4.310009300071374128e+01,5.118899875968685897e+00,3.635505429954693568e+01,9.083207013202375890e+00
-1.418688933326985646e+00,-1.691330874993651756e+00,2.496234491882637130e+01,3.354831651010044880e+01,5.681567927525605022e+00,4.236274002492666568e+01,4.967252450274119546e+00,3.369816974841762658e+01,9.243082570443080570e+00
-1.418688933326985646e+00,-1.437280317641083993e+00,2.128451184771716242e+01,2.839382848338300391e+01,5.680026663276824372e+00,3.531635565943770416e+01,4.769734947785935653e+00,2.919521855385708875e+01,9.237629761051321609e+00
-1.418688933326985646e+00,-1.183229760288516230e+00,1.671963309988633029e+01,2.048024886393068300e+01,5.681124339405203116e+00,2.418153040394690834e+01,4.842612973368359164e+00,2.793422446271151571e+01,9.074936608094681390e+00
-1.418688933326985646e+00,-9.291792029359483562e-01,1.179826102483853845e+01,1.316898940546252561e+01,5.682319618319866983e+00,1.694594386207404568e+01,5.000540229929774760e+00,2.520534944679497968e+01,9.129605492793444910e+00
-1.418688933326985646e+00,-6.751286455833804823e-01,7.894315058526647277e+00,1.008289670417161688e+01,5.681119285746588865e+00,1.703297501123432767e+01,4.899166712728978190e+00,2.202524937376310632e+01,9.090094786494274715e+00
-1.418688933326985646e+00,-4.210780882308131634e-01,5.273401018034675758e+00,1.208806112520596798e+01,5.679748001516156997e+00,2.041757781065541622e+01,4.760716170748629850e+00,2.685564481004977466e+01,9.011375999087503530e+00
-1.418688933326985646e+00,-1.670275308782453449e-01,4.832903184534651508e+00,1.658109780075483286e+01,5.680874526484465115e+00,2.245803185141448921e+01,4.915386798445966043e+00,2.525604468139390235e+01,8.988145458221053374e+00
-1.418688933326985646e+00,8.702302647432247351e-02,6.590222160466778334e+00,1.975495962596050958e+01,5.682398736374792314e+00,2.309116487811672869e+01,5.101887354593154456e+00,1.781662574537278942e+01,8.920841221494340445e+00
-1.418688933326985646e+00,3.410735838268902920e-01,9.052120398908378718e+00,1.971481192601368093e+01,5.681431910666200125e+00,2.407571422597857236e+01,4.957841191418643767e+00,3.251684231324785657e+01,8.934362877997056529e+00
-1.418688933326985646e+00,5.951241411794581104e-01,1.098285292188248974e+01,1.760193772419097513e+01,5.679938673733559540e+00,2.483061823680770885e+01,4.762806474743672247e+00,5.258833215268636252e+01,9.297434723801815792e+00
-1.418688933326985646e+00,8.491746985320258734e-01,1.172182591933339069e+01,1.590492138935678668e+01,5.681509624235520306e+00,2.392074542481191202e+01,4.900031559268759551e+00,5.176859064474070493e+01,8.905010781459932190e+00
-1.418688933326985646e+00,1.103225255884593636e+00,1.244305331085671362e+01,1.584474739286542899e+01,5.684551894185121412e+00,2.258374624734631197e+01,5.130236077650332405e+00,3.828282031651313844e+01,8.894785915007100030e+00
-1.418688933326985646e+00,1.357275813237161621e+00,1.297265890725286219e+01,1.642742808725688519e+01,5.683493975057452907e+00,2.334661997953355694e+01,5.100957439939799443e+00,3.748548106102661848e+01,8.939461867340376955e+00
-1.418688933326985646e+00,1.611326370589729384e+00,1.269885113371966767e+01,1.585693250266649557e+01,5.676967809604331450e+00,2.583351299064668183e+01,4.923978775684166642e+00,4.278039224125253526e+01,8.898146713553769516e+00
-1.418688933326985646e+00,1.865376927942297147e+00,1.111040920640344432e+01,1.354726512567231111e+01,5.670047629459705085e+00,2.715944991824540011e+01,4.971900956127128346e+00,3.837235574833413665e+01,9.446276674929874773e+00
-1.418688933326985646e+00,2.119427485294865132e+00,8.512351776701317263e+00,1.049740895328159240e+01,5.667636979752554538e+00,2.674939326462617828e+01,5.201150577714225065e+00,3.353966260244715158e+01,9.711239368904600155e+00
-1.418688933326985646e+00,2.373478042647432673e+00,5.722040011291148254e+00,7.671286960569887015e+00,5.668851570890831582e+00,2.807094222997170618e+01,5.249712931972931429e+00,3.866335899492537465e+01,9.655684695166089071e+00
-1.418688933326985646e+00,2.627528600000000658e+00,4.471012214940765617e+00,4.193522263766681135e+00,5.665718631898878144e+00,3.445953238439557254e+01,5.434104223765237940e+00,5.184117507998055174e+01,1.048178055883694171e+01
-1.171043184307751117e+00,-3.469684776461626541e+00,0.000000000000000000e+00,2.317448157572016498e+01,5.662716755445630135e+00,5.930712284074445506e+01,5.525387720322512131e+00,3.368911385380549461e+01,1.070819955730963713e+01
-1.171043184307751117e+00,-3.215634219109058556e+00,7.642437654680147574e+00,2.977666376339857379e+01,5.669364486616040644e+00,5.832731115793387744e+01,5.413267832954741898e+00,3.270126737152056506e+01,1.069774729528964485e+01
-1.171043184307751117e+00,-2.961583661756491015e+00,1.528487530936027738e+01,3.655150885882267175e+01,5.667603455745189756e+00,6.272720697990632743e+01,5.409514990462463757e+00,3.726370594610585840e+01,1.054040071868083395e+01
-1.171043184307751117e+00,-2.707533104403923030e+00,2.281705789061811629e+01,4.053201742451437894e+01,5.668153305125047225e+00,6.333078990304204581e+01,5.127462560666100622e+00,3.983277182353722878e+01,1.043102761761311825e+01
-1.171043184307751117e+00,-2.453482547051355489e+00,2.862688626468179720e+01,4.223164974025075935e+01,5.673955560580520086e+00,5.741206077464096325e+01,4.980369937565577665e+00,4.003143901671312221e+01,1.015497597356638870e+01
-1.171043184307751117e+00,-2.199431989698787504e+00,3.165311863455371721e+01,4.311670671493720874e+01,5.681404695264935967e+00,5.173194589081720096e+01,5.279616618385853499e+00,3.728713749973902480e+01,1.026091825661336898e+01
-1.171043184307751117e+00,-1.945381432346219519e+00,3.077736860270035635e+01,4.293750866397112986e+01,5.684474913103361615e+00,5.108637625060816845e+01,5.485657369939838546e+00,4.087661024618636674e+01,9.742424553253609787e+00
-1.171043184307751117e+00,-1.691330874993651756e+00,2.743513667346284279e+01,3.965471242110743333e+01,5.682304921064623038e+00,5.015475042842570019e+01,5.207700087909252318e+00,3.752172174662580062e+01,1.043256963507827884e+01
-1.171043184307751117e+00,-1.437280317641083993e+00,2.227454809577416484e+01,3.194103017317047488e+01,5.679947546679620984e+00,4.178291671602926272e+01,4.875842251647616976e+00,3.042036524866476555e+01,9.597263963944540066e+00
-1.171043184307751117e+00,-1.183229760288516230e+00,1.659682914161667000e+01,2.156047038546330441e+01,5.680753892871056365e+00,2.848222163677348817e+01,5.047166872259225556e+00,2.981267750122838223e+01,1.003651585816262681e+01
-1.171043184307751117e+00,-9.291792029359483562e-01,1.098522567724384658e+01,1.296765833752306207e+01,5.682109529226504030e+00,1.928133751133520946e+01,5.318099431233557439e+00,2.680676612094087830e+01,1.035325509863487170e+01
-1.171043184307751117e+00,-6.751286455833804823e-01,7.135539124593564431e+00,1.017077220464943821e+01,5.680995049265580299e+00,1.777524723728430445e+01,5.124651163617758520e+00,2.184650093385792502e+01,1.054746358315626331e+01
-1.171043184307751117e+00,-4.210780882308131634e-01,5.313867638088220602e+00,1.360568739663449378e+01,5.679667498513206958e+00,1.943243848389300865e+01,4.859211801914957718e+00,1.825890897721481565e+01,9.204885046045365726e+00
-1.171043184307751117e+00,-1.670275308782453449e-01,6.625127086825034262e+00,1.985676629928730108e+01,5.681019627967797803e+00,1.990437534994589441e+01,5.092098384471699823e+00,1.675455982300522706e+01,9.792455537835641266e+00
-1.171043184307751117e+00,8.702302647432247351e-02,1.018150893850751437e+01,2.446600443195075059e+01,5.682668638051977972e+00,2.035222244467320252e+01,5.394412528254152406e+00,1.448392190839685156e+01,9.705136084722365553e+00
-1.171043184307751117e+00,3.410735838268902920e-01,1.325024177325441599e+01,2.528579704480307555e+01,5.681500871354619342e+00,2.325120641989985870e+01,5.177101387865523208e+00,2.193252006668563681e+01,9.757690744603987554e+00
-1.171043184307751117e+00,5.951241411794581104e-01,1.541198273028292576e+01,2.347551270745407237e+01,5.680084641176075699e+00,2.720997591561479112e+01,4.837859614997101154e+00,4.157148439610786994e+01,9.789115402314568115e+00
-1.171043184307751117e+00,8.491746985320258734e-01,1.614692656369388857e+01,2.157809660107977834e+01,5.682626731184434732e+00,2.896596600162263258e+01,5.046478936773576507e+00,4.768248924984062143e+01,9.815098653501102888e+00
-1.171043184307751117e+00,1.103225255884593636e+00,1.650096700559679874e+01,2.082277464566595881e+01,5.686765210665818415e+00,2.836155974080941178e+01,5.426418103841791130e+00,4.219405512340714637e+01,9.579445214769885197e+00
-1.171043184307751117e+00,1.357275813237161621e+00,1.610368787024935955e+01,2.027430475851451774e+01,5.685531096451239996e+00,2.808049573702146517e+01,5.365954101786260644e+00,3.817944964178363421e+01,9.793579006590025671e+00
-1.171043184307751117e+00,1.611326370589729384e+00,1.442012046620316568e+01,1.835579467614388705e+01,5.677753906244346283e+00,2.915839676348923604e+01,5.071679117868146847e+00,3.743696335217326521e+01,9.642807946773141126e+00
-1.171043184307751117e+00,1.865376927942297147e+00,1.164336509611467463e+01,1.483480911566311988e+01,5.670131042883093997e+00,2.977123017175574660e+01,5.193817921073225818e+00,3.821193764295387751e+01,9.565423032536759962e+00
-1.171043184307751117e+00,2.119427485294865132e+00,8.391050308017046433e+00,1.104479582143812877e+01,5.668056476822537881e+00,2.885438530976671245e+01,5.599448444695382499e+00,3.878448222533369716e+01,1.045329177322946101e+01
-1.171043184307751117e+00,2.373478042647432673e+00,5.557244104538209939e+00,8.110004482969998207e+00,5.669228441728514589e+00,2.854882369119792429e+01,5.628788588072333177e+00,3.653307028829227221e+01,1.047827067144256930e+01
-1.171043184307751117e+00,2.627528600000000658e+00,4.587422773584969526e+00,5.092978250778287475e+00,5.663425312567042624e+00,3.182728460371185975e+01,5.585033576926518251e+00,3.662433478853220947e+01,1.068249617655129491e+01
-9.233974352885166992e-01,-3.469684776461626541e+00,4.583610231480884423e+00,2.811746456720811693e+01,5.660955096746087101e+00,6.522339911897768161e+01,5.547185028418984309e+00,3.692312009127243755e+01,1.077340943718149724e+01
-9.233974352885166992e-01,-3.215634219109058556e+00,1.437918492334547516e+01,3.617191005219592626e+01,5.669727240713005934e+00,6.356559023508054906e+01,5.595894162504192693e+00,3.795941301446671901e+01,1.037376565602182232e+01
-9.233974352885166992e-01,-2.961583661756491015e+00,2.417475961521004990e+01,4.310183732873065310e+01,5.669459440377448090e+00,7.038048188768300406e+01,5.693808375952644774e+00,4.400622178680274743e+01,1.063759035376914852e+01
-9.233974352885166992e-01,-2.707533104403923030e+00,3.346436769040163739e+01,4.702849804622474039e+01,5.669732879262326719e+00,7.422494762679559699e+01,5.317110712906401915e+00,5.973067295349365224e+01,9.500187160405140219e+00
-9.233974352885166992e-01,-2.453482547051355489e+00,3.964286028000728379e+01,4.892465050992268516e+01,5.675115622782851865e+00,6.922567832765105322e+01,5.094848560954872596e+00,7.037149199388601062e+01,9.976373672411215310e+00
-9.233974352885166992e-01,-2.199431989698787504e+00,4.134257088731514784e+01,4.988183439820659260e+01,5.682597470521386640e+00,6.161431197934632564e+01,5.526468297350809245e+00,5.451653443953517097e+01,9.959913702936114888e+00
-9.233974352885166992e-01,-1.945381432346219519e+00,3.812264116206090137e+01,4.898389258942279412e+01,5.685600340618647053e+00,5.825906755194125708e+01,5.819214178714052110e+00,4.689655274011921904e+01,1.000480839582788128e+01
-9.233974352885166992e-01,-1.691330874993651756e+00,3.238930612139627385e+01,4.402424556952701096e+01,5.682925169621873884e+00,5.553282013395471495e+01,5.425938078325870606e+00,4.392596192318767834e+01,1.015617519880596120e+01
-9.233974352885166992e-01,-1.437280317641083993e+00,2.569583923672801973e+01,3.433610971516554855e+01,5.680149048191420746e+00,4.617826504938318521e+01,4.980056527599432847e+00,3.495154659332659008e+01,9.613522639902535971e+00
-9.233974352885166992e-01,-1.183229760288516230e+00,1.878922535941802607e+01,2.275280648503485281e+01,5.681108960586827905e+00,3.216820320822682788e+01,5.254532181784941969e+00,3.308665139426962298e+01,9.668928660914737350e+00
-9.233974352885166992e-01,-9.291792029359483562e-01,1.299781937428884504e+01,1.442948917847115808e+01,5.682841570276831789e+00,2.262756608239135403e+01,5.618026629308624287e+00,3.062227995697174876e+01,1.060685365588460627e+01
-9.233974352885166992e-01,-6.751286455833804823e-01,9.934691204581341140e+00,1.325019656536551338e+01,5.681822801431692938e+00,2.122838125671097487e+01,5.334920461609717002e+00,2.563429231230508520e+01,1.029720955623312406e+01
-9.233974352885166992e-01,-4.210780882308131634e-01,1.016449648090416780e+01,1.890552815268983977e+01,5.680408252259878665e+00,2.304882257371912146e+01,4.941607444537077676e+00,1.957766443266074319e+01,9.079276935839679652e+00
-9.233974352885166992e-01,-1.670275308782453449e-01,1.400588886006927147e+01,2.720274064131899650e+01,5.681785283381220353e+00,2.364959906521414723e+01,5.228749424178044336e+00,2.212317376960622184e+01,9.347554702191814613e+00
-9.233974352885166992e-01,8.702302647432247351e-02,1.904746471034369293e+01,3.329260247916772641e+01,5.683501140093930815e+00,2.483583046108083181e+01,5.648992234866748952e+00,2.511530381781231824e+01,9.904930390309383270e+00
-9.233974352885166992e-01,3.410735838268902920e-01,2.273763828930765385e+01,3.497990545929587825e+01,5.682253234652812068e+00,2.956146894560436067e+01,5.402672616350313817e+00,3.312868080499929135e+01,9.426687811930607452e+00
-9.233974352885166992e-01,5.951241411794581104e-01,2.536947115598874802e+01,3.341706877567867195e+01,5.680792547980935581e+00,3.573334274726084914e+01,4.949551372767256652e+00,4.856213437189507687e+01,9.847264704404311786e+00
-9.233974352885166992e-01,8.491746985320258734e-01,2.599043738699560535e+01,3.101954898423809937e+01,5.683674814605500281e+00,3.855429710146307798e+01,5.213158832760164785e+00,5.039711541531509909e+01,9.517399150832384080e+00
-9.233974352885166992e-01,1.103225255884593636e+00,2.543970932219314918e+01,2.891784591862688103e+01,5.688295261200393860e+00,3.697104587245860330e+01,5.702496825710774431e+00,5.027360125163600202e+01,9.625189590480824009e+00
-9.233974352885166992e-01,1.357275813237161621e+00,2.328162753488132708e+01,2.636663213055089727e+01,5.686998936346599365e+00,3.439511845599935214e+01,5.582214155911985110e+00,4.715936574117638003e+01,9.515175108461333409e+00
-9.233974352885166992e-01,1.611326370589729384e+00,1.945152290264540085e+01,2.232500866899954417e+01,5.678709516005270075e+00,3.349473457061577619e+01,5.184546888671554221e+00,4.452495606704242448e+01,9.414259340970813739e+00
-9.233974352885166992e-01,1.865376927942297147e+00,1.501858491827932163e+01,1.720394122088782751e+01,5.671052011495954837e+00,3.318966852589329619e+01,5.416842148872232698e+00,4.391666171701774601e+01,9.543383602594094128e+00
-9.233974352885166992e-01,2.119427485294865132e+00,1.096494277460100797e+01,1.274860416284082021e+01,5.669449955395793772e+00,3.143588482474888224e+01,5.984831619064246766e+00,4.278650483415206196e+01,1.077978497349499420e+01
-9.233974352885166992e-01,2.373478042647432673e+00,8.266515760753515352e+00,1.009187224690049334e+01,5.669974107847617795e+00,2.888493483926947647e+01,5.966518448009793474e+00,3.975852700424558606e+01,1.078243204317208992e+01
-9.233974352885166992e-01,2.627528600000000658e+00,8.076521831476055624e+00,7.991389329520643514e+00,5.661483682101924764e+00,2.839256642382304108e+01,5.705996165824682720e+00,3.629955020235442475e+01,1.104556617323296130e+01
-6.757516862692822812e-01,-3.469684776461626541e+00,1.526759630677858226e+01,3.573673030094596470e+01,5.660828181242758106e+00,7.061784142848080137e+01,5.366300517719845509e+00,6.542366308590428048e+01,1.029216025248681099e+01
-6.757516862692822812e-01,-3.215634219109058556e+00,2.672531228340588783e+01,4.476735459277642803e+01,5.666662440492538089e+00,6.872264927586741123e+01,5.270934536515916591e+00,5.162068961902631514e+01,9.962185366945327303e+00
-6.757516862692822812e-01,-2.961583661756491015e+00,3.818302826003314010e+01,5.063370507043964608e+01,5.667678266936885478e+00,7.769477278884812677e+01,5.382303075574680129e+00,6.035813944509422413e+01,9.292471562965014087e+00
-6.757516862692822812e-01,-2.707533104403923030e+00,4.846666641782839235e+01,5.296193604100790253e+01,5.668943752133487557e+00,8.416795941418138227e+01,5.129057782855818814e+00,8.952075161743337617e+01,9.814977643549173791e+00
-6.757516862692822812e-01,-2.453482547051355489e+00,5.330430601704983928e+01,5.352047794796180824e+01,5.674304916555373168e+00,7.909182217929276248e+01,4.947419492471627045e+00,9.760591785585300784e+01,1.006286329900584597e+01
-6.757516862692822812e-01,-2.199431989698787504e+00,5.185999339833477961e+01,5.335293491783613717e+01,5.680786683012263083e+00,6.791102727028589925e+01,5.234283800336875458e+00,7.064875888184006669e+01,1.021517595592492356e+01
-6.757516862692822812e-01,-1.945381432346219519e+00,4.533362312165068886e+01,5.125736298120409629e+01,5.683017815054770772e+00,5.994745241805333080e+01,5.444166901144493309e+00,5.054845020870601502e+01,9.631567010938447027e+00
-6.757516862692822812e-01,-1.691330874993651756e+00,3.733271078125294196e+01,4.517966360263471870e+01,5.680546384525489323e+00,5.434263093016477342e+01,5.151513682720159970e+00,4.722471951767862919e+01,1.017245337624420110e+01
-6.757516862692822812e-01,-1.437280317641083993e+00,2.950683972455354720e+01,3.511683502198229689e+01,5.678307361899824990e+00,4.442955198818629015e+01,4.831985774415903379e+00,4.277984649669952688e+01,9.588669664111989732e+00
-6.757516862692822812e-01,-1.183229760288516230e+00,2.261280028462194736e+01,2.450274010844896111e+01,5.679376847559858277e+00,3.136910765086781794e+01,5.034145255899101556e+00,3.571068544640799303e+01,9.740456228983264353e+00
-6.757516862692822812e-01,-9.291792029359483562e-01,1.786985249867775138e+01,1.840750519665107277e+01,5.681071485297067625e+00,2.386525802326661960e+01,5.297641901263685504e+00,2.961876352205930374e+01,9.975531628650104565e+00
-6.757516862692822812e-01,-6.751286455833804823e-01,1.709107520749049058e+01,1.990566697788835882e+01,5.680406228153763060e+00,2.556321294563929314e+01,5.090045409859761172e+00,2.857869515012012229e+01,1.028700659320833921e+01
-6.757516862692822812e-01,-4.210780882308131634e-01,2.047613276464383603e+01,2.773846791780761123e+01,5.679296961822695167e+00,3.096345389842704776e+01,4.808870376802527602e+00,2.680064780780483957e+01,1.004998189327570302e+01
-6.757516862692822812e-01,-1.670275308782453449e-01,2.629772627009948494e+01,3.726830581918420648e+01,5.680286046866867444e+00,3.462649604030787032e+01,4.996578418488132556e+00,2.658919593921599756e+01,1.077442233719165365e+01
-6.757516862692822812e-01,8.702302647432247351e-02,3.177257788054770060e+01,4.382706061191220215e+01,5.681509633226385247e+00,3.779811692794419287e+01,5.307711594679855871e+00,2.998884834794426268e+01,9.794651908228425796e+00
-6.757516862692822812e-01,3.410735838268902920e-01,3.590886962956025741e+01,4.559266008613576560e+01,5.680482736361032181e+00,4.338514626119132345e+01,5.167835888851651127e+00,5.149816573101165318e+01,1.072091233954621359e+01
-6.757516862692822812e-01,5.951241411794581104e-01,3.856919587459447030e+01,4.379677277734390373e+01,5.679284606184457296e+00,4.911960331201822783e+01,4.876667851862565684e+00,7.162540652794217522e+01,1.208765003754057510e+01
-6.757516862692822812e-01,8.491746985320258734e-01,3.831125496633144678e+01,4.059896979486165947e+01,5.681487306057749542e+00,4.987801432174939009e+01,5.052687803857857318e+00,6.563217997207115673e+01,1.145837673633566567e+01
-6.757516862692822812e-01,1.103225255884593636e+00,3.599859362322176537e+01,3.694169769131349312e+01,5.685196596853447026e+00,4.495289123450288571e+01,5.373350773750483533e+00,5.656261136320662786e+01,9.673784487992715952e+00
-6.757516862692822812e-01,1.357275813237161621e+00,3.137916724613679875e+01,3.235356099742875813e+01,5.684118131430496490e+00,3.914180225911820799e+01,5.256633966975060801e+00,4.973288591235251488e+01,1.020618043321418789e+01
-6.757516862692822812e-01,1.611326370589729384e+00,2.512408246667857625e+01,2.649500938091023272e+01,5.676951390380850171e+00,3.655983943449740536e+01,4.986976645285656318e+00,4.679310868890638631e+01,1.058013183515302558e+01
-6.757516862692822812e-01,1.865376927942297147e+00,1.975279634335323919e+01,2.046208360589753283e+01,5.669963809650795383e+00,3.623846999104870292e+01,5.200493138820564631e+00,4.500953073086814982e+01,9.991662491315382866e+00
-6.757516862692822812e-01,2.119427485294865132e+00,1.592165129591422534e+01,1.621741463225134794e+01,5.668090914571948247e+00,3.476522979566823324e+01,5.618222851214695446e+00,4.217992115377018791e+01,1.012353202815301856e+01
-6.757516862692822812e-01,2.373478042647432673e+00,1.409550887124326479e+01,1.455911057167850231e+01,5.667811224233514800e+00,3.131912027997833547e+01,5.574295848094236838e+00,4.116938261753288231e+01,1.020699013670236077e+01
-6.757516862692822812e-01,2.627528600000000658e+00,1.564828624259088130e+01,1.365926313007093995e+01,5.660411487916789497e+00,2.857942033559481843e+01,5.519854213227977979e+00,4.057942368771762176e+01,1.065984841853649279e+01
-4.281059372500477522e-01,-3.469684776461626541e+00,3.042605107044231616e+01,4.294257097747413354e+01,5.662687112708651327e+00,7.571080915924892452e+01,5.316295077940080382e+00,8.219609627027725196e+01,1.114459974542417342e+01
-4.281059372500477522e-01,-3.215634219109058556e+00,4.207507348768628219e+01,5.222175025098204060e+01,5.663686651470049682e+00,7.329426978187473196e+01,4.930082696305572831e+00,7.207529161412807639e+01,9.083390503418204531e+00
-4.281059372500477522e-01,-2.961583661756491015e+00,5.372409590493026599e+01,5.604673947046921967e+01,5.664917599608965126e+00,8.142920780507768086e+01,4.983788210092446214e+00,8.303395340832187799e+01,8.901226000126129634e+00
-4.281059372500477522e-01,-2.707533104403923030e+00,6.224958635142365893e+01,5.578295044139031233e+01,5.666730578643035088e+00,8.679855166364689012e+01,4.880733982491537226e+00,1.019613126220329207e+02,9.632985674273518484e+00
-4.281059372500477522e-01,-2.453482547051355489e+00,6.353961077879918662e+01,5.416602770229746966e+01,5.672084585751439256e+00,7.958061962512954324e+01,4.763833380849155752e+00,1.022980824979096468e+02,1.165080309182876661e+01
-4.281059372500477522e-01,-2.199431989698787504e+00,5.771946548278653211e+01,5.243251375156341965e+01,5.677665108055350629e+00,6.508369806614598474e+01,4.833437050706423932e+00,8.185070135451292117e+01,1.171769941360863498e+01
-4.281059372500477522e-01,-1.945381432346219519e+00,4.902903466816560751e+01,4.942478064282568084e+01,5.679255548453134850e+00,5.395835030378509600e+01,4.910344493412653222e+00,5.561257257970598289e+01,1.168085953169209823e+01
-4.281059372500477522e-01,-1.691330874993651756e+00,4.039553468747857323e+01,4.345574035393019585e+01,5.677195900187935074e+00,4.687314929619935810e+01,4.780696988078622311e+00,4.871614020376658516e+01,1.142399907267677328e+01
-4.281059372500477522e-01,-1.437280317641083993e+00,3.297839444476838366e+01,3.499860783836720657e+01,5.675752036137074796e+00,3.741938580938779069e+01,4.665831312628500704e+00,4.919645724976978585e+01,1.055726393651972650e+01
-4.281059372500477522e-01,-1.183229760288516230e+00,2.745871421854309347e+01,2.742037131308552489e+01,5.677095856746921854e+00,2.622279304948438039e+01,4.782652338455637420e+00,3.325769896480167631e+01,9.906409621583515346e+00
-4.281059372500477522e-01,-9.291792029359483562e-01,2.494670352100776967e+01,2.484388818722163705e+01,5.678680701857514279e+00,2.191708020617681996e+01,4.903636317158767355e+00,1.947700451400145383e+01,9.692549406511759003e+00
-4.281059372500477522e-01,-6.751286455833804823e-01,2.738883437849288072e+01,2.896463981874785532e+01,5.678136943215778665e+00,2.830460282053888932e+01,4.789374841463076571e+00,2.350456420732393426e+01,1.007882562505535162e+01
-4.281059372500477522e-01,-4.210780882308131634e-01,3.335321076226439629e+01,3.763058766224366991e+01,5.677132974589408576e+00,3.904199534910201663e+01,4.655597682625448819e+00,3.115072497871487300e+01,1.249595921584951874e+01
-4.281059372500477522e-01,-1.670275308782453449e-01,3.954213533917112500e+01,4.637390569537910778e+01,5.677615580765226433e+00,4.685254788345899613e+01,4.712394692621755254e+00,3.637169801538048119e+01,1.369655377617361580e+01
-4.281059372500477522e-01,8.702302647432247351e-02,4.500613211381936196e+01,5.148699196580946591e+01,5.678249163862059135e+00,5.156855094393193895e+01,4.825959216394718254e+00,4.199059380884187220e+01,1.311316077270778457e+01
-4.281059372500477522e-01,3.410735838268902920e-01,4.851719900201010205e+01,5.205654775419770885e+01,5.677360875004790586e+00,5.600766958383837846e+01,4.790788573349924917e+00,6.110377969306256318e+01,1.352211601061349278e+01
-4.281059372500477522e-01,5.951241411794581104e-01,4.988547395051523381e+01,4.953703211944321083e+01,5.676363839284013224e+00,5.869212635830754721e+01,4.720584805922356075e+00,8.318059103712056412e+01,1.453406806004732132e+01
-4.281059372500477522e-01,8.491746985320258734e-01,4.805934909537208455e+01,4.572115856852269644e+01,5.677777049263922571e+00,5.551856298542847412e+01,4.788124485225431215e+00,7.771604726993599854e+01,1.423095146551100854e+01
-4.281059372500477522e-01,1.103225255884593636e+00,4.362638953144008269e+01,4.122215936746306397e+01,5.680439093774676707e+00,4.697343189292405441e+01,4.893715758825471163e+00,5.567154540553136144e+01,1.306083238686318460e+01
-4.281059372500477522e-01,1.357275813237161621e+00,3.644565271641302218e+01,3.576514066434992856e+01,5.679660687376867578e+00,3.908900336241180185e+01,4.830420906468947173e+00,4.288327894686374719e+01,1.315440019738517208e+01
-4.281059372500477522e-01,1.611326370589729384e+00,2.937969365987725823e+01,2.961386209182910534e+01,5.674079407568292766e+00,3.655291524279084570e+01,4.760025642871331009e+00,3.919030653250118235e+01,1.248938524488572099e+01
-4.281059372500477522e-01,1.865376927942297147e+00,2.479636607799922032e+01,2.430188083982739045e+01,5.668451280992379715e+00,3.782791555745814094e+01,4.929889713419224329e+00,3.678668964800216656e+01,1.015701673257820659e+01
-4.281059372500477522e-01,2.119427485294865132e+00,2.240831527868256856e+01,2.160679241147681751e+01,5.666980501965349859e+00,3.829356436650630258e+01,5.137085070014554944e+00,3.531934218074834320e+01,9.703538593585514960e+00
-4.281059372500477522e-01,2.373478042647432673e+00,2.229223133425487902e+01,2.159666740455668332e+01,5.666200777401872557e+00,3.621133083943431075e+01,5.090348086170400244e+00,3.645016924102217359e+01,9.565552938340196931e+00
-4.281059372500477522e-01,2.627528600000000658e+00,2.616272029422534118e+01,2.168707985861419729e+01,5.660327793266298535e+00,3.399422553884073750e+01,5.360749108185276945e+00,3.893297216939188843e+01,1.120058955790011446e+01
-1.804601882308135563e-01,-3.469684776461626541e+00,4.948980704847934931e+01,4.552582175412771903e+01,5.663188743046210227e+00,7.679267155655156785e+01,5.457047656155610937e+00,7.199071792940625869e+01,1.165536493796910200e+01
-1.804601882308135563e-01,-3.215634219109058556e+00,5.707841386970926578e+01,5.432819608314548532e+01,5.663788825012963990e+00,7.318561116812236378e+01,5.095911899860670502e+00,7.282453738559929945e+01,9.584673760913492657e+00
-1.804601882308135563e-01,-2.961583661756491015e+00,6.466702069093919647e+01,5.587968205109882547e+01,5.665196698507920736e+00,7.726059047518458556e+01,5.190787030242744571e+00,8.293953623067773151e+01,9.271905153968672764e+00
-1.804601882308135563e-01,-2.707533104403923030e+00,6.781615913986661326e+01,5.324942362278761721e+01,5.666028475250544538e+00,7.814583950505664234e+01,4.990542415695769840e+00,9.518835860210172939e+01,9.673278043473928278e+00
-1.804601882308135563e-01,-2.453482547051355489e+00,6.192821418648080112e+01,4.998713926119035023e+01,5.670828894456141356e+00,6.822269101823792425e+01,4.825628858328808946e+00,9.546150509006393747e+01,9.251731204640966766e+00
-1.804601882308135563e-01,-2.199431989698787504e+00,5.431160859897917703e+01,4.745629697244385170e+01,5.676509377234632225e+00,5.330617809403713636e+01,4.980064031445269990e+00,7.768406418562589977e+01,9.931891508105657351e+00
-1.804601882308135563e-01,-1.945381432346219519e+00,4.669878533176061808e+01,4.460896869489170058e+01,5.678261464631296995e+00,4.335140783759345595e+01,5.117383376811594609e+00,4.979504802630935245e+01,9.606227551146332644e+00
-1.804601882308135563e-01,-1.691330874993651756e+00,3.994668601745082981e+01,4.014074362599876622e+01,5.676117962089821667e+00,3.815130639104620514e+01,4.909253282332137758e+00,3.910519953584780950e+01,9.700282973017456456e+00
-1.804601882308135563e-01,-1.437280317641083993e+00,3.470167255433776177e+01,3.474035749672566453e+01,5.674841705252534396e+00,3.066762214133757425e+01,4.748515271886365241e+00,3.712173138812340056e+01,9.875289080974782863e+00
-1.804601882308135563e-01,-1.183229760288516230e+00,3.205211946238688370e+01,3.115866632088818733e+01,5.676754884800090828e+00,2.139029228444235287e+01,4.983723569544221021e+00,2.463321435453364217e+01,1.067074845663386995e+01
-1.804601882308135563e-01,-9.291792029359483562e-01,3.325340287686367446e+01,3.201351313904979179e+01,5.678536338299702280e+00,1.944513605251484023e+01,5.188128381321894800e+00,1.744819814168067751e+01,1.051470519751149091e+01
-1.804601882308135563e-01,-6.751286455833804823e-01,3.827239338553415848e+01,3.742942409292390948e+01,5.677431490747066434e+00,2.902395155312427732e+01,4.962682393736125519e+00,2.412143564025400266e+01,1.064012965699527768e+01
-1.804601882308135563e-01,-4.210780882308131634e-01,4.408715152220067068e+01,4.470395700523749838e+01,5.675771804118121544e+00,4.296052225567012783e+01,4.693803697201575531e+00,3.756055110638297379e+01,1.215077181905502712e+01
-1.804601882308135563e-01,-1.670275308782453449e-01,4.925214205672460821e+01,5.024819471033060836e+01,5.676140204007904089e+00,5.218536130077387725e+01,4.826495438214572609e+00,5.330336362858427890e+01,1.074904134074114914e+01
-1.804601882308135563e-01,8.702302647432247351e-02,5.377836058997456803e+01,5.202440028088403778e+01,5.676957578376354618e+00,5.548292960937504859e+01,5.027923575003316436e+00,6.151602244494952743e+01,9.722433020531230596e+00
-1.804601882308135563e-01,3.410735838268902920e-01,5.529077592068348679e+01,5.044312492894187017e+01,5.676002829726431109e+00,5.646258241314274073e+01,4.923929626387210767e+00,6.710915259923817189e+01,1.022085394371135614e+01
-1.804601882308135563e-01,5.951241411794581104e-01,5.395976295815457036e+01,4.724461660466567992e+01,5.674734830132203811e+00,5.551463002750105602e+01,4.761534738492761321e+00,8.396186199180360177e+01,1.012257494718276263e+01
-1.804601882308135563e-01,8.491746985320258734e-01,4.933859050133065693e+01,4.369853960225100309e+01,5.676073979935649660e+00,5.007300177665453589e+01,4.876089511326433978e+00,7.775645037084241551e+01,1.017161800018135231e+01
-1.804601882308135563e-01,1.103225255884593636e+00,4.223812483667622075e+01,3.986694883266409306e+01,5.678811096885443277e+00,4.123003741715240267e+01,5.101397776619458924e+00,4.763849912136041809e+01,9.982629856883228570e+00
-1.804601882308135563e-01,1.357275813237161621e+00,3.544277898111487701e+01,3.543239957734567724e+01,5.678068181929389446e+00,3.478292410695155468e+01,5.022109308642104253e+00,3.464601076892615339e+01,1.017090521941844017e+01
-1.804601882308135563e-01,1.611326370589729384e+00,3.090808872235882276e+01,3.096307528406123311e+01,5.672955922597122225e+00,3.461061739355801592e+01,4.848139677283758608e+00,3.252681893307354244e+01,9.981003029999266474e+00
-1.804601882308135563e-01,1.865376927942297147e+00,2.880144844319566744e+01,2.804569785752482858e+01,5.668865052464791887e+00,3.836400375949892805e+01,5.071617784394621076e+00,3.307522821982849592e+01,1.000680659978445419e+01
-1.804601882308135563e-01,2.119427485294865132e+00,2.906052637050710885e+01,2.788036712453413202e+01,5.669342551457511092e+00,4.125656474296226861e+01,5.416584818685987734e+00,3.544770596794632667e+01,1.035847721447798087e+01
-1.804601882308135563e-01,2.373478042647432673e+00,3.146543715741614378e+01,2.956583859263719205e+01,5.668280524523444441e+00,4.187604716738621846e+01,5.355448344361223967e+00,3.686354564837840542e+01,1.018399627164253651e+01
-1.804601882308135563e-01,2.627528600000000658e+00,3.747480444815505507e+01,2.981256448341173382e+01,5.660197521537718934e+00,4.251467329122363026e+01,5.478040304675030114e+00,3.906541252617385140e+01,1.164523666230905796e+01
6.718556078842088941e-02,-3.469684776461626541e+00,6.486718558695663717e+01,4.068142206385618920e+01,5.660940166837089116e+00,6.960858936095075933e+01,5.565118739479490984e+00,5.982461511781056629e+01,1.150993555669414903e+01
6.718556078842088941e-02,-3.215634219109058556e+00,6.306952653808147602e+01,4.844876861655302491e+01,5.665213280907671844e+00,6.498671077478604730e+01,5.364423456766026277e+00,6.486098818906449992e+01,8.754793418414095640e+00
6.718556078842088941e-02,-2.961583661756491015e+00,6.127186748920634329e+01,4.826497757821289269e+01,5.667214084587925527e+00,6.480559522582950649e+01,5.527596625162384925e+00,6.677764863819594154e+01,9.052288949628323422e+00
6.718556078842088941e-02,-2.707533104403923030e+00,5.833370277202270415e+01,4.460131104786069045e+01,5.666683253486165306e+00,6.158788683941781983e+01,5.169469653453200308e+00,7.001053785930488971e+01,8.607232652288269392e+00
6.718556078842088941e-02,-2.453482547051355489e+00,5.226601591553611570e+01,4.134911600969735446e+01,5.670693742179373054e+00,5.094037726187650605e+01,4.940536285263630312e+00,6.266207554558598503e+01,8.512603964806867651e+00
6.718556078842088941e-02,-2.199431989698787504e+00,4.619798850797045020e+01,3.960528610743585887e+01,5.676962776876028904e+00,3.896512602933023572e+01,5.288521827430030520e+00,4.579042676913182675e+01,8.964960571444873239e+00
6.718556078842088941e-02,-1.945381432346219519e+00,4.092883505047645087e+01,3.820963010913055768e+01,5.679406837311324452e+00,3.361251230509117249e+01,5.543178849181685131e+00,3.742444039362285935e+01,9.247842373227596724e+00
6.718556078842088941e-02,-1.691330874993651756e+00,3.684633649312654313e+01,3.610140376044091681e+01,5.677059104079861918e+00,3.269844839639631573e+01,5.189009197910757543e+00,3.211312484940892631e+01,8.816742464732909568e+00
6.718556078842088941e-02,-1.437280317641083993e+00,3.483232629891952570e+01,3.401408321104190691e+01,5.675432109887770693e+00,2.827592091609437830e+01,4.880390705779043437e+00,2.332762588161818229e+01,9.023362858158803235e+00
6.718556078842088941e-02,-1.183229760288516230e+00,3.591049964916118142e+01,3.390311608048159542e+01,5.677545324079631861e+00,2.067360340250036188e+01,5.260509347125653434e+00,2.054192552649147530e+01,1.006961931432316959e+01
6.718556078842088941e-02,-9.291792029359483562e-01,3.993097202565438408e+01,3.685272777117734222e+01,5.679401387632434073e+00,1.927255514059760344e+01,5.615956936565797974e+00,2.487002797826927747e+01,1.060540761522318576e+01
6.718556078842088941e-02,-6.751286455833804823e-01,4.504663455241653480e+01,4.166977037598644529e+01,5.677618319439136307e+00,2.858509105460808541e+01,5.263663193678496555e+00,3.059014763989842223e+01,1.004341443415422397e+01
6.718556078842088941e-02,-4.210780882308131634e-01,4.907425477107796041e+01,4.558895249234865332e+01,5.675279993583912663e+00,4.119735019314057922e+01,4.790366280068384164e+00,4.220033289869206783e+01,1.152319456000958375e+01
6.718556078842088941e-02,-1.670275308782453449e-01,5.197466278590628974e+01,4.641199278576914367e+01,5.675981154623711333e+00,4.735722502320169269e+01,5.039453378476246748e+00,5.736169296492397507e+01,9.057590737920724777e+00
6.718556078842088941e-02,8.702302647432247351e-02,5.336143694651316594e+01,4.409408149596947624e+01,5.677620591811554540e+00,4.603842531781886294e+01,5.426697421859795867e+00,6.164068955404321315e+01,8.974526649125552424e+00
6.718556078842088941e-02,3.410735838268902920e-01,5.214912407269788730e+01,4.043124171964245761e+01,5.676723874104074419e+00,4.265886566761909648e+01,5.247752188267180706e+00,5.767757181884421414e+01,8.766618714682158142e+00
6.718556078842088941e-02,5.951241411794581104e-01,4.860155025065859036e+01,3.732150219700361049e+01,5.675009159181017893e+00,3.988383742042438485e+01,4.904109674251555084e+00,6.137788649740161873e+01,8.884346557557151414e+00
6.718556078842088941e-02,8.491746985320258734e-01,4.194979835242426702e+01,3.530433801082199352e+01,5.676558488923728163e+00,3.609863364388942841e+01,5.093413590748822273e+00,5.154231439521622349e+01,8.630041006761880240e+00
6.718556078842088941e-02,1.103225255884593636e+00,3.511453866888580677e+01,3.365834749451551033e+01,5.679829641676272800e+00,3.149036162629460023e+01,5.509331709676618338e+00,3.353545035252837891e+01,9.254769739640730464e+00
6.718556078842088941e-02,1.357275813237161621e+00,3.141944663150256645e+01,3.175998606452139938e+01,5.678822515405832938e+00,2.990314148798495353e+01,5.381632220352051910e+00,3.112533104632901981e+01,8.901591117283743415e+00
6.718556078842088941e-02,1.611326370589729384e+00,3.063250471490010440e+01,3.018523013218600681e+01,5.673175482320781171e+00,3.343338076948771231e+01,5.008175491588136907e+00,3.125035563576113873e+01,8.939320300146412990e+00
6.718556078842088941e-02,1.865376927942297147e+00,3.179077388916324409e+01,3.029926241654993646e+01,5.669755888641036634e+00,3.920255908300111969e+01,5.292905277476603665e+00,3.641776763222448210e+01,9.792133245668759756e+00
6.718556078842088941e-02,2.119427485294865132e+00,3.449122583934492070e+01,3.257249828821750270e+01,5.671845086433036975e+00,4.347257033984169539e+01,5.862792259329776101e+00,4.135606393480998833e+01,9.955123613299884155e+00
6.718556078842088941e-02,2.373478042647432673e+00,3.907619596410943075e+01,3.518871023316114588e+01,5.670832753175868213e+00,4.634790425961762139e+01,5.797401251440303938e+00,4.283896794369933048e+01,9.831838994485652350e+00
6.718556078842088941e-02,2.627528600000000658e+00,4.643671933829153886e+01,3.442026129735404538e+01,5.660218601392169369e+00,5.034499773921896804e+01,5.633014440096975051e+00,4.573610005928749445e+01,1.179375525859166274e+01
3.148313098076553351e-01,-3.469684776461626541e+00,5.421800769898943884e+01,2.907373294570516009e+01,5.658550173805418027e+00,5.509439275961187832e+01,5.573757784572824114e+00,5.352451529049115919e+01,1.143458082228359629e+01
3.148313098076553351e-01,-3.215634219109058556e+00,5.045680129385002033e+01,3.546777625012418866e+01,5.665489531303446569e+00,5.076485557133935345e+01,5.288364137028533030e+00,5.639372425756103269e+01,8.996699364734249471e+00
3.148313098076553351e-01,-2.961583661756491015e+00,4.669559488871058761e+01,3.444345722228990780e+01,5.667563695928918399e+00,4.917678393279913962e+01,5.415011497535300755e+00,5.003267859576772025e+01,8.928193012017953123e+00
3.148313098076553351e-01,-2.707533104403923030e+00,4.304562459721047674e+01,3.140675570343682921e+01,5.666618278329917047e+00,4.524292250899623014e+01,5.086747409561477973e+00,4.597735060995398726e+01,9.094051248492425188e+00
3.148313098076553351e-01,-2.453482547051355489e+00,3.886604348348124915e+01,2.998100347932722798e+01,5.670178949919863598e+00,3.641408705094238485e+01,4.889751894440319546e+00,3.905462889317387010e+01,8.554227685798219127e+00
3.148313098076553351e-01,-2.199431989698787504e+00,3.560735535687651065e+01,3.047291854948798573e+01,5.676489025495421892e+00,2.825414427467546830e+01,5.203075314242877170e+00,2.920995153729769811e+01,9.176780633838538037e+00
3.148313098076553351e-01,-1.945381432346219519e+00,3.328332324099348938e+01,3.127106355891100975e+01,5.679383275426374666e+00,2.709773387324958094e+01,5.426675409498034952e+00,3.217655637771807164e+01,9.032427128410741801e+00
3.148313098076553351e-01,-1.691330874993651756e+00,3.226660415414643523e+01,3.139858920496135397e+01,5.677400307668561297e+00,2.994866793661685733e+01,5.113386264781346391e+00,3.204438217259645683e+01,9.080696683844299955e+00
3.148313098076553351e-01,-1.437280317641083993e+00,3.300414805630053650e+01,3.164828170876080549e+01,5.675687431155767904e+00,2.859616741707077381e+01,4.828985012266808319e+00,2.894908383168365873e+01,9.163682237207227743e+00
3.148313098076553351e-01,-1.183229760288516230e+00,3.603860572699433362e+01,3.340713126729770011e+01,5.677304699879750061e+00,2.259298339190644356e+01,5.138482242175698822e+00,2.601781129499732259e+01,1.051273756246178870e+01
3.148313098076553351e-01,-9.291792029359483562e-01,4.011502119633912855e+01,3.667070339808651624e+01,5.678761234631529931e+00,2.044989255376952997e+01,5.448350312648941873e+00,2.380467874605147927e+01,1.040050287237703408e+01
3.148313098076553351e-01,-6.751286455833804823e-01,4.281830520821813479e+01,3.946889713245127496e+01,5.676953020850593390e+00,2.673263116780401560e+01,5.156621166667517464e+00,2.900437679684333858e+01,1.046038305249721745e+01
3.148313098076553351e-01,-4.210780882308131634e-01,4.454627031345142996e+01,3.938219492523876397e+01,5.674756818865553498e+00,3.478793103401920916e+01,4.756358115099151185e+00,3.939995169892713989e+01,1.157498602597684467e+01
3.148313098076553351e-01,-1.670275308782453449e-01,4.470017200198057594e+01,3.569691671473356109e+01,5.675752236402349382e+00,3.563929109261724193e+01,4.966476992096358067e+00,4.634264865564292535e+01,9.338719733679113233e+00
3.148313098076553351e-01,8.702302647432247351e-02,4.327043852927610601e+01,3.014245318288249109e+01,5.677881076692157691e+00,2.933903176571317317e+01,5.320714434798199832e+00,4.466242837085827233e+01,8.731399983067936077e+00
3.148313098076553351e-01,3.410735838268902920e-01,4.034484257613338798e+01,2.554234029514282156e+01,5.677282571793113242e+00,2.305809859753989599e+01,5.192133267203518976e+00,4.131979278598968364e+01,9.048376701937588251e+00
3.148313098076553351e-01,5.951241411794581104e-01,3.506066219752275970e+01,2.364802331379996758e+01,5.675468890827979784e+00,2.093750791285896184e+01,4.887296662080826692e+00,3.751949231007668573e+01,8.782815088985460150e+00
3.148313098076553351e-01,8.491746985320258734e-01,2.936464789704843881e+01,2.408905881146438333e+01,5.676794892251345814e+00,2.122903643862844092e+01,5.033544030281962733e+00,2.803935075697010504e+01,8.557896710611590407e+00
3.148313098076553351e-01,1.103225255884593636e+00,2.615940156361214264e+01,2.525016619332836854e+01,5.679819783504807873e+00,2.239932124928373014e+01,5.404882530064448076e+00,2.330393095056121311e+01,9.180462626335126330e+00
3.148313098076553351e-01,1.357275813237161621e+00,2.636379239602759128e+01,2.608977813390902156e+01,5.678449964497237268e+00,2.616521725385166519e+01,5.298654091730836235e+00,2.948879180271329759e+01,8.977557960140709170e+00
3.148313098076553351e-01,1.611326370589729384e+00,2.880507801313636307e+01,2.709082435663094657e+01,5.672343762729902927e+00,3.315653367649281336e+01,4.955750920520284097e+00,3.353164551582132447e+01,8.988354955175303473e+00
3.148313098076553351e-01,1.865376927942297147e+00,3.200052759868190577e+01,2.939564682584841648e+01,5.668267068153888033e+00,4.025962138931220125e+01,5.182190466758748393e+00,3.588665922602001501e+01,9.950386863716405017e+00
3.148313098076553351e-01,2.119427485294865132e+00,3.629390377078352969e+01,3.291591951624377543e+01,5.669727484904163894e+00,4.480080089575494640e+01,5.679924969060205164e+00,3.942637699471511326e+01,1.005537483202925308e+01
3.148313098076553351e-01,2.373478042647432673e+00,4.171947854258918653e+01,3.524112158807201922e+01,5.669381111064525136e+00,4.840558462926981065e+01,5.637018799987703943e+00,5.130189880521353984e+01,9.936609604465427736e+00
3.148313098076553351e-01,2.627528600000000658e+00,4.694064667300428084e+01,3.255995270588846324e+01,5.660803394109215070e+00,5.416309021417566782e+01,5.576401963468310186e+00,6.166836480255851427e+01,1.182642547670877242e+01
5.624770588268898086e-01,-3.469684776461626541e+00,3.693409769867227510e+01,1.489392194967240357e+01,5.657154036300320321e+00,3.970248683685315427e+01,5.523930656916986592e+00,4.138000784552595945e+01,1.115479610373101949e+01
5.624770588268898086e-01,-3.215634219109058556e+00,3.417983264972389179e+01,1.981368225925780280e+01,5.664751685467265041e+00,3.672048525624506965e+01,5.062139057552951904e+00,4.009919515417330160e+01,9.260950674107268910e+00
5.624770588268898086e-01,-2.961583661756491015e+00,3.142556760077551914e+01,1.870966811634662008e+01,5.666174144641058064e+00,3.635040634732069975e+01,5.113613879644461235e+00,3.659649784815793794e+01,9.421167392448770883e+00
5.624770588268898086e-01,-2.707533104403923030e+00,2.897394594227646181e+01,1.743289534776067740e+01,5.665515554298444556e+00,3.433281155674978891e+01,4.909380352412611614e+00,4.155223061269447982e+01,9.283876338360700586e+00
5.624770588268898086e-01,-2.453482547051355489e+00,2.717720229118431163e+01,1.884241477409614163e+01,5.669033811328533012e+00,2.805188384695327386e+01,4.781701872877700765e+00,4.553628661845937842e+01,8.291196001427808326e+00
5.624770588268898086e-01,-2.199431989698787504e+00,2.633626554320585100e+01,2.208264801055429416e+01,5.674868509167112940e+00,2.197394754759977786e+01,4.936781883664656867e+00,3.219663163329465760e+01,9.019080997140102696e+00
5.624770588268898086e-01,-1.945381432346219519e+00,2.622969227617467780e+01,2.486685302742353088e+01,5.677679311783067284e+00,2.210132345960562361e+01,5.051627858515762348e+00,2.204271636501597698e+01,8.892908728448359668e+00
5.624770588268898086e-01,-1.691330874993651756e+00,2.686043747555388705e+01,2.623681323430446355e+01,5.676303666558943029e+00,2.646744460259219522e+01,4.872256695635378776e+00,2.300301756765556860e+01,8.787271178501162794e+00
5.624770588268898086e-01,-1.437280317641083993e+00,2.916116699053426586e+01,2.720353069096108811e+01,5.675045761026098035e+00,2.733406693286292466e+01,4.695537917959743623e+00,3.425835588517214347e+01,9.624298991426634586e+00
5.624770588268898086e-01,-1.183229760288516230e+00,3.178156421410623267e+01,2.902641937317912380e+01,5.676385429747481837e+00,2.279886199130328350e+01,4.822080095632019336e+00,3.173348538780162542e+01,1.018929016478173288e+01
5.624770588268898086e-01,-9.291792029359483562e-01,3.354941328698279079e+01,3.124923842937369045e+01,5.677561563129074784e+00,1.955167481750686420e+01,4.978479912321925660e+00,2.107425626477509084e+01,9.855841970759907866e+00
5.624770588268898086e-01,-6.751286455833804823e-01,3.405005024299012462e+01,3.168677163998745527e+01,5.676051239146535643e+00,2.216314692534263031e+01,4.850201253437291804e+00,2.478713584816687288e+01,1.012368072443998201e+01
5.624770588268898086e-01,-4.210780882308131634e-01,3.362562566302372602e+01,2.844370811455974035e+01,5.674146954853022784e+00,2.561769606641564678e+01,4.678070371818378703e+00,3.529898684241715756e+01,1.093228856168578389e+01
5.624770588268898086e-01,-1.670275308782453449e-01,3.207888637377612184e+01,2.197126356393073365e+01,5.674964360944478869e+00,2.256333380133372657e+01,4.791858829999024572e+00,4.011458468208046213e+01,9.190827693082743721e+00
5.624770588268898086e-01,8.702302647432247351e-02,2.983538288549753048e+01,1.513500365984600649e+01,5.676922105037032651e+00,1.401884849978341663e+01,4.994528690631079293e+00,3.438727026207332216e+01,9.087718110000508887e+00
5.624770588268898086e-01,3.410735838268902920e-01,2.608478537095638927e+01,1.117078800550461892e+01,5.676577988945886055e+00,7.686716030794059407e+00,4.942025529474735279e+00,2.987736347451690477e+01,9.319647647428311643e+00
5.624770588268898086e-01,5.951241411794581104e-01,2.108867291684357426e+01,1.134333175391020632e+01,5.674998602286017046e+00,7.575196950408752627e+00,4.771902980167978647e+00,2.849699744890533282e+01,8.631355007769451859e+00
5.624770588268898086e-01,8.491746985320258734e-01,1.821053818898220911e+01,1.432499102802194102e+01,5.675901857718648635e+00,1.093652966363112000e+01,4.848311180218212613e+00,2.298308502065096448e+01,8.373257715464996309e+00
5.624770588268898086e-01,1.103225255884593636e+00,1.877594396488273532e+01,1.770385547233399848e+01,5.678115581737581685e+00,1.514625578916582072e+01,5.075454432623897283e+00,1.535502088607126581e+01,8.891867000312965175e+00
5.624770588268898086e-01,1.357275813237161621e+00,2.167626716251366403e+01,2.013261535076253494e+01,5.676363612142091064e+00,2.156716745483004161e+01,5.024042012903730203e+00,2.779736043550124691e+01,8.863296439959416517e+00
5.624770588268898086e-01,1.611326370589729384e+00,2.569649011149661888e+01,2.213177063456623728e+01,5.670129392879765362e+00,3.085342158924123623e+01,4.824281259845212944e+00,4.469965393958629107e+01,8.906796998107310515e+00
5.624770588268898086e-01,1.865376927942297147e+00,2.989813239764119857e+01,2.485728221138651861e+01,5.665041493547434470e+00,3.953792581733449651e+01,4.932205455172222308e+00,4.245979108607799901e+01,9.371881340563026797e+00
5.624770588268898086e-01,2.119427485294865132e+00,3.404617019707485781e+01,2.803929621353108814e+01,5.664960759982021976e+00,4.445082890507342199e+01,5.192633339172616935e+00,4.149119626269446570e+01,9.761231493774747747e+00
5.624770588268898086e-01,2.373478042647432673e+00,3.724932573512323586e+01,2.909329728480315680e+01,5.665672416896827990e+00,4.736647339588819250e+01,5.188736106411048432e+00,5.853355610624219452e+01,9.603456779952566080e+00
5.624770588268898086e-01,2.627528600000000658e+00,3.797816176468120375e+01,2.440668214881679887e+01,5.660773995885733711e+00,5.218146053200439383e+01,5.429026207179162178e+00,6.883128050429040456e+01,1.128383905617507565e+01
8.101228078461242266e-01,-3.469684776461626541e+00,2.247698462418059506e+01,3.779337463779484096e+00,5.655918260239333861e+00,3.007613876267907926e+01,5.476575791468762056e+00,2.806912067525706789e+01,1.054965640161739771e+01
8.101228078461242266e-01,-3.215634219109058556e+00,2.144835811928096092e+01,7.399304024068442232e+00,5.664690196250441900e+00,2.808363176042689702e+01,5.094447194080951036e+00,2.432159927679439448e+01,8.164128529671907941e+00
8.101228078461242266e-01,-2.961583661756491015e+00,2.041973161438131612e+01,6.622943770170422795e+00,5.665627672431779338e+00,2.890165348724076466e+01,5.171488867248879906e+00,2.626153680184741290e+01,8.162391065187106776e+00
8.101228078461242266e-01,-2.707533104403923030e+00,2.007674279007035878e+01,7.346193227284857130e+00,5.665051592951005688e+00,2.855700335215112773e+01,4.951493662370823223e+00,3.632546962536735435e+01,7.939138225723247899e+00
8.101228078461242266e-01,-2.453482547051355489e+00,2.065808488841398116e+01,1.145267717996557622e+01,5.668666421529714228e+00,2.380379852363682858e+01,4.813960703696631427e+00,3.834938284978588996e+01,7.770977675593676359e+00
8.101228078461242266e-01,-2.199431989698787504e+00,2.136931789931534809e+01,1.689114359781615349e+01,5.674297068100663921e+00,1.807845263364129096e+01,4.962103148593338453e+00,2.232918159571739380e+01,8.463997153115316863e+00
8.101228078461242266e-01,-1.945381432346219519e+00,2.216377095032249045e+01,2.073073153112727596e+01,5.676796244027823235e+00,1.759701350645809725e+01,5.067983248171954003e+00,1.573458729009447765e+01,8.055400978085360819e+00
8.101228078461242266e-01,-1.691330874993651756e+00,2.313642561286297195e+01,2.208329320120628836e+01,5.675443145101995768e+00,2.184682412492645653e+01,4.878398132469922821e+00,1.706377396634812271e+01,8.395154737686480573e+00
8.101228078461242266e-01,-1.437280317641083993e+00,2.451130711016626762e+01,2.233821811791221990e+01,5.674720439213077228e+00,2.368424222807720980e+01,4.696378348707415995e+00,2.422590024933030861e+01,9.371890049496681030e+00
8.101228078461242266e-01,-1.183229760288516230e+00,2.495949527804123491e+01,2.299533032262934285e+01,5.676869389752292605e+00,1.986724204814805717e+01,4.859727453602782354e+00,2.603285992464654797e+01,9.440866942945003615e+00
8.101228078461242266e-01,-9.291792029359483562e-01,2.468171205301418780e+01,2.365197459008140868e+01,5.678585013752173616e+00,1.551816112414687154e+01,5.059633885099204420e+00,2.155538321344560515e+01,9.367657716420653813e+00
8.101228078461242266e-01,-6.751286455833804823e-01,2.389674317528378822e+01,2.228126326085930486e+01,5.676918711606215417e+00,1.542524730303605196e+01,4.934601060739385758e+00,2.069762808050038672e+01,9.779467441691801710e+00
8.101228078461242266e-01,-4.210780882308131634e-01,2.255909551979427619e+01,1.747152575044401601e+01,5.674388501974775068e+00,1.625588672151630476e+01,4.731823407128465497e+00,2.622728536710991776e+01,9.290108097149106570e+00
8.101228078461242266e-01,-1.670275308782453449e-01,2.076767598399554515e+01,1.033200631501767930e+01,5.674642011255359719e+00,1.213543215896453376e+01,4.824001910658870962e+00,3.024201424866655330e+01,8.299934379052597677e+00
8.101228078461242266e-01,8.702302647432247351e-02,1.818366124354594149e+01,4.137270466818335990e+00,5.676289836248386678e+00,4.498266702482794699e+00,5.026019002653397294e+00,1.905375965621871259e+01,7.884758331096278106e+00
8.101228078461242266e-01,3.410735838268902920e-01,1.475449841692801378e+01,1.956030874201132974e+00,5.675880273258044006e+00,4.268649078220505544e-01,4.952528587735646859e+00,8.926578510478506701e+00,8.033988588890146332e+00
8.101228078461242266e-01,5.951241411794581104e-01,1.215886405319135477e+01,4.360857013155509776e+00,5.674391266269504186e+00,2.471782777561145394e+00,4.766810736442789853e+00,1.257467586262398029e+01,7.726433649093621625e+00
8.101228078461242266e-01,8.491746985320258734e-01,1.252556274813692561e+01,9.197627714217560424e+00,5.675241820430779072e+00,6.417761992858160625e+00,4.861846091882700449e+00,1.674886454953287540e+01,8.158728492369915486e+00
8.101228078461242266e-01,1.103225255884593636e+00,1.542211819987614874e+01,1.352461444302116433e+01,5.677154333524313756e+00,9.631648328019593919e+00,5.096385267286345666e+00,1.012051753364159623e+01,7.971495467892951048e+00
8.101228078461242266e-01,1.357275813237161621e+00,1.926476348352628065e+01,1.593322705807167949e+01,5.675105768891484992e+00,1.522730022664563876e+01,5.044536680269818163e+00,1.728173472854194159e+01,8.194573237475699656e+00
8.101228078461242266e-01,1.611326370589729384e+00,2.338809564829554688e+01,1.719807926096200390e+01,5.668700382364786350e+00,2.545876773115645619e+01,4.860798689494616021e+00,3.763943317634822705e+01,8.389863964662945151e+00
8.101228078461242266e-01,1.865376927942297147e+00,2.663573818798823467e+01,1.876237208965994796e+01,5.663436094984354519e+00,3.626757276566871724e+01,5.016160852952348037e+00,4.477925969164194697e+01,9.201368910704518456e+00
8.101228078461242266e-01,2.119427485294865132e+00,2.874591149844250992e+01,2.053356016730776901e+01,5.663237462781959941e+00,4.221277181267228684e+01,5.325706975960827094e+00,4.495649434058250904e+01,9.673019375246152407e+00
8.101228078461242266e-01,2.373478042647432673e+00,2.865897847596399473e+01,2.008959413697539276e+01,5.664744272342601583e+00,4.362164268897106467e+01,5.336586118545435298e+00,4.953988107247810291e+01,9.615823909584412021e+00
8.101228078461242266e-01,2.627528600000000658e+00,2.658226187849524180e+01,1.414911853587636870e+01,5.659700387230823360e+00,4.526474318027942445e+01,5.486183628522224076e+00,4.952468355104402775e+01,1.035258936441853628e+01
1.057768556865358756e+00,-3.469684776461626541e+00,1.655048489576410731e+01,0.000000000000000000e+00,5.656003102515349212e+00,2.840472404832905795e+01,5.489385349165741168e+00,2.540067406959900964e+01,1.112184968881381941e+01
1.057768556865358756e+00,-3.215634219109058556e+00,1.759863943404536712e+01,2.793133988264344225e+00,5.665827963446724347e+00,2.649848744132066258e+01,5.340738315322443697e+00,2.269381246044545719e+01,8.994078801775797771e+00
1.057768556865358756e+00,-2.961583661756491015e+00,1.864679397232661628e+01,2.510591584771646012e+00,5.666728270079910423e+00,2.700835473368147177e+01,5.495746332017794167e+00,2.311823961683304063e+01,8.959427080784992725e+00
1.057768556865358756e+00,-2.707533104403923030e+00,2.011895882692526172e+01,4.817453158831085602e+00,5.666121742469240274e+00,2.673142213219693986e+01,5.156049749563355711e+00,2.995937025066868387e+01,8.585320818585481462e+00
1.057768556865358756e+00,-2.453482547051355489e+00,2.192973142910323503e+01,1.070498635706553614e+01,5.669841873728800330e+00,2.257024642267117542e+01,4.942108845113858173e+00,3.290368597655522365e+01,8.396138702531741771e+00
1.057768556865358756e+00,-2.199431989698787504e+00,2.311518851172327871e+01,1.722736266586525744e+01,5.675455794335236170e+00,1.727831421759901787e+01,5.191399170809338770e+00,1.911904418311937093e+01,9.027000327165376703e+00
1.057768556865358756e+00,-1.945381432346219519e+00,2.365173001039827483e+01,2.107833395791476505e+01,5.677494228288916034e+00,1.656785852857160535e+01,5.372563586713657635e+00,1.918173270311022094e+01,8.642580639411514554e+00
1.057768556865358756e+00,-1.691330874993651756e+00,2.373643694894882472e+01,2.154902256713194220e+01,5.675569550884721259e+00,2.022937941740633505e+01,5.075995144526497249e+00,2.055606564725565022e+01,8.878945867327407981e+00
1.057768556865358756e+00,-1.437280317641083993e+00,2.305921073471385441e+01,2.043625362426337233e+01,5.675070607080423990e+00,2.156707997610527627e+01,4.810493837279666174e+00,1.833218554546275314e+01,9.395985490948822516e+00
1.057768556865358756e+00,-1.183229760288516230e+00,2.161179442672772666e+01,1.958038951555590756e+01,5.678438787002200172e+00,1.721815740368896286e+01,5.158054044938796601e+00,2.170950476553737474e+01,9.692897183541834494e+00
1.057768556865358756e+00,-9.291792029359483562e-01,2.006400129386201314e+01,1.882616663067256013e+01,5.681079949485453362e+00,1.197656026585843847e+01,5.513798182010303250e+00,2.144962231180945977e+01,9.978296901080570436e+00
1.057768556865358756e+00,-6.751286455833804823e-01,1.875678995011604044e+01,1.643305927105484443e+01,5.678979533755889264e+00,1.077382997999126246e+01,5.264320163741914804e+00,1.666154180865946444e+01,1.017564732173194741e+01
1.057768556865358756e+00,-4.210780882308131634e-01,1.739797710209548498e+01,1.134321782183633331e+01,5.675451234695565006e+00,1.089545655848064598e+01,4.866264294346277275e+00,1.592426059821014661e+01,9.179268882983166122e+00
1.057768556865358756e+00,-1.670275308782453449e-01,1.593040447362653111e+01,4.912249104553666257e+00,5.675266389420549729e+00,7.152869322996536994e+00,5.009948211572471166e+00,1.392081102135573190e+01,8.586262312985828871e+00
1.057768556865358756e+00,8.702302647432247351e-02,1.351416813990030263e+01,3.270879791025436134e-01,5.676782078710792767e+00,1.333638928895652498e+00,5.325195928649284483e+00,5.044569952980062055e+00,8.788816282624024367e+00
1.057768556865358756e+00,3.410735838268902920e-01,1.194955750964270891e+01,1.795870324358475045e-01,5.676016848855645947e+00,0.000000000000000000e+00,5.178882420527343378e+00,0.000000000000000000e+00,8.765073991699193101e+00
1.057768556865358756e+00,5.951241411794581104e-01,1.220881394957793731e+01,4.366233589776129520e+00,5.674254585368160519e+00,4.081054827389152706e+00,4.871972877428845550e+00,3.913144379483270541e+00,8.199134963634879369e+00
1.057768556865358756e+00,8.491746985320258734e-01,1.448601916173686099e+01,1.016773963631658262e+01,5.675289647361508649e+00,7.711235913692092936e+00,5.022966417905291969e+00,9.902914903652906276e+00,8.559535828389444490e+00
1.057768556865358756e+00,1.103225255884593636e+00,1.813907345915751179e+01,1.441609976991549047e+01,5.677623248961586988e+00,8.406166559171211361e+00,5.362456363198401910e+00,1.115383766590876036e+01,8.537416114997107286e+00
1.057768556865358756e+00,1.357275813237161621e+00,2.176901669448672649e+01,1.583912312475968065e+01,5.675776777348252367e+00,1.152343096553909163e+01,5.268881309475569985e+00,1.059208796996370694e+01,8.513303295644750079e+00
1.057768556865358756e+00,1.611326370589729384e+00,2.478433320053457578e+01,1.556206728454799304e+01,5.669383005259336805e+00,2.145312932273355955e+01,5.003679201590014003e+00,2.464825136768194014e+01,8.540506266710256256e+00
1.057768556865358756e+00,1.865376927942297147e+00,2.607566327230043157e+01,1.541423984374796419e+01,5.664483245082773344e+00,3.376790670191357435e+01,5.316485890940999326e+00,4.059990502303352145e+01,9.627860283574444011e+00
1.057768556865358756e+00,2.119427485294865132e+00,2.564291605448501699e+01,1.564616735277468251e+01,5.664844009308984241e+00,4.049331607748696626e+01,5.861521106729854935e+00,4.553749531535903827e+01,1.024010862111391695e+01
1.057768556865358756e+00,2.373478042647432673e+00,2.357487161968678890e+01,1.416967648549416481e+01,5.666265521770700531e+00,4.002775412876864891e+01,5.846298855816556284e+00,4.346626571321721144e+01,1.026955775384263703e+01
1.057768556865358756e+00,2.627528600000000658e+00,2.071891968078531931e+01,8.065399756095757766e+00,5.658862497494588695e+00,3.783130889104359085e+01,5.657887306581207199e+00,3.800628023904592823e+01,1.063488369204383588e+01
1.305414305884593063e+00,-3.469684776461626541e+00,1.986451915835583648e+01,4.642511928054773307e+00,5.658218723039197151e+00,3.266566833870308528e+01,5.474088947512367298e+00,2.822800018405589739e+01,1.098076448463922361e+01
1.305414305884593063e+00,-3.215634219109058556e+00,2.251936272886699086e+01,7.301508490855667333e+00,5.666074732713055617e+00,3.114162512095936108e+01,5.342442804494830000e+00,2.710009836181849607e+01,8.711462732470439008e+00
1.305414305884593063e+00,-2.961583661756491015e+00,2.517420629937813104e+01,7.672299529946940311e+00,5.666792762451687615e+00,3.112441417984450709e+01,5.487058948153013205e+00,2.653667046968054066e+01,8.795294597910201517e+00
1.305414305884593063e+00,-2.707533104403923030e+00,2.779497558959193881e+01,1.100465362760314747e+01,5.666945118325379838e+00,3.049227933719748762e+01,5.153759139149000745e+00,3.676746398803575744e+01,8.399998406339554080e+00
1.305414305884593063e+00,-2.453482547051355489e+00,2.991320746072161896e+01,1.764505492318949109e+01,5.671127214370878633e+00,2.709488890292789165e+01,4.933721375871924941e+00,4.961117072920688287e+01,8.343556739955351631e+00
1.305414305884593063e+00,-2.199431989698787504e+00,3.099530028031495732e+01,2.422358940075446299e+01,5.676389403302915859e+00,2.324054766980611930e+01,5.170543192246013220e+00,3.378162676261618458e+01,8.653767033764982131e+00
1.305414305884593063e+00,-1.945381432346219519e+00,3.108114952435865419e+01,2.743076083371943241e+01,5.677688512240172791e+00,2.316433107403884151e+01,5.363275401305470425e+00,2.466366432347079751e+01,8.401735294016450695e+00
1.305414305884593063e+00,-1.691330874993651756e+00,3.016643781024097493e+01,2.683075322101740312e+01,5.675235217428429735e+00,2.582263134743550381e+01,5.078315773188781357e+00,2.433891320570805306e+01,8.434447862317739464e+00
1.305414305884593063e+00,-1.437280317641083993e+00,2.789025727978560454e+01,2.450332861370497994e+01,5.674641647553660739e+00,2.526496077772458193e+01,4.811022900119032109e+00,2.163099788470998419e+01,9.330219250488818616e+00
1.305414305884593063e+00,-1.183229760288516230e+00,2.534726059490084182e+01,2.246960922147354722e+01,5.678270579200704660e+00,1.960040739034513990e+01,5.158571082042950451e+00,2.397194230536058512e+01,9.625954683341921836e+00
1.305414305884593063e+00,-9.291792029359483562e-01,2.290548007395117125e+01,2.074026809700899321e+01,5.681171628970332677e+00,1.429254471113375757e+01,5.508750695382947704e+00,2.296966534776756319e+01,9.819154144121903016e+00
1.305414305884593063e+00,-6.751286455833804823e-01,2.159193439410520909e+01,1.782226111589716311e+01,5.679096847407354431e+00,1.363694244319134441e+01,5.242231119065343670e+00,2.577525669334001179e+01,1.002019601115768310e+01
1.305414305884593063e+00,-4.210780882308131634e-01,2.041490622598982796e+01,1.291539587150055013e+01,5.675607036951585194e+00,1.393900286310821457e+01,4.841435059337519498e+00,3.218281038166364283e+01,9.179740222341457923e+00
1.305414305884593063e+00,-1.670275308782453449e-01,1.925971723025163840e+01,7.443684026301525591e+00,5.675587147476388594e+00,9.956205166481765900e+00,5.005095401722065240e+00,1.980610515045253095e+01,8.254979434544877037e+00
1.305414305884593063e+00,8.702302647432247351e-02,1.787078907403790140e+01,4.345480104327180015e+00,5.677038740197867028e+00,4.409235256483157173e+00,5.323062904774861437e+00,6.248221810694673195e+00,8.589685311763142650e+00
1.305414305884593063e+00,3.410735838268902920e-01,1.807525770959423284e+01,5.729648450921558833e+00,5.675877869096888517e+00,4.510510091195612858e+00,5.164445328789422973e+00,1.241042171396492222e+01,8.626059692250443334e+00
1.305414305884593063e+00,5.951241411794581104e-01,2.006321494917714787e+01,1.101185847269607621e+01,5.673752342191989761e+00,1.051336623709187279e+01,4.859262546997683785e+00,2.033589293392591202e+01,8.194197234263214114e+00
1.305414305884593063e+00,8.491746985320258734e-01,2.304919589689354709e+01,1.720505048841823736e+01,5.674787747602596077e+00,1.509241643893440710e+01,5.019860429626916698e+00,1.619271384885934140e+01,8.120795358934914887e+00
1.305414305884593063e+00,1.103225255884593636e+00,2.683679536463487381e+01,2.113931046104062261e+01,5.677667337861222130e+00,1.506957606853237053e+01,5.355312792010164635e+00,1.542890907364133213e+01,8.222647556982648709e+00
1.305414305884593063e+00,1.357275813237161621e+00,2.966965470732911925e+01,2.171377262943951791e+01,5.676766145675190778e+00,1.660806132841088356e+01,5.254037059330654458e+00,2.232718777622519113e+01,8.277874024485928572e+00
1.305414305884593063e+00,1.611326370589729384e+00,3.125082284455045212e+01,2.027767068426419428e+01,5.671058938945338745e+00,2.543443913740082962e+01,4.993081599918250291e+00,3.949122526294112134e+01,8.459168902537005152e+00
1.305414305884593063e+00,1.865376927942297147e+00,3.078215977187469221e+01,1.889541507667399856e+01,5.666017442744680999e+00,3.742957828826001787e+01,5.317473080358019466e+00,4.788290016054089193e+01,9.470310327263717909e+00
1.305414305884593063e+00,2.119427485294865132e+00,2.853516188050147662e+01,1.810849103613236366e+01,5.665397057619131260e+00,4.358489162074720014e+01,5.858746471447244808e+00,4.723421522355227609e+01,1.005926533474083406e+01
1.305414305884593063e+00,2.373478042647432673e+00,2.551968367621222455e+01,1.621402483533256600e+01,5.665866599401254255e+00,4.122601395761116549e+01,5.823242229295730432e+00,4.638429201485446640e+01,1.010151723170862148e+01
1.305414305884593063e+00,2.627528600000000658e+00,2.301569245665757890e+01,1.069881860911209515e+01,5.658944818087423556e+00,3.605843035143334419e+01,5.600274013468218293e+00,4.254736937604794633e+01,1.038991264448931595e+01
1.553060054903827591e+00,-3.469684776461626541e+00,3.213253729686246629e+01,1.552161706713832245e+01,5.659945002141940407e+00,3.984404274672283464e+01,5.499291268055836568e+00,2.783655773155058100e+01,1.041560120175768489e+01
1.553060054903827591e+00,-3.215634219109058556e+00,3.517757899155239443e+01,1.873910806620915537e+01,5.664007169619301507e+00,4.023885367714080985e+01,5.186255403438163825e+00,2.836913428267922299e+01,8.765750652343434979e+00
1.553060054903827591e+00,-2.961583661756491015e+00,3.822262068624232256e+01,2.002492756941501284e+01,5.664102057589423644e+00,4.133906701060107025e+01,5.217264903505752116e+00,3.042770788936730497e+01,8.542263756317499457e+00
1.553060054903827591e+00,-2.707533104403923030e+00,4.123196442342104717e+01,2.406756220921033673e+01,5.665618346440727926e+00,4.155759259580884191e+01,5.018519382777715698e+00,3.870155229274728725e+01,9.161998204860953621e+00
1.553060054903827591e+00,-2.453482547051355489e+00,4.335570291230240514e+01,3.080823856420192897e+01,5.670915020317020883e+00,3.960926889634163217e+01,4.884181190007785389e+00,4.806135408507850570e+01,9.305374053908039400e+00
1.553060054903827591e+00,-2.199431989698787504e+00,4.418709104600122828e+01,3.687707240434338019e+01,5.676137111297560267e+00,3.742625235192394939e+01,5.005755126291525414e+00,3.799659079127145844e+01,8.824574189301850780e+00
1.553060054903827591e+00,-1.945381432346219519e+00,4.389467248311835590e+01,3.927625511020687554e+01,5.676928945082907241e+00,3.763607400707439865e+01,5.131207267663160820e+00,3.102478845433667232e+01,8.335443811113165680e+00
1.553060054903827591e+00,-1.691330874993651756e+00,4.260714246705032338e+01,3.788393835532133380e+01,5.674129081583754619e+00,3.842432832800136566e+01,4.962724410841324207e+00,2.993129011758041003e+01,8.857350295257615969e+00
1.553060054903827591e+00,-1.437280317641083993e+00,4.023406851160639519e+01,3.487884321250840003e+01,5.673013347984896981e+00,3.528830964346468591e+01,4.771969890003973980e+00,2.750977288244556718e+01,9.117820799532884379e+00
1.553060054903827591e+00,-1.183229760288516230e+00,3.747320589964515136e+01,3.222243387170692586e+01,5.675757746454041630e+00,2.860095613616897481e+01,4.953987843827107440e+00,2.808495791245471196e+01,8.620902412867145870e+00
1.553060054903827591e+00,-9.291792029359483562e-01,3.493780363278723655e+01,2.992475471737907355e+01,5.678147477575964608e+00,2.438879226083565754e+01,5.171192505279455176e+00,2.664871801883120739e+01,8.509919332051087082e+00
1.553060054903827591e+00,-6.751286455833804823e-01,3.336854835817491960e+01,2.666424631857171335e+01,5.676584603514340799e+00,2.530375830500298662e+01,4.999576828581830057e+00,3.415065443552666125e+01,8.578778032830614464e+00
1.553060054903827591e+00,-4.210780882308131634e-01,3.204373675791326548e+01,2.186196454262335465e+01,5.674211596456057549e+00,2.576264161812775910e+01,4.755929395089276923e+00,4.829115622928314622e+01,8.606290469569330526e+00
1.553060054903827591e+00,-1.670275308782453449e-01,3.085073722609012847e+01,1.698652050588952989e+01,5.674968800933661406e+00,2.033689862902406276e+01,4.885955913632704650e+00,3.555262384292083055e+01,8.412301028524577617e+00
1.553060054903827591e+00,8.702302647432247351e-02,3.038629257372193493e+01,1.475407368438845879e+01,5.676491095313994428e+00,1.316338518526532653e+01,5.102922600673783116e+00,1.539001873186512626e+01,8.306488254843838348e+00
1.553060054903827591e+00,3.410735838268902920e-01,3.140321663571016586e+01,1.692701342165764800e+01,5.675063172454050786e+00,1.294345626177579334e+01,4.989522842871158659e+00,2.044454007159983533e+01,8.285934783547167726e+00
1.553060054903827591e+00,5.951241411794581104e-01,3.407198026469690433e+01,2.268986543894516217e+01,5.672695437208111535e+00,2.034437392207604489e+01,4.802705727145959003e+00,3.156217185230083189e+01,8.125116389566350961e+00
1.553060054903827591e+00,8.491746985320258734e-01,3.733646078043734917e+01,2.905627621236726554e+01,5.673621948330494824e+00,2.729680252155691278e+01,4.934433699430523568e+00,2.908144619768221162e+01,8.404974231345232027e+00
1.553060054903827591e+00,1.103225255884593636e+00,4.065068981181157426e+01,3.299354482058788562e+01,5.676871120609461308e+00,2.927848538215138774e+01,5.166261055486599751e+00,2.795036286553973071e+01,8.293071178282469091e+00
1.553060054903827591e+00,1.357275813237161621e+00,4.262686283405002996e+01,3.348457197480547620e+01,5.677012637393336725e+00,3.134114509618035527e+01,5.099218659684748189e+00,3.510862175820274445e+01,8.383576884458431522e+00
1.553060054903827591e+00,1.611326370589729384e+00,4.311887687961203142e+01,3.182606579559160309e+01,5.672091238361148591e+00,3.907589780400132895e+01,4.933694607257988807e+00,4.750279387214329319e+01,9.007470878345751331e+00
1.553060054903827591e+00,1.865376927942297147e+00,4.157545178084208715e+01,3.001128111512753094e+01,5.666311939422136845e+00,4.918019366532735148e+01,5.125319936855848191e+00,4.923954284189355946e+01,9.728017608456093868e+00
1.553060054903827591e+00,2.119427485294865132e+00,3.854464909259611716e+01,2.870518378933138592e+01,5.663735170018527221e+00,5.353848478058972660e+01,5.443334829471405456e+00,4.538346343325461163e+01,9.323264892032799622e+00
1.553060054903827591e+00,2.373478042647432673e+00,3.536918765060245562e+01,2.661664292022851441e+01,5.663322027834558625e+00,4.970654475912854764e+01,5.432290797743831945e+00,4.378211691181449794e+01,9.307920282450082183e+00
1.553060054903827591e+00,2.627528600000000658e+00,3.347382204511922055e+01,2.176981437023005128e+01,5.659240409823250495e+00,4.312000221518269427e+01,5.471120790090600927e+00,4.171221380617655683e+01,9.864831764486357457e+00
1.800705803923062120e+00,-3.469684776461626541e+00,4.519754063046083559e+01,2.833062294398860104e+01,5.658515357234688459e+00,4.802586214499899597e+01,5.655255604462562147e+00,3.227496254153322042e+01,1.062040282760073850e+01
1.800705803923062120e+00,-3.215634219109058556e+00,4.874751876247849225e+01,3.250220045752303122e+01,5.661534111010239734e+00,5.107040724872774717e+01,5.359103795304243079e+00,3.498762364430989891e+01,1.050792294641589919e+01
1.800705803923062120e+00,-2.961583661756491015e+00,5.229749689449616312e+01,3.496889143212865747e+01,5.660926327225016763e+00,5.468564201559945559e+01,5.346276164795759733e+00,3.840982732332926730e+01,1.047049923967168183e+01
1.800705803923062120e+00,-2.707533104403923030e+00,5.547977084865553365e+01,3.972486242908144050e+01,5.662831024191867790e+00,5.699627528254086428e+01,5.125528376713621270e+00,4.111183233616304733e+01,1.030071459359406205e+01
1.800705803923062120e+00,-2.453482547051355489e+00,5.742091625211756423e+01,4.641803921222981444e+01,5.669240233256122252e+00,5.683845563105467136e+01,4.967058478718527681e+00,4.408888847311967396e+01,1.045200108952642282e+01
1.800705803923062120e+00,-2.199431989698787504e+00,5.814039645604096052e+01,5.189711038018231193e+01,5.675691952297376552e+00,5.568692497066876967e+01,5.099986630967056733e+00,4.387024576879966986e+01,1.036318326206516893e+01
1.800705803923062120e+00,-1.945381432346219519e+00,5.789641211394456377e+01,5.361712485825501062e+01,5.677010762845059233e+00,5.519756270588663938e+01,5.236570373986086935e+00,4.459694904591933806e+01,1.031540734733449405e+01
1.800705803923062120e+00,-1.691330874993651756e+00,5.679668252242055360e+01,5.175319416109869053e+01,5.673708933597198190e+00,5.365612741022141563e+01,5.060457174411818748e+00,4.346758059002464591e+01,1.040264941742503702e+01
1.800705803923062120e+00,-1.437280317641083993e+00,5.466828391181044822e+01,4.846539911340460094e+01,5.671491443931309995e+00,4.836438670696566078e+01,4.845062852331359693e+00,4.036732789313445835e+01,9.582290841030120632e+00
1.800705803923062120e+00,-1.183229760288516230e+00,5.220549322822699878e+01,4.554695302938489476e+01,5.673219060109819800e+00,4.141110594982393422e+01,4.993837180020106459e+00,3.938339991854462596e+01,9.413598846551844090e+00
1.800705803923062120e+00,-9.291792029359483562e-01,4.945495409730824576e+01,4.296234666245527478e+01,5.675193070408145246e+00,3.849621455044518825e+01,5.202739096269661800e+00,3.649818843350877984e+01,9.842097691272719828e+00
1.800705803923062120e+00,-6.751286455833804823e-01,4.745289009904175259e+01,3.955074130204684479e+01,5.673987642695830225e+00,4.045810546344864633e+01,5.038157579884278370e+00,3.562823393645533798e+01,9.672521835726081818e+00
1.800705803923062120e+00,-4.210780882308131634e-01,4.585494083143231592e+01,3.492062927771712566e+01,5.672511252623009703e+00,4.057229225641543735e+01,4.805145929234051039e+00,3.991023077422330090e+01,8.909031818583029505e+00
1.800705803923062120e+00,-1.670275308782453449e-01,4.487304676476829002e+01,3.051738311864846764e+01,5.674182486577402429e+00,3.382465694458522876e+01,4.945695289140632056e+00,3.611192994193439176e+01,9.323471350276674841e+00
1.800705803923062120e+00,8.702302647432247351e-02,4.511990596510862872e+01,2.879053645479962142e+01,5.676123666944135060e+00,2.533941497050892622e+01,5.162140603250784388e+00,2.788086310390352551e+01,9.628156380011134274e+00
1.800705803923062120e+00,3.410735838268902920e-01,4.680162734756062548e+01,3.121469324081499508e+01,5.674553524669012639e+00,2.448146545962222831e+01,5.040327371518277033e+00,2.918970014814622971e+01,9.487627530703170109e+00
1.800705803923062120e+00,5.951241411794581104e-01,4.978789802321618652e+01,3.693018887936432293e+01,5.671946357161540497e+00,3.240135358233720808e+01,4.854761738906623769e+00,3.802849271367657025e+01,9.125747324932163451e+00
1.800705803923062120e+00,8.491746985320258734e-01,5.269921517188811322e+01,4.319164353404721624e+01,5.672936610468683583e+00,4.129410686390656338e+01,5.009142324320339235e+00,4.404279936924137928e+01,9.912230736944909637e+00
1.800705803923062120e+00,1.103225255884593636e+00,5.528217860879897216e+01,4.725375946850635955e+01,5.676452969708140728e+00,4.590106772928824341e+01,5.262066857509043238e+00,4.649790385210783228e+01,1.016190710857927471e+01
1.800705803923062120e+00,1.357275813237161621e+00,5.652424867057916913e+01,4.813082356478207657e+01,5.676699936095903176e+00,4.952558358820905937e+01,5.193287938077411070e+00,4.627809758758773739e+01,1.015282426053343556e+01
1.800705803923062120e+00,1.611326370589729384e+00,5.631815706292738355e+01,4.682503774735323532e+01,5.671459212378104908e+00,5.657613073354204403e+01,5.007616360178607451e+00,4.779480886258151173e+01,1.049778408080915781e+01
1.800705803923062120e+00,1.865376927942297147e+00,5.426328719995655092e+01,4.497078607370440295e+01,5.665004830870617347e+00,6.446114342633592287e+01,5.177548023909117170e+00,4.898620546454876745e+01,1.068618648048425257e+01
1.800705803923062120e+00,2.119427485294865132e+00,5.097392971681409790e+01,4.319737475043166341e+01,5.661841041605801372e+00,6.687249042281050038e+01,5.491077030778053647e+00,4.833787417338709957e+01,1.035581604787046395e+01
1.800705803923062120e+00,2.373478042647432673e+00,4.767064918111695704e+01,4.067140740426202683e+01,5.661503551711033033e+00,6.233636854785900994e+01,5.513653272121008975e+00,4.520768252614079330e+01,1.048716261134570082e+01
1.800705803923062120e+00,2.627528600000000658e+00,4.626384529494698938e+01,3.613557542002763512e+01,5.658393748862014405e+00,5.568724583775203030e+01,5.602011802203691992e+00,4.246887943457469561e+01,1.046085231803603399e+01
2.048351552942296649e+00,-3.469684776461626541e+00,5.583967341940976326e+01,3.815597784543842863e+01,5.654749842152350325e+00,5.615560331366506830e+01,5.725038316939534688e+00,4.158650644848821543e+01,1.058433330309496156e+01
2.048351552942296649e+00,-3.215634219109058556e+00,5.976636810068585248e+01,4.314521808981135109e+01,5.660716639714673981e+00,5.995926478199729104e+01,5.663067816286768696e+00,4.691513020732819683e+01,9.891205762454383432e+00
2.048351552942296649e+00,-2.961583661756491015e+00,6.369306278196194171e+01,4.686267395264894731e+01,5.659809799410873588e+00,6.511190646855479258e+01,5.756298800236192115e+00,5.119278134493563215e+01,9.818424912284706707e+00
2.048351552942296649e+00,-2.707533104403923030e+00,6.720336633158069617e+01,5.250486671453336385e+01,5.660544266986085482e+00,6.932212112667230031e+01,5.357770214551241139e+00,5.198337535410389876e+01,9.903331942009067745e+00
2.048351552942296649e+00,-2.453482547051355489e+00,6.922457244403238974e+01,5.938876301858090301e+01,5.667181555935319359e+00,7.085962742305457596e+01,5.044562022564837989e+00,5.373691012597549843e+01,1.025301930657817984e+01
2.048351552942296649e+00,-2.199431989698787504e+00,7.006787787058415518e+01,6.454615652468146436e+01,5.675525775615422930e+00,7.044676076925122743e+01,5.332608430534913069e+00,5.680758499546831786e+01,9.580643034768337785e+00
2.048351552942296649e+00,-1.945381432346219519e+00,6.997974947835976423e+01,6.580888440830949548e+01,5.678277020783088602e+00,6.928962206240061050e+01,5.578218534914698878e+00,5.826531104903503433e+01,9.455518556582257261e+00
2.048351552942296649e+00,-1.691330874993651756e+00,6.884057926832753083e+01,6.357148904599580419e+01,5.674571809827543944e+00,6.633346084277116006e+01,5.252623964146478919e+00,5.643100255651852137e+01,9.766458526060358025e+00
2.048351552942296649e+00,-1.437280317641083993e+00,6.667621273997680476e+01,5.998210859396704109e+01,5.671218782691174631e+00,6.017928337146355489e+01,4.902573769645226065e+00,5.311327164268715251e+01,9.417944814662533304e+00
2.048351552942296649e+00,-1.183229760288516230e+00,6.401848850847653694e+01,5.679327580749031767e+01,5.672491969481360030e+00,5.320752578388294296e+01,5.190680006801440705e+00,5.148226148362644494e+01,9.053317207031527758e+00
2.048351552942296649e+00,-9.291792029359483562e-01,6.107137832705858216e+01,5.410270242271963070e+01,5.674537907648543822e+00,5.004885807681091592e+01,5.530122642300749902e+00,4.946053705028184311e+01,9.189266499341687933e+00
2.048351552942296649e+00,-6.751286455833804823e-01,5.892242928045951089e+01,5.100444247629729944e+01,5.673296659762552707e+00,5.091756090392118494e+01,5.249814988669203153e+00,4.622087624935273453e+01,9.215154301069929943e+00
2.048351552942296649e+00,-4.210780882308131634e-01,5.747220635693101087e+01,4.720593549613204232e+01,5.671887730466110611e+00,5.019987834039227437e+01,4.853203685707170756e+00,4.220246204447199290e+01,8.828255741309902760e+00
2.048351552942296649e+00,-1.670275308782453449e-01,5.742873823372514153e+01,4.387857575594625814e+01,5.674104915533155769e+00,4.430084381093752199e+01,5.071848688364054780e+00,4.253567295987220120e+01,8.970358868498928828e+00
2.048351552942296649e+00,8.702302647432247351e-02,5.877913772993869657e+01,4.292681511393402616e+01,5.676608404481441106e+00,3.790652132834009080e+01,5.419641251711645680e+00,4.169624276228797299e+01,8.888026228876125145e+00
2.048351552942296649e+00,3.410735838268902920e-01,6.116018987223129955e+01,4.539501590863164893e+01,5.675013656972775600e+00,3.849268096857886690e+01,5.225620246984771455e+00,4.225299974641017542e+01,8.914831572690630423e+00
2.048351552942296649e+00,5.951241411794581104e-01,6.414128499633349634e+01,5.045811353435510682e+01,5.672142104403728347e+00,4.633297160275090221e+01,4.895787690662033675e+00,5.089695519240750343e+01,8.915992481085838861e+00
2.048351552942296649e+00,8.491746985320258734e-01,6.601415093609064400e+01,5.585995531618482346e+01,5.673229031103436348e+00,5.464275803674861010e+01,5.133516713757566130e+00,5.584193720415377982e+01,9.317488332293022424e+00
2.048351552942296649e+00,1.103225255884593636e+00,6.743194366488005187e+01,5.940514601008271711e+01,5.676730530110838835e+00,5.922793876872975005e+01,5.551137593251808333e+00,5.834981404933920146e+01,9.101774981868034686e+00
2.048351552942296649e+00,1.357275813237161621e+00,6.747954914717429631e+01,6.026513156535747839e+01,5.675992938965668699e+00,6.289377468162295770e+01,5.429888311559403213e+00,5.771226712543445103e+01,9.119499658978819312e+00
2.048351552942296649e+00,1.611326370589729384e+00,6.669146643175906775e+01,5.909476887508299114e+01,5.669328229417462950e+00,6.897774567831321235e+01,5.079585159850935838e+00,5.669328197439203620e+01,1.028281644765683112e+01
2.048351552942296649e+00,1.865376927942297147e+00,6.413361391205904738e+01,5.702540115961983247e+01,5.662551560946006646e+00,7.508317062058104341e+01,5.363969300925203854e+00,5.884268664879326138e+01,1.062060740398548120e+01
2.048351552942296649e+00,2.119427485294865132e+00,6.084840568740980871e+01,5.455153415832410246e+01,5.660470191818780528e+00,7.625490873610331732e+01,5.915477101550365546e+00,6.034004053680848756e+01,1.003615566462862496e+01
2.048351552942296649e+00,2.373478042647432673e+00,5.775162910241631664e+01,5.131849236736252351e+01,5.660949471075018558e+00,7.180457250784036205e+01,5.910902412217458490e+00,5.647650514771530084e+01,1.014136531455405077e+01
2.048351552942296649e+00,2.627528600000000658e+00,5.651592816245911877e+01,4.689489565233179746e+01,5.656166057631773825e+00,6.588848318188237840e+01,5.758921016265311721e+00,5.221807666444984619e+01,1.075171889137311787e+01
2.295997301961530734e+00,-3.469684776461626541e+00,5.666051350542602449e+01,4.088904110415842297e+01,5.651999610332391732e+00,6.322554374220088391e+01,5.676632036926831937e+00,4.532279471527412085e+01,1.051602733892956110e+01
2.295997301961530734e+00,-3.215634219109058556e+00,6.184257998063867490e+01,4.598752337431233173e+01,5.662098818617469220e+00,6.383283242871078755e+01,5.714197640634242958e+00,4.896457728682624833e+01,9.599155761505551610e+00
2.295997301961530734e+00,-2.961583661756491015e+00,6.702464645585129688e+01,5.069175598300626007e+01,5.661762260410183600e+00,6.730605794185083823e+01,5.863714454815903032e+00,5.528420226106202051e+01,9.887281301847357540e+00
2.295997301961530734e+00,-2.707533104403923030e+00,7.129482999228790163e+01,5.736601328929100418e+01,5.661055977953397544e+00,7.173772280468274687e+01,5.411399979171334529e+00,5.715194054144224367e+01,9.577284153502947817e+00
2.295997301961530734e+00,-2.453482547051355489e+00,7.396562219183907416e+01,6.487110312616687224e+01,5.666794838051584016e+00,7.467058475000703766e+01,5.047251517253788400e+00,5.904714796775527930e+01,1.037141472643387274e+01
2.295997301961530734e+00,-2.199431989698787504e+00,7.517094331084842906e+01,7.019317986067289894e+01,5.675550995362278250e+00,7.566384696495924800e+01,5.390323108637765870e+00,6.348887977240474356e+01,9.438762788686133831e+00
2.295997301961530734e+00,-1.945381432346219519e+00,7.497850067255845374e+01,7.128008434134244453e+01,5.679303847928967919e+00,7.538190528870342177e+01,5.670171112920284529e+00,6.445521181231376318e+01,9.658211477294191383e+00
2.295997301961530734e+00,-1.691330874993651756e+00,7.380625373054732563e+01,6.859805621158966460e+01,5.676269735182860821e+00,7.317066876050927249e+01,5.291961563843440075e+00,6.022780147754301083e+01,9.574564792891772314e+00
2.295997301961530734e+00,-1.437280317641083993e+00,7.127110586707041762e+01,6.436936485018031817e+01,5.673055650364267954e+00,6.781403411472683729e+01,4.899491885493254983e+00,5.870431352476974496e+01,9.536174573200030480e+00
2.295997301961530734e+00,-1.183229760288516230e+00,6.798677368048232950e+01,6.061189321828078391e+01,5.674251942942724725e+00,6.057157806777377118e+01,5.238158186458801602e+00,5.885716764850218397e+01,8.753117895017862082e+00
2.295997301961530734e+00,-9.291792029359483562e-01,6.433277642707419375e+01,5.791251826346069720e+01,5.676229714180718311e+00,5.488776173872440722e+01,5.623228398879462020e+00,5.469493666376648378e+01,9.320771116052053884e+00
2.295997301961530734e+00,-6.751286455833804823e-01,6.227068451766652402e+01,5.579838372302856442e+01,5.674855662089949071e+00,5.222892965284381717e+01,5.313207157886630227e+00,5.183781300971952533e+01,8.915857726768301461e+00
2.295997301961530734e+00,-4.210780882308131634e-01,6.176157309536463913e+01,5.394051975537968246e+01,5.673056200165874863e+00,5.058498388954365055e+01,4.863926276063232912e+00,4.853648659238037766e+01,8.919870148325236059e+00
2.295997301961530734e+00,-1.670275308782453449e-01,6.332921587445808598e+01,5.283443217418334825e+01,5.674720025907480370e+00,4.863676070175961286e+01,5.097266853741216686e+00,5.030065954544610918e+01,8.843667986449981200e+00
2.295997301961530734e+00,8.702302647432247351e-02,6.664591168164484714e+01,5.337219123253544240e+01,5.676968606980701715e+00,4.896584824328357399e+01,5.488218258991660825e+00,5.278947885577116494e+01,9.225542089741685103e+00
2.295997301961530734e+00,3.410735838268902920e-01,7.001584543066745425e+01,5.586812217473288911e+01,5.675652773158029518e+00,5.424854875663794473e+01,5.281763432019793036e+00,6.216346517453229836e+01,8.783754379602809692e+00
2.295997301961530734e+00,5.951241411794581104e-01,7.233585831793382681e+01,5.953125439002997155e+01,5.673288553247965105e+00,6.189824336299096785e+01,4.914330994061429259e+00,7.326769765730814754e+01,9.053898280592532544e+00
2.295997301961530734e+00,8.491746985320258734e-01,7.223124152272477261e+01,6.286194905662796373e+01,5.674664941466986079e+00,6.634882322865247772e+01,5.175601493066286807e+00,6.669075720102716787e+01,9.417025860908667667e+00
2.295997301961530734e+00,1.103225255884593636e+00,7.193542187650012920e+01,6.459402237220729148e+01,5.677884656204548186e+00,6.644175922813825252e+01,5.634204368002841967e+00,6.418583104607610323e+01,9.265001321358758091e+00
2.295997301961530734e+00,1.357275813237161621e+00,7.090721716987408740e+01,6.437284215290219436e+01,5.676180691197859396e+00,6.671988089533107313e+01,5.487440543687677419e+00,6.427796868834471411e+01,9.036668253102320136e+00
2.295997301961530734e+00,1.611326370589729384e+00,6.947087838812063865e+01,6.266388482627462508e+01,5.668485076642675757e+00,7.053039522776001036e+01,5.076253584671214014e+00,6.122415429207826776e+01,1.045139005826854728e+01
2.295997301961530734e+00,1.865376927942297147e+00,6.685080116713940868e+01,6.010391595759665506e+01,5.661688279873219543e+00,7.523358043578880938e+01,5.397761884421329093e+00,6.170368276939566954e+01,1.036500293733924671e+01
2.295997301961530734e+00,2.119427485294865132e+00,6.345811573280607831e+01,5.698067904257277405e+01,5.660727213651015610e+00,7.605330639484598976e+01,6.027048642211550344e+00,6.152958491843518374e+01,9.954661123934522848e+00
2.295997301961530734e+00,2.373478042647432673e+00,6.015369438655685030e+01,5.332802653121416370e+01,5.661691503019863347e+00,7.228006977068626782e+01,6.004162522656089962e+00,5.792358330649933862e+01,9.892045048029467935e+00
2.295997301961530734e+00,2.627528600000000658e+00,5.891346579053713128e+01,4.945626638174235268e+01,5.654410213582819367e+00,6.742740520816684580e+01,5.755256229898056297e+00,5.511078687768277717e+01,1.049173128588506465e+01
2.543643050980765263e+00,-3.469684776461626541e+00,4.868351788548739023e+01,3.445420644406203792e+01,5.650888311575608114e+00,6.826262096902020460e+01,5.677941400825969431e+00,5.329720217397110105e+01,1.071480090891650327e+01
2.543643050980765263e+00,-3.215634219109058556e+00,5.467672528851630886e+01,3.858499474805194041e+01,5.662427056372726142e+00,6.224317272773556908e+01,5.604962319946352522e+00,4.331094139957127709e+01,1.047648516961818288e+01
2.543643050980765263e+00,-2.961583661756491015e+00,6.066993269154524171e+01,4.369684033215889940e+01,5.664727790022626053e+00,6.071550073295763639e+01,5.672195242901728385e+00,4.503043312659356445e+01,1.027771486954804736e+01
2.543643050980765263e+00,-2.707533104403923030e+00,6.588715237845200079e+01,5.138286080195302929e+01,5.664565248652667862e+00,6.323252167932992762e+01,5.350043501711648553e+00,4.992418362782108687e+01,1.038372049614227599e+01
2.543643050980765263e+00,-2.453482547051355489e+00,6.994540979937636394e+01,5.993436702670442173e+01,5.668651818995209091e+00,6.700013936587518515e+01,5.104202600988062777e+00,5.348035975244258111e+01,1.043619747612291881e+01
2.543643050980765263e+00,-2.199431989698787504e+00,7.196592168726597549e+01,6.600195633376142723e+01,5.674230908749772873e+00,7.025388773677704535e+01,5.297064941868383947e+00,5.891077151950445767e+01,9.981242308769894933e+00
2.543643050980765263e+00,-1.945381432346219519e+00,7.214383842550138581e+01,6.730251415242264557e+01,5.676799692212769699e+00,7.273400931937214864e+01,5.471036379014818429e+00,5.945107002332014190e+01,9.664686378879441264e+00
2.543643050980765263e+00,-1.691330874993651756e+00,7.066655813481735038e+01,6.416276366749025328e+01,5.675937763511023526e+00,7.350786049371635045e+01,5.228841164380209960e+00,5.560594817413711155e+01,1.011434914921651362e+01
2.543643050980765263e+00,-1.437280317641083993e+00,6.732975021574860364e+01,5.894400922128716047e+01,5.674721187956406787e+00,7.051514737732884441e+01,4.962696819351780420e+00,6.402762614695231491e+01,9.580199134671138594e+00
2.543643050980765263e+00,-1.183229760288516230e+00,6.330769055861163963e+01,5.424682444531299552e+01,5.675012389018597503e+00,6.311668214681026257e+01,5.156840630636423839e+00,6.830500953412385456e+01,9.424980329804046875e+00
2.543643050980765263e+00,-9.291792029359483562e-01,5.918528505697751996e+01,5.152594863901413191e+01,5.675274684780020173e+00,5.383165424858066217e+01,5.427015959174529058e+00,5.214348138948493272e+01,9.465611682068946209e+00
2.543643050980765263e+00,-6.751286455833804823e-01,5.701436622703268142e+01,5.094086418159076857e+01,5.673822928648447395e+00,4.663147113179024927e+01,5.268732591208395988e+00,4.359899730201575352e+01,9.564355933554457678e+00
2.543643050980765263e+00,-4.210780882308131634e-01,5.762842222542236925e+01,5.201053639943074813e+01,5.672148237754024436e+00,4.435409384762374430e+01,5.013782475528248739e+00,4.306604701094570942e+01,9.733623349008107439e+00
2.543643050980765263e+00,-1.670275308782453449e-01,6.117047492953075505e+01,5.417559950697705062e+01,5.672290487697849493e+00,4.820439146618844006e+01,5.133164847723938884e+00,4.562294507133663757e+01,1.089519258354629550e+01
2.543643050980765263e+00,8.702302647432247351e-02,6.633356709507116022e+01,5.687029639504271472e+01,5.673113953619252747e+00,5.776302378579828201e+01,5.354804523671519156e+00,5.476925309976406453e+01,1.053327692036237551e+01
2.543643050980765263e+00,3.410735838268902920e-01,7.035363179083360308e+01,5.938517308858808974e+01,5.672673236442234312e+00,6.947649290842801406e+01,5.249166142812337732e+00,7.799214394468054934e+01,1.092376357097261952e+01
2.543643050980765263e+00,5.951241411794581104e-01,7.099608336655782637e+01,6.094379260490768502e+01,5.672149678491618552e+00,7.676948913767830618e+01,5.065191548255506326e+00,9.413024690960359919e+01,1.050968959574994344e+01
2.543643050980765263e+00,8.491746985320258734e-01,6.907800890526414150e+01,6.104172432832365303e+01,5.674047127213704300e+00,7.513084988612803272e+01,5.216981892557798872e+00,7.730632132728848660e+01,9.849804147901922491e+00
2.543643050980765263e+00,1.103225255884593636e+00,6.674557121923081127e+01,5.972188717054905283e+01,5.677126503813541447e+00,6.742427297229261285e+01,5.470397189557362871e+00,6.075776645892931782e+01,9.574314062044079421e+00
2.543643050980765263e+00,1.357275813237161621e+00,6.537411963738645682e+01,5.747982219456116582e+01,5.676456578425225885e+00,6.150809323445710675e+01,5.359070663856050132e+00,5.763998874723145605e+01,9.626071839080688974e+00
2.543643050980765263e+00,1.611326370589729384e+00,6.351476958533808670e+01,5.485039877601320768e+01,5.670486892493145525e+00,6.182838013238676922e+01,5.117082194338845369e+00,5.492300144998230849e+01,1.046637880994233072e+01
2.543643050980765263e+00,1.865376927942297147e+00,6.048471812282086546e+01,5.205726593284725823e+01,5.664398156305188614e+00,6.538289769253228201e+01,5.368825022400312896e+00,5.381650381460566024e+01,1.084505743170692327e+01
2.543643050980765263e+00,2.119427485294865132e+00,5.678362827226810339e+01,4.907896582804187346e+01,5.662980602557921905e+00,6.658766672260955488e+01,5.838495044500456643e+00,5.236337129000303037e+01,1.051675090463417916e+01
2.543643050980765263e+00,2.373478042647432673e+00,5.338676017973288879e+01,4.609384196875998896e+01,5.662248047421456043e+00,6.388867934510776081e+01,5.861582618633399910e+00,4.925165342396670098e+01,1.058659352579902979e+01
2.543643050980765263e+00,2.627528600000000658e+00,5.187896067117399923e+01,4.385432759249033552e+01,5.652208067757628740e+00,6.016241239892107728e+01,5.748653688924809657e+00,4.689906768857409958e+01,1.073067001392415953e+01
2.791288799999999792e+00,-3.469684776461626541e+00,3.434667903417199852e+01,1.965056747998187348e+01,5.655525276291752057e+00,7.068139162540092002e+01,6.140544596047871728e+00,6.242234363172215694e+01,1.111396106990592436e+01
2.791288799999999792e+00,-3.215634219109058556e+00,4.075017409241169730e+01,2.174610400931669574e+01,5.652935998972866471e+00,5.752759007021523985e+01,5.908592546649020782e+00,4.064694024347140555e+01,1.051601375814600381e+01
2.791288799999999792e+00,-2.961583661756491015e+00,4.715366915065139608e+01,2.653184608713218040e+01,5.662351931775991609e+00,4.980254823866502534e+01,5.898768823849675158e+00,3.378485557603613643e+01,1.047911892709055870e+01
2.791288799999999792e+00,-2.707533104403923030e+00,5.329858870534060600e+01,3.497878219085032470e+01,5.672904571819474384e+00,4.903150868504847182e+01,5.787113477008552387e+00,3.978773251252650311e+01,1.099549453212975791e+01
2.791288799999999792e+00,-2.453482547051355489e+00,5.842497516361794396e+01,4.479313165795974783e+01,5.681878974050852626e+00,5.273019320938757915e+01,5.792540745099840294e+00,4.487313276315119737e+01,1.233310759096348264e+01
2.791288799999999792e+00,-2.199431989698787504e+00,6.139908095945594368e+01,5.208654488247066183e+01,5.684439508654697271e+00,5.818111901346273385e+01,5.941323575061933759e+00,4.916363068285900084e+01,1.182629615642827758e+01
2.791288799999999792e+00,-1.945381432346219519e+00,6.180923833887462138e+01,5.404842340420418623e+01,5.684047639722280110e+00,6.410957395886291010e+01,6.035838323305896758e+00,4.918064169769920113e+01,1.177777936152831906e+01
2.791288799999999792e+00,-1.691330874993651756e+00,6.020029193934773559e+01,5.063952585904280568e+01,5.684646887287970074e+00,6.886842834540277636e+01,5.924275534856049852e+00,4.896039018733483772e+01,1.192909131174007520e+01
2.791288799999999792e+00,-1.437280317641083993e+00,5.646156230032769940e+01,4.432775388730169652e+01,5.682420331631500510e+00,6.917929003335194693e+01,5.752831462522097539e+00,6.387589899725953302e+01,1.208872071611341248e+01
2.791288799999999792e+00,-1.183229760288516230e+00,5.189768716547044392e+01,3.845613830802267330e+01,5.674556362355548167e+00,6.253286266102719537e+01,5.756285129364221653e+00,6.956500253756732377e+01,1.122954880946712741e+01
2.791288799999999792e+00,-9.291792029359483562e-01,4.756401689004347588e+01,3.557515588762998959e+01,5.667371945924752019e+00,5.073724466509304420e+01,5.869516711399267450e+00,4.791023089248260192e+01,1.099571753508088356e+01
2.791288799999999792e+00,-6.751286455833804823e-01,4.582264654564181683e+01,3.661685813014719315e+01,5.668323211983493870e+00,4.008080238762380532e+01,5.943525678098589893e+00,3.638520854787080339e+01,1.101470301018964726e+01
2.791288799999999792e+00,-4.210780882308131634e-01,4.692023784760355909e+01,4.091895527247925202e+01,5.676300385650679736e+00,3.755313790581169542e+01,6.126027707111933118e+00,3.812305395665429586e+01,1.292082187212490574e+01
2.791288799999999792e+00,-1.670275308782453449e-01,5.092199148127095043e+01,4.670256296815296082e+01,5.684788012306867699e+00,4.637839020254369871e+01,6.430049051803112370e+00,4.079926372727559425e+01,1.585694343546495411e+01
2.791288799999999792e+00,8.702302647432247351e-02,5.621476109985472647e+01,5.175156585234162776e+01,5.689490854996694935e+00,6.350866337922965954e+01,6.614144309203049410e+00,4.898525379135585922e+01,1.659810049389125908e+01
2.791288799999999792e+00,3.410735838268902920e-01,5.864314843248027387e+01,5.421522728054787876e+01,5.689054426793097363e+00,8.015810652798811020e+01,6.524364105754409948e+00,6.942051506333824307e+01,1.676969470142426033e+01
2.791288799999999792e+00,5.951241411794581104e-01,5.791092773297512508e+01,5.333748743710111739e+01,5.683346221496978323e+00,8.644366921926553005e+01,6.252714334272286401e+00,8.567194189264397153e+01,1.460298406005002647e+01
2.791288799999999792e+00,8.491746985320258734e-01,5.602246608088721302e+01,4.973363840644833545e+01,5.675786198156990814e+00,7.875765000100716406e+01,6.029529299356533478e+00,7.274379631224121567e+01,1.148691996208787280e+01
2.791288799999999792e+00,1.103225255884593636e+00,5.430489206232536503e+01,4.496615909026240843e+01,5.672507614143587951e+00,6.343951092281719184e+01,5.951254729934872145e+00,5.115926004029371654e+01,1.115613619710584992e+01
2.791288799999999792e+00,1.357275813237161621e+00,5.298749161791994311e+01,4.062646417474843474e+01,5.674266017833211606e+00,5.143544572141018989e+01,5.836785615996534560e+00,4.552130521570885691e+01,1.104006540978549111e+01
2.791288799999999792e+00,1.611326370589729384e+00,5.108399229113618389e+01,3.752297414170698175e+01,5.674607161164142433e+00,4.847956414411450510e+01,5.671409112155704868e+00,4.518610000422211925e+01,1.181321087197803976e+01
2.791288799999999792e+00,1.865376927942297147e+00,4.801979521454528310e+01,3.553166849086937873e+01,5.669591605863038453e+00,5.134046101153680297e+01,5.707933191033070841e+00,4.357033693896368476e+01,1.115313050638753722e+01
2.791288799999999792e+00,2.119427485294865132e+00,4.414682728780663012e+01,3.417521388890691014e+01,5.662639384936866804e+00,5.341194637899648967e+01,5.930451294774292670e+00,4.118110461696585389e+01,1.040156403652884443e+01
2.791288799999999792e+00,2.373478042647432673e+00,4.051853473794965055e+01,3.343004788801135874e+01,5.655597928053172296e+00,5.198267183418803938e+01,5.985557931576390267e+00,3.750659209375878334e+01,1.050840307548561725e+01
2.791288799999999792e+00,2.627528600000000658e+00,3.855587902746759710e+01,3.406795531394254795e+01,5.649636369002079661e+00,4.927371046045871594e+01,6.026079554975146912e+00,3.500545800529324225e+01,1.056636681439913517e+01
