x,y,reference,fixed_mean,fixed_std,map_mean,map_std,hmc_mean,hmc_std
-3.152209176461626683e+00,-3.469684776461626541e+00,1.343529269912403734e+01,2.379586592475698126e+01,6.100452553925370225e+00,1.976788873127634361e+01,9.310234443530131188e+00,3.889325329959329736e+01,1.881046731310259545e+01
-3.152209176461626683e+00,-3.216245419109058812e+00,1.959592572005065847e+01,2.951279575119133369e+01,6.112100932452874780e+00,1.861901924491792215e+01,9.465683411618089238e+00,3.940127522060559784e+01,1.885242765340004567e+01
-3.152209176461626683e+00,-2.962806061756491083e+00,2.575655874097727249e+01,3.470072004425855994e+01,6.128203106440242465e+00,2.096074637404478835e+01,9.634604713435486190e+00,4.483569756540524764e+01,1.832842964291145904e+01
-3.152209176461626683e+00,-2.709366704403923354e+00,3.183681718621462764e+01,3.869293443466176541e+01,6.128984950309845026e+00,2.513345923611643684e+01,9.242946694011950015e+00,4.947228993324570467e+01,1.952065545824123660e+01
-3.152209176461626683e+00,-2.455927347051355625e+00,3.774358008511518392e+01,4.093667341821583250e+01,6.124474127093820108e+00,3.200231918188887903e+01,9.864872042180758527e+00,5.349963413972960069e+01,2.739112128223883147e+01
-3.152209176461626683e+00,-2.202487989698787896e+00,4.170362867885911839e+01,4.135551929177017882e+01,6.123944299191941276e+00,4.349641089933413696e+01,1.158218554386619026e+01,5.716367608213091245e+01,3.137046272924079204e+01
-3.152209176461626683e+00,-1.949048632346220167e+00,4.284523340635604427e+01,4.052412364028987213e+01,6.104924907988807270e+00,5.957739177708270972e+01,1.195600923951529992e+01,5.906346330711888015e+01,3.167336676863796541e+01
-3.152209176461626683e+00,-1.695609274993652438e+00,4.165295997916460635e+01,3.939505151077264600e+01,6.055282645503496042e+00,7.567143536162051021e+01,1.042081159658116540e+01,6.132504647961341959e+01,2.981808362875296936e+01
-3.152209176461626683e+00,-1.442169917641084709e+00,3.822241886389312526e+01,3.868907374937134591e+01,6.007413277345922786e+00,8.457880823392693515e+01,8.570759282194426731e+00,6.404728043277786753e+01,2.123377217379830739e+01
-3.152209176461626683e+00,-1.188730560288516980e+00,3.370193005955091792e+01,3.841396353857544455e+01,5.990121633146642033e+00,8.439775917459610355e+01,8.054719846983960707e+00,6.292032017814440792e+01,1.777237757447157307e+01
-3.152209176461626683e+00,-9.352912029359492507e-01,2.961038690627434988e+01,3.794660356461008632e+01,5.989325215133312952e+00,8.347368562405554826e+01,8.187071475935583820e+00,5.990523673598697485e+01,1.726451680126205446e+01
-3.152209176461626683e+00,-6.818518455833815217e-01,2.806602224589790850e+01,3.666635865408443351e+01,5.985257278946292558e+00,9.198326080046996367e+01,8.058417322309741948e+00,7.543330260550362709e+01,1.801966187870222313e+01
-3.152209176461626683e+00,-4.284124882308133486e-01,2.943975453927777508e+01,3.464140493807371968e+01,5.987235148611172342e+00,1.091805302823482862e+02,8.151578443733873414e+00,9.948412163107795436e+01,1.869634400355639059e+01
-3.152209176461626683e+00,-1.749731308782456196e-01,3.213026922400592156e+01,3.278950462742159289e+01,6.006631532094131032e+00,1.255015269054964051e+02,9.238303657456791385e+00,8.848740766238573485e+01,2.787524588187660868e+01
-3.152209176461626683e+00,7.846622647432210940e-02,3.438786101143618623e+01,3.234439445872658325e+01,6.026199120967766554e+00,1.340192434543195645e+02,1.047948908565828319e+01,7.024407118872655076e+01,3.163851965577040914e+01
-3.152209176461626683e+00,3.319055838268898384e-01,3.469498716571096963e+01,3.400095418558544225e+01,6.024211444787169079e+00,1.316358475127076133e+02,1.016661669535497659e+01,7.815010203331428329e+01,3.079856732193728064e+01
-3.152209176461626683e+00,5.853449411794575674e-01,3.517814331934086169e+01,3.733459390783355047e+01,6.008588577475477699e+00,1.163516982006199214e+02,8.876303399420789830e+00,1.004246809189189520e+02,2.324742866135056829e+01
-3.152209176461626683e+00,8.387842985320252964e-01,3.311522207864013012e+01,4.085659991689954040e+01,6.000799086797484527e+00,9.356413913329137699e+01,8.324923108675815087e+00,8.787473662928127283e+01,1.797165667331356076e+01
-3.152209176461626683e+00,1.092223655884593025e+00,3.219779908331237550e+01,4.262911702582914586e+01,6.001868854879933934e+00,7.626984571571904326e+01,8.448596369667740191e+00,5.529357186469096774e+01,1.736528432555713763e+01
-3.152209176461626683e+00,1.345663013237160754e+00,3.217267731910244777e+01,4.107268970027416799e+01,5.999834855078678864e+00,7.023589631321181059e+01,8.409626807219892086e+00,5.129022851344803513e+01,1.771969018101548698e+01
-3.152209176461626683e+00,1.599102370589728483e+00,3.108256807349367179e+01,3.559504439891043148e+01,6.011006894695292146e+00,6.817472230875767991e+01,8.411751126479705576e+00,5.036379505965167169e+01,1.791558533747429749e+01
-3.152209176461626683e+00,1.852541727942296212e+00,2.831537018782077197e+01,2.683796935157170083e+01,6.113039494438531563e+00,6.329742251634945660e+01,9.452529907764622763e+00,5.134311240809361010e+01,2.593178523183773265e+01
-3.152209176461626683e+00,2.105981085294863941e+00,2.447963682774561534e+01,1.650728701532443665e+01,6.426491217835950565e+00,5.810945868728776986e+01,1.151742784005647913e+01,5.635681811127447105e+01,3.122931629038987467e+01
-3.152209176461626683e+00,2.359420442647431670e+00,2.083760657489721524e+01,6.859028303338163823e+00,7.030224832562000259e+00,5.697021194841332203e+01,1.322186896105196929e+01,5.853000445922810968e+01,3.175515217225063935e+01
-3.152209176461626683e+00,2.612859799999999399e+00,1.857641749827916300e+01,0.000000000000000000e+00,7.911926957128278204e+00,5.910189876237351569e+01,1.403201597423339564e+01,5.885202669984786183e+01,3.176733036120582554e+01
-2.904563427442392154e+00,-3.469684776461626541e+00,4.882651801125998503e+00,1.796702700165496935e+01,6.106022874432254888e+00,1.276313619216591633e+01,9.326533910971656738e+00,2.956345346518920181e+01,1.904616269861923783e+01
-2.904563427442392154e+00,-3.216245419109058812e+00,1.074000811825783330e+01,2.140049537994218554e+01,6.127896820390416721e+00,7.722809065866840683e+00,9.602891296303493363e+00,3.075773407949285598e+01,1.896505316611841607e+01
-2.904563427442392154e+00,-2.962806061756491083e+00,1.659736443538967166e+01,2.607741196426104580e+01,6.126522924388660307e+00,1.280250242254396653e+01,9.711741030803709762e+00,3.703158051294773401e+01,1.890375467502946449e+01
-2.904563427442392154e+00,-2.709366704403923354e+00,2.251000688207987466e+01,3.108959715603941731e+01,6.100109450224983298e+00,2.259512578097263713e+01,9.031710408256509837e+00,4.219370579770278340e+01,1.954482871542274225e+01
-2.904563427442392154e+00,-2.455927347051355625e+00,2.787765968948762563e+01,3.514031615333533409e+01,6.064524739450604329e+00,3.177564208794836986e+01,8.951787260856139739e+00,4.878920385923404979e+01,2.691663625289435657e+01
-2.904563427442392154e+00,-2.202487989698787896e+00,3.165612013623812260e+01,3.728256986137057538e+01,6.038958836890787829e+00,4.177657762188906077e+01,1.015778297870603808e+01,5.418393265270826475e+01,3.095572330261260774e+01
-2.904563427442392154e+00,-1.949048632346220167e+00,3.304252555787340384e+01,3.746169262139483180e+01,6.017995810084504349e+00,5.660696145795461121e+01,1.048260531680767826e+01,5.818429536482835829e+01,3.120772230633768274e+01
-2.904563427442392154e+00,-1.695609274993652438e+00,3.220707284978355744e+01,3.641401416058306495e+01,5.992996784770257435e+00,7.350488299904608880e+01,9.254116080303541381e+00,6.365211550955164199e+01,2.932211089762727951e+01
-2.904563427442392154e+00,-1.442169917641084709e+00,2.920293105515009202e+01,3.500453620530697663e+01,5.978158221821635365e+00,8.346680375576468691e+01,7.997014585583454682e+00,6.214236664994355408e+01,2.076311844995614919e+01
-2.904563427442392154e+00,-1.188730560288516980e+00,2.518470837666995621e+01,3.357817798919586494e+01,5.983706445785811567e+00,8.234561861153183315e+01,7.994887763849095386e+00,5.517500419632678188e+01,1.804084918717746433e+01
-2.904563427442392154e+00,-9.352912029359492507e-01,2.162848666491390048e+01,3.188254785439221450e+01,5.992986637381108039e+00,7.697686389234218041e+01,8.290355768203331976e+00,5.374641482094563827e+01,1.763240353795734805e+01
-2.904563427442392154e+00,-6.818518455833815217e-01,2.039447871026679238e+01,2.959313577849297872e+01,5.987486768634918910e+00,7.732004484806651590e+01,8.141491479660901476e+00,5.059843580341719615e+01,1.821392706426509278e+01
-2.904563427442392154e+00,-4.284124882308133486e-01,2.113204287768746070e+01,2.692499468178448296e+01,5.972266260495709744e+00,8.570610724181119622e+01,7.896924988327652883e+00,5.525359769952996913e+01,1.824884471644241302e+01
-2.904563427442392154e+00,-1.749731308782456196e-01,2.228271231585054224e+01,2.475526028433978354e+01,5.962923987707577034e+00,9.746987140550032791e+01,8.424127503000697459e+00,6.071057695704669754e+01,2.692406371788725394e+01
-2.904563427442392154e+00,7.846622647432210940e-02,2.246894313896549633e+01,2.413559882661411393e+01,5.962446531026412977e+00,1.068436612042080469e+02,9.342148960192456997e+00,6.030031855227586846e+01,3.102178524317177732e+01
-2.904563427442392154e+00,3.319055838268898384e-01,2.193499285887197203e+01,2.559023291990899907e+01,5.965953180073533701e+00,1.068779926767842596e+02,9.081100862751936731e+00,6.382428582474065593e+01,3.000510034711879115e+01
-2.904563427442392154e+00,5.853449411794575674e-01,2.207386652790299664e+01,2.871653025550585880e+01,5.975501160811496959e+00,9.291568343987516698e+01,8.273076062046605728e+00,5.931379013772659903e+01,2.215328851907143459e+01
-2.904563427442392154e+00,8.387842985320252964e-01,2.166512225639045042e+01,3.230144160889267368e+01,5.991933524682738543e+00,7.325250743488376770e+01,8.273084625184390362e+00,4.438278359608882795e+01,1.813840092745159893e+01
-2.904563427442392154e+00,1.092223655884593025e+00,2.217749439074017204e+01,3.479026094203345565e+01,6.004046931936713349e+00,6.415140823578411755e+01,8.546797466636903096e+00,4.304692856255178413e+01,1.777808217452350448e+01
-2.904563427442392154e+00,1.345663013237160754e+00,2.295674382672306635e+01,3.481699096236025071e+01,6.001457638409344320e+00,6.823579370344361905e+01,8.478749761081617820e+00,4.222711689895506026e+01,1.810411985480956787e+01
-2.904563427442392154e+00,1.599102370589728483e+00,2.207164144936258410e+01,3.162383020653669519e+01,5.992829323260966845e+00,7.174881961950478626e+01,8.208423417590916316e+00,4.211108525537807878e+01,1.794854068073242104e+01
-2.904563427442392154e+00,1.852541727942296212e+00,1.964681664648633230e+01,2.532971091332819924e+01,6.012798232914015273e+00,6.623981301466142213e+01,8.627774418429552838e+00,4.998929155739924823e+01,2.528046085657272002e+01
-2.904563427442392154e+00,2.105981085294863941e+00,1.604439054643749074e+01,1.700746205040104542e+01,6.116883070124215394e+00,5.815617083982363056e+01,1.018272535085286634e+01,5.574909347067587362e+01,3.082711228693794681e+01
-2.904563427442392154e+00,2.359420442647431670e+00,1.253661852140275457e+01,8.477611851079018379e+00,6.360846795193126013e+00,5.544712639054513659e+01,1.159948727663850754e+01,5.731953523044975896e+01,3.140136759666845379e+01
-2.904563427442392154e+00,2.612859799999999399e+00,1.029101385735659768e+01,1.785117373787215911e+00,6.794681225563094173e+00,5.752257446041408429e+01,1.235447374776287077e+01,5.746208333509525090e+01,3.148075316461753559e+01
-2.656917678423157625e+00,-3.469684776461626541e+00,1.444397407399494959e+00,1.341801760124963039e+01,6.118812464711512078e+00,1.949071433981703194e+01,9.315926878419844570e+00,4.919192381709871142e+01,1.900941651424320966e+01
-2.656917678423157625e+00,-3.216245419109058812e+00,6.601812611708631096e+00,1.565024416893993475e+01,6.124904982334838266e+00,9.468015634758103261e+00,9.645842991584807180e+00,2.571487236514062147e+01,1.922865308589976507e+01
-2.656917678423157625e+00,-2.962806061756491083e+00,1.175922781601776634e+01,2.085439617167503457e+01,6.101870961798795179e+00,1.503681428549316479e+01,9.518230941482284990e+00,3.385239994859379919e+01,1.931030940024282572e+01
-2.656917678423157625e+00,-2.709366704403923354e+00,1.708884055551653347e+01,2.758489598099549767e+01,6.058264268522518314e+00,2.795664366118182897e+01,8.531277181248977826e+00,6.031268071396520014e+01,1.900675450226447438e+01
-2.656917678423157625e+00,-2.455927347051355625e+00,2.209996562034675804e+01,3.362120274311109824e+01,6.018234251735925966e+00,3.676955576075391718e+01,7.927261049263011117e+00,5.848532033411743214e+01,2.434070763682175809e+01
-2.656917678423157625e+00,-2.202487989698787896e+00,2.548379481481605069e+01,3.713889832194854534e+01,5.997168415733430180e+00,4.231334586436162226e+01,8.527167157380047158e+00,5.076020970856549752e+01,2.652027162668510130e+01
-2.656917678423157625e+00,-1.949048632346220167e+00,2.697526891962671414e+01,3.759550212764679600e+01,5.984708385198418412e+00,5.303106962274758018e+01,8.749741302624935102e+00,5.549792989128352616e+01,2.636122645719148494e+01
-2.656917678423157625e+00,-1.695609274993652438e+00,2.637575719266175867e+01,3.573128410597655602e+01,5.969891462251681880e+00,6.880032029946491434e+01,7.924447676091023851e+00,7.399752287242441184e+01,2.541432561203027163e+01
-2.656917678423157625e+00,-1.442169917641084709e+00,2.365336942910253271e+01,3.279282044099181803e+01,5.963060355211065477e+00,7.964935184739067608e+01,7.206831031887526606e+00,7.344812178265776481e+01,1.950988580151555141e+01
-2.656917678423157625e+00,-1.188730560288516980e+00,2.034309381840001407e+01,2.968319027661073051e+01,5.972108956781881695e+00,7.951448671250314248e+01,7.596475917889431884e+00,5.139730845862337816e+01,1.787716668159243127e+01
-2.656917678423157625e+00,-9.352912029359492507e-01,1.733692583031797341e+01,2.669481796113632299e+01,5.982236080432826064e+00,7.288632143017312615e+01,8.073672226712218958e+00,4.889366183532846577e+01,1.792713686947878315e+01
-2.656917678423157625e+00,-6.818518455833815217e-01,1.615417392095034899e+01,2.386847161982677790e+01,5.976282061162223158e+00,6.736382619425168627e+01,7.848836100985281838e+00,4.718988488545996063e+01,1.821640500985436262e+01
-2.656917678423157625e+00,-4.284124882308133486e-01,1.599949358571852542e+01,2.145928786852982739e+01,5.958603140547940491e+00,6.646347176040259797e+01,7.233833278725256832e+00,4.553626381372369281e+01,1.759905862054328196e+01
-2.656917678423157625e+00,-1.749731308782456196e-01,1.549760126491078793e+01,1.999996246374848852e+01,5.945583499780601855e+00,7.095139146708197586e+01,7.339211369716998945e+00,5.012553091919724579e+01,2.408394551181655530e+01
-2.656917678423157625e+00,7.846622647432210940e-02,1.452263968433798347e+01,1.994463433026339771e+01,5.942634280423336968e+00,7.930683815644886181e+01,7.974903504182359271e+00,5.407189447457636078e+01,2.679150823086852284e+01
-2.656917678423157625e+00,3.319055838268898384e-01,1.397924332662636182e+01,2.129741656190162757e+01,5.946176094039214099e+00,8.362966742070037185e+01,7.776982083660096023e+00,6.788181240104927383e+01,2.626239181727731165e+01
-2.656917678423157625e+00,5.853449411794575674e-01,1.431452078415340168e+01,2.357054373642176870e+01,5.958359569263791400e+00,7.571874128700611095e+01,7.375629321819430650e+00,6.187095620675489727e+01,2.068918573952520390e+01
-2.656917678423157625e+00,8.387842985320252964e-01,1.523413895467879442e+01,2.602653993098101637e+01,5.979486151260434035e+00,6.211599402022599747e+01,7.860335310870032899e+00,3.655696301115228408e+01,1.787209093397229154e+01
-2.656917678423157625e+00,1.092223655884593025e+00,1.672832466142005003e+01,2.790897948650399485e+01,5.996012918706243866e+00,5.923883230016718926e+01,8.395123203753897201e+00,3.509145648917977667e+01,1.811042050002755488e+01
-2.656917678423157625e+00,1.345663013237160754e+00,1.743430482928543057e+01,2.850143670852139621e+01,5.994922811279698394e+00,6.896662338037242534e+01,8.330587410049567154e+00,4.282062021873834112e+01,1.837237667228697546e+01
-2.656917678423157625e+00,1.599102370589728483e+00,1.687648581654614688e+01,2.715239915537040361e+01,5.982792747609105177e+00,7.552935990466897920e+01,7.780413943276153432e+00,6.608177265804802403e+01,1.773592538201184254e+01
-2.656917678423157625e+00,1.852541727942296212e+00,1.458712808372767711e+01,2.348124908834779490e+01,5.981053930824121956e+00,6.971139716618733928e+01,7.705746842166257160e+00,6.815126601536948669e+01,2.323899787063492894e+01
-2.656917678423157625e+00,2.105981085294863941e+00,1.132407885627258537e+01,1.774074207566172845e+01,6.008515008761758480e+00,5.943800820213203906e+01,8.703591943998720382e+00,5.725874312433714408e+01,2.682316705103310284e+01
-2.656917678423157625e+00,2.359420442647431670e+00,7.952322659658371151e+00,1.103337625059521088e+01,6.077021904970939303e+00,5.456148130576320909e+01,9.589750700723376653e+00,5.366140291706257415e+01,2.718747401568548838e+01
-2.656917678423157625e+00,2.612859799999999399e+00,5.752297670403059726e+00,5.086288061071172706e+00,6.220356093846954870e+00,5.534702480926447521e+01,1.003337252694779202e+01,5.314345625543742102e+01,2.788873178685400234e+01
-2.409271929403923540e+00,-3.469684776461626541e+00,8.992675610908662520e-01,9.075672008720175654e+00,6.122637335237582690e+00,3.818716379786962989e+01,9.348680852714080558e+00,8.416069906553454416e+01,2.053180760069268729e+01
-2.409271929403923540e+00,-3.216245419109058812e+00,5.865015962304008568e+00,1.109301112068624207e+01,6.096564071719661193e+00,2.328415162380196080e+01,9.489917761647447492e+00,4.474826690037887289e+01,1.939039915832907468e+01
-2.409271929403923540e+00,-2.962806061756491083e+00,1.083076436351714911e+01,1.750091183069071121e+01,6.058178086476668334e+00,2.528532152976572434e+01,9.127375717134469824e+00,5.397832661276037669e+01,1.929459016633095914e+01
-2.409271929403923540e+00,-2.709366704403923354e+00,1.568223637728717712e+01,2.618627800618105539e+01,6.014273419059819048e+00,3.641737246973929132e+01,7.921064375036154459e+00,8.859547559599891997e+01,1.970926702175743372e+01
-2.409271929403923540e+00,-2.455927347051355625e+00,2.035894716586729558e+01,3.408520730194777570e+01,5.989038774940620868e+00,4.256825842851316111e+01,7.244183430281334601e+00,6.731320092664120125e+01,1.853054412256801697e+01
-2.409271929403923540e+00,-2.202487989698787896e+00,2.346664387380941008e+01,3.872478303437583236e+01,5.986409854804086272e+00,4.330429778739444657e+01,7.644458375857084320e+00,4.757231143172387533e+01,1.786228151097956030e+01
-2.409271929403923540e+00,-1.949048632346220167e+00,2.478314147478257823e+01,3.931045271485982084e+01,5.985465754199067234e+00,4.866805227281328428e+01,7.847856732781155031e+00,5.097164025390689801e+01,1.758156937182543800e+01
-2.409271929403923540e+00,-1.695609274993652438e+00,2.428487884915633899e+01,3.670578038974508672e+01,5.973042447743210914e+00,6.097883926171226676e+01,7.368483225838253325e+00,7.796849455069565238e+01,1.763923791609452962e+01
-2.409271929403923540e+00,-1.442169917641084709e+00,2.197182788933117337e+01,3.251545831512794393e+01,5.961201785646853324e+00,7.158852206232592152e+01,6.858362019467268311e+00,9.127329226467423950e+01,1.684618473117825133e+01
-2.409271929403923540e+00,-1.188730560288516980e+00,1.905751447438731105e+01,2.810320700447573472e+01,5.961895956350264036e+00,7.388312675619937409e+01,7.303996472958180775e+00,6.190174475124296549e+01,1.973092198260108532e+01
-2.409271929403923540e+00,-9.352912029359492507e-01,1.636258301939026083e+01,2.422500424407280661e+01,5.966108697048053244e+00,6.979313183741314219e+01,7.918451181545533402e+00,4.782883119941767092e+01,2.073181881564380191e+01
-2.409271929403923540e+00,-6.818518455833815217e-01,1.488488254096720276e+01,2.125682478398903186e+01,5.960562412136290789e+00,6.367730633996404777e+01,7.533062050832299406e+00,4.715782363506955477e+01,2.046833929544353126e+01
-2.409271929403923540e+00,-4.284124882308133486e-01,1.368312667348964418e+01,1.948017557615548867e+01,5.949734610372327204e+00,5.803639582363092586e+01,6.675083140149929761e+00,4.838199474422404478e+01,1.719081591024441380e+01
-2.409271929403923540e+00,-1.749731308782456196e-01,1.217426216026119867e+01,1.903337150953029777e+01,5.946334034449451522e+00,5.619193553592901935e+01,6.705000596672014979e+00,5.103035293923942106e+01,1.719120029414304085e+01
-2.409271929403923540e+00,7.846622647432210940e-02,1.089316519900741831e+01,1.967831955380188447e+01,5.949258449670557169e+00,6.110637814729653883e+01,7.179037276643468246e+00,5.180278260040590510e+01,1.786208892524502545e+01
-2.409271929403923540e+00,3.319055838268898384e-01,1.063640664157477289e+01,2.080781485853913182e+01,5.950173611836522269e+00,6.825927440479682673e+01,6.991659174577176117e+00,7.800403354656501165e+01,1.788633911170349933e+01
-2.409271929403923540e+00,5.853449411794575674e-01,1.150511296193847244e+01,2.182384674747686404e+01,5.953529311757313813e+00,6.838718055927469663e+01,6.675988237208462017e+00,9.208324239833450520e+01,1.729720394209912016e+01
-2.409271929403923540e+00,8.387842985320252964e-01,1.294039595326095160e+01,2.253018474601685739e+01,5.967276053830687488e+00,6.232594616889144845e+01,7.366584600833246732e+00,5.542762007211584319e+01,1.914981759367917036e+01
-2.409271929403923540e+00,1.092223655884593025e+00,1.485375051951933756e+01,2.309700262309615937e+01,5.982521379835158193e+00,6.188693769283355550e+01,8.242610024505131250e+00,3.738355761884419337e+01,2.032950977012372817e+01
-2.409271929403923540e+00,1.345663013237160754e+00,1.578300373848639460e+01,2.359501246073068614e+01,5.984960146692661631e+00,7.035351459315245393e+01,8.214749989495620852e+00,5.953183732461387478e+01,2.028353854920774424e+01
-2.409271929403923540e+00,1.599102370589728483e+00,1.538798256429839029e+01,2.358412835305625777e+01,5.978931482524968644e+00,7.604659112867659587e+01,7.464722158052590650e+00,9.206229546617763049e+01,1.970484715752068894e+01
-2.409271929403923540e+00,1.852541727942296212e+00,1.336251221776053555e+01,2.224127233523449831e+01,5.981143986256124201e+00,7.059629812046335928e+01,7.333365883610898806e+00,7.543295660977528883e+01,1.793286189973988698e+01
-2.409271929403923540e+00,2.105981085294863941e+00,1.025736029688751927e+01,1.900847580444042251e+01,5.995282404531380394e+00,5.989608750775749968e+01,8.109601016653678940e+00,5.318149740430921923e+01,1.837160305061185284e+01
-2.409271929403923540e+00,2.359420442647431670e+00,7.083224544938174105e+00,1.423472860578021937e+01,6.009470775389559094e+00,5.317456991751515005e+01,8.538650689787097292e+00,4.987649708504270052e+01,1.836229241172227589e+01
-2.409271929403923540e+00,2.612859799999999399e+00,5.042546206152895394e+00,9.254348524517808983e+00,6.028823323035762627e+00,5.237866863869329848e+01,8.560868233891666179e+00,4.906532464211677791e+01,1.897950130849622141e+01
-2.161626180384689011e+00,-3.469684776461626541e+00,2.996908912902286115e+00,4.850566332733251329e+00,6.116894484304796542e+00,5.738863209991887970e+01,9.983606451257450942e+00,8.345714490694456344e+01,2.844508502972008657e+01
-2.161626180384689011e+00,-3.216245419109058812e+00,7.477839179989802076e+00,7.292449728332030645e+00,6.056618147570006272e+00,3.864318644803768166e+01,9.610500229619823642e+00,6.025619556384474151e+01,2.725435973341054208e+01
-2.161626180384689011e+00,-2.962806061756491083e+00,1.195876944707731759e+01,1.496831029638724431e+01,6.011883018411769086e+00,3.453526473808722130e+01,9.015639130985610095e+00,6.397374479801916181e+01,2.713069477688370768e+01
-2.161626180384689011e+00,-2.709366704403923354e+00,1.661704016808319651e+01,2.518655247960396082e+01,5.981077345567760162e+00,4.092943788086114409e+01,7.893645899297911050e+00,7.839830628997916051e+01,2.567791676196810613e+01
-2.161626180384689011e+00,-2.455927347051355625e+00,2.088426060042791832e+01,3.438222357352879044e+01,5.978330256337427429e+00,4.510950756504365700e+01,7.390284084854650715e+00,5.850163986723398324e+01,1.851038791438077169e+01
-2.161626180384689011e+00,-2.202487989698787896e+00,2.366372220501608936e+01,3.984841071563550940e+01,5.994774741026514420e+00,4.404593372252077188e+01,7.756270191797242752e+00,4.942707204113013120e+01,1.768843791669730692e+01
-2.161626180384689011e+00,-1.949048632346220167e+00,2.483301459391204702e+01,4.079900434309001866e+01,6.002913053642921604e+00,4.481121085511327351e+01,7.978005021044197953e+00,5.126450671961971750e+01,1.709045854185237090e+01
-2.161626180384689011e+00,-1.695609274993652438e+00,2.437763878906539361e+01,3.819486040662832238e+01,5.989362069551783740e+00,5.120846666401590142e+01,7.720132757884619501e+00,5.768934438984873481e+01,1.789446528093793987e+01
-2.161626180384689011e+00,-1.442169917641084709e+00,2.216880442716360378e+01,3.372173263651075104e+01,5.967834047274139131e+00,5.900528718521417204e+01,7.397331766977732315e+00,7.002601635182051609e+01,1.822666852666252169e+01
-2.161626180384689011e+00,-1.188730560288516980e+00,1.938401461767816869e+01,2.884044160392022604e+01,5.955423879054277059e+00,6.329360733712113074e+01,7.790405808015597344e+00,6.158988389153971355e+01,2.640441859281365922e+01
-2.161626180384689011e+00,-9.352912029359492507e-01,1.652912904097176039e+01,2.450113037476057798e+01,5.951649768273919783e+00,6.368861653909172560e+01,8.400124909466324397e+00,5.339868130023508996e+01,2.909882874218230597e+01
-2.161626180384689011e+00,-6.818518455833815217e-01,1.438052981703875233e+01,2.133805753544675099e+01,5.948730800307822975e+00,6.148712271951752228e+01,7.943384496470841327e+00,5.232250756404724967e+01,2.786662086812254202e+01
-2.161626180384689011e+00,-4.284124882308133486e-01,1.223878710977071549e+01,1.976703094189088006e+01,5.949165455568564909e+00,5.712871001288726802e+01,7.022043145530119546e+00,5.350834965921689701e+01,2.037032445068905773e+01
-2.161626180384689011e+00,-1.749731308782456196e-01,1.040023766501489177e+01,1.975106530665379978e+01,5.958180064155140343e+00,5.267654512630221575e+01,7.030079897711992487e+00,5.530636118990399552e+01,1.739807359711306134e+01
-2.161626180384689011e+00,7.846622647432210940e-02,9.355692788685596284e+00,2.059941108934526710e+01,5.967142339887941738e+00,5.274314224982202859e+01,7.433037731203200771e+00,5.373874698529305505e+01,1.700451938007702779e+01
-2.161626180384689011e+00,3.319055838268898384e-01,9.559285766454916455e+00,2.126978867099296622e+01,5.964452938649475122e+00,5.859380941302953261e+01,7.224217942475689824e+00,6.412642007411884038e+01,1.750349969075991652e+01
-2.161626180384689011e+00,5.853449411794575674e-01,1.101159046087729010e+01,2.109992845266970107e+01,5.956802005309367765e+00,6.424752933633908469e+01,6.876013380749458115e+00,7.735652260135834979e+01,1.787268670581784846e+01
-2.161626180384689011e+00,8.387842985320252964e-01,1.281609158759976097e+01,2.032321171717785546e+01,5.958797513613534491e+00,6.471588940431746551e+01,7.566866572384751244e+00,6.221633621329546315e+01,2.566971304035756773e+01
-2.161626180384689011e+00,1.092223655884593025e+00,1.474635806566170970e+01,1.980994523389199458e+01,5.968598825149785014e+00,6.397690652794128141e+01,8.580596798581751727e+00,5.027451443119807806e+01,2.864802564832860554e+01
-2.161626180384689011e+00,1.345663013237160754e+00,1.573917927322181498e+01,2.019062481580385793e+01,5.974843366801986910e+00,6.694962689350347773e+01,8.631797540355917064e+00,6.350312653992755685e+01,2.851236145960837476e+01
-2.161626180384689011e+00,1.599102370589728483e+00,1.535735158785839083e+01,2.113964974236023409e+01,5.979713965615983007e+00,6.976122778023159299e+01,7.894262212973775839e+00,7.684448193624089640e+01,2.512158094510766659e+01
-2.161626180384689011e+00,1.852541727942296212e+00,1.363126370576328661e+01,2.149097195593731158e+01,5.993286187246798846e+00,6.621414743945709347e+01,7.852137301160293070e+00,6.084446998253147143e+01,1.816718666879420496e+01
-2.161626180384689011e+00,2.105981085294863941e+00,1.081457589515705564e+01,2.012352818592717085e+01,6.010752591392255262e+00,5.793357042023488646e+01,8.547793439785477787e+00,5.066520265832758696e+01,1.789679652173475688e+01
-2.161626180384689011e+00,2.359420442647431670e+00,7.713761441497356763e+00,1.689320742300242273e+01,6.014327657096034230e+00,5.183333212771557896e+01,8.639839386715918224e+00,5.168075502102006880e+01,1.792793195459903188e+01
-2.161626180384689011e+00,2.612859799999999399e+00,6.164828497864721868e+00,1.287808612027856725e+01,5.997920804849479204e+00,5.168004756763234298e+01,8.367552020159248372e+00,4.717916135220552576e+01,1.774923911235219975e+01
-1.913980431365454482e+00,-3.469684776461626541e+00,3.622739815950332343e+00,1.946739728236025258e+00,6.102331654357412205e+00,6.602803811641555853e+01,1.032899703434365790e+01,7.235616221433399176e+01,3.106452218372490748e+01
-1.913980431365454482e+00,-3.216245419109058812e+00,7.975428376851439793e+00,5.083812301742909767e+00,6.029370558043061656e+00,4.625611853920719341e+01,9.790402529047884883e+00,5.750983607812416665e+01,3.067022617544835938e+01
-1.913980431365454482e+00,-2.962806061756491083e+00,1.232811693775254724e+01,1.355064944698006002e+01,5.986065012931161888e+00,3.763477272854717626e+01,9.097381009730806767e+00,5.538719868720801287e+01,3.054021494734386621e+01
-1.913980431365454482e+00,-2.709366704403923354e+00,1.694631402970458112e+01,2.434800863612053945e+01,5.966100918648760576e+00,3.989127395523308905e+01,8.035258725983164041e+00,5.907898304809924639e+01,2.777022189658663720e+01
-1.913980431365454482e+00,-2.455927347051355625e+00,2.108906685664878111e+01,3.390265110846758034e+01,5.974956449946083659e+00,4.410130863482784491e+01,7.551719500969024779e+00,5.245760539891632135e+01,1.871083254902277915e+01
-1.913980431365454482e+00,-2.202487989698787896e+00,2.390352139230872197e+01,3.973795270558457560e+01,5.998688699456450557e+00,4.478011601854326074e+01,7.874139525904502612e+00,5.047777760855089468e+01,1.722164332914344698e+01
-1.913980431365454482e+00,-1.949048632346220167e+00,2.492806945712103683e+01,4.127846731773297506e+01,6.009638503457782832e+00,4.344947563773540367e+01,8.105442805538270790e+00,5.336191085870300554e+01,1.679209326450754247e+01
-1.913980431365454482e+00,-1.695609274993652438e+00,2.450007457592015570e+01,3.944159328738987824e+01,5.994915448165931693e+00,4.377462087723156969e+01,7.899511319948960164e+00,4.901687087548323518e+01,1.741499806612990753e+01
-1.913980431365454482e+00,-1.442169917641084709e+00,2.222253238819613230e+01,3.561351673173794552e+01,5.968254862244517511e+00,4.684384417662440114e+01,7.650833587237793054e+00,4.849192223770783983e+01,1.843249865523176467e+01
-1.913980431365454482e+00,-1.188730560288516980e+00,1.921305413920561023e+01,3.093435658450562187e+01,5.949419100516288417e+00,5.093591912709810288e+01,8.048665220091599792e+00,5.332870727656065668e+01,2.778285582160131284e+01
-1.913980431365454482e+00,-9.352912029359492507e-01,1.577261473181090068e+01,2.627242363226923771e+01,5.942896369000782109e+00,5.427792468052050623e+01,8.675872662873157282e+00,5.634394163850216586e+01,3.094310817527428981e+01
-1.913980431365454482e+00,-6.818518455833815217e-01,1.278142450441854372e+01,2.246966184609573247e+01,5.943295815913469227e+00,5.627504944922067409e+01,8.232193853063625610e+00,5.769601755509349061e+01,2.938720374343627029e+01
-1.913980431365454482e+00,-4.284124882308133486e-01,1.007854958196862682e+01,2.024435856658328703e+01,5.950335327403935892e+00,5.613850889754792206e+01,7.275961167326959966e+00,5.723017330926561641e+01,2.071292798164509108e+01
-1.913980431365454482e+00,-1.749731308782456196e-01,8.266221981530133434e+00,1.970974180917346530e+01,5.964304497434723018e+00,5.324517953747800902e+01,7.233947746371457654e+00,5.366671391708090511e+01,1.715407144064761269e+01
-1.913980431365454482e+00,7.846622647432210940e-02,7.919610805118399988e+00,2.010360518996185419e+01,5.974180173129446381e+00,5.060997672150054427e+01,7.621510706558065174e+00,5.389654490586571711e+01,1.666407411007218187e+01
-1.913980431365454482e+00,3.319055838268898384e-01,8.762579928072813829e+00,2.024343007942388795e+01,5.969081941982186557e+00,5.342970949217823318e+01,7.394877128994475690e+00,5.301826771109966785e+01,1.701386476103430212e+01
-1.913980431365454482e+00,5.853449411794575674e-01,1.073364195315612157e+01,1.946181249745040986e+01,5.956961909745495554e+00,6.044211334919293677e+01,7.004267457305711098e+00,5.577287932419979910e+01,1.790842665248531418e+01
-1.913980431365454482e+00,8.387842985320252964e-01,1.242824883553050341e+01,1.817260483717836905e+01,5.953876766398632725e+00,6.357862252551794313e+01,7.631798003185881640e+00,6.374557122169532875e+01,2.665795288265696428e+01
-1.913980431365454482e+00,1.092223655884593025e+00,1.406333423549701678e+01,1.747272089247144322e+01,5.960606212394461423e+00,6.021004995981692787e+01,8.619096332019312356e+00,5.796755315373684425e+01,3.015764671883433579e+01
-1.913980431365454482e+00,1.345663013237160754e+00,1.503583559210989051e+01,1.808535264556394395e+01,5.968069911460605503e+00,5.668174623881584751e+01,8.696029131530965017e+00,5.553097223460756027e+01,3.002054768521463046e+01
-1.913980431365454482e+00,1.599102370589728483e+00,1.495189048031204493e+01,1.959364514855133166e+01,5.977886989814004792e+00,5.685926681854756737e+01,8.008239545091429434e+00,5.684399684973260491e+01,2.571351510308646127e+01
-1.913980431365454482e+00,1.852541727942296212e+00,1.340077548738374347e+01,2.066284877785528806e+01,5.996655142831610164e+00,5.703103495313517612e+01,8.034429478185453277e+00,5.451623743926995047e+01,1.822748013789699684e+01
-1.913980431365454482e+00,2.105981085294863941e+00,1.088860503320132445e+01,2.006656889051646431e+01,6.016452783294831796e+00,5.466445483298983277e+01,8.758048930921111364e+00,5.456488795721229934e+01,1.743835256613379769e+01
-1.913980431365454482e+00,2.359420442647431670e+00,8.108560054926682525e+00,1.765999852460390684e+01,6.019834372333808581e+00,5.383427841844985551e+01,8.770949984649108799e+00,5.046058770061904397e+01,1.752751773258140489e+01
-1.913980431365454482e+00,2.612859799999999399e+00,6.545454309398820669e+00,1.454717111533955176e+01,6.000497604726348300e+00,5.853550181537855224e+01,8.413365950584212882e+00,4.957571856301873936e+01,1.764626390027610014e+01
-1.666334682346219953e+00,-3.469684776461626541e+00,2.336590455436859060e+00,2.035966504648058617e+00,6.079330120635926704e+00,6.203253715559708326e+01,9.620519040759223373e+00,7.332435878833898357e+01,2.587255816916698592e+01
-1.666334682346219953e+00,-3.216245419109058812e+00,7.133764132476052566e+00,5.896529540356823418e+00,6.022861915047343473e+00,4.639087959055322585e+01,9.387861976052784385e+00,4.151037972929157149e+01,2.555824340323410837e+01
-1.666334682346219953e+00,-2.962806061756491083e+00,1.193093780951525140e+01,1.445303901992247120e+01,5.987517603172008762e+00,3.832237809321804889e+01,8.786320170298326460e+00,3.609534371921775175e+01,2.563856442224109955e+01
-1.666334682346219953e+00,-2.709366704403923354e+00,1.663267582234474418e+01,2.474661752418705873e+01,5.969040044213157259e+00,3.869918142219015067e+01,7.703365049083966909e+00,4.529994810338544653e+01,2.442971613825263688e+01
-1.666334682346219953e+00,-2.455927347051355625e+00,2.105188021960446676e+01,3.366103877313526027e+01,5.972277279642927539e+00,4.308820228904820482e+01,7.241830042523426769e+00,5.037869136936855341e+01,1.845336914848554244e+01
-1.666334682346219953e+00,-2.202487989698787896e+00,2.388840915790737185e+01,3.929430657381544734e+01,5.988391250544515820e+00,4.620612592554832787e+01,7.641011851383897380e+00,5.030231688434166415e+01,1.753398346597175461e+01
-1.666334682346219953e+00,-1.949048632346220167e+00,2.512783868927777675e+01,4.135556837096828531e+01,5.994652426955240365e+00,4.535563024629936280e+01,7.874055918612720362e+00,5.118254121400551782e+01,1.719193229131550282e+01
-1.666334682346219953e+00,-1.695609274993652438e+00,2.444132694579117882e+01,4.054425097177681891e+01,5.979307374909402562e+00,4.253982616392897853e+01,7.584921536593848046e+00,4.974252909339728745e+01,1.758669357193378247e+01
-1.666334682346219953e+00,-1.442169917641084709e+00,2.170290509932763356e+01,3.767433224931755831e+01,5.955678244889658579e+00,4.167216317728045283e+01,7.107491396552275909e+00,4.855372854052796328e+01,1.800947220278635541e+01
-1.666334682346219953e+00,-1.188730560288516980e+00,1.819686962267281416e+01,3.334999024836088211e+01,5.942251458037052458e+00,4.347462526783514392e+01,7.369686619811226080e+00,5.313717365963701411e+01,2.476325087918601042e+01
-1.666334682346219953e+00,-9.352912029359492507e-01,1.412220722318289745e+01,2.826695384091090091e+01,5.940692729312265108e+00,4.595254665472539557e+01,8.030936330055890693e+00,5.636268112454192192e+01,2.669193636922447865e+01
-1.666334682346219953e+00,-6.818518455833815217e-01,1.062210016262986834e+01,2.349250580803436605e+01,5.942755654341718596e+00,4.834362540201014724e+01,7.671318830999145355e+00,5.686185264337697021e+01,2.571412014231788490e+01
-1.666334682346219953e+00,-4.284124882308133486e-01,7.590349072636646710e+00,2.014384910382159433e+01,5.947268958292306174e+00,5.057716867540943895e+01,6.803126760105936199e+00,5.434863120165125849e+01,1.943598733118060551e+01
-1.666334682346219953e+00,-1.749731308782456196e-01,6.288123148064737045e+00,1.865600711214301555e+01,5.956236764423288754e+00,5.097217113172530389e+01,6.877775671512744715e+00,5.029925340890587648e+01,1.716683994452602846e+01
-1.666334682346219953e+00,7.846622647432210940e-02,6.617802508623222835e+00,1.842642559829346283e+01,5.962281478098043763e+00,4.985388499340453450e+01,7.320227895682997143e+00,5.158283064911474725e+01,1.725487530680064197e+01
-1.666334682346219953e+00,3.319055838268898384e-01,8.250679920029073244e+00,1.833439116708268557e+01,5.957490167135743420e+00,5.200002992436211002e+01,7.086517772184283359e+00,5.246326508971215219e+01,1.752107778759211953e+01
-1.666334682346219953e+00,5.853449411794575674e-01,1.023314564891454204e+01,1.773073358688725421e+01,5.949480268299433661e+00,5.813461103203212588e+01,6.563103052436806806e+00,6.829838062342793137e+01,1.690812641841994690e+01
-1.666334682346219953e+00,8.387842985320252964e-01,1.160595503144447349e+01,1.695332769564720365e+01,5.951231155728579303e+00,6.004882690663148992e+01,6.958484575210944101e+00,8.392003289739312777e+01,2.187130792397427115e+01
-1.666334682346219953e+00,1.092223655884593025e+00,1.275206815421943318e+01,1.685511272849271336e+01,5.960311143308872239e+00,5.298844786926127881e+01,7.777251959176781249e+00,5.911891602921553357e+01,2.341104803606744866e+01
-1.666334682346219953e+00,1.345663013237160754e+00,1.351147908142121778e+01,1.780508507560318776e+01,5.965868458383538631e+00,4.459357978123465216e+01,7.831085945778251123e+00,4.325830287660210161e+01,2.344651747811337472e+01
-1.666334682346219953e+00,1.599102370589728483e+00,1.368942631464963711e+01,1.914226470044377493e+01,5.969949545070927677e+00,4.336973442258476297e+01,7.256657607198630622e+00,4.098445213331417847e+01,2.124569055821738672e+01
-1.666334682346219953e+00,1.852541727942296212e+00,1.243047915190965114e+01,1.962127952523587737e+01,5.982509892364816118e+00,4.765143328513269694e+01,7.404588506985395391e+00,4.754053466284270257e+01,1.701271689831589740e+01
-1.666334682346219953e+00,2.105981085294863941e+00,1.015686592732453342e+01,1.845627511482143746e+01,6.000397039679390865e+00,5.294567455693993452e+01,8.291831435308610665e+00,5.108722676461656675e+01,1.802151961665306601e+01
-1.666334682346219953e+00,2.359420442647431670e+00,7.258634666202223862e+00,1.605089984409914905e+01,6.009422322762567603e+00,6.081669614615492492e+01,8.568817895680226115e+00,5.262859452413343320e+01,1.795714955272301339e+01
-1.666334682346219953e+00,2.612859799999999399e+00,5.829361845158534727e+00,1.382168641193584335e+01,6.008029895218637506e+00,7.293600977228098259e+01,8.352799800675169806e+00,8.156962724680938948e+01,1.767863159252160443e+01
-1.418688933326985646e+00,-3.469684776461626541e+00,4.978122069865165145e-01,5.868609606814970903e+00,6.053038156647263079e+00,5.169319306026460481e+01,9.109490210394309173e+00,5.578410766833140144e+01,1.823215497793013640e+01
-1.418688933326985646e+00,-3.216245419109058812e+00,6.292847621820643056e+00,1.037089807998836477e+01,6.027610910761518781e+00,4.407868011303213507e+01,9.237080698300610848e+00,1.879844994278255399e+01,1.832526058610857689e+01
-1.418688933326985646e+00,-2.962806061756491083e+00,1.208788303665476960e+01,1.845029331497880776e+01,6.005838046361887450e+00,4.119511368496861792e+01,8.868310003179031398e+00,1.957877669942917720e+01,1.838375048964737246e+01
-1.418688933326985646e+00,-2.709366704403923354e+00,1.780919407244425656e+01,2.749419050009146304e+01,5.986021431282531502e+00,4.256490391336926393e+01,7.865761106039042438e+00,3.364816134061130981e+01,1.851288446012522115e+01
-1.418688933326985646e+00,-2.455927347051355625e+00,2.285200308601014640e+01,3.511882993488779903e+01,5.975402624536622298e+00,4.699343968512530267e+01,7.347088584872080830e+00,4.761661417035318777e+01,2.096989112109543996e+01
-1.418688933326985646e+00,-2.202487989698787896e+00,2.592246091430727972e+01,4.009362243298619433e+01,5.975464695486192745e+00,5.112938945220331988e+01,7.865764046937215426e+00,5.370618564533292272e+01,2.082617248108273245e+01
-1.418688933326985646e+00,-1.949048632346220167e+00,2.660134501915195671e+01,4.232805794637079089e+01,5.972149636304807885e+00,5.109110140156614932e+01,8.157414237589703632e+00,5.313493276221638695e+01,2.051055839256259361e+01
-1.418688933326985646e+00,-1.695609274993652438e+00,2.499724805399994310e+01,4.217668008918644773e+01,5.956751837109822034e+00,4.759013159000662085e+01,7.623707813496952035e+00,5.081681674260821069e+01,2.073588097475171210e+01
-1.418688933326985646e+00,-1.442169917641084709e+00,2.136654533582119697e+01,3.986828979227448144e+01,5.942040223143459698e+00,4.475534357045631850e+01,6.807059369399829585e+00,5.274003810738240361e+01,1.932182447111098966e+01
-1.418688933326985646e+00,-1.188730560288516980e+00,1.682515753407843562e+01,3.560953582330785139e+01,5.941329547132790267e+00,4.385185893565855508e+01,7.003750470335616818e+00,5.655382781058207087e+01,1.778932313269256937e+01
-1.418688933326985646e+00,-9.352912029359492507e-01,1.190062307931789753e+01,3.010231045077762246e+01,5.947942982743969154e+00,4.298145754547560671e+01,7.679951219865828627e+00,5.611162878821814104e+01,1.813299076747211558e+01
-1.418688933326985646e+00,-6.818518455833815217e-01,7.985523534427463765e+00,2.470509480770942901e+01,5.948713387814446030e+00,4.204825166426130778e+01,7.432339910031873664e+00,5.366454804503646159e+01,1.804457422737765526e+01
-1.418688933326985646e+00,-4.284124882308133486e-01,5.304971875364583589e+00,2.083347553982548561e+01,5.944286477584286743e+00,4.281400558802140921e+01,6.642143304609811061e+00,4.980862562682212058e+01,1.626843240216659225e+01
-1.418688933326985646e+00,-1.749731308782456196e-01,4.812352857693348085e+00,1.906587559124545805e+01,5.942841093369209737e+00,4.480107691963686989e+01,6.745868386654479743e+00,4.997043148283513858e+01,1.843071477919928114e+01
-1.418688933326985646e+00,7.846622647432210940e-02,6.514073993336564783e+00,1.883817558636746980e+01,5.943520069924980831e+00,4.671466845480175323e+01,7.335752929461057725e+00,5.214442928858732529e+01,1.957447766468734685e+01
-1.418688933326985646e+00,3.319055838268898384e-01,8.970746315023840012e+00,1.907318897044842743e+01,5.941442312045636776e+00,5.017668659397969577e+01,7.091767856101577117e+00,5.235521726088258987e+01,1.966417461012082413e+01
-1.418688933326985646e+00,5.853449411794575674e-01,1.091601916221106094e+01,1.914165803275773214e+01,5.942070236029851849e+00,5.504430158650723115e+01,6.463223249190868103e+00,7.191520856928829630e+01,1.749496728710287741e+01
-1.418688933326985646e+00,8.387842985320252964e-01,1.168327438819916253e+01,1.921152741349305870e+01,5.953070174059730491e+00,5.511886772457597772e+01,6.733820382192002185e+00,7.859382899214089946e+01,1.683602301608896923e+01
-1.418688933326985646e+00,1.092223655884593025e+00,1.241923056539780035e+01,1.968937396123419603e+01,5.966741489120118480e+00,4.716830659105332302e+01,7.324328558445510673e+00,4.767509280234354918e+01,1.750272612081234058e+01
-1.418688933326985646e+00,1.345663013237160754e+00,1.295302456180686512e+01,2.040864898401196115e+01,5.968877710926989266e+00,3.842636238064498855e+01,7.363478024502319919e+00,3.774166851332581274e+01,1.745907941124108476e+01
-1.418688933326985646e+00,1.599102370589728483e+00,1.274545969358521091e+01,2.047714073467750495e+01,5.962022320357215577e+00,3.724773146836928106e+01,6.931722277141171062e+00,3.468508367034418427e+01,1.683308655977555190e+01
-1.418688933326985646e+00,1.852541727942296212e+00,1.122336622601199707e+01,1.901401189728176178e+01,5.962312718226012720e+00,4.337071208113736986e+01,6.971427816234831987e+00,4.072325011344024404e+01,1.744747906161487450e+01
-1.418688933326985646e+00,2.105981085294863941e+00,8.674064921269323492e+00,1.610547995775050367e+01,5.975589156730150009e+00,5.352819659248604012e+01,7.954514721668435762e+00,4.836467074421753409e+01,2.034282433535591039e+01
-1.418688933326985646e+00,2.359420442647431670e+00,5.808269666015823951e+00,1.307809368658672611e+01,5.994450357852666222e+00,6.811985384525732456e+01,8.629894709340097947e+00,6.288314302790644916e+01,2.064399160960115864e+01
-1.418688933326985646e+00,2.612859799999999399e+00,4.514420478900676770e+00,1.179873544869406032e+01,6.028665305987858325e+00,8.545199464332014827e+01,8.773147420725290857e+00,1.028661421757861376e+02,2.232174206435651698e+01
-1.171043184307751117e+00,-3.469684776461626541e+00,0.000000000000000000e+00,1.240812307861324371e+01,6.030490690350161387e+00,4.492685514736308505e+01,9.170569252362058776e+00,1.928698118848920018e+01,1.834443689197453153e+01
-1.171043184307751117e+00,-3.216245419109058812e+00,7.624051322671197894e+00,1.741864295374125504e+01,6.032735556272389665e+00,4.277335598178444798e+01,9.324127386000371942e+00,1.732320689014858317e+01,1.835417827273147040e+01
-1.171043184307751117e+00,-2.962806061756491083e+00,1.524810264534239757e+01,2.479956299339664838e+01,6.026635584032081105e+00,4.563339138585547516e+01,9.258851839582749932e+00,2.472889466054459007e+01,1.865016440139849863e+01
-1.171043184307751117e+00,-2.709366704403923354e+00,2.276307248981492748e+01,3.246499694100475608e+01,6.007916024935194166e+00,5.206384518926563487e+01,8.546535275316200497e+00,3.006562906940457935e+01,1.880220917978266826e+01
-1.171043184307751117e+00,-2.455927347051355625e+00,2.858344514403015779e+01,3.877622521997636795e+01,5.984933573496393322e+00,5.981624828681160011e+01,8.250881167656723747e+00,4.748482805985473476e+01,2.598902262377722394e+01
-1.171043184307751117e+00,-2.202487989698787896e+00,3.162782375637892684e+01,4.300047599065237591e+01,5.969575246258940204e+00,6.425129057223497853e+01,9.155522336053495636e+00,5.692411737752880896e+01,2.931463572069478474e+01
-1.171043184307751117e+00,-1.949048632346220167e+00,3.081468454603849594e+01,4.503357678015436250e+01,5.957584497419124325e+00,6.205220384601274475e+01,9.607181354957630148e+00,5.735261989246517089e+01,2.948008973271807776e+01
-1.171043184307751117e+00,-1.695609274993652438e+00,2.750160224798788633e+01,4.484696353524941514e+01,5.943953429392632160e+00,5.600635225627827651e+01,8.760024500958754956e+00,5.690333870101422065e+01,2.887833633156154889e+01
-1.171043184307751117e+00,-1.442169917641084709e+00,2.237788792438967533e+01,4.233697124267291656e+01,5.939473325472287790e+00,5.131105601327196553e+01,7.461094350616433779e+00,6.060491596171885220e+01,2.339144445682569895e+01
-1.171043184307751117e+00,-1.188730560288516980e+00,1.672657774878042147e+01,3.775645919590988342e+01,5.950430257283766622e+00,4.870670491621007159e+01,7.426579281514103847e+00,6.219955100967001727e+01,1.787979604242164200e+01
-1.171043184307751117e+00,-9.352912029359492507e-01,1.109063662809517226e+01,3.218175724247066682e+01,5.962329901474851646e+00,4.537582757792311128e+01,7.962160324787321386e+00,5.795378650977976065e+01,1.806465927456163101e+01
-1.171043184307751117e+00,-6.818518455833815217e-01,7.219066350539657506e+00,2.730844725974111498e+01,5.959471288750681772e+00,4.101803914324716516e+01,7.787222347838375747e+00,5.372431997822199179e+01,1.828570411876336621e+01
-1.171043184307751117e+00,-4.284124882308133486e-01,5.296957176640401777e+00,2.452580303024387831e+01,5.945792693210458779e+00,3.865462211833738593e+01,7.282692330627122068e+00,5.034163610648866438e+01,1.795982915659639900e+01
-1.171043184307751117e+00,-1.749731308782456196e-01,6.545981118430891144e+00,2.403948276416576846e+01,5.935161832590845954e+00,3.973964534991160491e+01,7.566563687321951726e+00,5.222679707496732249e+01,2.517962502927280966e+01
-1.171043184307751117e+00,7.846622647432210940e-02,1.004591336183629835e+01,2.488436211082535010e+01,5.931876208274980300e+00,4.280547138804935514e+01,8.358227497488307733e+00,5.452578762595373973e+01,2.873277800086323452e+01
-1.171043184307751117e+00,3.319055838268898384e-01,1.315993223127461498e+01,2.583741670946710656e+01,5.932983769932480556e+00,4.670802854150427663e+01,8.083529978030707497e+00,5.201972118164608361e+01,2.831708824736529095e+01
-1.171043184307751117e+00,5.853449411794575674e-01,1.533664001928690013e+01,2.634532893522646191e+01,5.941321875058849677e+00,5.029816590253113873e+01,7.170925045064173275e+00,5.298852388630224652e+01,2.226922979605594932e+01
-1.171043184307751117e+00,8.387842985320252964e-01,1.611697359604521296e+01,2.658610542786573205e+01,5.959605157532067210e+00,5.043663713801407766e+01,7.098815917549357479e+00,4.950238048667409885e+01,1.735124490283137888e+01
-1.171043184307751117e+00,1.092223655884593025e+00,1.649829848997652704e+01,2.670963291221869440e+01,5.976077636537633353e+00,4.596920875723026256e+01,7.422462865985517411e+00,4.328655438011894319e+01,1.736579397797687108e+01
-1.171043184307751117e+00,1.345663013237160754e+00,1.614824159608705756e+01,2.617690777808002167e+01,5.974665948472424049e+00,4.105327986898572590e+01,7.448855895971961516e+00,4.582221976972253685e+01,1.730962376960879112e+01
-1.171043184307751117e+00,1.599102370589728483e+00,1.453482455871389689e+01,2.401856185208089300e+01,5.958962600527445197e+00,4.025667786132865444e+01,7.243447479609645967e+00,4.253135879549800791e+01,1.734352706915630193e+01
-1.171043184307751117e+00,1.852541727942296212e+00,1.179436089356988404e+01,1.986815732399645640e+01,5.949775800961178085e+00,4.435263288761187539e+01,7.315332118577246412e+00,4.560440418186945521e+01,2.179498890307743153e+01
-1.171043184307751117e+00,2.105981085294863941e+00,8.580800957352977321e+00,1.479076197984977625e+01,5.959379917209949085e+00,5.349307136516245009e+01,8.393197194098332758e+00,5.276406883321799768e+01,2.842897433268871055e+01
-1.171043184307751117e+00,2.359420442647431670e+00,5.638231909450952095e+00,1.104723306392952509e+01,5.986861441086248625e+00,6.854554711726385108e+01,9.462710834239127067e+00,6.351250406072135490e+01,2.945090842767213246e+01
-1.171043184307751117e+00,2.612859799999999399e+00,4.597103705988114797e+00,1.085724885451327282e+01,6.056864307834093353e+00,8.579188652357753142e+01,1.012212351329834448e+01,8.233571027952976351e+01,3.019467282947664089e+01
-9.233974352885166992e-01,-3.469684776461626541e+00,4.583610231480884423e+00,1.921637000861574052e+01,6.017921810990205067e+00,5.013177899895367773e+01,9.173982509851185796e+00,2.244325956204342276e+01,1.832563611230671441e+01
-9.233974352885166992e-01,-3.216245419109058812e+00,1.435561853044297465e+01,2.456099908833766676e+01,6.032036332400386947e+00,4.636639398884460661e+01,9.354477592209406112e+00,2.440279792626997590e+01,1.822839470074833557e+01
-9.233974352885166992e-01,-2.962806061756491083e+00,2.412762682940505954e+01,3.136245579430487851e+01,6.035925573892475526e+00,5.234664815522251047e+01,9.472775735040368517e+00,3.169988451790628758e+01,1.830538600253101222e+01
-9.233974352885166992e-01,-2.709366704403923354e+00,3.339905420494361010e+01,3.809326286174564302e+01,6.018124437108473224e+00,6.747772193118862560e+01,8.888698560437585883e+00,4.884542123020643345e+01,1.866877438194757133e+01
-9.233974352885166992e-01,-2.455927347051355625e+00,3.960674700630926282e+01,4.365343170390679006e+01,5.988342122008166513e+00,8.263505040901881671e+01,8.901770671917626387e+00,6.534975462786022149e+01,2.700130239446114899e+01
-9.233974352885166992e-01,-2.202487989698787896e+00,4.133745118182255851e+01,4.746158475076026662e+01,5.965594088334936984e+00,8.634110275839763915e+01,1.023616284602596771e+01,6.486885431284240155e+01,3.129281610915978007e+01
-9.233974352885166992e-01,-1.949048632346220167e+00,3.819070188445324732e+01,4.914194088373642444e+01,5.951146674485962684e+00,7.673521426509762478e+01,1.083109390382990256e+01,6.092733803325034359e+01,3.161372021936576715e+01
-9.233974352885166992e-01,-1.695609274993652438e+00,3.249955183919362156e+01,4.832655343817805260e+01,5.940805323653543191e+00,6.326866852064739533e+01,9.788619075518722568e+00,6.048139600514653580e+01,3.062758295543000386e+01
-9.233974352885166992e-01,-1.442169917641084709e+00,2.582830612624211142e+01,4.496024092929383187e+01,5.942433391205373283e+00,5.506002101256411407e+01,8.085307672960617253e+00,6.415107326355855832e+01,2.409608011279129514e+01
-9.233974352885166992e-01,-1.188730560288516980e+00,1.893929979971818511e+01,3.986618001547412860e+01,5.957863925636557312e+00,5.210425348374748467e+01,7.769384824123344302e+00,6.500469725857195158e+01,1.767451108151607997e+01
-9.233974352885166992e-01,-9.352912029359492507e-01,1.309549893983429669e+01,3.485020293517391110e+01,5.969908155853744347e+00,4.917928104860830274e+01,8.178400079894418084e+00,6.088704098102081730e+01,1.752806698979639677e+01
-9.233974352885166992e-01,-6.818518455833815217e-01,9.981350580528577154e+00,3.190279130049111700e+01,5.963834644821416120e+00,4.440204956433167638e+01,7.982679818822689732e+00,5.727906073074918680e+01,1.786045991068668215e+01
-9.233974352885166992e-01,-4.284124882308133486e-01,1.007001583622616536e+01,3.194969099283571268e+01,5.946434452528492898e+00,4.090095591783390461e+01,7.735230417802183567e+00,5.468478238617998954e+01,1.804520975876489075e+01
-9.233974352885166992e-01,-1.749731308782456196e-01,1.385585117386935217e+01,3.421330647385275370e+01,5.933528726398343167e+00,4.132381367159695884e+01,8.356924337505663658e+00,5.545924048928212358e+01,2.674767712600381131e+01
-9.233974352885166992e-01,7.846622647432210940e-02,1.887389119755194855e+01,3.683801511777801352e+01,5.929932847632706228e+00,4.451218379899422928e+01,9.374429118532043859e+00,5.644792939646136887e+01,3.120196143699672930e+01
-9.233974352885166992e-01,3.319055838268898384e-01,2.262892216382759969e+01,3.828668735798510170e+01,5.932520986987632305e+00,4.817298880392846172e+01,9.072484934263279399e+00,5.414621269087533051e+01,3.054701427482505238e+01
-9.233974352885166992e-01,5.853449411794575674e-01,2.527695600882491078e+01,3.826273617096831003e+01,5.943334294869678125e+00,5.109454233606777507e+01,7.761430313984075013e+00,5.060740052969184433e+01,2.313354596440438016e+01
-9.233974352885166992e-01,8.387842985320252964e-01,2.598137496249493950e+01,3.736964777554476314e+01,5.963555190577031873e+00,5.229780104964822840e+01,7.277395571163703281e+00,5.181834950350067714e+01,1.739725822644346920e+01
-9.233974352885166992e-01,1.092223655884593025e+00,2.548940885897194875e+01,3.597566916822779604e+01,5.979859478615456858e+00,5.127138727723271927e+01,7.562317218036384681e+00,5.606041201610459268e+01,1.731371012350324889e+01
-9.233974352885166992e-01,1.345663013237160754e+00,2.343270192601795188e+01,3.353860607832120877e+01,5.975963590481064180e+00,4.884341333461740930e+01,7.504614712492908346e+00,5.277691426923205853e+01,1.747067759951250565e+01
-9.233974352885166992e-01,1.599102370589728483e+00,1.966077403257754241e+01,2.915994285626675264e+01,5.957165593518798374e+00,4.648466972104755257e+01,7.228491150140761157e+00,4.892325399108842277e+01,1.741049556121590669e+01
-9.233974352885166992e-01,1.852541727942296212e+00,1.523565633851390011e+01,2.287456775219743577e+01,5.946254040964925380e+00,4.618660197027713821e+01,7.385100591707882245e+00,5.163928086117426375e+01,2.257271416366040029e+01
-9.233974352885166992e-01,2.105981085294863941e+00,1.116326537023920196e+01,1.640500161282943736e+01,5.955758380558353160e+00,5.080064959603987518e+01,8.565286968562473291e+00,5.564222793385379617e+01,3.016929838816713172e+01
-9.233974352885166992e-01,2.359420442647431670e+00,8.314906131017082203e+00,1.255186178674557596e+01,5.984979632845025321e+00,6.156687977302276238e+01,9.809484325797946269e+00,5.903267371817771902e+01,3.138663446232742515e+01
-9.233974352885166992e-01,2.612859799999999399e+00,8.023286801556276160e+00,1.358467447933344374e+01,6.067150162492095156e+00,7.464381832580721721e+01,1.078410279707603792e+01,6.323765400614703935e+01,3.155200247979820460e+01
-6.757516862692822812e-01,-3.469684776461626541e+00,1.526759630677858226e+01,2.383847196733495366e+01,6.027165674527182659e+00,6.735484650702323961e+01,9.094449104187670940e+00,6.400336170114245249e+01,1.790734526693453788e+01
-6.757516862692822812e-01,-3.216245419109058812e+00,2.669774707718120865e+01,2.933342795384396595e+01,6.024549697375555013e+00,5.875984195921807896e+01,9.188767093958432497e+00,3.547783777405388150e+01,1.822547082916855032e+01
-6.757516862692822812e-01,-2.962806061756491083e+00,3.812789784758381018e+01,3.585114528067515494e+01,6.024351575647496126e+00,6.561330021504056731e+01,9.075823851056101788e+00,5.584709716632975329e+01,1.797503179399806683e+01
-6.757516862692822812e-01,-2.709366704403923354e+00,4.839646811177316010e+01,4.233675319489793765e+01,6.004889416226955490e+00,8.807948428922435369e+01,8.444564662336835781e+00,1.010666477745436396e+02,1.926378859674508348e+01
-6.757516862692822812e-01,-2.455927347051355625e+00,5.329325837966369761e+01,4.793579542145471351e+01,5.976703593787626723e+00,1.081199376637299849e+02,8.564518026929368588e+00,1.053228145321920408e+02,2.803539113409578931e+01
-6.757516862692822812e-01,-2.202487989698787896e+00,5.189671980492049386e+01,5.187449269820808695e+01,5.958735903571595216e+00,1.073106160591129452e+02,9.809587783803927152e+00,8.687162897071114287e+01,3.155987955682366319e+01
-6.757516862692822812e-01,-1.949048632346220167e+00,4.544227284984545179e+01,5.332006873340742459e+01,5.949248203887048447e+00,8.712723134219521626e+01,1.032640565555539425e+01,6.863463893445081965e+01,3.106329545860029029e+01
-6.757516862692822812e-01,-1.695609274993652438e+00,3.747382593469468759e+01,5.165827372363219183e+01,5.941051065313634361e+00,6.479731891005089039e+01,9.410868424482258021e+00,6.017536715363157640e+01,3.024770990530426573e+01
-6.757516862692822812e-01,-1.442169917641084709e+00,2.964826375880947396e+01,4.719468546071311721e+01,5.940995011522284486e+00,5.306861514190055118e+01,7.886718478577225078e+00,6.149997040225988343e+01,2.442491075555301450e+01
-6.757516862692822812e-01,-1.188730560288516980e+00,2.275204635246086227e+01,4.164980127871331206e+01,5.952395225300978865e+00,5.079079102501933107e+01,7.523629413047848935e+00,6.354163735501043675e+01,1.780293902030086528e+01
-6.757516862692822812e-01,-9.352912029359492507e-01,1.791997257182068992e+01,3.768816564980170369e+01,5.960966878316970252e+00,5.042469409500381516e+01,7.860592815747454054e+00,6.318433222184195586e+01,1.760302712286827642e+01
-6.757516862692822812e-01,-6.818518455833815217e-01,1.706667070832066457e+01,3.744351664457008155e+01,5.954647015387044107e+00,4.859392218108799000e+01,7.692661858208356129e+00,6.053896465684530170e+01,1.794850859548480670e+01
-6.757516862692822812e-01,-4.284124882308133486e-01,2.030921106661952180e+01,4.103178643795490643e+01,5.941308126726398520e+00,4.780227509403667341e+01,7.430439538331713223e+00,5.729095953414614684e+01,1.818539583570607832e+01
-6.757516862692822812e-01,-1.749731308782456196e-01,2.611356407757125098e+01,4.633511712461131538e+01,5.934679663583796838e+00,5.039272994319572518e+01,8.014928791251108464e+00,5.640429304731882354e+01,2.679010007262986903e+01
-6.757516862692822812e-01,7.846622647432210940e-02,3.159455041488575944e+01,5.040947240538025653e+01,5.935002997806143377e+00,5.502133434638149367e+01,9.015117503372977126e+00,5.598270437150841872e+01,3.077815834563724806e+01
-6.757516862692822812e-01,3.319055838268898384e-01,3.578967947259198468e+01,5.145018167157195421e+01,5.936478295773294889e+00,5.957041169630798549e+01,8.836762872171842531e+00,5.754311934314054611e+01,3.036432255453415863e+01
-6.757516862692822812e-01,5.853449411794575674e-01,3.848162819032930315e+01,4.970233320828356227e+01,5.942879873322581830e+00,6.317153424799751349e+01,7.612823777298350691e+00,6.329205482928306026e+01,2.450919700407378699e+01
-6.757516862692822812e-01,8.387842985320252964e-01,3.835157598115561939e+01,4.664028319910812570e+01,5.958706200695862876e+00,6.462615012055326247e+01,6.980502100389358588e+00,6.600632747533796874e+01,1.833205546432729349e+01
-6.757516862692822812e-01,1.092223655884593025e+00,3.614315268427914418e+01,4.331898683911367698e+01,5.972461914947930772e+00,6.250940917933695573e+01,7.194267660610094595e+00,6.312289579355333302e+01,1.715782400441701938e+01
-6.757516862692822812e-01,1.345663013237160754e+00,3.165970478837138913e+01,3.950459021193910303e+01,5.968929099258826199e+00,5.715841198789084387e+01,7.097386524454291745e+00,5.781830402554982840e+01,1.765200651930298292e+01
-6.757516862692822812e-01,1.599102370589728483e+00,2.543065577091902441e+01,3.435898259985788172e+01,5.954201911472994269e+00,5.105687453727313141e+01,6.728030313322985734e+00,5.501307161133988899e+01,1.742333116297722384e+01
-6.757516862692822812e-01,1.852541727942296212e+00,1.997474005649831952e+01,2.792840044776949071e+01,5.949215221294809730e+00,4.757630232174108187e+01,6.896914437563335554e+00,5.395661089287402490e+01,2.201139061167480548e+01
-6.757516862692822812e-01,2.105981085294863941e+00,1.608688958713853623e+01,2.194027834959251777e+01,5.961346671169002853e+00,4.903268415908110001e+01,7.932902011827066779e+00,5.381247847008092577e+01,2.742339562010016962e+01
-6.757516862692822812e-01,2.359420442647431670e+00,1.406682706462176036e+01,1.908265813314756087e+01,5.983772515682207249e+00,5.507318570239355893e+01,8.858779062175662133e+00,5.409990005150964976e+01,2.823588657455443496e+01
-6.757516862692822812e-01,2.612859799999999399e+00,1.546160372217616796e+01,2.130272704258368321e+01,6.046001044934886437e+00,6.274642681811786815e+01,9.715494304736749243e+00,5.590326661398281516e+01,2.907732189162571856e+01
-4.281059372500477522e-01,-3.469684776461626541e+00,3.042605107044231616e+01,2.515952958295474673e+01,6.068531639860501592e+00,8.538507985706689851e+01,9.776618935512864539e+00,8.137880878633484372e+01,2.423251126286836055e+01
-4.281059372500477522e-01,-3.216245419109058812e+00,4.204704803253430612e+01,3.067485971467704076e+01,6.016890931246118512e+00,7.532325726749604655e+01,9.493411982865822552e+00,5.647990746291531394e+01,2.343750701094045397e+01
-4.281059372500477522e-01,-2.962806061756491083e+00,5.366804499462629963e+01,3.716713814187914977e+01,5.997905062618676730e+00,8.171545901642980425e+01,8.835667790210809613e+00,7.869351091180288904e+01,2.341929949943335032e+01
-4.281059372500477522e-01,-2.709366704403923354e+00,6.219875799975955033e+01,4.391380984578518110e+01,5.976478201994854800e+00,1.034460985595765123e+02,7.891477876581332040e+00,1.180890062554574911e+02,2.457645281202821508e+01
-4.281059372500477522e-01,-2.455927347051355625e+00,6.357511839599700920e+01,5.007910127454033500e+01,5.958737028867018282e+00,1.188096225334747089e+02,7.701490875910229406e+00,1.292934633231182602e+02,2.735816532646694910e+01
-4.281059372500477522e-01,-2.202487989698787896e+00,5.780538067379920619e+01,5.452745078710086091e+01,5.954845235880681820e+00,1.103866657058215424e+02,8.338235574773092296e+00,1.192484180918486913e+02,2.640736788943986468e+01
-4.281059372500477522e-01,-1.949048632346220167e+00,4.915554350642834436e+01,5.595547529931627651e+01,5.954036401104289666e+00,8.457924074048631269e+01,8.590571701954930361e+00,8.019855915671469404e+01,2.509838813744857333e+01
-4.281059372500477522e-01,-1.695609274993652438e+00,4.053917348131015785e+01,5.361405353334430401e+01,5.945609032720145848e+00,6.047387713676667431e+01,8.067085622978034110e+00,5.699468420635016486e+01,2.507187456586253305e+01
-4.281059372500477522e-01,-1.442169917641084709e+00,3.310099767442785890e+01,4.826586122121534572e+01,5.938293326036591324e+00,4.878331139061862132e+01,7.282249368282625035e+00,5.706270306814717230e+01,2.413585382524016865e+01
-4.281059372500477522e-01,-1.188730560288516980e+00,2.755944563367386380e+01,4.247776076173704496e+01,5.940878067665861906e+00,4.717133020431207058e+01,7.336747255592569239e+00,6.016862457104818418e+01,2.162427956435347909e+01
-4.281059372500477522e-01,-9.352912029359492507e-01,2.492353337689500847e+01,3.956912981461300660e+01,5.944815326917786358e+00,4.900887998300817117e+01,7.789525122071784935e+00,6.235977600753733441e+01,2.107559446990012120e+01
-4.281059372500477522e-01,-6.818518455833815217e-01,2.727316901342722844e+01,4.159471302010297222e+01,5.940827422068767127e+00,5.145330865476157101e+01,7.570543047945707649e+00,6.117984746075541835e+01,2.113824755957647739e+01
-4.281059372500477522e-01,-4.284124882308133486e-01,3.316080303373148297e+01,4.778774268521465274e+01,5.936041521818930633e+00,5.570251203042251120e+01,6.877825848791663255e+00,5.959857569326911175e+01,2.142109688039925075e+01
-4.281059372500477522e-01,-1.749731308782456196e-01,3.937357902293901191e+01,5.483507928653216368e+01,5.939809351896036205e+00,6.184555950244556755e+01,6.855454279258970551e+00,6.123645247045589457e+01,2.412983574882676407e+01
-4.281059372500477522e-01,7.846622647432210940e-02,4.482094639639932154e+01,5.899660427944854746e+01,5.945825814228343553e+00,6.776401175372855334e+01,7.441625762413925926e+00,6.162510782170126333e+01,2.552334599610711763e+01
-4.281059372500477522e-01,3.319055838268898384e-01,4.841223426335056956e+01,5.851020842557136348e+01,5.944686669189418460e+00,7.300106749866830569e+01,7.493430673296519906e+00,6.731727858709767531e+01,2.549696686262463174e+01
-4.281059372500477522e-01,5.853449411794575674e-01,4.986837458450369809e+01,5.441279608841523441e+01,5.942581490548068501e+00,7.781800967045163020e+01,6.938518493725187142e+00,9.004705475928659553e+01,2.457098215044074863e+01
-4.281059372500477522e-01,8.387842985320252964e-01,4.817541606919580488e+01,4.924305567995997990e+01,5.949621048667161460e+00,7.916134523227461273e+01,6.670603234277450611e+00,9.246792003370973134e+01,2.494491591313968115e+01
-4.281059372500477522e-01,1.092223655884593025e+00,4.387174706240232069e+01,4.489083763965118123e+01,5.959352897455212350e+00,7.374786497127411167e+01,7.063445565812173754e+00,7.259857191677133414e+01,2.656393839183457217e+01
-4.281059372500477522e-01,1.345663013237160754e+00,3.680216435487929516e+01,4.147023651069412153e+01,5.959477432345653192e+00,6.376852673354682111e+01,7.145418220371752227e+00,6.166793767854353803e+01,2.620849758389660522e+01
-4.281059372500477522e-01,1.599102370589728483e+00,2.968482127257318481e+01,3.801047348456722830e+01,5.954769330577616593e+00,5.521208022081184197e+01,6.841146383785871699e+00,5.708029909500688603e+01,2.155757948785479527e+01
-4.281059372500477522e-01,1.852541727942296212e+00,2.494482016003539471e+01,3.407563045006918401e+01,5.959723990221208467e+00,5.182808788772116770e+01,7.050380713017784018e+00,5.239294712714947622e+01,1.771383628000052823e+01
-4.281059372500477522e-01,2.105981085294863941e+00,2.249794210260794003e+01,3.070658481851114630e+01,5.974489316705655639e+00,5.281353664031276907e+01,7.727242070224671799e+00,5.014342250338660278e+01,1.847633501154421864e+01
-4.281059372500477522e-01,2.359420442647431670e+00,2.214386948857276138e+01,2.985489273813800537e+01,5.985521487455213396e+00,5.556827126458578192e+01,8.066002693234739951e+00,5.047330720384874780e+01,1.867344521516174538e+01
-4.281059372500477522e-01,2.612859799999999399e+00,2.582769049089928970e+01,3.287447658416385821e+01,6.009784244598742831e+00,5.870113214293515114e+01,8.450811203797698568e+00,5.338999371588731435e+01,2.087345014241250141e+01
-1.804601882308135563e-01,-3.469684776461626541e+00,4.948980704847934931e+01,2.378907432739015348e+01,6.123709626254601801e+00,9.071607683378113052e+01,1.152249693719054058e+01,6.954696175164148997e+01,3.081293024140460801e+01
-1.804601882308135563e-01,-3.216245419109058812e+00,5.706015704501471930e+01,2.928454912006145605e+01,6.015186756321303285e+00,8.340844511606957212e+01,1.095500833571336585e+01,6.190280346157429392e+01,3.045803268424612398e+01
-1.804601882308135563e-01,-2.962806061756491083e+00,6.463050704155011772e+01,3.579679122040124639e+01,5.974541355643322227e+00,8.782959553328373659e+01,9.855942340001286439e+00,6.978041446897020705e+01,3.024435524359649818e+01
-1.804601882308135563e-01,-2.709366704403923354e+00,6.780864398669947946e+01,4.280920305150084459e+01,5.953377091008021260e+00,1.003294645873245088e+02,8.322941440426030013e+00,8.582058212640259853e+01,2.792622360488973854e+01
-1.804601882308135563e-01,-2.455927347051355625e+00,6.199311226961492594e+01,4.944853284843429719e+01,5.948575023378920967e+00,1.038180192270273352e+02,7.512902586655298087e+00,1.095905854599288176e+02,1.954235109581810903e+01
-1.804601882308135563e-01,-2.202487989698787896e+00,5.440974486322909343e+01,5.430896053493870568e+01,5.958317623639060479e+00,9.068577204162039607e+01,7.645741450952766805e+00,1.152982292384983367e+02,1.768724302178354080e+01
-1.804601882308135563e-01,-1.949048632346220167e+00,4.679990299561789868e+01,5.580650694882660900e+01,5.964336913144781427e+00,7.094845877510844900e+01,7.770255576451391200e+00,7.345259130288440019e+01,1.702903174086558380e+01
-1.804601882308135563e-01,-1.695609274993652438e+00,4.005699500921600986e+01,5.316886255939243711e+01,5.955172922339087904e+00,5.619064392544018460e+01,7.496714468392906561e+00,5.192835217606362619e+01,1.717411278101927152e+01
-1.804601882308135563e-01,-1.442169917641084709e+00,3.477361392091282255e+01,4.746826185258487385e+01,5.941692376484737359e+00,4.865115455366967012e+01,7.353321175584336622e+00,5.309001336381122371e+01,2.064381716006366574e+01
-1.804601882308135563e-01,-1.188730560288516980e+00,3.208545224385348149e+01,4.169440232157012360e+01,5.936815885334103093e+00,4.621428645922563305e+01,8.137611602479761785e+00,5.665212295159527400e+01,2.803866869737147738e+01
-1.804601882308135563e-01,-9.352912029359492507e-01,3.314833846478196477e+01,3.933665831686175807e+01,5.937063590149677772e+00,4.765473566158199503e+01,8.962629426347506367e+00,5.981181911624307901e+01,2.940948099547656014e+01
-1.804601882308135563e-01,-6.818518455833815217e-01,3.811707594240898800e+01,4.215231625493561296e+01,5.935559298023489028e+00,5.274591940784128496e+01,8.503838014852938443e+00,6.113290587638205409e+01,2.897896254575028863e+01
-1.804601882308135563e-01,-4.284124882308133486e-01,4.393141878124463062e+01,4.874582664615536487e+01,5.937761575776257850e+00,6.055057149573209330e+01,7.053587978672115177e+00,6.570037014149389165e+01,2.357527107692213875e+01
-1.804601882308135563e-01,-1.749731308782456196e-01,4.910265712584872233e+01,5.525285477164379699e+01,5.948907513275608849e+00,6.760583559312307500e+01,6.358659323598132573e+00,7.805480495646538941e+01,1.632925952577378581e+01
-1.804601882308135563e-01,7.846622647432210940e-02,5.362981629579155651e+01,5.784645128600186581e+01,5.958605549648178012e+00,7.117801728525536475e+01,6.601490922933979100e+00,8.511123348755697293e+01,1.596948205793443165e+01
-1.804601882308135563e-01,3.319055838268898384e-01,5.528692149904608755e+01,5.524120059889628465e+01,5.955513131494897472e+00,7.396719445485774713e+01,6.670354414693575151e+00,8.601354237787677448e+01,1.594364739352056404e+01
-1.804601882308135563e-01,5.853449411794575674e-01,5.404419984161447132e+01,4.929379882090961473e+01,5.946623296590704655e+00,7.869799105852115417e+01,6.597607150833134426e+00,1.126092672196179478e+02,1.637694718986907461e+01
-1.804601882308135563e-01,8.387842985320252964e-01,4.960501996270001257e+01,4.335059355822977523e+01,5.945415634423211415e+00,8.090657791923115383e+01,6.947797511523766012e+00,1.150223989476687336e+02,2.328944157783924496e+01
-1.804601882308135563e-01,1.092223655884593025e+00,4.256522752947178390e+01,3.981628116177398624e+01,5.950963479948777390e+00,7.552694656531784290e+01,7.992924694720972667e+00,8.159318788810873002e+01,3.030812399345906627e+01
-1.804601882308135563e-01,1.345663013237160754e+00,3.569676773608414067e+01,3.889479804979873734e+01,5.955297056751364337e+00,6.604838149084628185e+01,8.326246637122974192e+00,6.228665721445053549e+01,3.011392435410461488e+01
-1.804601882308135563e-01,1.599102370589728483e+00,3.107771152764366462e+01,3.925041000483270182e+01,5.960997162607794664e+00,5.981863524289323664e+01,7.835647555655605778e+00,5.609897514515074590e+01,2.268405337294011659e+01
-1.804601882308135563e-01,1.852541727942296212e+00,2.881238664523369764e+01,3.966296016119031265e+01,5.974645213610129346e+00,5.871880894232168657e+01,7.768050415998779101e+00,5.264492820698618658e+01,1.709704572230162967e+01
-1.804601882308135563e-01,2.105981085294863941e+00,2.901504052389966404e+01,4.011111580359192885e+01,5.990637617732748943e+00,5.959908562769101081e+01,8.044142384823068426e+00,5.304620750078181857e+01,1.725203415922951677e+01
-1.804601882308135563e-01,2.359420442647431670e+00,3.119127011973013808e+01,4.149938523029686621e+01,5.991872188997091619e+00,6.057683703857645696e+01,8.049859517535157494e+00,5.641742497923955568e+01,1.737931302757888474e+01
-1.804601882308135563e-01,2.612859799999999399e+00,3.702890957872224931e+01,4.452997058990695223e+01,5.982518909996866086e+00,6.240919855273001104e+01,8.140203761307265751e+00,5.812977264993102722e+01,1.800564445491335874e+01
6.718556078842088941e-02,-3.469684776461626541e+00,6.486718558695663717e+01,2.136339362541639275e+01,6.147154518308015625e+00,8.039128378312659606e+01,1.246788668401321409e+01,6.070034737947002412e+01,3.171744437510431069e+01
6.718556078842088941e-02,-3.216245419109058812e+00,6.307385138279792614e+01,2.683991738099302893e+01,6.013795185486862316e+00,7.682965397523108209e+01,1.174471204588355278e+01,5.909540378644106795e+01,3.167539457369741385e+01
6.718556078842088941e-02,-2.962806061756491083e+00,6.128051717863921510e+01,3.312319971993656509e+01,5.964303034278665372e+00,7.960859716954763599e+01,1.053370858043247615e+01,5.852919367380516036e+01,3.140679728707294061e+01
6.718556078842088941e-02,-2.709366704403923354e+00,5.835881726457314755e+01,3.984113894567508396e+01,5.945373422395737961e+00,8.290637617194269637e+01,8.812917286462949917e+00,5.727605836282715757e+01,2.763650564221973482e+01
6.718556078842088941e-02,-2.455927347051355625e+00,5.232257916546707577e+01,4.621049310096077534e+01,5.947994701900349845e+00,7.705490142401930598e+01,7.788314894577181846e+00,6.242639071227714709e+01,1.794279658600664362e+01
6.718556078842088941e-02,-2.202487989698787896e+00,4.627240190962280053e+01,5.086708023397386569e+01,5.963442735010264784e+00,6.501458839595349559e+01,7.810030053124581428e+00,6.524305121806219177e+01,1.705767616447653623e+01
6.718556078842088941e-02,-1.949048632346220167e+00,4.099544581638340901e+01,5.227927790960620769e+01,5.971799139101453768e+00,5.746372309212353002e+01,7.967221226045704263e+00,5.601448363849383583e+01,1.649516214112066947e+01
6.718556078842088941e-02,-1.695609274993652438e+00,3.690793494160864441e+01,4.975129684453804657e+01,5.963157036345174689e+00,5.539747669563297450e+01,7.731401822066854557e+00,5.230562910529130249e+01,1.696825850498312249e+01
6.718556078842088941e-02,-1.442169917641084709e+00,3.483669583409856330e+01,4.436377387127231486e+01,5.948489321914712136e+00,5.240777216545177453e+01,7.757368810450942398e+00,4.852745337927069613e+01,1.965702058499339699e+01
6.718556078842088941e-02,-1.188730560288516980e+00,3.585832846976195754e+01,3.891354210122608492e+01,5.941119036358125882e+00,4.801135126074265713e+01,8.857625406636749688e+00,5.287749602776589342e+01,2.911230001603930972e+01
6.718556078842088941e-02,-9.352912029359492507e-01,3.979883973864077973e+01,3.647662374933224783e+01,5.940096400066433802e+00,4.697416073375893575e+01,9.886088340558977450e+00,5.814740592634972671e+01,3.148156267143640008e+01
6.718556078842088941e-02,-6.818518455833815217e-01,4.492424630563984067e+01,3.836770813247949263e+01,5.939954893381584888e+00,5.148518526046062505e+01,9.303723767289703517e+00,6.159001776790132254e+01,3.054324749193715505e+01
6.718556078842088941e-02,-4.284124882308133486e-01,4.897588130418773744e+01,4.303378144472026179e+01,5.944379507158501497e+00,5.881882374933531565e+01,7.488837069027106885e+00,7.033969307714367858e+01,2.303028721423916281e+01
6.718556078842088941e-02,-1.749731308782456196e-01,5.191060420361164063e+01,4.694291909496769222e+01,5.956566614489219980e+00,6.306215180017120758e+01,6.616356492500830022e+00,8.495228232733688856e+01,1.518977811788870547e+01
6.718556078842088941e-02,7.846622647432210940e-02,5.332492333395549622e+01,4.700250340815637173e+01,5.966430793004526834e+00,6.150944733253740537e+01,6.846773544338068618e+00,9.121835145660061528e+01,1.483137752935999742e+01
6.718556078842088941e-02,3.319055838268898384e-01,5.221000408754704836e+01,4.272558356295576232e+01,5.963329539610210617e+00,5.951993837216937777e+01,6.784463839768011262e+00,8.504369466061119454e+01,1.496138233929266192e+01
6.718556078842088941e-02,5.853449411794575674e-01,4.878107118619712423e+01,3.648852295056803996e+01,5.953037615355087908e+00,6.212062267905000112e+01,6.739087962184042269e+00,9.075979080584696135e+01,1.518532676975366336e+01
6.718556078842088941e-02,8.387842985320252964e-01,4.226453657785417306e+01,3.175926361303663725e+01,5.948246992641346154e+00,6.508169230308823217e+01,7.253660272910670948e+00,8.951471355750479120e+01,2.108981631800806156e+01
6.718556078842088941e-02,1.092223655884593025e+00,3.538174408778573365e+01,3.077959421510695392e+01,5.950723932863890120e+00,6.325123916377268074e+01,8.469378957980948641e+00,6.906412354944571064e+01,2.991727201503857358e+01
6.718556078842088941e-02,1.345663013237160754e+00,3.149230906580711675e+01,3.345704922572713258e+01,5.955943873073620942e+00,6.007772113839962458e+01,8.821462877299424576e+00,5.771040386378643916e+01,3.024816775602792163e+01
6.718556078842088941e-02,1.599102370589728483e+00,3.063200574397071207e+01,3.803324240052552341e+01,5.965757161354928506e+00,6.039181670165319815e+01,8.215597651083491826e+00,5.531473136925531264e+01,2.240443923485029032e+01
6.718556078842088941e-02,1.852541727942296212e+00,3.168762922922525149e+01,4.263150255426171498e+01,5.982773967334913401e+00,6.233152487094218941e+01,8.021497700759320892e+00,5.621235221137560245e+01,1.679215945129002563e+01
6.718556078842088941e-02,2.105981085294863941e+00,3.430427654318718567e+01,4.632566398936887708e+01,5.999062292174951239e+00,6.321075527291492335e+01,8.207547361698219746e+00,6.029651564395447849e+01,1.658327391567194908e+01
6.718556078842088941e-02,2.359420442647431670e+00,3.870028899880837514e+01,4.910681798418136168e+01,5.996180299858586693e+00,6.555159861980472158e+01,8.129938838422983594e+00,6.314192904365452819e+01,1.654800902867538070e+01
6.718556078842088941e-02,2.612859799999999399e+00,4.595853447280171622e+01,5.117362531565504469e+01,5.972572564135857576e+00,7.146197642591367583e+01,8.089326322427561777e+00,6.347962215551423526e+01,1.775397876910727746e+01
3.148313098076553351e-01,-3.469684776461626541e+00,5.421800769898943884e+01,1.947691193119408126e+01,6.114611822104199845e+00,6.293688755992290851e+01,1.141569186270685243e+01,5.715363031829522100e+01,3.099446794451574760e+01
3.148313098076553351e-01,-3.216245419109058812e+00,5.046585008074808343e+01,2.487197385168929031e+01,6.005265763981139315e+00,6.207469430088101348e+01,1.061300676737642057e+01,5.532179219914223012e+01,3.058577746833058342e+01
3.148313098076553351e-01,-2.962806061756491083e+00,4.671369246250674223e+01,3.043279481816080079e+01,5.964450682120573610e+00,6.645533161761662200e+01,9.667738850474780321e+00,5.717885543371901491e+01,3.028558603732190235e+01
3.148313098076553351e-01,-2.709366704403923354e+00,4.307158692013111079e+01,3.595226936696508346e+01,5.948190545114308669e+00,6.903289432006195625e+01,8.316127840777440383e+00,6.219282007885752961e+01,2.672172091834030638e+01
3.148313098076553351e-01,-2.455927347051355625e+00,3.890040299153022829e+01,4.097068869550366799e+01,5.950661165174065736e+00,6.259065875178606575e+01,7.617711675062244225e+00,5.417025106888867469e+01,1.756510512156894421e+01
3.148313098076553351e-01,-2.202487989698787896e+00,3.564422698549184076e+01,4.454915526165950723e+01,5.964142027088922049e+00,5.297032083970100302e+01,7.787293744777250559e+00,4.402458854803691679e+01,1.701720152201688663e+01
3.148313098076553351e-01,-1.949048632346220167e+00,3.330826795832248877e+01,4.554962964691458183e+01,5.971386252194518462e+00,5.033506343404079075e+01,7.966553716151732800e+00,5.063334115703713678e+01,1.646829880266466972e+01
3.148313098076553351e-01,-1.695609274993652438e+00,3.227416174447181163e+01,4.342334116184520099e+01,5.964116180368869813e+00,5.260675840474553411e+01,7.734553504393582024e+00,4.887285985644628283e+01,1.690863297731095116e+01
3.148313098076553351e-01,-1.442169917641084709e+00,3.295453527113348002e+01,3.895449540701611113e+01,5.951971379475245350e+00,5.158594892090434314e+01,7.550426996756452347e+00,4.251549213796737803e+01,1.942718874073324997e+01
3.148313098076553351e-01,-1.188730560288516980e+00,3.596281578573506010e+01,3.420027704955373338e+01,5.946646326387877046e+00,4.706857267706331527e+01,8.310920287535358497e+00,5.063759134063813860e+01,2.856312315819756620e+01
3.148313098076553351e-01,-9.352912029359492507e-01,4.004275010083686936e+01,3.136677464986223640e+01,5.947106152522263933e+00,4.425438336336087986e+01,9.189854412822869634e+00,5.714636982863804349e+01,3.066100588397903337e+01
3.148313098076553351e-01,-6.818518455833815217e-01,4.275714248039929544e+01,3.129024793383086944e+01,5.947550790544983812e+00,4.568709761638417888e+01,8.718016111604972807e+00,6.026602953573566168e+01,2.985308439786220447e+01
3.148313098076553351e-01,-4.284124882308133486e-01,4.453666538834721678e+01,3.273721597104395187e+01,5.950321422391385617e+00,4.955653100689195867e+01,7.228984070635450898e+00,6.848069833577112320e+01,2.267119842864930845e+01
3.148313098076553351e-01,-1.749731308782456196e-01,4.470475677090296074e+01,3.325510569132984529e+01,5.959025296496341717e+00,5.072732009053261493e+01,6.606380385903128705e+00,7.563185713418917544e+01,1.495490997579096870e+01
3.148313098076553351e-01,7.846622647432210940e-02,4.333837221637115533e+01,3.105785769673184404e+01,5.966849759048868052e+00,4.643392984450974836e+01,6.832806791526111923e+00,7.424465769787380509e+01,1.466923672864231420e+01
3.148313098076553351e-01,3.319055838268898384e-01,4.048833191036246149e+01,2.649031758926230395e+01,5.965284846960028808e+00,4.152317691200215677e+01,6.780634824987972209e+00,7.129470173880592654e+01,1.476963248567521525e+01
3.148313098076553351e-01,5.853449411794575674e-01,3.529427122375476245e+01,2.189314937246035697e+01,5.958067039214197891e+00,4.103406853502730200e+01,6.657705006499377021e+00,6.489336121889411402e+01,1.482730616771332777e+01
3.148313098076553351e-01,8.387842985320252964e-01,2.955766882718886635e+01,1.999934980509806337e+01,5.954598888418469294e+00,4.217871010649849950e+01,6.907348087202224818e+00,5.769908095616215604e+01,2.004833864491190099e+01
3.148313098076553351e-01,1.092223655884593025e+00,2.624752091786587727e+01,2.216304139515796123e+01,5.955656448850474405e+00,4.216037316289646242e+01,7.754170267080529477e+00,4.451767997557379886e+01,2.812604185378918586e+01
3.148313098076553351e-01,1.345663013237160754e+00,2.627380889539861286e+01,2.772199592421475245e+01,5.957320325125223803e+00,4.499654192205741765e+01,7.916903560665049078e+00,4.621558941773370321e+01,2.839259272624860841e+01
3.148313098076553351e-01,1.599102370589728483e+00,2.866514024373056557e+01,3.472899722975216719e+01,5.962584897378350846e+00,5.239225293762893898e+01,7.463172409036413768e+00,5.512957460421526434e+01,2.157940311309226900e+01
3.148313098076553351e-01,1.852541727942296212e+00,3.180759409436541674e+01,4.121345653587286506e+01,5.976245341706261094e+00,5.903534363128437690e+01,7.649050585650789102e+00,5.676807342017695390e+01,1.719840015404500377e+01
3.148313098076553351e-01,2.105981085294863941e+00,3.603495647850311911e+01,4.597050391646644130e+01,5.992088910662003443e+00,6.361016028153551360e+01,8.112544606948716819e+00,5.966891227059622338e+01,1.700623046147302375e+01
3.148313098076553351e-01,2.359420442647431670e+00,4.141844906021776751e+01,4.855942322730425076e+01,5.992073625926312097e+00,7.235693392204112229e+01,8.105456303210742064e+00,6.869559429893024571e+01,1.699838206355601500e+01
3.148313098076553351e-01,2.612859799999999399e+00,4.665972597324245896e+01,4.892261991490795481e+01,5.978933143766532510e+00,8.614407122411024886e+01,8.056524219675468501e+00,8.325186497060043678e+01,1.806879588146901483e+01
5.624770588268898086e-01,-3.469684776461626541e+00,3.693409769867227510e+01,1.906798530055402807e+01,6.052617945043549774e+00,4.862305373561106592e+01,9.388534852424115229e+00,5.154139220863552850e+01,2.598951515694836445e+01
5.624770588268898086e-01,-3.216245419109058812e+00,3.418645891661919478e+01,2.419930901268617163e+01,5.995648303383340760e+00,4.852101095669527808e+01,8.746978184780315857e+00,4.755410760974942264e+01,2.363838509576297753e+01
5.624770588268898086e-01,-2.962806061756491083e+00,3.143882013456611801e+01,2.849116591390065878e+01,5.972420550431450259e+00,5.594250699938496041e+01,8.313070371054134711e+00,5.526625250871698114e+01,2.326631708456123704e+01
5.624770588268898086e-01,-2.709366704403923354e+00,2.899060329630713184e+01,3.198174733032010408e+01,5.958209391864954796e+00,6.440269703244911170e+01,7.462393726080557954e+00,8.831471515441077713e+01,2.178869845385193926e+01
5.624770588268898086e-01,-2.455927347051355625e+00,2.718909111565126935e+01,3.474701104420910269e+01,5.955479829235055256e+00,6.363146084477773456e+01,7.105503031552185433e+00,9.094594329140470279e+01,1.684668757372590164e+01
5.624770588268898086e-01,-2.202487989698787896e+00,2.634343627542734723e+01,3.654253956945558457e+01,5.962361254201050009e+00,5.407510688592796555e+01,7.607367777603682768e+00,5.133504077627259221e+01,1.720388148602671308e+01
5.624770588268898086e-01,-1.949048632346220167e+00,2.623005929821145088e+01,3.682280911491852748e+01,5.966456194343065178e+00,4.558332646369274244e+01,7.911993595894157849e+00,3.818647797278815403e+01,1.678006188765056805e+01
5.624770588268898086e-01,-1.695609274993652438e+00,2.684099262109976891e+01,3.520486739586795011e+01,5.960842387913691809e+00,4.269747668405392460e+01,7.474222683242941478e+00,3.929319765961913902e+01,1.701061239783797774e+01
5.624770588268898086e-01,-1.442169917641084709e+00,2.910994985741580976e+01,3.200135586878968752e+01,5.953632102543172877e+00,4.220520372960265831e+01,6.750807722859582860e+00,4.131251343380654362e+01,1.818321648725910578e+01
5.624770588268898086e-01,-1.188730560288516980e+00,3.172572543423911284e+01,2.827211623978018906e+01,5.953922452375226548e+00,4.082120019191654592e+01,6.891999343107608311e+00,5.078715717474993596e+01,2.320526955849478767e+01
5.624770588268898086e-01,-9.352912029359492507e-01,3.353796809913272625e+01,2.519377042837095360e+01,5.957936027376717902e+00,3.791417143016735736e+01,7.456584990196496676e+00,5.549737007605303063e+01,2.380680895878459324e+01
5.624770588268898086e-01,-6.818518455833815217e-01,3.403594189005639237e+01,2.319516553631638089e+01,5.957921202472642008e+00,3.550835055993907474e+01,7.212713564364345409e+00,5.567516884959781720e+01,2.375079230042324241e+01
5.624770588268898086e-01,-4.284124882308133486e-01,3.367082219426951895e+01,2.164460551575120917e+01,5.956183073341138723e+00,3.590293491516722924e+01,6.382892439601546286e+00,5.905954296978543283e+01,1.973141445458525922e+01
5.624770588268898086e-01,-1.749731308782456196e-01,3.212627410418087948e+01,1.948075723683814431e+01,5.958956011326987046e+00,3.672667324738026196e+01,6.314703809079259322e+00,6.457717683267581776e+01,1.496828195481344359e+01
5.624770588268898086e-01,7.846622647432210940e-02,2.992217394147174403e+01,1.632368533680801193e+01,5.963612294389434965e+00,3.404709549506537769e+01,6.786743299809975483e+00,6.420450427609159760e+01,1.531263939664086315e+01
5.624770588268898086e-01,3.319055838268898384e-01,2.625795825689148799e+01,1.308882296685715119e+01,5.963844491283943228e+00,2.958487864871653983e+01,6.771831805052129560e+00,6.032347812011101240e+01,1.523273484502743713e+01
5.624770588268898086e-01,5.853449411794575674e-01,2.128554706096978677e+01,1.150878653658674011e+01,5.961579197729131252e+00,2.668888012060114079e+01,6.342327837986844408e+00,5.667750678572878087e+01,1.493883569589256766e+01
5.624770588268898086e-01,8.387842985320252964e-01,1.824036435344943641e+01,1.293167681320574047e+01,5.962539237514800305e+00,2.392112865169832503e+01,6.266723362951476695e+00,4.680541937955104004e+01,1.647981834347896779e+01
5.624770588268898086e-01,1.092223655884593025e+00,1.870812455133430063e+01,1.739167856422955083e+01,5.964306659112713405e+00,2.139596986372987431e+01,6.743529336801449503e+00,1.830614283872605341e+01,2.047898377585937979e+01
5.624770588268898086e-01,1.345663013237160754e+00,2.150684608908063922e+01,2.364781193484031974e+01,5.960819000354977248e+00,2.523201046326607866e+01,6.726787830537380053e+00,2.778253946332433344e+01,2.034705141251660621e+01
5.624770588268898086e-01,1.599102370589728483e+00,2.548813297662207589e+01,3.000094919093771750e+01,5.956233755609310343e+00,3.727298572074579397e+01,6.400086670505922726e+00,5.650675189868709936e+01,1.677563770520452380e+01
5.624770588268898086e-01,1.852541727942296212e+00,2.969348852969676145e+01,3.511381152932244731e+01,5.961208924967066558e+00,5.107487973462610853e+01,6.948894482692701935e+00,5.722671702410812600e+01,1.585140402442262619e+01
5.624770588268898086e-01,2.105981085294863941e+00,3.382011093563301074e+01,3.826871219212353026e+01,5.975310019371820047e+00,6.445386927606972449e+01,7.838357246918178589e+00,5.643963370950255154e+01,1.700560417558598658e+01
5.624770588268898086e-01,2.359420442647431670e+00,3.716338097122036288e+01,3.915663966068586888e+01,5.984133932900439490e+00,8.237150402165349306e+01,8.057386576025470148e+00,8.315407295224611062e+01,1.709726992289237657e+01
5.624770588268898086e-01,2.612859799999999399e+00,3.801340109101798248e+01,3.767775187701499817e+01,6.000840880223766938e+00,1.024491206432603860e+02,8.194566427560518562e+00,1.138767079467475867e+02,1.953881235860786347e+01
8.101228078461242266e-01,-3.469684776461626541e+00,2.247698462418059506e+01,2.049547143159816187e+01,6.003959488748995987e+00,4.255198119683730340e+01,8.332633081693684218e+00,4.494815312127620643e+01,1.978086255344597788e+01
8.101228078461242266e-01,-3.216245419109058812e+00,2.145083280985572571e+01,2.513096013700578624e+01,5.994538742551823951e+00,4.091159707175714288e+01,8.058519307604004922e+00,4.334856833631835826e+01,1.808385837316629008e+01
8.101228078461242266e-01,-2.962806061756491083e+00,2.042468099553084926e+01,2.783266196887871047e+01,5.986982348787449837e+00,4.753938518658836188e+01,8.062287821289684686e+00,4.646327055914321136e+01,1.811799305249065029e+01
8.101228078461242266e-01,-2.709366704403923354e+00,2.007686868419510873e+01,2.897365002398964862e+01,5.974166332177033745e+00,5.926378788945703491e+01,7.525102192321651451e+00,7.888864208894197816e+01,1.758629890605996948e+01
8.101228078461242266e-01,-2.455927347051355625e+00,2.065428464460675073e+01,2.924021816144613695e+01,5.964940322559065145e+00,6.380509747836754286e+01,7.033211647338033501e+00,9.863373026395331067e+01,1.705505924909940418e+01
8.101228078461242266e-01,-2.202487989698787896e+00,2.135840087415670752e+01,2.910078331548811548e+01,5.963757919645984451e+00,5.447573917816015410e+01,7.427506821774209733e+00,6.172980320965351098e+01,1.952958263432990194e+01
8.101228078461242266e-01,-1.949048632346220167e+00,2.215519134580755889e+01,2.856221659090897447e+01,5.963900631956423837e+00,3.954612675908543906e+01,7.770923234601514906e+00,3.921652171387897567e+01,1.984622134977663777e+01
8.101228078461242266e-01,-1.695609274993652438e+00,2.311495903475806557e+01,2.735864527383546374e+01,5.960346576319648371e+00,3.114837623179741399e+01,7.175313613542983582e+00,4.286331429064401988e+01,1.966506470440349830e+01
8.101228078461242266e-01,-1.442169917641084709e+00,2.449710138533112058e+01,2.534713301173690070e+01,5.960008912424932248e+00,3.154736257183276393e+01,6.224535358906570615e+00,4.677743499548514450e+01,1.745144724442819850e+01
8.101228078461242266e-01,-1.188730560288516980e+00,2.495619361935005642e+01,2.271092760098053986e+01,5.968231726864170028e+00,3.339729420230870005e+01,6.204869246188397192e+00,5.036134541519712116e+01,1.623272752380282213e+01
8.101228078461242266e-01,-9.352912029359492507e-01,2.470240727844258188e+01,1.978559813524134370e+01,5.976265033087828193e+00,3.049381680056204402e+01,6.616282847577448223e+00,5.318105964879642045e+01,1.658123789863019582e+01
8.101228078461242266e-01,-6.818518455833815217e-01,2.391492012636107134e+01,1.674202749631604092e+01,5.973942581670669938e+00,2.580203887805564023e+01,6.492512105493836394e+00,5.230086831504245737e+01,1.667085938891565888e+01
8.101228078461242266e-01,-4.284124882308133486e-01,2.261099866709868778e+01,1.354547672614808107e+01,5.965369821022702190e+00,2.525829302674551258e+01,5.992957718035861525e+00,4.754396553692167515e+01,1.494780384929638295e+01
8.101228078461242266e-01,-1.749731308782456196e-01,2.082336672626770735e+01,1.031631754359932529e+01,5.960750687664879699e+00,2.712623860692498567e+01,6.058313993163176647e+00,4.915135323965115788e+01,1.503198986331965159e+01
8.101228078461242266e-01,7.846622647432210940e-02,1.828307776961717224e+01,7.714939501493972784e+00,5.961189956401480750e+00,2.584926577120069169e+01,6.679266994844962113e+00,4.967703375627284856e+01,1.646734829215890983e+01
8.101228078461242266e-01,3.319055838268898384e-01,1.488239912102179296e+01,6.824963733853110170e+00,5.962142125636504808e+00,2.171866745510891406e+01,6.696473740139752273e+00,4.194671554966517135e+01,1.639595841274062593e+01
8.101228078461242266e-01,5.853449411794575674e-01,1.223687389335431597e+01,8.458328434739996737e+00,5.964420843860168020e+00,1.755256338445934716e+01,6.195150338307953142e+00,3.346050478983922005e+01,1.432809884369199516e+01
8.101228078461242266e-01,8.387842985320252964e-01,1.244196081025038048e+01,1.243563843418905890e+01,5.970859609552042535e+00,1.214561003337996681e+01,6.185421497199906860e+00,2.056020933159134501e+01,1.606115993439357936e+01
8.101228078461242266e-01,1.092223655884593025e+00,1.526815085723141863e+01,1.752219738943040284e+01,5.975661014077806144e+00,6.374053012491174286e+00,6.536312682393483620e+00,2.545049837335326970e-01,1.727585660366328923e+01
8.101228078461242266e-01,1.345663013237160754e+00,1.908189835582663463e+01,2.213151022041802207e+01,5.969393210675706385e+00,8.277793133260615832e+00,6.500224039990191827e+00,8.786668457041116653e+00,1.712113327994949685e+01
8.101228078461242266e-01,1.599102370589728483e+00,2.318385673497973798e+01,2.519966919176749798e+01,5.955999054621034183e+00,2.250277683515946592e+01,6.228082109069951855e+00,3.334152645223742439e+01,1.621743874881354586e+01
8.101228078461242266e-01,1.852541727942296212e+00,2.650290175885743338e+01,2.651130328925592039e+01,5.952170946662681317e+00,4.329782013050470368e+01,6.732139690978501179e+00,4.576194160152422796e+01,2.087212202100623060e+01
8.101228078461242266e-01,2.105981085294863941e+00,2.866890459411885317e+01,2.633011341290784912e+01,5.965301379727473652e+00,6.521984875797687664e+01,7.901206340602161760e+00,5.445085074273035275e+01,2.467122449294737407e+01
8.101228078461242266e-01,2.359420442647431670e+00,2.874117807332106977e+01,2.484348065277936257e+01,5.985579058496450777e+00,8.856790856684824575e+01,8.522816366636272178e+00,8.012940612161175125e+01,2.523996417101510303e+01
8.101228078461242266e-01,2.612859799999999399e+00,2.675762246460714877e+01,2.201680795733864215e+01,6.031911795808122534e+00,1.089898598480108092e+02,9.065560324964701877e+00,1.018982450080224709e+02,2.744848828122941953e+01
1.057768556865358756e+00,-3.469684776461626541e+00,1.655048489576410731e+01,2.388269802176455414e+01,5.981046139052008215e+00,4.455218445279247419e+01,8.268529712318892777e+00,4.416453216673389193e+01,1.905794101589661693e+01
1.057768556865358756e+00,-3.216245419109058812e+00,1.759611776253055382e+01,2.789738874782142375e+01,5.997434146868477534e+00,4.105881691812524537e+01,8.275183361933718729e+00,4.639805714676479909e+01,1.835012241887884699e+01
1.057768556865358756e+00,-2.962806061756491083e+00,1.864175062929699678e+01,2.914187820767347148e+01,5.999619465720444467e+00,4.252304790172198068e+01,8.501247970419115063e+00,4.552991454206562594e+01,1.792552531876464172e+01
1.057768556865358756e+00,-2.709366704403923354e+00,2.010688049189081639e+01,2.836925599051483005e+01,5.988454099722323676e+00,5.032168293258723679e+01,8.036428500910421491e+00,4.922589640198098238e+01,1.843077029574802950e+01
1.057768556865358756e+00,-2.455927347051355625e+00,2.191684493242485487e+01,2.676198615580597107e+01,5.976431866901481982e+00,5.558724410605387334e+01,7.373431136993473523e+00,6.233825888987083630e+01,2.020478111430567481e+01
1.057768556865358756e+00,-2.202487989698787896e+00,2.310207549642264624e+01,2.524372371075605770e+01,5.971615071623689097e+00,4.910344280489303515e+01,7.491797022232434600e+00,5.612096804673335271e+01,2.728168451365165481e+01
1.057768556865358756e+00,-1.949048632346220167e+00,2.365136534604315699e+01,2.409682277852061816e+01,5.969841178607092402e+00,3.546057382499341770e+01,7.778847076938279592e+00,4.856044393590072161e+01,2.858193677799748755e+01
1.057768556865358756e+00,-1.695609274993652438e+00,2.373421115508592649e+01,2.306088326258486632e+01,5.967155178138576765e+00,2.725687889504735040e+01,7.247543406571418600e+00,5.012008247402069117e+01,2.758108485971333224e+01
1.057768556865358756e+00,-1.442169917641084709e+00,2.308848447059849462e+01,2.171963282938395423e+01,5.970657715760880890e+00,2.803238213438174853e+01,6.407709659145433001e+00,5.090753800643135207e+01,2.080141898256625055e+01
1.057768556865358756e+00,-1.188730560288516980e+00,2.164150962907564235e+01,1.981442958174829982e+01,5.983543061458938439e+00,2.964625988017397162e+01,6.556675737170407636e+00,5.080768709824577911e+01,1.644836923748313851e+01
1.057768556865358756e+00,-9.352912029359492507e-01,2.010017509329509267e+01,1.729908173350941070e+01,5.993155572547202325e+00,2.654394975910622634e+01,7.001239472034811229e+00,5.162015911475710794e+01,1.615760495640063965e+01
1.057768556865358756e+00,-6.818518455833815217e-01,1.878460748511466605e+01,1.427631915002075402e+01,5.987967313755677701e+00,2.373973779774507875e+01,6.806002772134226220e+00,4.741543296638121063e+01,1.683262376602831623e+01
1.057768556865358756e+00,-4.284124882308133486e-01,1.743774122307472041e+01,1.106109759563059924e+01,5.974398697912487677e+00,2.565918440227869723e+01,6.334321168461775287e+00,4.293878858823470068e+01,1.620471910398511639e+01
1.057768556865358756e+00,-1.749731308782456196e-01,1.598104576728899318e+01,8.359779245170102513e+00,5.965198053090017716e+00,2.692914373228489922e+01,6.297265657482258305e+00,4.396265444741130324e+01,2.168388318380981872e+01
1.057768556865358756e+00,7.846622647432210940e-02,1.360783609136505312e+01,7.235728117441794893e+00,5.962500674587621674e+00,2.221333926942911319e+01,6.796432239367588224e+00,4.018727324454367533e+01,2.571183025442663350e+01
1.057768556865358756e+00,3.319055838268898384e-01,1.197273119950888898e+01,8.596110907507863885e+00,5.962297020269653913e+00,1.520231380285272849e+01,6.755952016726948450e+00,2.951123516708360128e+01,2.545415420508649973e+01
1.057768556865358756e+00,5.853449411794575674e-01,1.217801901953169974e+01,1.243169348629544402e+01,5.965700228556808149e+00,1.035713609118499789e+01,6.328901210737759797e+00,1.050900257135939597e+01,1.944288998125132650e+01
1.057768556865358756e+00,8.387842985320252964e-01,1.435485416191818864e+01,1.746838108191968786e+01,5.975184663535379137e+00,5.447962493611328227e+00,6.444519897241610451e+00,0.000000000000000000e+00,1.724938358951264306e+01
1.057768556865358756e+00,1.092223655884593025e+00,1.796595036527096312e+01,2.169766389836968301e+01,5.983436114000694417e+00,0.000000000000000000e+00,6.810867759039083147e+00,5.120386225801325963e+00,1.656461336381008209e+01
1.057768556865358756e+00,1.345663013237160754e+00,2.162251014956597572e+01,2.350975579958412709e+01,5.978275240443466920e+00,2.223611518245661500e+00,6.750715797460257406e+00,4.145219895601790938e+00,1.679578576674539647e+01
1.057768556865358756e+00,1.599102370589728483e+00,2.464826801378305632e+01,2.256488181444819929e+01,5.962841290386591275e+00,1.811659540285188541e+01,6.489340043030361826e+00,9.772479852602479866e+00,1.716755973174520378e+01
1.057768556865358756e+00,1.852541727942296212e+00,2.605650397627548287e+01,1.972835485617633822e+01,5.958126279947845383e+00,4.178483906777449874e+01,6.982060500669251546e+00,3.365775483831184545e+01,2.445518713685976309e+01
1.057768556865358756e+00,2.105981085294863941e+00,2.572006806767199549e+01,1.621319289094117266e+01,5.976498635359845046e+00,6.481101510747913608e+01,8.280897492527527604e+00,5.241991461271069142e+01,3.031159817889346542e+01
1.057768556865358756e+00,2.359420442647431670e+00,2.372825926325679191e+01,1.272991982514486153e+01,6.006911626918811642e+00,8.497323776899085601e+01,9.253561053558845728e+00,6.529664288544293527e+01,3.099791906483733328e+01
1.057768556865358756e+00,2.612859799999999399e+00,2.089169211806548176e+01,9.329325403575239761e+00,6.060331488451210724e+00,9.982173143301668006e+01,1.007514320430288279e+01,7.205685875973878751e+01,3.138978371098052733e+01
1.305414305884593063e+00,-3.469684776461626541e+00,1.986451915835583648e+01,2.918496821229655325e+01,5.976329564297167884e+00,5.114208248966136239e+01,8.300633642705443904e+00,5.208633552297771985e+01,1.903484632986074132e+01
1.305414305884593063e+00,-3.216245419109058812e+00,2.251297565218742136e+01,3.266669787257796997e+01,5.992580230715642386e+00,4.843109988558097712e+01,8.243019544719766500e+00,4.861884101066588215e+01,1.813260897004912664e+01
1.305414305884593063e+00,-2.962806061756491083e+00,2.516143214601900624e+01,3.306380498639282450e+01,5.999299004011073855e+00,4.567466225663957857e+01,8.400538114541999946e+00,5.151628102004942633e+01,1.775212247696488177e+01
1.305414305884593063e+00,-2.709366704403923354e+00,2.777617705862336805e+01,3.148007836614215194e+01,5.991648417599213516e+00,4.665623330126723545e+01,7.777662926960268841e+00,5.341883204370674321e+01,1.803954828886235973e+01
1.305414305884593063e+00,-2.455927347051355625e+00,2.990079564859659556e+01,2.932516107300489239e+01,5.984317912170710407e+00,4.873580279242943902e+01,7.077849598942575149e+00,4.988047811522844910e+01,1.912797476546449005e+01
1.305414305884593063e+00,-2.202487989698787896e+00,3.098383405404055679e+01,2.753745180005080329e+01,5.984979640754586327e+00,4.556885514962311845e+01,7.309591823682425549e+00,4.745398966094780491e+01,2.513438925561888126e+01
1.305414305884593063e+00,-1.949048632346220167e+00,3.109364500221133554e+01,2.626043712903356209e+01,5.985605241701652979e+00,3.812030144352311822e+01,7.696710984494057328e+00,4.711438497574843609e+01,2.612845722631339740e+01
1.305414305884593063e+00,-1.695609274993652438e+00,3.018250200516816761e+01,2.509463768969453668e+01,5.980208020942189506e+00,3.338645864433946997e+01,7.202569636849378121e+00,4.632192437508419403e+01,2.535920553617409112e+01
1.305414305884593063e+00,-1.442169917641084709e+00,2.794237405386467188e+01,2.361326765403191530e+01,5.978108004559139488e+00,3.273786604016001434e+01,6.333892400276234902e+00,4.829224683850610234e+01,1.954683646842729416e+01
1.305414305884593063e+00,-1.188730560288516980e+00,2.539868168810547289e+01,2.169114126564181788e+01,5.985817704240697701e+00,3.121802994753446114e+01,6.484047413620531941e+00,5.393893105038210933e+01,1.631920744902855347e+01
1.305414305884593063e+00,-9.352912029359492507e-01,2.294671540290296363e+01,1.946909828099978768e+01,5.992169718324457328e+00,2.888054205426934118e+01,6.954155954119276117e+00,5.367895453559057728e+01,1.610184910166720940e+01
1.305414305884593063e+00,-6.818518455833815217e-01,2.161287840521437786e+01,1.717565721031951398e+01,5.986421690581588351e+00,3.153556161450597983e+01,6.739893952678876587e+00,5.418405409434679854e+01,1.691142759882683677e+01
1.305414305884593063e+00,-4.284124882308133486e-01,2.044554410855409898e+01,1.512402234730780037e+01,5.975477988272517749e+00,3.728795323782128435e+01,6.309671719425598013e+00,6.966487336766027738e+01,1.568969059933512433e+01
1.305414305884593063e+00,-1.749731308782456196e-01,1.930078473892216451e+01,1.388250301581228996e+01,5.970113699562835663e+00,3.576094874355180764e+01,6.474159977673948241e+00,5.949380123372414886e+01,1.959025379406026346e+01
1.305414305884593063e+00,7.846622647432210940e-02,1.791873931930380337e+01,1.425639527146358887e+01,5.968795476032743075e+00,2.480341708897103103e+01,7.038783790365670257e+00,3.234847394825135325e+01,2.275862604033309822e+01
1.305414305884593063e+00,3.319055838268898384e-01,1.803307194349542186e+01,1.680316724145905027e+01,5.966060273538881020e+00,1.419107026483990808e+01,6.814976800204888718e+00,2.203858471779653883e+01,2.261015234352305114e+01
1.305414305884593063e+00,5.853449411794575674e-01,1.996778078875015439e+01,2.113812307513671840e+01,5.965199998706663287e+00,9.917085174749757925e+00,6.198736261398552827e+00,1.151666194319661685e+01,1.801946616669156853e+01
1.305414305884593063e+00,8.387842985320252964e-01,2.290212831010621741e+01,2.570581617864900181e+01,5.972190832311683018e+00,7.889439699188415034e+00,6.310559076168279269e+00,7.869661204093397089e+00,1.681727783556748435e+01
1.305414305884593063e+00,1.092223655884593025e+00,2.666635701110625334e+01,2.844169952225001907e+01,5.981416730542435722e+00,6.356055990614208895e+00,6.745174827263896056e+00,1.175615568384643694e+01,1.637370407097691327e+01
1.305414305884593063e+00,1.345663013237160754e+00,2.957489831165966265e+01,2.796385358677889599e+01,5.980177912942091112e+00,1.252036354752658553e+01,6.644444562060894732e+00,1.904284732574195971e+01,1.669555166802502200e+01
1.305414305884593063e+00,1.599102370589728483e+00,3.119812055107014359e+01,2.438062721237747610e+01,5.971727773848619414e+00,3.029756229282770619e+01,6.297824898892043777e+00,4.515330272971478109e+01,1.658559180892001805e+01
1.305414305884593063e+00,1.852541727942296212e+00,3.086594001341022775e+01,1.907501572165801917e+01,5.978134956538299072e+00,5.165358918806072097e+01,6.785522803568387218e+00,6.015072275478320307e+01,2.360666639764388108e+01
1.305414305884593063e+00,2.105981085294863941e+00,2.869342278024973680e+01,1.369819241310415237e+01,6.009309195071144138e+00,6.754611405978721450e+01,8.130252587060173397e+00,5.857766257976794577e+01,2.916517245568073946e+01
1.305414305884593063e+00,2.359420442647431670e+00,2.567125305389767220e+01,9.236074506316072075e+00,6.045389692613712285e+00,7.774244570010864663e+01,9.123259870514585756e+00,5.793693797985705629e+01,2.977309276954520456e+01
1.305414305884593063e+00,2.612859799999999399e+00,2.313821252466556544e+01,5.832842662387974997e+00,6.079782132488044333e+00,8.440809022965132158e+01,9.742700760389974235e+00,5.748106068799675228e+01,2.991044430149095135e+01
1.553060054903827591e+00,-3.469684776461626541e+00,3.213253729686246629e+01,3.588091122579953662e+01,6.030806866321388071e+00,5.785351529479221711e+01,9.019362651083817184e+00,6.169353593347605624e+01,2.309359487919433462e+01
1.553060054903827591e+00,-3.216245419109058812e+00,3.517025316828639347e+01,3.906782118756109412e+01,5.995392647585323864e+00,5.847366890329468703e+01,8.342415852620330696e+00,5.777573282657603215e+01,2.070167415728732152e+01
1.553060054903827591e+00,-2.962806061756491083e+00,3.820796903971032066e+01,3.945800253269135283e+01,5.990849409675219839e+00,5.605763345744055925e+01,7.996335006521795741e+00,5.943603102446594733e+01,2.067844946987827726e+01
1.553060054903827591e+00,-2.709366704403923354e+00,4.121036693570574982e+01,3.840873880421077047e+01,5.985879570971708752e+00,5.350308611398904191e+01,7.254625431591514406e+00,6.106603842890879719e+01,1.939208876342354060e+01
1.553060054903827591e+00,-2.455927347051355625e+00,4.334564295415023594e+01,3.723158146442892757e+01,5.987892105210567806e+00,5.237056886496666408e+01,6.840187266260977950e+00,5.126358356727605781e+01,1.547844823128409963e+01
1.553060054903827591e+00,-2.202487989698787896e+00,4.417868769758210590e+01,3.641982263493719074e+01,5.998925500267466404e+00,5.082842473629375490e+01,7.427402774204873381e+00,4.579059107117149097e+01,1.617549350260501484e+01
1.553060054903827591e+00,-1.949048632346220167e+00,4.391089207372799308e+01,3.557697398467007588e+01,6.004208932390269204e+00,4.832335903587714654e+01,7.914762738417714161e+00,4.569304341308205153e+01,1.607132207056488227e+01
1.553060054903827591e+00,-1.695609274993652438e+00,4.263102909423213305e+01,3.403416618931896664e+01,5.994182668696353744e+00,4.610807401271591743e+01,7.430905344103423182e+00,4.256053720069999713e+01,1.626784890863005018e+01
1.553060054903827591e+00,-1.442169917641084709e+00,4.028745081339947376e+01,3.159853722889511118e+01,5.980267342679240983e+00,4.304512793530301451e+01,6.413434559195359874e+00,4.483406866371124977e+01,1.480409714623417372e+01
1.553060054903827591e+00,-1.188730560288516980e+00,3.753270380159922581e+01,2.879656496227198659e+01,5.975560009284800245e+00,3.811663127358835368e+01,6.237577101647258537e+00,5.465719768883296581e+01,1.679452534518244278e+01
1.553060054903827591e+00,-9.352912029359492507e-01,3.498327451647713815e+01,2.645982634067422623e+01,5.975402958107223661e+00,3.648291496947427959e+01,6.631269175931323367e+00,5.808050903831228595e+01,1.764938950785891336e+01
1.553060054903827591e+00,-6.818518455833815217e-01,3.339900810000222009e+01,2.511177545616465068e+01,5.971723388691018819e+00,4.309242882543247788e+01,6.511433767645361748e+00,7.313586513964105507e+01,1.746960409125249214e+01
1.553060054903827591e+00,-4.284124882308133486e-01,3.208706391337843655e+01,2.476046243177643191e+01,5.969426682827767117e+00,5.052766216794827869e+01,6.230772529059606768e+00,9.580495207545118319e+01,1.528021488256433535e+01
1.553060054903827591e+00,-1.749731308782456196e-01,3.087187127415646515e+01,2.522911873789507808e+01,5.973692190913760136e+00,4.633212736063444481e+01,6.751942336186217197e+00,6.418264067051772770e+01,1.546511147780312001e+01
1.553060054903827591e+00,7.846622647432210940e-02,3.039867896897714772e+01,2.655495209564924153e+01,5.977177892812163940e+00,3.231128086631804308e+01,7.449236032041100408e+00,2.799992738746088605e+01,1.609378742636128479e+01
1.553060054903827591e+00,3.319055838268898384e-01,3.133154278273005744e+01,2.891345083810392680e+01,5.972416291667561161e+00,2.222326698512154053e+01,7.133615546903381954e+00,2.621914265500264918e+01,1.610219668670347914e+01
1.553060054903827591e+00,5.853449411794575674e-01,3.395348775365418703e+01,3.208627594960216811e+01,5.965510528593211070e+00,2.154950548414291944e+01,6.334804762287244095e+00,2.509383365614285566e+01,1.539781787206243990e+01
1.553060054903827591e+00,8.387842985320252964e-01,3.720046718492953630e+01,3.507961412521490274e+01,5.967301458873746078e+00,2.399843933539946761e+01,6.323526932257220068e+00,2.416178896060704773e+01,1.919216947936229545e+01
1.553060054903827591e+00,1.092223655884593025e+00,4.050753218443050230e+01,3.644152789111194579e+01,5.975566210721358296e+00,2.718560681266450274e+01,6.707265538768501401e+00,2.403153157093777281e+01,2.058315064175722497e+01
1.553060054903827591e+00,1.345663013237160754e+00,4.257248024873489101e+01,3.513944641721991502e+01,5.979498877076863117e+00,3.729035634403345512e+01,6.692298002537460988e+00,4.404953196736427401e+01,2.015825806409293008e+01
1.553060054903827591e+00,1.599102370589728483e+00,4.312836862239835511e+01,3.126138361125867959e+01,5.983627529744957485e+00,5.532031892556449293e+01,6.477584269649208970e+00,8.037716217735878388e+01,1.904410885314865709e+01
1.553060054903827591e+00,1.852541727942296212e+00,4.170566937084774395e+01,2.593340847882154776e+01,6.006686352623266778e+00,7.142773843840308245e+01,6.986655380619057887e+00,7.799992854868091285e+01,1.926300290320490305e+01
1.553060054903827591e+00,2.105981085294863941e+00,3.873535309785754066e+01,2.056385204372872977e+01,6.049340966856529889e+00,7.800694930875036448e+01,8.224608780494939708e+00,6.056094777079202629e+01,2.043386710203631296e+01
1.553060054903827591e+00,2.359420442647431670e+00,3.549675951690583275e+01,1.609289411489135091e+01,6.083418422380112212e+00,7.825918964738087880e+01,8.919502638916050330e+00,5.492395931063299486e+01,2.063425409851961589e+01
1.553060054903827591e+00,2.612859799999999399e+00,3.354479166435798732e+01,1.281221841786009463e+01,6.089788259358670075e+00,7.792128462319386983e+01,8.928055968506090068e+00,5.197889213185058566e+01,2.089599874969102444e+01
1.800705803923062120e+00,-3.469684776461626541e+00,4.519754063046083559e+01,4.268856865215911967e+01,6.301135260011950123e+00,6.192695270937359453e+01,1.112637351204265812e+01,6.272016367505271717e+01,2.994666807366213490e+01
1.800705803923062120e+00,-3.216245419109058812e+00,4.873897815285771173e+01,4.575558590702803485e+01,6.094085759145889902e+00,6.550379521013277895e+01,1.017042973321700572e+01,6.260659265189634937e+01,2.889634746782979846e+01
1.800705803923062120e+00,-2.962806061756491083e+00,5.228041567525460209e+01,4.679929650051872159e+01,6.014891568453610837e+00,6.621933671459942161e+01,9.217444898440316337e+00,6.264819809321745225e+01,2.862330438631473584e+01
1.800705803923062120e+00,-2.709366704403923354e+00,5.545806299720442212e+01,4.730005173169138288e+01,5.988923922417580314e+00,6.490476208163480010e+01,8.040684864323507597e+00,6.128004654004084983e+01,2.616483395967361147e+01
1.800705803923062120e+00,-2.455927347051355625e+00,5.741099049669924170e+01,4.820321776784749090e+01,5.991976922626642832e+00,6.377325481235088489e+01,7.458689705509738310e+00,5.712709922078724389e+01,1.767304690477537932e+01
1.800705803923062120e+00,-2.202487989698787896e+00,5.813407058296427010e+01,4.923684793968186568e+01,6.007858965939117724e+00,6.336142980464136798e+01,7.817830118714978127e+00,5.701734518056312595e+01,1.631604887204913723e+01
1.800705803923062120e+00,-1.949048632346220167e+00,5.791236520753828643e+01,4.921420190949811513e+01,6.015466322215744732e+00,6.299421890150863135e+01,8.127508139173936996e+00,5.815472208872697024e+01,1.570448782618349171e+01
1.800705803923062120e+00,-1.695609274993652438e+00,5.681512958819567416e+01,4.712870859829217807e+01,6.003745749061144998e+00,6.130714287399975149e+01,7.850030008241397184e+00,5.517641603543424367e+01,1.633045544193291576e+01
1.800705803923062120e+00,-1.442169917641084709e+00,5.471469653046838744e+01,4.317951854654438648e+01,5.983453348646047942e+00,5.618450395361995220e+01,7.196674640647719556e+00,5.374131118759036241e+01,1.688056889087282286e+01
1.800705803923062120e+00,-1.188730560288516980e+00,5.225995183648862508e+01,3.886402930618623941e+01,5.970509453914688791e+00,4.862374478746184536e+01,7.220367308248835769e+00,5.705703078389890948e+01,2.414712098781060945e+01
1.800705803923062120e+00,-9.352912029359492507e-01,4.950978620431267530e+01,3.601972964123069687e+01,5.965715011477784380e+00,4.547565863856186752e+01,7.767440068914592821e+00,5.904726233687170378e+01,2.630567588180809224e+01
1.800705803923062120e+00,-6.818518455833815217e-01,4.749631168724093300e+01,3.558924965564892773e+01,5.963469511801029022e+00,5.101956322230591923e+01,7.510481162995264803e+00,6.701358039919394116e+01,2.555285130772357505e+01
1.800705803923062120e+00,-4.284124882308133486e-01,4.589380584189835588e+01,3.711798396115136711e+01,5.966342326307716881e+00,5.726999221146962782e+01,6.906111918038399189e+00,6.907633772973390762e+01,1.920196741046130384e+01
1.800705803923062120e+00,-1.749731308782456196e-01,4.488460615742393145e+01,3.933210405925728992e+01,5.975684237867084470e+00,5.306689551139470495e+01,7.176018788539024307e+00,4.795645130017982893e+01,1.635965358913439971e+01
1.800705803923062120e+00,7.846622647432210940e-02,4.510208941978169150e+01,4.119211457855362823e+01,5.981920425492631921e+00,4.165624058348419112e+01,7.650574805716906290e+00,4.200230500810536682e+01,1.598622622746413846e+01
1.800705803923062120e+00,3.319055838268898384e-01,4.671407603927150376e+01,4.247056751552099740e+01,5.977430752497093103e+00,3.681523359014516927e+01,7.431856487088643881e+00,4.750987150557304517e+01,1.643086641153161409e+01
1.800705803923062120e+00,5.853449411794575674e-01,4.966001165587971400e+01,4.345882523629643401e+01,5.969805329151884443e+00,4.257289681986992491e+01,7.012698626762876586e+00,4.586689925074086460e+01,1.761700097320699143e+01
1.800705803923062120e+00,8.387842985320252964e-01,5.259128556713210401e+01,4.426652762600951974e+01,5.971791330324001557e+00,5.056339377441142346e+01,7.539019563766708565e+00,4.479622908455253594e+01,2.615310293567134536e+01
1.800705803923062120e+00,1.092223655884593025e+00,5.517219739154715796e+01,4.448029498147752747e+01,5.982162109371863323e+00,5.694630434853280576e+01,8.429681458493559987e+00,4.541151956899662423e+01,2.892017524417062901e+01
1.800705803923062120e+00,1.345663013237160754e+00,5.649801001200948747e+01,4.346938087228136283e+01,5.991589437947079766e+00,6.708596548811766525e+01,8.547862799373653786e+00,5.748562182472750237e+01,2.870807036561295789e+01
1.800705803923062120e+00,1.599102370589728483e+00,5.636515643320049662e+01,4.094788131310724566e+01,6.005789973075689403e+00,8.175790702309922153e+01,7.993034104510053695e+00,7.412504542225823911e+01,2.600202508851047867e+01
1.800705803923062120e+00,1.852541727942296212e+00,5.441788957446679831e+01,3.722722614690883347e+01,6.037914726542402910e+00,9.234318991913150398e+01,8.028265913124871034e+00,7.058525250012206698e+01,1.782229460384530029e+01
1.800705803923062120e+00,2.105981085294863941e+00,5.116334650460608202e+01,3.300073418351257715e+01,6.079275395675686866e+00,9.323112842546152024e+01,8.847417833039479262e+00,6.357858214425122867e+01,1.648058147304811527e+01
1.800705803923062120e+00,2.359420442647431670e+00,4.776557408941189919e+01,2.896901910418910120e+01,6.102430115084189310e+00,8.870243127617737855e+01,9.190326961701162034e+00,6.109306396602954692e+01,1.629859039372272989e+01
1.800705803923062120e+00,2.612859799999999399e+00,4.631611994113737296e+01,2.566076635828858343e+01,6.089890302558935709e+00,8.469581917998985432e+01,8.909727355559004636e+00,5.788842396480472274e+01,1.625957051800477871e+01
2.048351552942296649e+00,-3.469684776461626541e+00,5.583967341940976326e+01,4.776511894744817255e+01,7.003689814943691694e+00,6.327323769449008495e+01,1.331641466885984393e+01,6.020240589538109788e+01,3.167459000685391857e+01
2.048351552942296649e+00,-3.216245419109058812e+00,5.975692117872586095e+01,5.060965427328756050e+01,6.447644995738613716e+00,6.745196356832074969e+01,1.252104217004864672e+01,6.062756353096498430e+01,3.158655247055484594e+01
2.048351552942296649e+00,-2.962806061756491083e+00,6.367416893804200129e+01,5.244033464980475401e+01,6.151617665753025044e+00,7.062225463976976414e+01,1.117308795703029745e+01,6.107909142354696996e+01,3.135649122704518987e+01
2.048351552942296649e+00,-2.709366704403923354e+00,6.717945778480972763e+01,5.473732153618857410e+01,6.028595198371470509e+00,7.262359335946926819e+01,9.289243388626514886e+00,6.271397428566429966e+01,2.799082857266139968e+01
2.048351552942296649e+00,-2.455927347051355625e+00,6.921392921277779919e+01,5.794620701195253787e+01,6.002174457355528681e+00,7.446826246860233312e+01,7.975427221773985664e+00,6.667921782803385611e+01,1.759682222741681201e+01
2.048351552942296649e+00,-2.202487989698787896e+00,7.005969468091711860e+01,6.093986804984251648e+01,6.011158035111150433e+00,7.616329740544310312e+01,7.797759381032238757e+00,7.038145910889247148e+01,1.554628160616352162e+01
2.048351552942296649e+00,-1.949048632346220167e+00,6.999344316496738827e+01,6.171435406940781832e+01,6.017486045728528410e+00,7.658542239251983119e+01,7.913595963110331866e+00,7.081365933423130343e+01,1.493153635906372223e+01
2.048351552942296649e+00,-1.695609274993652438e+00,6.886232540735589680e+01,5.894926006541481911e+01,6.008566964747836359e+00,7.421608551321580194e+01,7.820654585635688605e+00,6.954716611094170275e+01,1.568147025585574461e+01
2.048351552942296649e+00,-1.442169917641084709e+00,6.672499507166273247e+01,5.329056480476083379e+01,5.993149283753715473e+00,6.763814188648676407e+01,7.795832871706182665e+00,6.608423398493560796e+01,1.706208409623458877e+01
2.048351552942296649e+00,-1.188730560288516980e+00,6.407875384886838788e+01,4.728137013429022772e+01,5.983820299018777433e+00,5.826370886925900550e+01,8.519277630415921010e+00,6.173452857412150507e+01,2.733904909156757768e+01
2.048351552942296649e+00,-9.352912029359492507e-01,6.113271705157646352e+01,4.384994384192305006e+01,5.979839103066902695e+00,5.217923468240184093e+01,9.399583038379063282e+00,5.901612794745044255e+01,3.096527476318545524e+01
2.048351552942296649e+00,-6.818518455833815217e-01,5.896547412359957718e+01,4.442538621166477242e+01,5.975167547399728996e+00,5.396584747131367976e+01,8.894538142380387313e+00,5.754057027358914667e+01,2.946334039208320021e+01
2.048351552942296649e+00,-4.284124882308133486e-01,5.748590467691305150e+01,4.809588567909031553e+01,5.973166171034876903e+00,5.867642046325846650e+01,7.636117166710598703e+00,5.431319957884306149e+01,2.041784844821318856e+01
2.048351552942296649e+00,-1.749731308782456196e-01,5.740744192030048509e+01,5.240651317637912143e+01,5.978013453069248584e+00,5.742478944227570992e+01,7.287002355203327397e+00,5.420286702221185493e+01,1.600727199866799566e+01
2.048351552942296649e+00,7.846622647432210940e-02,5.872333505974931711e+01,5.509418343711968191e+01,5.982734076965201986e+00,5.203101368444697528e+01,7.497405230581470903e+00,5.605697408209124433e+01,1.562190230602004348e+01
2.048351552942296649e+00,3.319055838268898384e-01,6.106018168898580711e+01,5.539796813096563710e+01,5.980392544898235130e+00,5.403137630563657012e+01,7.364111611926102974e+00,5.643287933372202048e+01,1.601388876814297291e+01
2.048351552942296649e+00,5.853449411794575674e-01,6.402168839586862248e+01,5.408373934545033990e+01,5.979071979824501781e+00,6.645586528369659618e+01,7.452780998934711576e+00,6.228542866908273368e+01,1.756960054846127051e+01
2.048351552942296649e+00,8.387842985320252964e-01,6.595256127819655489e+01,5.244099706901124591e+01,5.991156464292745731e+00,7.918776855073825516e+01,8.878946231105313558e+00,6.202468796035326193e+01,2.767197690079161276e+01
2.048351552942296649e+00,1.092223655884593025e+00,6.737349551718062912e+01,5.122208191242043540e+01,6.011484008940187529e+00,8.586228103597967731e+01,1.051845145528751679e+01,5.839507721970891652e+01,3.133340417616059881e+01
2.048351552942296649e+00,1.345663013237160754e+00,6.747221053894735121e+01,5.028839567644990893e+01,6.026605612523213473e+00,9.139576204368792389e+01,1.067701083497169812e+01,6.053725297276107398e+01,3.126772750671544543e+01
2.048351552942296649e+00,1.599102370589728483e+00,6.677447978724656252e+01,4.898969250358004501e+01,6.041473021800378262e+00,9.936976883467821153e+01,9.413178447493137924e+00,6.747391437083784638e+01,2.737623926638388028e+01
2.048351552942296649e+00,1.852541727942296212e+00,6.427467458500353814e+01,4.677910066703861958e+01,6.067260169073571241e+00,1.050109123739417925e+02,8.656971714187388756e+00,7.384131922858753683e+01,1.806219637454881166e+01
2.048351552942296649e+00,2.105981085294863941e+00,6.105523293360529635e+01,4.360160816803090711e+01,6.093453202117842693e+00,1.041988458902427794e+02,9.050626727571351893e+00,7.647118027312325239e+01,1.599071940061976527e+01
2.048351552942296649e+00,2.359420442647431670e+00,5.783600593710681892e+01,3.993475576206492406e+01,6.101609997680428776e+00,9.965682537774392813e+01,9.130276175655840376e+00,7.378108751521213549e+01,1.594439673900339116e+01
2.048351552942296649e+00,2.612859799999999399e+00,5.656015455480171283e+01,3.659629226728611684e+01,6.084741564249878998e+00,9.513781525044792886e+01,8.912892739263623909e+00,7.035484986363815096e+01,1.629089338682786448e+01
2.295997301961530734e+00,-3.469684776461626541e+00,5.666051350542602449e+01,4.943640746778419270e+01,8.203744471883164024e+00,6.311852885939825342e+01,1.449650514850467253e+01,5.922033189031150613e+01,3.177146467237453464e+01
2.295997301961530734e+00,-3.216245419109058812e+00,6.183011285967403126e+01,5.163059630423504132e+01,7.172530846281802042e+00,6.596355265805892998e+01,1.381706747311746852e+01,5.938023629231623346e+01,3.176712418715960240e+01
2.295997301961530734e+00,-2.962806061756491083e+00,6.699971221392199539e+01,5.377773690898993664e+01,6.486081237035246971e+00,6.934115339468144157e+01,1.221858243979277603e+01,6.022117985828564457e+01,3.154831643514491191e+01
2.295997301961530734e+00,-2.709366704403923354e+00,7.126713504405813637e+01,5.726733052762301668e+01,6.137457350241771969e+00,7.340070304050783534e+01,9.866290189972247049e+00,6.394290737013354686e+01,2.806880307439126909e+01
2.295997301961530734e+00,-2.455927347051355625e+00,7.395071556935319279e+01,6.206057090932245046e+01,6.024465795960516346e+00,7.812457352572678815e+01,8.155735067913850500e+00,7.124164453588272750e+01,1.765073517111386892e+01
2.295997301961530734e+00,-2.202487989698787896e+00,7.515901018963751312e+01,6.631200888264993409e+01,6.012865016846003385e+00,8.192879724587342594e+01,7.794569745996285270e+00,7.639481997686459636e+01,1.546300560379853728e+01
2.295997301961530734e+00,-1.949048632346220167e+00,7.499575990107929613e+01,6.738536894632761687e+01,6.017073557584179611e+00,8.267253340613586943e+01,7.854827263762143019e+00,7.644996498151704145e+01,1.517653146368365569e+01
2.295997301961530734e+00,-1.695609274993652438e+00,7.382568046429884134e+01,6.376249281367472577e+01,6.013533471442275236e+00,7.939320396356461629e+01,7.799179386292862226e+00,7.413198154120250649e+01,1.566413594492063588e+01
2.295997301961530734e+00,-1.442169917641084709e+00,7.132974500327826206e+01,5.651180854029462353e+01,6.011637766493426405e+00,7.216277219136367194e+01,8.030878430159738457e+00,6.888655704376965616e+01,1.716518037177270273e+01
2.295997301961530734e+00,-1.188730560288516980e+00,6.806313481669386078e+01,4.909255339662922779e+01,6.018263883219931110e+00,6.252121340409195227e+01,9.155307640322437379e+00,6.268788517953320394e+01,2.762149294372700226e+01
2.295997301961530734e+00,-9.352912029359492507e-01,6.439331226886208981e+01,4.540842761356998381e+01,6.021169539488214539e+00,5.501396686555469273e+01,1.028547617083834709e+01,5.916950271474997436e+01,3.140695770372089868e+01
2.295997301961530734e+00,-6.818518455833815217e-01,6.230958519958301167e+01,4.737971343701156002e+01,6.008346925215298562e+00,5.430928250297012028e+01,9.676309652557590013e+00,5.668834546677182118e+01,2.982191999206626676e+01
2.295997301961530734e+00,-4.284124882308133486e-01,6.173223446010037208e+01,5.375918301457295456e+01,5.989879212117749319e+00,5.865693557818127601e+01,8.000848361775103612e+00,5.644921609077765368e+01,2.064430690993808781e+01
2.295997301961530734e+00,-1.749731308782456196e-01,6.325120300544473650e+01,6.102759974541277188e+01,5.981997144705172964e+00,6.144215487741342940e+01,7.297230606784845364e+00,6.304408852679551245e+01,1.630814122050762904e+01
2.295997301961530734e+00,7.846622647432210940e-02,6.652152513568007919e+01,6.565810525795041031e+01,5.982360462057397577e+00,6.277141824163061301e+01,7.468201517216424890e+00,6.552696316710948565e+01,1.596567445314024347e+01
2.295997301961530734e+00,3.319055838268898384e-01,6.991657027338469277e+01,6.609722622038043482e+01,5.982347936792789866e+00,7.124534736647342470e+01,7.340450571700810833e+00,7.926296754513710141e+01,1.614738585207140176e+01
2.295997301961530734e+00,5.853449411794575674e-01,7.225650543290801409e+01,6.319270164104909782e+01,5.991654467130662631e+00,8.834551271758311941e+01,7.649173012980033270e+00,1.004834660948556291e+02,1.789747124128805211e+01
2.295997301961530734e+00,8.387842985320252964e-01,7.223289100856968048e+01,5.907353351343135728e+01,6.023674328797313571e+00,1.026125953944453215e+02,9.587948377952523416e+00,8.622113233723366932e+01,2.799903962313247163e+01
2.295997301961530734e+00,1.092223655884593025e+00,7.195678388896055822e+01,5.554483187484311202e+01,6.063238934396761870e+00,1.061884998653345349e+02,1.159317973134018409e+01,6.601450774939101507e+01,3.157707062395376596e+01
2.295997301961530734e+00,1.345663013237160754e+00,7.094285215035522185e+01,5.314192453713349096e+01,6.083275223208435278e+00,1.045446393227129249e+02,1.171742951651117082e+01,6.164151639109692837e+01,3.143577914325983258e+01
2.295997301961530734e+00,1.599102370589728483e+00,6.957120939342740940e+01,5.125905498986594466e+01,6.086581572211232860e+00,1.047548144805622883e+02,1.005265094360152567e+01,6.751673162308658505e+01,2.732962642632685046e+01
2.295997301961530734e+00,1.852541727942296212e+00,6.699554898832904826e+01,4.896869064244674519e+01,6.092427118192824231e+00,1.058275668906040607e+02,8.853638266251550704e+00,7.680355559128840071e+01,1.791973103006985468e+01
2.295997301961530734e+00,2.105981085294863941e+00,6.367293623504505717e+01,4.584414186171306937e+01,6.099179458164636358e+00,1.044190982174683597e+02,9.036454399560897244e+00,7.827221355458500796e+01,1.572988859786215521e+01
2.295997301961530734e+00,2.359420442647431670e+00,6.024687743881418101e+01,4.230489400963870139e+01,6.097309552480049355e+00,1.011436763100523279e+02,9.041717265096426814e+00,7.472077669599059391e+01,1.583257446839656346e+01
2.295997301961530734e+00,2.612859799999999399e+00,5.894345098945399286e+01,3.939448366083252040e+01,6.087360361156460620e+00,9.754088622811653408e+01,8.884558556079458214e+00,7.246085890146233055e+01,1.608493715298587645e+01
2.543643050980765263e+00,-3.469684776461626541e+00,4.868351788548739023e+01,4.702631072114218114e+01,9.731636938666099468e+00,6.253181889580939412e+01,1.487694534564446869e+01,5.908337425808462484e+01,3.177275593981602952e+01
2.543643050980765263e+00,-3.216245419109058812e+00,5.466230670820337423e+01,4.798917556099786452e+01,8.232792874555604712e+00,6.346643790434769272e+01,1.424723865522067889e+01,5.913311159322036303e+01,3.176981486525775722e+01
2.543643050980765263e+00,-2.962806061756491083e+00,6.064109553091938665e+01,4.961751525605632196e+01,7.061374543601306897e+00,6.524428976956156134e+01,1.255237846163198512e+01,5.957255673485608582e+01,3.156270968323546455e+01
2.543643050980765263e+00,-2.709366704403923354e+00,6.585215653385155576e+01,5.315655079189036769e+01,6.358258056785334844e+00,6.864149358427462744e+01,9.965709976493158706e+00,6.165292998484986242e+01,2.826334438299856799e+01
2.543643050980765263e+00,-2.455927347051355625e+00,6.991889564929925882e+01,5.820594314813843084e+01,6.075455391397158955e+00,7.353601707378095398e+01,8.132717428692259887e+00,6.632262776874496524e+01,1.801247356857956206e+01
2.543643050980765263e+00,-2.202487989698787896e+00,7.194710151889175620e+01,6.248672934068326867e+01,6.015276647161602597e+00,7.767695434964259960e+01,7.827117729359217790e+00,7.121156806097650360e+01,1.613356893340977294e+01
2.543643050980765263e+00,-1.949048632346220167e+00,7.215725978345844283e+01,6.304843961039750866e+01,6.014036656747820508e+00,7.834786455168796238e+01,7.891214901389570713e+00,7.252119237836922139e+01,1.556474929250384598e+01
2.543643050980765263e+00,-1.695609274993652438e+00,7.069879806753111495e+01,5.835168789174258563e+01,6.020717840510341645e+00,7.494301185687946543e+01,7.832756330622562047e+00,6.870322149658451849e+01,1.616984448081420211e+01
2.543643050980765263e+00,-1.442169917641084709e+00,6.739989755990939102e+01,4.982091757847683766e+01,6.046915206162688072e+00,6.860852077881062883e+01,8.020408384014112713e+00,6.288870030535277778e+01,1.746067875319521079e+01
2.543643050980765263e+00,-1.188730560288516980e+00,6.340311263362677607e+01,4.157939196873576293e+01,6.090281216502779316e+00,6.092005327347663979e+01,9.384333060561599993e+00,5.971370515216780461e+01,2.771718736313728471e+01
2.543643050980765263e+00,-9.352912029359492507e-01,5.925958906715406727e+01,3.825785483418349031e+01,6.111737773012724695e+00,5.472490368254169368e+01,1.087084106042543219e+01,5.861173528231405783e+01,3.144994962393131033e+01
2.543643050980765263e+00,-6.818518455833815217e-01,5.704015452216887638e+01,4.220975350282151339e+01,6.082995253970128857e+00,5.365984932827214493e+01,1.047972195493814418e+01,5.661477480577639199e+01,3.043361196772996635e+01
2.543643050980765263e+00,-4.284124882308133486e-01,5.753878569144028177e+01,5.202028335195518594e+01,6.027399904152906274e+00,5.786903359201619423e+01,8.763934258060343652e+00,5.464591122410892154e+01,2.339299864270516949e+01
2.543643050980765263e+00,-1.749731308782456196e-01,6.103671393922442689e+01,6.334004328870742029e+01,5.988074902306782299e+00,6.357352346336983828e+01,7.666277692384105613e+00,5.731978369347258706e+01,1.800330689484519198e+01
2.543643050980765263e+00,7.846622647432210940e-02,6.614600591957494657e+01,7.142974022847647575e+01,5.975893149908669599e+00,7.071289828532758293e+01,7.502847385791801216e+00,6.382135056069162715e+01,1.793351091204644021e+01
2.543643050980765263e+00,3.319055838268898384e-01,7.027612310920676464e+01,7.365736075792028714e+01,5.981772975984705809e+00,8.444855975407483584e+01,7.558399119825254253e+00,9.347340881798427858e+01,1.806160675230923474e+01
2.543643050980765263e+00,5.853449411794575674e-01,7.100611499925942383e+01,7.039744670334494003e+01,6.015968983966700101e+00,1.032135395523781085e+02,8.346746876154185202e+00,1.202357453208530842e+02,2.113500663039067007e+01
2.543643050980765263e+00,8.387842985320252964e-01,6.917436925835713168e+01,6.406265515580253123e+01,6.085897215227297430e+00,1.152434021045127679e+02,1.040137859258656050e+01,9.603428013292750620e+01,2.961054911934319733e+01
2.543643050980765263e+00,1.092223655884593025e+00,6.684578622647696022e+01,5.726330133507963183e+01,6.152663730308497669e+00,1.138845817880573605e+02,1.221440689583237038e+01,6.820869616582997708e+01,3.174510873836980096e+01
2.543643050980765263e+00,1.345663013237160754e+00,6.541624804161712348e+01,5.143182278510448668e+01,6.167424410111277844e+00,1.059351706538712818e+02,1.210386564164259404e+01,6.127808657681433857e+01,3.150010124656192190e+01
2.543643050980765263e+00,1.599102370589728483e+00,6.364880980821413914e+01,4.662190427153745986e+01,6.138325123599718047e+00,1.002649587209664048e+02,1.029721430276450000e+01,6.460440944887223225e+01,2.771903186423286058e+01
2.543643050980765263e+00,1.852541727942296212e+00,6.066677106898319494e+01,4.226157116106332978e+01,6.110571660857350373e+00,9.774274492198435382e+01,9.024365585259372935e+00,7.018809986078753127e+01,1.810721689850812410e+01
2.543643050980765263e+00,2.105981085294863941e+00,5.698604482848445230e+01,3.810104448974288971e+01,6.101059706433269447e+00,9.531904172190519375e+01,9.132261493590947410e+00,7.023338576441659598e+01,1.641535388849246502e+01
2.543643050980765263e+00,2.359420442647431670e+00,5.349172282835743886e+01,3.467362703645903821e+01,6.099945051922746941e+00,9.234591198561759029e+01,9.217019465859937810e+00,6.755371133029132125e+01,1.618436314633860817e+01
2.543643050980765263e+00,2.612859799999999399e+00,5.192952489299268848e+01,3.304926724679808103e+01,6.105360344198393463e+00,8.939081161958048938e+01,9.035986062335348734e+00,6.421476113507213768e+01,1.637373336668573387e+01
2.791288799999999792e+00,-3.469684776461626541e+00,3.434667903417199852e+01,4.123737098157926084e+01,1.134627844422890242e+01,6.209221611955027242e+01,1.497875396646926482e+01,5.907215547866446315e+01,3.177276332253667235e+01
2.791288799999999792e+00,-3.216245419109058812e+00,4.073476843370980305e+01,4.052764170180762449e+01,9.502545153993521510e+00,6.155742314292504602e+01,1.446258215534241742e+01,5.906081494764286788e+01,3.177077775390702996e+01
2.791288799999999792e+00,-2.962806061756491083e+00,4.712285783324763599e+01,4.085061410723847075e+01,7.889467619521510322e+00,6.129249128887801845e+01,1.295524566716422754e+01,5.896274363080818404e+01,3.162792002105655698e+01
2.791288799999999792e+00,-2.709366704403923354e+00,5.325512410122563267e+01,4.328021709153927077e+01,6.772942516871149898e+00,6.230464624261401241e+01,1.045045021183997846e+01,5.871409496521289384e+01,2.926373988773771373e+01
2.791288799999999792e+00,-2.455927347051355625e+00,5.838740049125847520e+01,4.721798790107368404e+01,6.222612426423256515e+00,6.491772670050843885e+01,8.444067235792479309e+00,5.926797995731931934e+01,2.131823422293497927e+01
2.791288799999999792e+00,-2.202487989698787896e+00,6.137025130490434321e+01,5.027535087551314064e+01,6.048101211874141292e+00,6.752955799175984453e+01,8.042988211439359603e+00,6.184383444839502175e+01,1.853589735449196141e+01
2.791288799999999792e+00,-1.949048632346220167e+00,6.182273254805004115e+01,4.953267508424778498e+01,6.020748035832590439e+00,6.786946582922624316e+01,8.138510676984068937e+00,6.329051495886970713e+01,1.835487248551850215e+01
2.791288799999999792e+00,-1.695609274993652438e+00,6.023645170289267980e+01,4.361388090262062178e+01,6.052834511622628533e+00,6.545991885185331682e+01,8.040341414789454078e+00,6.028454636102956243e+01,1.854975515402459507e+01
2.791288799999999792e+00,-1.442169917641084709e+00,5.654436842133702612e+01,3.421622960189779405e+01,6.148722774110039424e+00,6.152771434042767140e+01,8.346051243475551829e+00,5.704363968732400991e+01,2.079493206194893418e+01
2.791288799999999792e+00,-1.188730560288516980e+00,5.200228110149970462e+01,2.583028021287827869e+01,6.278265595572854352e+00,5.722991182095482543e+01,1.008989946069305077e+01,5.742046019932069356e+01,2.885471795020166041e+01
2.791288799999999792e+00,-9.352912029359492507e-01,4.762520233863131125e+01,2.350148968279245310e+01,6.349949901993571899e+00,5.379809752524327848e+01,1.190217562352846414e+01,5.840095674552887317e+01,3.157436843408495264e+01
2.791288799999999792e+00,-6.818518455833815217e-01,4.584106090889366669e+01,2.990201372525461920e+01,6.302686571672494686e+00,5.324566276911633622e+01,1.198873143290697740e+01,5.767027579491305289e+01,3.144871784370749523e+01
2.791288799999999792e+00,-4.284124882308133486e-01,4.681660900221068289e+01,4.360578274481031258e+01,6.175709761189406954e+00,5.657366494016525849e+01,1.079968686280509083e+01,5.557917952020076058e+01,2.970426576979232891e+01
2.791288799999999792e+00,-1.749731308782456196e-01,5.077516543694481754e+01,5.972572777059122018e+01,6.061669043709549065e+00,6.298349188448830205e+01,9.739115788021276643e+00,5.386304481723523452e+01,2.789738096437824666e+01
2.791288799999999792e+00,7.846622647432210940e-02,5.602727232597410989e+01,7.247991705903132242e+01,6.014889111335999239e+00,7.320171790680518598e+01,9.317616597688976654e+00,5.610922239920537180e+01,2.774550969616681328e+01
2.791288799999999792e+00,3.319055838268898384e-01,5.861929250508512723e+01,7.800512149821315688e+01,6.041841286783204978e+00,8.901670909821592659e+01,9.523378056733305286e+00,7.482125085598185876e+01,2.787384401311739524e+01
2.791288799999999792e+00,5.853449411794575674e-01,5.797128673962596679e+01,7.574083591769249324e+01,6.141180252022827801e+00,1.059383126098852301e+02,1.045601269171410230e+01,9.079467628992969708e+01,2.927264129642313151e+01
2.791288799999999792e+00,8.387842985320252964e-01,5.608988514132492753e+01,6.784916554592291504e+01,6.280239807596177393e+00,1.137217184066711582e+02,1.198049581893850579e+01,7.836380850449457114e+01,3.146395484860945402e+01
2.791288799999999792e+00,1.092223655884593025e+00,5.438158555295008512e+01,5.745389620757578086e+01,6.368801306902981629e+00,1.086898264181606777e+02,1.305338377979057185e+01,6.381639162377847185e+01,3.179137070971387047e+01
2.791288799999999792e+00,1.345663013237160754e+00,5.303523581342095383e+01,4.702556588978313812e+01,6.336936368034020717e+00,9.821574184440618183e+01,1.245996776493628211e+01,5.974079625089802903e+01,3.153691256731077175e+01
2.791288799999999792e+00,1.599102370589728483e+00,5.121641547203537925e+01,3.779484053193300497e+01,6.222013180496731799e+00,9.046472439811049071e+01,1.040008671898496395e+01,5.949416801340359484e+01,2.809965868078915463e+01
2.791288799999999792e+00,1.852541727942296212e+00,4.820252853240559432e+01,3.017427624990978074e+01,6.124066014150710835e+00,8.638385923669602562e+01,8.928737344471814552e+00,5.893203630695884243e+01,1.819758908093449890e+01
2.791288799999999792e+00,2.105981085294863941e+00,4.436892441096422601e+01,2.452207111753978097e+01,6.089972136651842227e+00,8.313622712498278133e+01,9.003662186385508193e+00,5.703409790215078345e+01,1.625631860902204906e+01
2.791288799999999792e+00,2.359420442647431670e+00,4.065196047388920420e+01,2.154319982345532480e+01,6.097252915476572888e+00,7.970282877915406061e+01,9.153367713097102509e+00,5.377119003991582247e+01,1.611618504813340280e+01
2.791288799999999792e+00,2.612859799999999399e+00,3.862712266475024592e+01,2.205724655294307013e+01,6.131976806403310221e+00,7.669820128802609815e+01,8.870076116330958271e+00,4.921227588734016933e+01,1.610333795786793942e+01
