x,y,reference,fixed_mean,fixed_std,map_mean,map_std,hmc_mean,hmc_std
-3.186000876461628550e+00,-3.492579776461628427e+00,2.323777388051135162e+01,3.356378578512521926e+01,5.134205748759843146e+00,6.736176268202598294e+00,3.596351330045854944e+00,8.758660642433667931e+00,5.547484969040495706e+00
-3.186000876461628550e+00,-3.206025424256492951e+00,3.025015979894440221e+01,4.278832924515882041e+01,5.144956660971542917e+00,1.158598845435972180e+01,3.060383482294173785e+00,1.073142928160930154e+01,4.535733358138576143e+00
-3.186000876461628550e+00,-2.919471072051357030e+00,3.726254571737746346e+01,4.860914242306898814e+01,5.149068720747180805e+00,1.821691445317856051e+01,2.960729785012998772e+00,1.637873286184400001e+01,4.104225221397128642e+00
-3.186000876461628550e+00,-2.632916719846221554e+00,4.421912237026082693e+01,5.342066897703625727e+01,5.148814248098661395e+00,2.564582794889497563e+01,2.919480434771482891e+00,2.391910469151723717e+01,3.877583180406409813e+00
-3.186000876461628550e+00,-2.346362367641085633e+00,5.041433560476686182e+01,5.815848366294812877e+01,5.148689305729837073e+00,3.286640098946645594e+01,2.905625907901054017e+00,3.096832126224420279e+01,3.779638634055860535e+00
-3.186000876461628550e+00,-2.059808015435950157e+00,5.320079278234310038e+01,6.174563808956008870e+01,5.148576158458575414e+00,3.774639908437734448e+01,2.895068746849691621e+00,3.516554028871316007e+01,3.717488219534335947e+00
-3.186000876461628550e+00,-1.773253663230814681e+00,5.271787381583285992e+01,6.221839286602335051e+01,5.148423749622363488e+00,3.812625669759319180e+01,2.884820282656687329e+00,3.509234256190757151e+01,3.656562220265175522e+00
-3.186000876461628550e+00,-1.486699311025678982e+00,4.935088842914551321e+01,5.884587608434230788e+01,5.148347153588330727e+00,3.425307849368391544e+01,2.874847981439457190e+00,3.147312869563792503e+01,3.599315060868270244e+00
-3.186000876461628550e+00,-1.200144958820543284e+00,4.429502555229741745e+01,5.340096190574331558e+01,5.148285931712067942e+00,2.908644627980947917e+01,2.867632208845421804e+00,2.695285220253106573e+01,3.556391097456844008e+00
-3.186000876461628550e+00,-9.135906066154075855e-01,3.967497323859343794e+01,4.907934081562234496e+01,5.148181950625611236e+00,2.596411798872421173e+01,2.863472222197616102e+00,2.423879296141549489e+01,3.534153413579504743e+00
-3.186000876461628550e+00,-6.270362544102719982e-01,3.827408271391814765e+01,4.785174374775306205e+01,5.148132424796269646e+00,2.633505406401158666e+01,2.864195415080954987e+00,2.451598027837185612e+01,3.537401294152684894e+00
-3.186000876461628550e+00,-3.404819022051363553e-01,4.068202252125355756e+01,4.897077769642055500e+01,5.148241927449081601e+00,2.918676400948851324e+01,2.865570271010226211e+00,2.701363042095059797e+01,3.541819088769536439e+00
-3.186000876461628550e+00,-5.392755000000071242e-02,4.412545761401560895e+01,5.023015480071626371e+01,5.148353975822931972e+00,3.197076967658335889e+01,2.867018014337805898e+00,2.953422851821436268e+01,3.548097414510249070e+00
-3.186000876461628550e+00,2.326268022051349305e-01,4.536362887266695054e+01,5.038662447787646670e+01,5.148333005980898491e+00,3.260001937412869211e+01,2.869900227178040275e+00,3.014682369592659228e+01,3.564147872995643507e+00
-3.186000876461628550e+00,5.191811544102705733e-01,4.609314976603551628e+01,4.994975018300829106e+01,5.148292459592751058e+00,3.114033977492147187e+01,2.871648127095270286e+00,2.889523958909276757e+01,3.574621527367435547e+00
-3.186000876461628550e+00,8.057355066154061607e-01,4.406068350353812946e+01,4.985935699858600856e+01,5.148371027130731470e+00,2.926409729732466758e+01,2.873381076234689857e+00,2.730296741598527532e+01,3.587872220003387014e+00
-3.186000876461628550e+00,1.092289858820541859e+00,4.276060519553671924e+01,5.010858320362422091e+01,5.148475268721973919e+00,2.805656475010943041e+01,2.876082218903892151e+00,2.627523720550647468e+01,3.611804788888863360e+00
-3.186000876461628550e+00,1.378844211025677557e+00,4.256130301256834514e+01,4.984356864016808686e+01,5.148442162100097086e+00,2.699610764660337736e+01,2.878331852275840319e+00,2.529388295902656125e+01,3.634496950535853532e+00
-3.186000876461628550e+00,1.665398563230813256e+00,4.098628679132968955e+01,4.826965761108476727e+01,5.148395338143635591e+00,2.502980762380309443e+01,2.881244914784352407e+00,2.347330353108962342e+01,3.654765035088398673e+00
-3.186000876461628550e+00,1.951952915435948732e+00,3.728531664297204173e+01,4.519069309456244810e+01,5.148553518916289207e+00,2.183986912984903483e+01,2.886546317502624692e+00,2.053040568833309720e+01,3.679352303258888846e+00
-3.186000876461628550e+00,2.238507267641084653e+00,3.277881495598964534e+01,4.120494166498974664e+01,5.148934490887310922e+00,1.790273959922828340e+01,2.895126831205277806e+00,1.683647809688850572e+01,3.729597374746937088e+00
-3.186000876461628550e+00,2.525061619846220129e+00,2.952375830005345136e+01,3.782447563628375065e+01,5.149099426517931732e+00,1.416594970174003265e+01,2.911309965190008953e+00,1.336298744256498949e+01,3.839547820716334492e+00
-3.186000876461628550e+00,2.811615972051355605e+00,2.843196289482321859e+01,3.677335854605189525e+01,5.147189014186171363e+00,1.233171852898112775e+01,2.952802698278362392e+00,1.168044817712297956e+01,4.059504638571713286e+00
-3.186000876461628550e+00,3.098170324256491526e+00,3.083128390370571736e+01,3.798693076593917795e+01,5.138287721209291448e+00,1.482801080330364130e+01,3.095685561034891897e+00,1.318105585929646928e+01,4.493831018715143344e+00
-3.186000876461628550e+00,3.384724676461627002e+00,3.384108693911483812e+01,3.795706600532867014e+01,5.135924084218564722e+00,2.305152174418662980e+01,3.694665369304563463e+00,1.766508510431666323e+01,5.521552945335633567e+00
-2.905074486756492824e+00,-3.492579776461628427e+00,1.356683887563605850e+01,2.677716579860134516e+01,5.142402960220914032e+00,5.117678187941692158e-01,3.275124822386885626e+00,2.865297835832198103e+00,4.891786912328648818e+00
-2.905074486756492824e+00,-3.206025424256492951e+00,2.019023907076025992e+01,3.336842131854791660e+01,5.151607251625372363e+00,3.300565796477258118e+00,2.946806200926530117e+00,3.326972950275205676e+00,4.038536053882947563e+00
-2.905074486756492824e+00,-2.919471072051357030e+00,2.681363926588447200e+01,3.845026071918255184e+01,5.151077154943293657e+00,9.336549887316323293e+00,2.899109530207499397e+00,8.443760597410548741e+00,3.748750973525266872e+00
-2.905074486756492824e+00,-2.632916719846221554e+00,3.344764060521902138e+01,4.379378614558663685e+01,5.150161465112425674e+00,1.701871526980312410e+01,2.859959148969824838e+00,1.620333642709639577e+01,3.536778656249645270e+00
-2.905074486756492824e+00,-2.346362367641085633e+00,3.901870988453656253e+01,4.892696666416304652e+01,5.150454189994002618e+00,2.431237081405629397e+01,2.846459768173527749e+00,2.356259140082661929e+01,3.426015373306760203e+00
-2.905074486756492824e+00,-2.059808015435950157e+00,4.197558472873107860e+01,5.204373207788739819e+01,5.150492985393054113e+00,2.871128361696105458e+01,2.839177453352276892e+00,2.774242667084308422e+01,3.361634540175389319e+00
-2.905074486756492824e+00,-1.773253663230814681e+00,4.180768823238744147e+01,5.175462184596108273e+01,5.150207499416015189e+00,2.859648748812537633e+01,2.830162338204177175e+00,2.748156024727580871e+01,3.300587406703986204e+00
-2.905074486756492824e+00,-1.486699311025678982e+00,3.910954856485275144e+01,4.839870214968686923e+01,5.150142882700301961e+00,2.484211791585873641e+01,2.822675413823257262e+00,2.385783791923063291e+01,3.252501962893574738e+00
-2.905074486756492824e+00,-1.200144958820543284e+00,3.457994502817966520e+01,4.402604545480608067e+01,5.150172261537048435e+00,2.021087302000168506e+01,2.818629601489566650e+00,1.945969653200119609e+01,3.222400299719582861e+00
-2.905074486756492824e+00,-9.135906066154075855e-01,3.067583658922554335e+01,4.094924453346902737e+01,5.150043001858143121e+00,1.717893795414033775e+01,2.815441450980642024e+00,1.653572276139918173e+01,3.200944906425202241e+00
-2.905074486756492824e+00,-6.270362544102719982e-01,2.955524402201432821e+01,3.996526057699520607e+01,5.149935877128668515e+00,1.670002928324140612e+01,2.813769860180717508e+00,1.604910110322703432e+01,3.190099245137215433e+00
-2.905074486756492824e+00,-3.404819022051363553e-01,3.079935823099531689e+01,3.999095451946777757e+01,5.150009566638420466e+00,1.817704582220717668e+01,2.812066862045376592e+00,1.756996078497550684e+01,3.176025531465259899e+00
-2.905074486756492824e+00,-5.392755000000071242e-02,3.177332925160362720e+01,3.961656317983579356e+01,5.150113186029853019e+00,1.982454756823909747e+01,2.811792366159394874e+00,1.936613530071404554e+01,3.173840659675649434e+00
-2.905074486756492824e+00,2.326268022051349305e-01,3.125258287359165621e+01,3.883835132358944975e+01,5.150099702208101426e+00,1.995590519063262036e+01,2.812971682034518306e+00,1.965192395421530591e+01,3.185724184380252400e+00
-2.905074486756492824e+00,5.191811544102705733e-01,3.122870489328246180e+01,3.887518899890710600e+01,5.150089526672466000e+00,1.871894334710657404e+01,2.813740806114292337e+00,1.846967791825747440e+01,3.192244708916319063e+00
-2.905074486756492824e+00,8.057355066154061607e-01,3.086850255996419889e+01,4.035837181424722075e+01,5.150157158614945274e+00,1.778870117027730657e+01,2.816032043851750988e+00,1.742480484845954436e+01,3.207972260449116320e+00
-2.905074486756492824e+00,1.092289858820541859e+00,3.139412951907581117e+01,4.225145611336847651e+01,5.150285517359737497e+00,1.788892088931055468e+01,2.820487434601131493e+00,1.727565678236005198e+01,3.245322713760300903e+00
-2.905074486756492824e+00,1.378844211025677557e+00,3.216157911991165719e+01,4.277034051239024848e+01,5.150229979082286746e+00,1.766921808152335416e+01,2.825249620841511877e+00,1.691987734637783447e+01,3.288924991084037242e+00
-2.905074486756492824e+00,1.665398563230813256e+00,3.078251576722842131e+01,4.098307041560474318e+01,5.150234510725570480e+00,1.563207232965851290e+01,2.829653839013068328e+00,1.507001178989064805e+01,3.321778850175243214e+00
-2.905074486756492824e+00,1.951952915435948732e+00,2.754010473261224234e+01,3.731958407695492497e+01,5.150362936162291128e+00,1.209830308365292240e+01,2.834834454033052342e+00,1.181926067355312959e+01,3.353108656382046693e+00
-2.905074486756492824e+00,2.238507267641084653e+00,2.332581175189872624e+01,3.304959294664149638e+01,5.150392601862371578e+00,8.429051063225017515e+00,2.842054981583004292e+00,8.179066487662652207e+00,3.410127575523886900e+00
-2.905074486756492824e+00,2.525061619846220129e+00,2.003078218615454631e+01,2.973249550846230704e+01,5.150486532768683290e+00,5.425838006634990052e+00,2.856037696438149531e+00,5.228513722478759007e+00,3.520476483927951428e+00
-2.905074486756492824e+00,2.811615972051355605e+00,1.901221966262136220e+01,2.858633650523552205e+01,5.151418443135194813e+00,4.013349048785357809e+00,2.886812275254686533e+00,4.358070832010678686e+00,3.705976097074136888e+00
-2.905074486756492824e+00,3.098170324256491526e+00,2.118167955873971664e+01,2.915885628253454342e+01,5.149286992973287624e+00,6.753254353726333648e+00,2.928198075704637304e+00,7.122651562936756164e+00,3.951847489788044232e+00
-2.905074486756492824e+00,3.384724676461627002e+00,2.399895754763796063e+01,2.815617097767244559e+01,5.134138289132610389e+00,1.625335824888475145e+01,3.163080324053038961e+00,1.354286431709461525e+01,4.661783972655949349e+00
-2.624148097051357098e+00,-3.492579776461628427e+00,1.000604418978435639e+01,2.366052915558975656e+01,5.144824830216200517e+00,0.000000000000000000e+00,3.179548252440748346e+00,1.133131355860783174e+00,4.579892074454838813e+00
-2.624148097051357098e+00,-3.206025424256492951e+00,1.578396107409173510e+01,2.872933330324303824e+01,5.150233025523883512e+00,6.857162882761258516e-02,2.894804060709128546e+00,0.000000000000000000e+00,3.760199317773116334e+00
-2.624148097051357098e+00,-2.919471072051357030e+00,2.156187795839911914e+01,3.321424389626190532e+01,5.149200980483464640e+00,4.786814154685089306e+00,2.852960570143052710e+00,3.966665289253924698e+00,3.513258521945998858e+00
-2.624148097051357098e+00,-2.632916719846221554e+00,2.757505412264194078e+01,3.862493242790515069e+01,5.149264149923699740e+00,1.209847559179388554e+01,2.823434466830419876e+00,1.112638085660891996e+01,3.327951559055032593e+00
-2.624148097051357098e+00,-2.346362367641085633e+00,3.263685876742090386e+01,4.375033940085268114e+01,5.149981879244634797e+00,1.910808294426851717e+01,2.815088657863142885e+00,1.817074151567766549e+01,3.232963800088368256e+00
-2.624148097051357098e+00,-2.059808015435950157e+00,3.536134429424610914e+01,4.652496257865277585e+01,5.149845103836122817e+00,2.315670667184951981e+01,2.809617279105760979e+00,2.222500073495593753e+01,3.176395461324907910e+00
-2.624148097051357098e+00,-1.773253663230814681e+00,3.547075243221950558e+01,4.604935450003540609e+01,5.149394904116717520e+00,2.314824909765587790e+01,2.800866865841476372e+00,2.222259055588796883e+01,3.121076224337507643e+00
-2.624148097051357098e+00,-1.486699311025678982e+00,3.304739938813350619e+01,4.318852283487649402e+01,5.149365657625037507e+00,2.018020284465781344e+01,2.794320589849939029e+00,1.924611485834801172e+01,3.078244394194967093e+00
-2.624148097051357098e+00,-1.200144958820543284e+00,2.938102991582644563e+01,3.976108577388731646e+01,5.149508119674350404e+00,1.639132418342265396e+01,2.790828704687246642e+00,1.538127641192688344e+01,3.048982379038880364e+00
-2.624148097051357098e+00,-9.135906066154075855e-01,2.613756607544904398e+01,3.721584650679142214e+01,5.149427761260153780e+00,1.335585890647621454e+01,2.787574062587711232e+00,1.225217025848873398e+01,3.026008995620656616e+00
-2.624148097051357098e+00,-6.270362544102719982e-01,2.502060635242990827e+01,3.574933416953717824e+01,5.149307963728214865e+00,1.180954799464933558e+01,2.785316761197265123e+00,1.072422879133440787e+01,3.011356061329907519e+00
-2.624148097051357098e+00,-3.404819022051363553e-01,2.457150028893258309e+01,3.453882276781951077e+01,5.149368857161523039e+00,1.183233647725492688e+01,2.783717902235512298e+00,1.092382950395227503e+01,2.997060575586837583e+00
-2.624148097051357098e+00,-5.392755000000071242e-02,2.372492978157893972e+01,3.296913224035233725e+01,5.149446163595757575e+00,1.247915104943774622e+01,2.783944986950174894e+00,1.180583377543259971e+01,2.998746477036934532e+00
-2.624148097051357098e+00,2.326268022051349305e-01,2.264568007447374498e+01,3.161214224364084657e+01,5.149410842726632964e+00,1.235023713714258520e+01,2.784994882333676536e+00,1.186058022860076910e+01,3.011698507080133425e+00
-2.624148097051357098e+00,5.191811544102705733e-01,2.280179635085004719e+01,3.170147865574108437e+01,5.149365246728921264e+00,1.142844538226734130e+01,2.785714436492304547e+00,1.101812352444807352e+01,3.017903610758632560e+00
-2.624148097051357098e+00,8.057355066154061607e-01,2.378391471868268070e+01,3.355552502199861920e+01,5.149475123280980782e+00,1.121157637009821428e+01,2.787897324163436608e+00,1.071045139405981494e+01,3.031899798260613732e+00
-2.624148097051357098e+00,1.092289858820541859e+00,2.553841454991863458e+01,3.585729306454595644e+01,5.149536219466283704e+00,1.217369377086674831e+01,2.791350722145103269e+00,1.144432511042240108e+01,3.062975472818846967e+00
-2.624148097051357098e+00,1.378844211025677557e+00,2.632976455713514952e+01,3.672843161901255371e+01,5.149450288495815542e+00,1.246964690891218197e+01,2.795358476100136436e+00,1.165882487339559859e+01,3.104549679670461249e+00
-2.624148097051357098e+00,1.665398563230813256e+00,2.532483511414260136e+01,3.530195768439443782e+01,5.149512595619948563e+00,1.037259901466632073e+01,2.800673967376421380e+00,9.835596413198400612e+00,3.141987402468907398e+00
-2.624148097051357098e+00,1.951952915435948732e+00,2.235291541686940064e+01,3.210708097055612598e+01,5.149898507212947507e+00,6.733950206257304671e+00,2.807303480242541394e+00,6.490205088600689010e+00,3.179873728572501168e+00
-2.624148097051357098e+00,2.238507267641084653e+00,1.844111157843619608e+01,2.837378128508862574e+01,5.149920729818441956e+00,3.537399269694958548e+00,2.812712827028197360e+00,3.161527710829162174e+00,3.231512965648521973e+00
-2.624148097051357098e+00,2.525061619846220129e+00,1.522113682809302126e+01,2.544769485057622660e+01,5.149358004580162351e+00,1.336885671515801732e+00,2.820875355741034873e+00,8.468541309533321737e-01,3.326477281607654213e+00
-2.624148097051357098e+00,2.811615972051355605e+00,1.437584303028694244e+01,2.443459233785688411e+01,5.149928280739142217e+00,3.886010542312305915e-01,2.848665963566066495e+00,6.207792616750396064e-01,3.505626912499670400e+00
-2.624148097051357098e+00,3.098170324256491526e+00,1.638753065059191627e+01,2.522602994520275388e+01,5.150945300784941061e+00,3.419952609771371499e+00,2.893658126347046888e+00,4.168616320517074314e+00,3.731720214471857311e+00
-2.624148097051357098e+00,3.384724676461627002e+00,1.890760017406486782e+01,2.524992052193556447e+01,5.141504412479167563e+00,1.399802235849119825e+01,3.051275387776138714e+00,1.177892949699327474e+01,4.313044222825631380e+00
-2.343221707346221372e+00,-3.492579776461628427e+00,9.845620059451910322e+00,2.248574025947891641e+01,5.145283087033704739e+00,4.551637931629102241e+00,3.143662552749560302e+00,3.856160426823745269e+00,4.438390688933995243e+00
-2.343221707346221372e+00,-3.206025424256492951e+00,1.541718262357324143e+01,2.723742833350843284e+01,5.149869488146069152e+00,1.801237262518043281e+00,2.872178250227776619e+00,1.511366533296367720e+00,3.610329438348759634e+00
-2.343221707346221372e+00,-2.919471072051357030e+00,2.098874518769457964e+01,3.162103139581449796e+01,5.149507760348060792e+00,4.761697409358930599e+00,2.834668433780449526e+00,4.124417576236975691e+00,3.373569542952760347e+00
-2.343221707346221372e+00,-2.632916719846221554e+00,2.634806208899467350e+01,3.705579310319444630e+01,5.150017912530010733e+00,1.120639440054492297e+01,2.810522690890034703e+00,1.018709218981295628e+01,3.206691393414081048e+00
-2.343221707346221372e+00,-2.346362367641085633e+00,3.107106612379912747e+01,4.208263570356939454e+01,5.150543530379778190e+00,1.772313162135287712e+01,2.804578177068779876e+00,1.654432940250566020e+01,3.126128450790103486e+00
-2.343221707346221372e+00,-2.059808015435950157e+00,3.345159137574141539e+01,4.470423270283208694e+01,5.150156390677755880e+00,2.160508527103138476e+01,2.798838502362196667e+00,2.044937317446692049e+01,3.074626870002974854e+00
-2.343221707346221372e+00,-1.773253663230814681e+00,3.358861752072131424e+01,4.437129517887660768e+01,5.149696076945362577e+00,2.195296662442925140e+01,2.790223389517490382e+00,2.085481600021683235e+01,3.023600325175243686e+00
-2.343221707346221372e+00,-1.486699311025678982e+00,3.155399739543358351e+01,4.202564174620783888e+01,5.149778540191682907e+00,1.964459748659481875e+01,2.784543055175623394e+00,1.848829079729784652e+01,2.982773257857840310e+00
-2.343221707346221372e+00,-1.200144958820543284e+00,2.836120798331917925e+01,3.897124515932955546e+01,5.149950832465490791e+00,1.617528290545817526e+01,2.781699409504247544e+00,1.485911679771921357e+01,2.955947237914448689e+00
-2.343221707346221372e+00,-9.135906066154075855e-01,2.539508781831703033e+01,3.602862316997197922e+01,5.149886121013419249e+00,1.264873774079782720e+01,2.778940829497666520e+00,1.126234413990231253e+01,2.937523272918673101e+00
-2.343221707346221372e+00,-6.270362544102719982e-01,2.366785591875095207e+01,3.343378234980627894e+01,5.149714239389113324e+00,9.932601750118578821e+00,2.776825350980533624e+00,8.694927858831981382e+00,2.924984118919790266e+00
-2.343221707346221372e+00,-3.404819022051363553e-01,2.180712896052868999e+01,3.115040677328943275e+01,5.149748941738251595e+00,8.728269487393276904e+00,2.775641188818069871e+00,7.740079186413108658e+00,2.913973393893738884e+00
-2.343221707346221372e+00,-5.392755000000071242e-02,2.017863719157898217e+01,2.929699418904783670e+01,5.149834207411039699e+00,8.702508289452055124e+00,2.775813941787248940e+00,7.871023652665215309e+00,2.915946432667343213e+00
-2.343221707346221372e+00,2.326268022051349305e-01,1.923730814493694297e+01,2.839960027993947733e+01,5.149745748751212382e+00,8.606784879126848864e+00,2.776434186967279949e+00,7.846971663969952715e+00,2.927208687245155261e+00
-2.343221707346221372e+00,5.191811544102705733e-01,2.000701628457736803e+01,2.905742890488181729e+01,5.149713634980925825e+00,8.158404751110992947e+00,2.777261875436904059e+00,7.480147846702315917e+00,2.934320950813376516e+00
-2.343221707346221372e+00,8.057355066154061607e-01,2.164682589533035895e+01,3.113952190493000671e+01,5.149900724394560925e+00,8.582885458555622904e+00,2.779726953694504399e+00,7.915946149059912784e+00,2.948402272282447445e+00
-2.343221707346221372e+00,1.092289858820541859e+00,2.388787581791584103e+01,3.345237495156470686e+01,5.150000624613116251e+00,1.022401671861018713e+01,2.782725544645790805e+00,9.417043867319314643e+00,2.974892866636547506e+00
-2.343221707346221372e+00,1.378844211025677557e+00,2.487236450878592819e+01,3.449223927367711440e+01,5.149750339390500642e+00,1.108296379630428419e+01,2.785657035510121116e+00,1.020355237662736059e+01,3.010446421277030549e+00
-2.343221707346221372e+00,1.665398563230813256e+00,2.415953700185163200e+01,3.353340759671118576e+01,5.149697524770713741e+00,9.327929407669444117e+00,2.790854721346343048e+00,8.676526802736667321e+00,3.047185046231660976e+00
-2.343221707346221372e+00,1.951952915435948732e+00,2.139690943538662538e+01,3.090178901243780274e+01,5.150220864519734043e+00,5.962180641777194978e+00,2.798396263792604977e+00,5.556867001528331684e+00,3.085926847893568858e+00
-2.343221707346221372e+00,2.238507267641084653e+00,1.776127260061169366e+01,2.751331376287271269e+01,5.150591814292263315e+00,3.144034921790989756e+00,2.802990581512458057e+00,2.571819010334397859e+00,3.129383075263250991e+00
-2.343221707346221372e+00,2.525061619846220129e+00,1.485063388839123633e+01,2.460374838286952581e+01,5.149964211235402267e+00,1.298388264463937958e+00,2.807924193738023266e+00,5.863299797633949595e-01,3.209592206934155811e+00
-2.343221707346221372e+00,2.811615972051355605e+00,1.404504938827047589e+01,2.362388410429412033e+01,5.149771996932948959e+00,5.652449062124560442e-01,2.829137666370359128e+00,5.483898202740284944e-01,3.367970242840197859e+00
-2.343221707346221372e+00,3.098170324256491526e+00,1.622134655608957843e+01,2.529094344687473495e+01,5.150562622422920178e+00,4.021114549351750611e+00,2.867217858543639419e+00,4.334056432324032926e+00,3.583246148960560706e+00
-2.343221707346221372e+00,3.384724676461627002e+00,1.895465533355319820e+01,2.791639435167599004e+01,5.143850280395068530e+00,1.566913725221365894e+01,3.032560419086825831e+00,1.238202687637808097e+01,4.188612677030348230e+00
-2.062295317641085646e+00,-3.492579776461628427e+00,1.234967242936004439e+01,2.322320572561875451e+01,5.145820933107214223e+00,1.082587678879099258e+01,3.131900020592809142e+00,8.135261237944352075e+00,4.372577740940537971e+00
-2.062295317641085646e+00,-3.206025424256492951e+00,1.726696209061368137e+01,2.788731938345881645e+01,5.150206289128257175e+00,5.871857943022405379e+00,2.864870400546930540e+00,5.103062673444330954e+00,3.537175339467199198e+00
-2.062295317641085646e+00,-2.919471072051357030e+00,2.218425175186733256e+01,3.213840195025841240e+01,5.150096227329793663e+00,7.127680319639239315e+00,2.829611525572946817e+00,6.587671760139812704e+00,3.306905974218285582e+00
-2.062295317641085646e+00,-2.632916719846221554e+00,2.749517718610539774e+01,3.733401133261213545e+01,5.150369200406821335e+00,1.242011027228181774e+01,2.807317977011492882e+00,1.152137774264875603e+01,3.150772377598283658e+00
-2.062295317641085646e+00,-2.346362367641085633e+00,3.172165871900948630e+01,4.200573781343700830e+01,5.150484515132802699e+00,1.823633519319400875e+01,2.800876934346589575e+00,1.710260447971635500e+01,3.077460322441923690e+00
-2.062295317641085646e+00,-2.059808015435950157e+00,3.387572933203489356e+01,4.435589546359551605e+01,5.149993042062919635e+00,2.189245553680120793e+01,2.794200809972488209e+00,2.076536156890488627e+01,3.029041835536386174e+00
-2.062295317641085646e+00,-1.773253663230814681e+00,3.391688362361108489e+01,4.406076543113158550e+01,5.149760556996485050e+00,2.234230206943317398e+01,2.786330521036468610e+00,2.129415836079177637e+01,2.981883433822287710e+00
-2.062295317641085646e+00,-1.486699311025678982e+00,3.203124959908031144e+01,4.193796144880980137e+01,5.150018063958096803e+00,2.004018733441580480e+01,2.781608947821397226e+00,1.897003820238737504e+01,2.942411724194309297e+00
-2.062295317641085646e+00,-1.200144958820543284e+00,2.879972834675516680e+01,3.878648159989097621e+01,5.150147859944875783e+00,1.618450558700988040e+01,2.779018343124338486e+00,1.501953779469230810e+01,2.914808218970408760e+00
-2.062295317641085646e+00,-9.135906066154075855e-01,2.532680061229483215e+01,3.508036793906649109e+01,5.149920051428853007e+00,1.195332608034198074e+01,2.776223192856554167e+00,1.083001198525536068e+01,2.896829688303280914e+00
-2.062295317641085646e+00,-6.270362544102719982e-01,2.249066002844372392e+01,3.141199466695252340e+01,5.149777392349618843e+00,8.446852299916884022e+00,2.774137274503384543e+00,7.589092032234912466e+00,2.885743438004575001e+00
-2.062295317641085646e+00,-3.404819022051363553e-01,1.985933312228535641e+01,2.858890271121344995e+01,5.149866412456653109e+00,6.580812997615794302e+00,2.773393213430729531e+00,5.987754931608602504e+00,2.877394278548651929e+00
-2.062295317641085646e+00,-5.392755000000071242e-02,1.827905927489857163e+01,2.719128392809943762e+01,5.149941632044438222e+00,6.237108790143224724e+00,2.773552350031831093e+00,5.671241441604756517e+00,2.877199281383886920e+00
-2.062295317641085646e+00,2.326268022051349305e-01,1.807251958264312464e+01,2.730614584581053350e+01,5.149816068373895384e+00,6.266791106639971076e+00,2.773788624024375871e+00,5.603339972305867889e+00,2.885262237591660561e+00
-2.062295317641085646e+00,5.191811544102705733e-01,1.960805870558006703e+01,2.867473053671710659e+01,5.149777702495043741e+00,6.224389026095309418e+00,2.774369757239012024e+00,5.564734115111601653e+00,2.892099346214288325e+00
-2.062295317641085646e+00,8.057355066154061607e-01,2.172531559563261183e+01,3.078634044043428730e+01,5.150011491109340867e+00,7.090637272328351060e+00,2.776747642085101830e+00,6.466097109838798929e+00,2.904830762477421668e+00
-2.062295317641085646e+00,1.092289858820541859e+00,2.375768976799371401e+01,3.280571895673347171e+01,5.150183397238570215e+00,9.164275732880582837e+00,2.779682281279395539e+00,8.439737768134339291e+00,2.930100672793495065e+00
-2.062295317641085646e+00,1.378844211025677557e+00,2.484731553922839709e+01,3.377344907337101176e+01,5.149907970285795500e+00,1.055572111991750717e+01,2.781770378811971423e+00,9.747581552761623414e+00,2.963082557195773514e+00
-2.062295317641085646e+00,1.665398563230813256e+00,2.425721591418770373e+01,3.310749781641061418e+01,5.149630846296246567e+00,9.448719736309612927e+00,2.785810285453001356e+00,8.821710187857345176e+00,2.997223442393729620e+00
-2.062295317641085646e+00,1.951952915435948732e+00,2.196944876124521429e+01,3.086423689877847210e+01,5.150020112870810962e+00,6.670531632578786230e+00,2.793222343114151851e+00,6.284950216224046926e+00,3.034555606931110816e+00
-2.062295317641085646e+00,2.238507267641084653e+00,1.857823165000534971e+01,2.765772305378050078e+01,5.150567387281509646e+00,4.144343029517244759e+00,2.798919151211132217e+00,3.669920328934775711e+00,3.077295621046037155e+00
-2.062295317641085646e+00,2.525061619846220129e+00,1.599344142234519772e+01,2.471274273637391161e+01,5.150296129012848390e+00,2.274860022948359983e+00,2.804256665318295649e+00,1.737657098715047255e+00,3.151999672253235740e+00
-2.062295317641085646e+00,2.811615972051355605e+00,1.553354933615810118e+01,2.388379585235088598e+01,5.150051785141517513e+00,1.557101920784134563e+00,2.823343838747993217e+00,1.603171347482327036e+00,3.297217462631102602e+00
-2.062295317641085646e+00,3.098170324256491526e+00,1.760479617959412479e+01,2.664389475890493486e+01,5.150408107028043858e+00,5.498002426561470202e+00,2.855093870545205803e+00,5.399894886570663743e+00,3.500047903912099745e+00
-2.062295317641085646e+00,3.384724676461627002e+00,2.017289552316895751e+01,3.205422241736960132e+01,5.143653424105226968e+00,1.804466934889251206e+01,3.042212542866283620e+00,1.354691715722366752e+01,4.167720938861273261e+00
-1.781368927935950142e+00,-3.492579776461628427e+00,1.187368178369460203e+01,2.452313446185144130e+01,5.146278540627346132e+00,1.420789140567922004e+01,3.109759847169520253e+00,1.002359664329398825e+01,4.302251347272893156e+00
-1.781368927935950142e+00,-3.206025424256492951e+00,1.700251375590376668e+01,2.872022958089655731e+01,5.150162474462926632e+00,8.530281207672942401e+00,2.856748691575001331e+00,6.951304774305466339e+00,3.476256549275632768e+00
-1.781368927935950142e+00,-2.919471072051357030e+00,2.213134572811294021e+01,3.274689447188575286e+01,5.149878263726559879e+00,9.118108982270314300e+00,2.822254889009381706e+00,8.170043888002695098e+00,3.253545262834689034e+00
-1.781368927935950142e+00,-2.632916719846221554e+00,2.735445020195945176e+01,3.774342249702021945e+01,5.149870187743468719e+00,1.372437434975154247e+01,2.800453079940214973e+00,1.268324563665755633e+01,3.104063764776921808e+00
-1.781368927935950142e+00,-2.346362367641085633e+00,3.154987172391813033e+01,4.215167732416011859e+01,5.149837262200647636e+00,1.897988049854257042e+01,2.793528111556006888e+00,1.786538165772266851e+01,3.033182500198508880e+00
-1.781368927935950142e+00,-2.059808015435950157e+00,3.390636104931584782e+01,4.425503442769695539e+01,5.149480447619196433e+00,2.232308908497498123e+01,2.787177327821726891e+00,2.125635579968052014e+01,2.987994999730499757e+00
-1.781368927935950142e+00,-1.773253663230814681e+00,3.389481314398145884e+01,4.381638955311791506e+01,5.149421573694390908e+00,2.245794569936583684e+01,2.780503600568683620e+00,2.146969270701698207e+01,2.944888235616392347e+00
-1.781368927935950142e+00,-1.486699311025678982e+00,3.164644035987805282e+01,4.155037301346601453e+01,5.149730967031336704e+00,1.952601232319148039e+01,2.776695761509231808e+00,1.856803918335994297e+01,2.907621679552514493e+00
-1.781368927935950142e+00,-1.200144958820543284e+00,2.806557133443684648e+01,3.801571671146666631e+01,5.149785000191445583e+00,1.488143806581547324e+01,2.773914418903964840e+00,1.390918091483731089e+01,2.877861335337912330e+00
-1.781368927935950142e+00,-9.135906066154075855e-01,2.388029720907638875e+01,3.363705548569851089e+01,5.149550910285682015e+00,1.013514251750962103e+01,2.770544214882609602e+00,9.220470059412143371e+00,2.857103848987757821e+00
-1.781368927935950142e+00,-6.270362544102719982e-01,2.017578000166653851e+01,2.936956583771097939e+01,5.149441207682118105e+00,6.489889222570809579e+00,2.768252498882295853e+00,5.766605134921334752e+00,2.844951643568997213e+00
-1.781368927935950142e+00,-3.404819022051363553e-01,1.725467515319041212e+01,2.652216455338930245e+01,5.149594137906786884e+00,4.612941467508107962e+00,2.767671327428504302e+00,4.048197564425713324e+00,2.836614052034824418e+00
-1.781368927935950142e+00,-5.392755000000071242e-02,1.612602465936463148e+01,2.574800766604312230e+01,5.149643297114914198e+00,4.259637179256742456e+00,2.767844656211522647e+00,3.641100017986502735e+00,2.835607712575054506e+00
-1.781368927935950142e+00,2.326268022051349305e-01,1.700394319169973301e+01,2.660350569676666055e+01,5.149510826170708100e+00,4.373305719809422953e+00,2.767990845102354935e+00,3.614731463843877890e+00,2.844127894855872363e+00
-1.781368927935950142e+00,5.191811544102705733e-01,1.908695030501517209e+01,2.820709608781908173e+01,5.149403990083364135e+00,4.494016003870797249e+00,2.768431816145448199e+00,3.730395312114691109e+00,2.852295725716249120e+00
-1.781368927935950142e+00,8.057355066154061607e-01,2.100061422425723379e+01,2.995869848538131919e+01,5.149678686487735746e+00,5.421764473681150776e+00,2.770801494834258971e+00,4.717261841836204894e+00,2.865302760483046551e+00
-1.781368927935950142e+00,1.092289858820541859e+00,2.261635389342056257e+01,3.147505938886024524e+01,5.149885220945273900e+00,7.440779996966170984e+00,2.773965351262707379e+00,6.687804110101904342e+00,2.890359921874507965e+00
-1.781368927935950142e+00,1.378844211025677557e+00,2.354504835012440722e+01,3.224741036120394710e+01,5.149671522708906934e+00,8.949484633850033788e+00,2.775725666256827040e+00,8.171973116788972646e+00,2.919129904311851931e+00
-1.781368927935950142e+00,1.665398563230813256e+00,2.333569499148178750e+01,3.175596423690149095e+01,5.149296697699189629e+00,8.355592366757946365e+00,2.778851165664359968e+00,7.804642060828626882e+00,2.949229451625340115e+00
-1.781368927935950142e+00,1.951952915435948732e+00,2.130577795527344520e+01,2.985425210169341881e+01,5.149476412621125654e+00,6.257283206359147698e+00,2.785306756587352162e+00,5.982961921895800117e+00,2.984823338525594671e+00
-1.781368927935950142e+00,2.238507267641084653e+00,1.826199748125508293e+01,2.698145534690411296e+01,5.149875415298825310e+00,4.106765738798571874e+00,2.791161230517017255e+00,3.788013927309446416e+00,3.026739883103918505e+00
-1.781368927935950142e+00,2.525061619846220129e+00,1.575518153276403055e+01,2.430973247134534176e+01,5.149755376189829370e+00,2.211002082312234052e+00,2.797751554229543913e+00,1.858429651839063723e+00,3.099765733335407170e+00
-1.781368927935950142e+00,2.811615972051355605e+00,1.542285406128085690e+01,2.376270869879226666e+01,5.149875790916836671e+00,1.472048626251307724e+00,2.817351149306106528e+00,1.626066814235581859e+00,3.242090072803872847e+00
-1.781368927935950142e+00,3.098170324256491526e+00,1.749922837123015640e+01,2.710309665683598723e+01,5.150212444118535515e+00,5.689052471960167168e+00,2.846406148959538918e+00,5.483195937113464424e+00,3.441532370661744000e+00
-1.781368927935950142e+00,3.384724676461627002e+00,2.001344406835770684e+01,3.391407636682561133e+01,5.142765088997149903e+00,1.850472785015699628e+01,3.050276280114094352e+00,1.372332881292759943e+01,4.159448660924246255e+00
-1.500442538230814638e+00,-3.492579776461628427e+00,9.740827506590331808e+00,2.397707999627164099e+01,5.146682694061688323e+00,1.169113696648037148e+01,3.065466779274451881e+00,7.873324182146589578e+00,4.205397753710169440e+00
-1.500442538230814638e+00,-3.206025424256492951e+00,1.579244425422686149e+01,2.801977302944578696e+01,5.150019433612609276e+00,7.454240774827667337e+00,2.846092537788487142e+00,5.724218036280728228e+00,3.423305678714060551e+00
-1.500442538230814638e+00,-2.919471072051357030e+00,2.184406100186339472e+01,3.262311628642783035e+01,5.149549461206572865e+00,9.571100616856256238e+00,2.812520038420701862e+00,8.260654356914272967e+00,3.206866120320368552e+00
-1.500442538230814638e+00,-2.632916719846221554e+00,2.781395049627129623e+01,3.832272265131177846e+01,5.149596744514862934e+00,1.507695063158553239e+01,2.792441930240285419e+00,1.381698656839447992e+01,3.059645575192200706e+00
-1.500442538230814638e+00,-2.346362367641085633e+00,3.256908227842604475e+01,4.315971417354012374e+01,5.149679506211867874e+00,2.056158915910691576e+01,2.786595154104352545e+00,1.941220253794863737e+01,2.988169925135957250e+00
-1.500442538230814638e+00,-2.059808015435950157e+00,3.487133071248692318e+01,4.526677144131099340e+01,5.149445898210233352e+00,2.367762569552928653e+01,2.780853180726297502e+00,2.257990448848749665e+01,2.943076480612382362e+00
-1.500442538230814638e+00,-1.773253663230814681e+00,3.429979169026357511e+01,4.441070052124268841e+01,5.149437432126164893e+00,2.311620212509455996e+01,2.774657597650687535e+00,2.200765689689546889e+01,2.901610589896697956e+00
-1.500442538230814638e+00,-1.486699311025678982e+00,3.125574945492450141e+01,4.140116111269890098e+01,5.149669423977897509e+00,1.906401852963335841e+01,2.771364412524552900e+00,1.795979725271286043e+01,2.868424140221925711e+00
-1.500442538230814638e+00,-1.200144958820543284e+00,2.658279215110094640e+01,3.699601669705589302e+01,5.149657267160169916e+00,1.335669332717134239e+01,2.768389351590590852e+00,1.225008483198784859e+01,2.838617307124917666e+00
-1.500442538230814638e+00,-9.135906066154075855e-01,2.137727501382382655e+01,3.192774415986787062e+01,5.149392875586315199e+00,8.139070255205751891e+00,2.764646190727366282e+00,7.009840013747584919e+00,2.815397909811278243e+00
-1.500442538230814638e+00,-6.270362544102719982e-01,1.713168580010549036e+01,2.745870997301244643e+01,5.149350096067372817e+00,4.620810654034812615e+00,2.762489321102671536e+00,3.511598738608093129e+00,2.804224619662631035e+00
-1.500442538230814638e+00,-3.404819022051363553e-01,1.454885346734781137e+01,2.498620991724601481e+01,5.149496775643275903e+00,3.094480785167434078e+00,2.762302362996933880e+00,2.041252228806914815e+00,2.799337628937894618e+00
-1.500442538230814638e+00,-5.392755000000071242e-02,1.448802083337134583e+01,2.489217389079567511e+01,5.149630294461100100e+00,3.102802664434648250e+00,2.762799268394188434e+00,2.065792273229270393e+00,2.803373310769775362e+00
-1.500442538230814638e+00,2.326268022051349305e-01,1.673669822558168008e+01,2.625604526944516692e+01,5.149441895481514209e+00,3.617887717530038572e+00,2.763196142838180602e+00,2.604329347748528534e+00,2.816489632105991792e+00
-1.500442538230814638e+00,5.191811544102705733e-01,1.903060384980637565e+01,2.789637630824290682e+01,5.149273346063015566e+00,4.096838996780093112e+00,2.763699631605938567e+00,3.205626233831679883e+00,2.825376654386125175e+00
-1.500442538230814638e+00,8.057355066154061607e-01,2.024133946196727152e+01,2.931582546643039677e+01,5.149471536722289855e+00,5.051769930313923851e+00,2.765935302935168316e+00,4.279088498639595173e+00,2.837118832417474312e+00
-1.500442538230814638e+00,1.092289858820541859e+00,2.122581715164043459e+01,3.045029363840876613e+01,5.149700405882502885e+00,6.664616381124403688e+00,2.768817300890756616e+00,5.874004287577491823e+00,2.858000415190882659e+00
-1.500442538230814638e+00,1.378844211025677557e+00,2.201588923973196898e+01,3.098110906076908577e+01,5.149618131337566851e+00,7.713385103731752679e+00,2.770438727293349945e+00,6.928692249701118300e+00,2.879096617411478487e+00
-1.500442538230814638e+00,1.665398563230813256e+00,2.175546690541942496e+01,3.037943643222388346e+01,5.149371481097692715e+00,7.090653246057286196e+00,2.773497769845885141e+00,6.549350789018831165e+00,2.904736542114494391e+00
-1.500442538230814638e+00,1.951952915435948732e+00,1.983292029752741215e+01,2.849321575865906198e+01,5.149472731694721084e+00,5.352692135755717118e+00,2.779122828564297265e+00,5.047741214224970463e+00,2.938036104486648092e+00
-1.500442538230814638e+00,2.238507267641084653e+00,1.671447594733330888e+01,2.582928592355165165e+01,5.149648970819329818e+00,3.476348535764145709e+00,2.783367819787894604e+00,3.024500492588984457e+00,2.975116382909467116e+00
-1.500442538230814638e+00,2.525061619846220129e+00,1.437324293785775176e+01,2.349719348161306698e+01,5.149402588795250146e+00,1.581468374798760124e+00,2.789367879719831134e+00,1.006929705233844174e+00,3.046058721747620712e+00
-1.500442538230814638e+00,2.811615972051355605e+00,1.411203497079984359e+01,2.312959719724312890e+01,5.149689843630407715e+00,8.261700010698405094e-01,2.810518285188777554e+00,7.854445583720384150e-01,3.194466851449203837e+00
-1.500442538230814638e+00,3.098170324256491526e+00,1.658335381332880232e+01,2.628120051509176847e+01,5.150107706955161291e+00,5.048766187438104680e+00,2.840893854148833775e+00,4.906568705191475033e+00,3.403948301900268536e+00
-1.500442538230814638e+00,3.384724676461627002e+00,1.954124571602490334e+01,3.281600192822224926e+01,5.142080093830709409e+00,1.744232253782502085e+01,3.052430846888318339e+00,1.337184022458889743e+01,4.146247540146664967e+00
-1.219516148525678911e+00,-3.492579776461628427e+00,8.483749980124970946e+00,2.222948947305849288e+01,5.147136127925856286e+00,6.180076006824947399e+00,3.024647758819643872e+00,4.838861168433204796e+00,4.118894477681182664e+00
-1.219516148525678911e+00,-3.206025424256492951e+00,1.663623801183987894e+01,2.770096661343995947e+01,5.150212437819749134e+00,5.470675316403685429e+00,2.842509087471606577e+00,4.880756048605160657e+00,3.394259872832320113e+00
-1.219516148525678911e+00,-2.919471072051357030e+00,2.478872604355479936e+01,3.440530950373795349e+01,5.149567135826150555e+00,1.137429605090164841e+01,2.807195299555483636e+00,1.033982503623969151e+01,3.171560741787269766e+00
-1.219516148525678911e+00,-2.632916719846221554e+00,3.252624469914673000e+01,4.183948744159715716e+01,5.149818784631732704e+00,1.938279282785151736e+01,2.788719686856128366e+00,1.815268167974080527e+01,3.024563353564175383e+00
-1.219516148525678911e+00,-2.346362367641085633e+00,3.816803772003063955e+01,4.745558955137676094e+01,5.150049576527290007e+00,2.560669316158600850e+01,2.784317947247220815e+00,2.448295572267296905e+01,2.956917659976599833e+00
-1.219516148525678911e+00,-2.059808015435950157e+00,3.951378162708996911e+01,4.924645262492413167e+01,5.149783895929231470e+00,2.806672058732863206e+01,2.778691532432846500e+00,2.691758886206860879e+01,2.911911157995331845e+00
-1.219516148525678911e+00,-1.773253663230814681e+00,3.711446386656788832e+01,4.714897425145318266e+01,5.149639477678179311e+00,2.601020265598094738e+01,2.771893473083769432e+00,2.470880562180582629e+01,2.869667655589954069e+00
-1.219516148525678911e+00,-1.486699311025678982e+00,3.212883803891317314e+01,4.240627190982922912e+01,5.149781685365282691e+00,2.018485942848701598e+01,2.768525785232111680e+00,1.880270323133305865e+01,2.839071998574766109e+00
-1.219516148525678911e+00,-1.200144958820543284e+00,2.606535235854950017e+01,3.642126053026004229e+01,5.149764757883285249e+00,1.302551815923425238e+01,2.765775271226158960e+00,1.162163079080791661e+01,2.811465960669608410e+00
-1.219516148525678911e+00,-9.135906066154075855e-01,1.991725448176295643e+01,3.055026034724141937e+01,5.149539376207515673e+00,7.079169477920004283e+00,2.762307964974214158e+00,5.631063873895552518e+00,2.790807557495617264e+00
-1.219516148525678911e+00,-6.270362544102719982e-01,1.568993632287638285e+01,2.632941577579185832e+01,5.149528489239886930e+00,3.584450514604441196e+00,2.760545383156284949e+00,2.129138406285786544e+00,2.784519611237003645e+00
-1.219516148525678911e+00,-3.404819022051363553e-01,1.434018818181505495e+01,2.493308028283354361e+01,5.149670156955783895e+00,2.703900104599142651e+00,2.760652407834694788e+00,1.350530665405219821e+00,2.783844945832450790e+00
-1.219516148525678911e+00,-5.392755000000071242e-02,1.630736269666942917e+01,2.619743307396129239e+01,5.149742610714667990e+00,3.896380583615382420e+00,2.761335118520961363e+00,2.705222141079129727e+00,2.790019207178875860e+00
-1.219516148525678911e+00,2.326268022051349305e-01,2.017135950604551908e+01,2.867925915047817398e+01,5.149641670024765361e+00,5.937707776309025576e+00,2.761880013421305957e+00,4.923407783776710289e+00,2.800014862825023876e+00
-1.219516148525678911e+00,5.191811544102705733e-01,2.285364200689222969e+01,3.093949967042135540e+01,5.149526665576937390e+00,7.759182637471894850e+00,2.762553384707948201e+00,6.938109325294668395e+00,2.804951032718916881e+00
-1.219516148525678911e+00,8.057355066154061607e-01,2.398030574917430968e+01,3.247120754259231035e+01,5.149600142942517778e+00,9.197867665803869386e+00,2.764603223230953866e+00,8.487837814335513542e+00,2.815841721682717402e+00
-1.219516148525678911e+00,1.092289858820541859e+00,2.453522531571285370e+01,3.326794903418340255e+01,5.149786698640929750e+00,1.018026209901603352e+01,2.766730103170648825e+00,9.400617872293185684e+00,2.832965880845331963e+00
-1.219516148525678911e+00,1.378844211025677557e+00,2.431770033190291258e+01,3.304486477923637722e+01,5.149694212878305422e+00,9.996028756964619788e+00,2.768210936157514013e+00,9.151465910472824206e+00,2.850829543753651940e+00
-1.219516148525678911e+00,1.665398563230813256e+00,2.260202737431560394e+01,3.140384650330815930e+01,5.149622479865699987e+00,8.334397784606949244e+00,2.771503489163554157e+00,7.663395094581460398e+00,2.874057275303929071e+00
-1.219516148525678911e+00,1.951952915435948732e+00,1.961586302491379286e+01,2.854897697099659126e+01,5.149833436969625922e+00,6.014199376649514761e+00,2.776714169816570710e+00,5.488989403699836345e+00,2.904543861459973009e+00
-1.219516148525678911e+00,2.238507267641084653e+00,1.602468370422815269e+01,2.540399589952721726e+01,5.149899470412678149e+00,3.769300182680126454e+00,2.779815011854561924e+00,2.972771098452827943e+00,2.941275674813465635e+00
-1.219516148525678911e+00,2.525061619846220129e+00,1.374683330185476393e+01,2.316121174198633526e+01,5.149492980210508719e+00,1.706245688144463202e+00,2.784719926893482800e+00,7.215937206907909740e-01,3.011140432411103518e+00
-1.219516148525678911e+00,2.811615972051355605e+00,1.414853322264126234e+01,2.304317168584384490e+01,5.149763551625805569e+00,1.228462317548292049e+00,2.806311527769643988e+00,9.022704908467282792e-01,3.162756485051928301e+00
-1.219516148525678911e+00,3.098170324256491526e+00,1.764549472354605797e+01,2.608171729692548979e+01,5.150087306849048474e+00,5.894678380767800263e+00,2.838320333188599776e+00,5.870620381906334728e+00,3.384114948913893084e+00
-1.219516148525678911e+00,3.384724676461627002e+00,2.167849004181264405e+01,3.209488758964289445e+01,5.141646714902150528e+00,1.802553084138935446e+01,3.056292041146627003e+00,1.485146576052196465e+01,4.145983824073369739e+00
-9.385897588205431852e-01,-3.492579776461628427e+00,1.234839093500643692e+01,2.447848176753905136e+01,5.147350676330930241e+00,6.940958915102783067e+00,3.009451489239235666e+00,7.761995970246346133e+00,4.098594331080213315e+00
-9.385897588205431852e-01,-3.206025424256492951e+00,2.326824987638486775e+01,3.308183948051009793e+01,5.150509537667809390e+00,1.053888532452992877e+01,2.846911156848727753e+00,1.107437300707162109e+01,3.413197645328115204e+00
-9.385897588205431852e-01,-2.919471072051357030e+00,3.418810881776332167e+01,4.255996160332870204e+01,5.149608647042232867e+00,2.038907469530568051e+01,2.807071786261166491e+00,1.967482225855235356e+01,3.165910248779774783e+00
-9.385897588205431852e-01,-2.632916719846221554e+00,4.391979071997864281e+01,5.132609497017983813e+01,5.149925356756811290e+00,3.029791457600776994e+01,2.788090280059265957e+00,2.902733457871716993e+01,3.010769524758374782e+00
-9.385897588205431852e-01,-2.346362367641085633e+00,4.952181978078030511e+01,5.657568782656744588e+01,5.150215348795223136e+00,3.591210101326657878e+01,2.784224366975003750e+00,3.466507902049532674e+01,2.947515653472051689e+00
-9.385897588205431852e-01,-2.059808015435950157e+00,4.851300934280916266e+01,5.665549299267877359e+01,5.149838340984944196e+00,3.601690462020269479e+01,2.778445870413391638e+00,3.473002861204346914e+01,2.903158176705243232e+00
-9.385897588205431852e-01,-1.773253663230814681e+00,4.330957099182074899e+01,5.211259847642213572e+01,5.149566570012768629e+00,3.109436483433910325e+01,2.770690684947383353e+00,2.964086333908365134e+01,2.857310220960396219e+00
-9.385897588205431852e-01,-1.486699311025678982e+00,3.598744542285348302e+01,4.492234541686775628e+01,5.149685679118256587e+00,2.289864773310591772e+01,2.766640686208409861e+00,2.136740235201661164e+01,2.823221705806331361e+00
-9.385897588205431852e-01,-1.200144958820543284e+00,2.823417006121393769e+01,3.728358730934269261e+01,5.149779388167939231e+00,1.434621012789557426e+01,2.764226249083115317e+00,1.284131690933551972e+01,2.797285308806508830e+00
-9.385897588205431852e-01,-9.135906066154075855e-01,2.168426681715262561e+01,3.115974933134566527e+01,5.149672774540893450e+00,8.018904400255451037e+00,2.761506600192622507e+00,6.571903024788198877e+00,2.780869360522017164e+00
-9.385897588205431852e-01,-6.270362544102719982e-01,1.841229478294089716e+01,2.816853581317991484e+01,5.149555747458824939e+00,5.076647301852972305e+00,2.760198811106027605e+00,3.744692603187800728e+00,2.775868439229403073e+00
-9.385897588205431852e-01,-3.404819022051363553e-01,1.979864124451383844e+01,2.898184210255567450e+01,5.149641021026611476e+00,5.719125874300061696e+00,2.760470592785460919e+00,4.573175926160899962e+00,2.775211520879032889e+00
-9.385897588205431852e-01,-5.392755000000071242e-02,2.465534326537515852e+01,3.266001278623298276e+01,5.149656650657786550e+00,9.350116984362102812e+00,2.761206654300861096e+00,8.367077712979305915e+00,2.779803291638835105e+00
-9.385897588205431852e-01,2.326268022051349305e-01,2.978103469575211903e+01,3.708842337319219951e+01,5.149648017214524032e+00,1.419652687295638316e+01,2.761875245702034132e+00,1.329631908808987006e+01,2.787069847672544842e+00
-9.385897588205431852e-01,5.191811544102705733e-01,3.306028306248992976e+01,4.041716377863485832e+01,5.149626584938226337e+00,1.812709929933635067e+01,2.762789954321089425e+00,1.728524200625061980e+01,2.793278685986121612e+00
-9.385897588205431852e-01,8.057355066154061607e-01,3.438837730522709535e+01,4.195195478115056176e+01,5.149666137256073029e+00,1.997022136346595289e+01,2.764495845701798959e+00,1.914473755793430954e+01,2.803016202050922612e+00
-9.385897588205431852e-01,1.092289858820541859e+00,3.401478842469750674e+01,4.168619986048724968e+01,5.149761470712771683e+00,1.947660049802937010e+01,2.765722652957737449e+00,1.853351898268579134e+01,2.815884017817136264e+00
-9.385897588205431852e-01,1.378844211025677557e+00,3.167082927404458559e+01,3.956641024533018935e+01,5.149637980877863619e+00,1.681411991976949594e+01,2.766888217375155445e+00,1.576489426673230554e+01,2.834476880223747663e+00
-9.385897588205431852e-01,1.665398563230813256e+00,2.738034266830118924e+01,3.569976109849812929e+01,5.149634940108391845e+00,1.283080408118851778e+01,2.770097800254136988e+00,1.192661731808384928e+01,2.857531499830658905e+00
-9.385897588205431852e-01,1.951952915435948732e+00,2.247943354166545760e+01,3.098237406539556105e+01,5.149918369725057232e+00,8.857939915550787191e+00,2.775277323684681718e+00,8.108167539713537764e+00,2.888810666377911396e+00
-9.385897588205431852e-01,2.238507267641084653e+00,1.839642494457726585e+01,2.694598015084920917e+01,5.150020567772499724e+00,5.659920356634074778e+00,2.778625713302197209e+00,4.700678189541889651e+00,2.930097994429578190e+00
-9.385897588205431852e-01,2.525061619846220129e+00,1.660647032111018007e+01,2.496781459123303648e+01,5.149663451547149329e+00,3.644486634608256281e+00,2.783297299858617180e+00,2.620939640580619567e+00,2.995539001248925803e+00
-9.385897588205431852e-01,2.811615972051355605e+00,1.852333277532414257e+01,2.590126235548814293e+01,5.149858331129262723e+00,4.514654336211606278e+00,2.804170616505698543e+00,4.246932927559591064e+00,3.139647359898930734e+00
-9.385897588205431852e-01,3.098170324256491526e+00,2.470759904037935684e+01,3.012723483967420179e+01,5.149962738184468591e+00,1.109195308076323272e+01,2.836232019984288311e+00,1.107404064027179658e+01,3.365335771137800247e+00
-9.385897588205431852e-01,3.384724676461627002e+00,3.164619891011491148e+01,3.703438600483059417e+01,5.141552589824307518e+00,2.406893425698262945e+01,3.070183676307533638e+00,2.083356219844274193e+01,4.171256459211576839e+00
-6.576633691154074590e-01,-3.492579776461628427e+00,2.434714143719354240e+01,3.508638009436253924e+01,5.147164863504495536e+00,2.099265635638084859e+01,3.020859522931781171e+00,2.066101868175377732e+01,4.128456239955431428e+00
-6.576633691154074590e-01,-3.206025424256492951e+00,3.738678637441829977e+01,4.672008974915661383e+01,5.150573672962702965e+00,2.733768999536914635e+01,2.848155212219928956e+00,2.712065501100534348e+01,3.418965312674212331e+00
-6.576633691154074590e-01,-2.919471072051357030e+00,5.042643131164306425e+01,5.743484433421690483e+01,5.149484883114891609e+00,3.803812379388818954e+01,2.807719556367475722e+00,3.677612073602188048e+01,3.167692946820479971e+00
-6.576633691154074590e-01,-2.632916719846221554e+00,6.069954262027025038e+01,6.521334452131122816e+01,5.149741086362316977e+00,4.640695065351610538e+01,2.787927660493367821e+00,4.463158224825416198e+01,3.015021355580314477e+00
-6.576633691154074590e-01,-2.346362367641085633e+00,6.373412736643853549e+01,6.785321751552692149e+01,5.150009248046577781e+00,4.854896760489259577e+01,2.783435595929875106e+00,4.683554318940677774e+01,2.949797731278385626e+00
-6.576633691154074590e-01,-2.059808015435950157e+00,5.825422868646818841e+01,6.478316164053103421e+01,5.149590434064327482e+00,4.450544811955887781e+01,2.777450197303542367e+00,4.287598909142205628e+01,2.903043447487284379e+00
-6.576633691154074590e-01,-1.773253663230814681e+00,4.956444083320189264e+01,5.751339801897120196e+01,5.149311352700910227e+00,3.620928671927686082e+01,2.769788047554876176e+00,3.457753209038939701e+01,2.855397530594688149e+00
-6.576633691154074590e-01,-1.486699311025678982e+00,4.042312839294736193e+01,4.866873441007919610e+01,5.149484961097921421e+00,2.634173811610344274e+01,2.765445245939806451e+00,2.476678501901317730e+01,2.817032857232042886e+00
-6.576633691154074590e-01,-1.200144958820543284e+00,3.254391024648558073e+01,4.083765587929519825e+01,5.149611801586893023e+00,1.788440357872104869e+01,2.763089211557237856e+00,1.644541830252726911e+01,2.789994963617702606e+00
-6.576633691154074590e-01,-9.135906066154075855e-01,2.737166179076189110e+01,3.605940424582513515e+01,5.149559777421631956e+00,1.292054259038741293e+01,2.760724221712111515e+00,1.164687163170456330e+01,2.773817730470836906e+00
-6.576633691154074590e-01,-6.270362544102719982e-01,2.714985274720176278e+01,3.557199697465694044e+01,5.149469274296102128e+00,1.211384728749408168e+01,2.759625050055435569e+00,1.100767205105205093e+01,2.768970971978337747e+00
-6.576633691154074590e-01,-3.404819022051363553e-01,3.243973811256979189e+01,3.928192683724046219e+01,5.149500602071300115e+00,1.538723352985698511e+01,2.760317954998641632e+00,1.439437882265846191e+01,2.773866369187569791e+00
-6.576633691154074590e-01,-5.392755000000071242e-02,3.903099085206201835e+01,4.542413912843039725e+01,5.149548450877964534e+00,2.183067997050193298e+01,2.761429023059135623e+00,2.081402269328629018e+01,2.782606384369674224e+00
-6.576633691154074590e-01,2.326268022051349305e-01,4.457481418760465885e+01,5.128576698452525306e+01,5.149484847600384718e+00,2.901154719393275627e+01,2.762511698723774778e+00,2.785098520997341964e+01,2.794924835473060476e+00
-6.576633691154074590e-01,5.191811544102705733e-01,4.809026554548572108e+01,5.471464880493294913e+01,5.149519948760186594e+00,3.386430681099159301e+01,2.763728958901688237e+00,3.258970055592864412e+01,2.805368293028444260e+00
-6.576633691154074590e-01,8.057355066154061607e-01,4.860345971060769443e+01,5.500417924010253046e+01,5.149661871634290122e+00,3.457105874941612456e+01,2.764891388458431631e+00,3.327430031353203788e+01,2.810576100946970524e+00
-6.576633691154074590e-01,1.092289858820541859e+00,4.609138983188502436e+01,5.247647531489201356e+01,5.149676200232399914e+00,3.120922141129062766e+01,2.765411694097037465e+00,2.987791576482391065e+01,2.817691341443770536e+00
-6.576633691154074590e-01,1.378844211025677557e+00,4.056191753336817385e+01,4.773183810939372052e+01,5.149516158032859892e+00,2.523483925305720277e+01,2.766225194007260413e+00,2.390192130026411377e+01,2.833374362293600957e+00
-6.576633691154074590e-01,1.665398563230813256e+00,3.335987050789506725e+01,4.164431016946036834e+01,5.149431423921167372e+00,1.874888634396215537e+01,2.768977815659659836e+00,1.762420143891730362e+01,2.854138226236925036e+00
-6.576633691154074590e-01,1.951952915435948732e+00,2.782141946710709846e+01,3.570975255420489702e+01,5.149657731880338929e+00,1.346131771840862257e+01,2.773969039111775281e+00,1.256752276299809168e+01,2.882911100560437756e+00
-6.576633691154074590e-01,2.238507267641084653e+00,2.444366842607887236e+01,3.174417368900321890e+01,5.149853464504373868e+00,1.008332467789023212e+01,2.777748437863333475e+00,9.168751276083920487e+00,2.919337404761006560e+00
-6.576633691154074590e-01,2.525061619846220129e+00,2.419875354980056414e+01,3.107610165940423030e+01,5.149579267785757253e+00,9.310594711673729762e+00,2.782776544880914305e+00,8.559468419796299798e+00,2.982058233758376531e+00
-6.576633691154074590e-01,2.811615972051355605e+00,2.918416285061221771e+01,3.419240667069971096e+01,5.149825387219040707e+00,1.295659250183871336e+01,2.803515614127095823e+00,1.285781742339384337e+01,3.127332386747970094e+00
-6.576633691154074590e-01,3.098170324256491526e+00,3.847252098217447980e+01,4.087548674667777959e+01,5.149806444336629596e+00,2.266226545100107614e+01,2.837083557659346944e+00,2.205765264325739849e+01,3.367725193340767920e+00
-6.576633691154074590e-01,3.384724676461627002e+00,4.844945063636982496e+01,4.992079685004136991e+01,5.141966178074728333e+00,3.703553700218981248e+01,3.097178199275245181e+00,3.209853207086843696e+01,4.245394183830135226e+00
-3.767369794102718439e-01,-3.492579776461628427e+00,4.216759784999187133e+01,5.086371086777944583e+01,5.147196045310053591e+00,4.276029041920173768e+01,3.068386878751505176e+00,3.818650460324235496e+01,4.224497641316359520e+00
-3.767369794102718439e-01,-3.206025424256492951e+00,5.496032697855407889e+01,6.301841065201733727e+01,5.150417028974752398e+00,4.834138683210176168e+01,2.846522094105018663e+00,4.571070629024310961e+01,3.412660213847859669e+00
-3.767369794102718439e-01,-2.919471072051357030e+00,6.775305610711629356e+01,7.182026301401492674e+01,5.149532199855860526e+00,5.532502485803001946e+01,2.809180610263238620e+00,5.294333838960459104e+01,3.179426279968048163e+00
-3.767369794102718439e-01,-2.632916719846221554e+00,7.399382770118317865e+01,7.593878323440731037e+01,5.149639072018100450e+00,5.852494513266788090e+01,2.788290468821836843e+00,5.612206058661496400e+01,3.029058222922962784e+00
-3.767369794102718439e-01,-2.346362367641085633e+00,7.089402831732950006e+01,7.462128676417341921e+01,5.149871415897678162e+00,5.570587098228145351e+01,2.782000422120354255e+00,5.346531332811144210e+01,2.947469428387579526e+00
-3.767369794102718439e-01,-2.059808015435950157e+00,6.180245931538870252e+01,6.871447797918517608e+01,5.149540145901775112e+00,4.817647199081238796e+01,2.775914008637064612e+00,4.612347815405240681e+01,2.895462036922263227e+00
-3.767369794102718439e-01,-1.773253663230814681e+00,5.225434653926519246e+01,6.048116580846544821e+01,5.149328442831385466e+00,3.862059666061873031e+01,2.769327887778765263e+00,3.671391219035899667e+01,2.852678884269355564e+00
-3.767369794102718439e-01,-1.486699311025678982e+00,4.375564823562559269e+01,5.255210291163530201e+01,5.149481840547742273e+00,2.980355224843333417e+01,2.765608169658353432e+00,2.805788716514554082e+01,2.819088166233818082e+00
-3.767369794102718439e-01,-1.200144958820543284e+00,3.792098347362413335e+01,4.705079938561539166e+01,5.149586214063576861e+00,2.409775984515545133e+01,2.763594192005113914e+00,2.253671549831020826e+01,2.795565693957622333e+00
-3.767369794102718439e-01,-9.135906066154075855e-01,3.602467924189063098e+01,4.530760734656360000e+01,5.149522940652744296e+00,2.264259852743634838e+01,2.761499044987255846e+00,2.124147013792214622e+01,2.781617672591148338e+00
-3.767369794102718439e-01,-6.270362544102719982e-01,3.991254211743525104e+01,4.771382762007124256e+01,5.149446615494514212e+00,2.518112620926876843e+01,2.760655657834810928e+00,2.384432943396188165e+01,2.779645253566190632e+00
-3.767369794102718439e-01,-3.404819022051363553e-01,4.710999238687406887e+01,5.337807593478646595e+01,5.149488313187712940e+00,3.081891854671994224e+01,2.761743032357972805e+00,2.941307601822105866e+01,2.787986179579315937e+00
-3.767369794102718439e-01,-5.392755000000071242e-02,5.341827376492687307e+01,6.006074761752097402e+01,5.149508038743605631e+00,3.806946686320384288e+01,2.762903678443774602e+00,3.649161703483184738e+01,2.797437857231823699e+00
-3.767369794102718439e-01,2.326268022051349305e-01,5.852162054738838748e+01,6.501789481921878178e+01,5.149458218953905764e+00,4.440017147222442873e+01,2.764116907072569518e+00,4.263368981759248300e+01,2.816263196345275777e+00
-3.767369794102718439e-01,5.191811544102705733e-01,6.045676257585327562e+01,6.640595014266727958e+01,5.149496036229736617e+00,4.705387043468817865e+01,2.765411891859063775e+00,4.520734415852716381e+01,2.832461395322406705e+00
-3.767369794102718439e-01,8.057355066154061607e-01,5.866234798431585773e+01,6.405741870771453250e+01,5.149567724905065091e+00,4.473204091491572854e+01,2.766140271550195262e+00,4.296025437430487415e+01,2.832825314501249192e+00
-3.767369794102718439e-01,1.092289858820541859e+00,5.316289747976506419e+01,5.904154981028113980e+01,5.149651558667276419e+00,3.834744131752449903e+01,2.766344881565824032e+00,3.670232986021109411e+01,2.830251671510004119e+00
-3.767369794102718439e-01,1.378844211025677557e+00,4.495806981066602503e+01,5.276287789306661580e+01,5.149498998277331374e+00,3.044787507601120069e+01,2.766768275252140974e+00,2.894219248700170155e+01,2.837696744562185458e+00
-3.767369794102718439e-01,1.665398563230813256e+00,3.778379091090010888e+01,4.658547883057326544e+01,5.149387156837820001e+00,2.376831259877165792e+01,2.768828211027387187e+00,2.247741579908957377e+01,2.853713628721432638e+00
-3.767369794102718439e-01,1.951952915435948732e+00,3.408074328989933122e+01,4.191403973325213883e+01,5.149562162877365346e+00,1.971763875693000045e+01,2.773270400153377224e+00,1.859279700476173147e+01,2.877373928564768146e+00
-3.767369794102718439e-01,2.238507267641084653e+00,3.292075748098567800e+01,4.004635329511074815e+01,5.149741911148135287e+00,1.839655363322322046e+01,2.777049310256328507e+00,1.730580878450040672e+01,2.909676492919071045e+00
-3.767369794102718439e-01,2.525061619846220129e+00,3.531998762276350590e+01,4.175797313575458247e+01,5.149588824652425956e+00,2.028873647076397901e+01,2.782687034338906518e+00,1.946377281232169665e+01,2.978703170027124258e+00
-3.767369794102718439e-01,2.811615972051355605e+00,4.335749204629971842e+01,4.714576527367171366e+01,5.149848080563723229e+00,2.691504004368334790e+01,2.804855295261261539e+00,2.643896558914995509e+01,3.134328785992368083e+00
-3.767369794102718439e-01,3.098170324256491526e+00,5.562102561352590158e+01,5.568750025365443435e+01,5.149855577159778264e+00,3.875703961971021272e+01,2.842893599810969008e+00,3.679061830856731774e+01,3.404565723168192726e+00
-3.767369794102718439e-01,3.384724676461627002e+00,6.861778264336551558e+01,6.590379835247586016e+01,5.143039098823084743e+00,5.293699120081555520e+01,3.120383650347824389e+00,4.543079316198073769e+01,4.340834449195700273e+00
-9.581058970513617323e-02,-3.492579776461628427e+00,6.610752953314272418e+01,6.215685809707792941e+01,5.147964277329557525e+00,5.676935608546091316e+01,3.155195570908634561e+00,4.860550574815117386e+01,4.431359576162985370e+00
-9.581058970513617323e-02,-3.206025424256492951e+00,7.106883267505412505e+01,7.156467294048343319e+01,5.150201388939787961e+00,5.848232017180794173e+01,2.854202407375033168e+00,5.407993853509232451e+01,3.483178918508065269e+00
-9.581058970513617323e-02,-2.919471072051357030e+00,7.603013581696555434e+01,7.599268881378520746e+01,5.149769496557120796e+00,5.941313392365259460e+01,2.813586117492191452e+00,5.656630545943425403e+01,3.207830344249990251e+00
-9.581058970513617323e-02,-2.632916719846221554e+00,7.339742263936841482e+01,7.567071035395201761e+01,5.149776390967811146e+00,5.710396276476240018e+01,2.789033153756784067e+00,5.465083372264764705e+01,3.028373310769121751e+00
-9.581058970513617323e-02,-2.346362367641085633e+00,6.580243371868844804e+01,7.146643539798969869e+01,5.149977486715467734e+00,5.124712219726882267e+01,2.780973588896969328e+00,4.890641459728610840e+01,2.935690960483966716e+00
-9.581058970513617323e-02,-2.059808015435950157e+00,5.739837812776085713e+01,6.518044301147165243e+01,5.149748325268198812e+00,4.368536973600259898e+01,2.775418800371491912e+00,4.145030529783187490e+01,2.886986941452485578e+00
-9.581058970513617323e-02,-1.773253663230814681e+00,5.041750761623187316e+01,5.901365083812561352e+01,5.149530179053676271e+00,3.667976977967646235e+01,2.769329608256430930e+00,3.453992387850723134e+01,2.847358062144329516e+00
-9.581058970513617323e-02,-1.486699311025678982e+00,4.480601612474938378e+01,5.472023983062535990e+01,5.149661353763663740e+00,3.200228162811527000e+01,2.765949695468372216e+00,2.995319585110020455e+01,2.817791719399185713e+00
-9.581058970513617323e-02,-1.200144958820543284e+00,4.269136205386794813e+01,5.321977310780494008e+01,5.149686281998168802e+00,3.079723028004855223e+01,2.764532826842551749e+00,2.886128401445747471e+01,2.801093209697443243e+00
-9.581058970513617323e-02,-9.135906066154075855e-01,4.543658998600992760e+01,5.469791745385737158e+01,5.149575127596620838e+00,3.319471596707262506e+01,2.762910653975995334e+00,3.134244433281708808e+01,2.792714402575939392e+00
-9.581058970513617323e-02,-6.270362544102719982e-01,5.177567784577090038e+01,5.866595831802987959e+01,5.149550067930137587e+00,3.813429173794474991e+01,2.762538279414440634e+00,3.623853787173455032e+01,2.796518620461109439e+00
-9.581058970513617323e-02,-3.404819022051363553e-01,5.750195240278033992e+01,6.381052498875942547e+01,5.149647490029506613e+00,4.383650711435188896e+01,2.763752514722876530e+00,4.180114439159143558e+01,2.805950984158629424e+00
-9.581058970513617323e-02,-5.392755000000071242e-02,6.264699516151503644e+01,6.811019178382412065e+01,5.149732510885013603e+00,4.837201729144226192e+01,2.764397762796059421e+00,4.625342849865596406e+01,2.811648251220931538e+00
-9.581058970513617323e-02,2.326268022051349305e-01,6.511532831643626196e+01,6.962458703010634053e+01,5.149675041127258268e+00,5.012010093452499859e+01,2.764880601591349851e+00,4.805009529038056826e+01,2.823339166319099203e+00
-9.581058970513617323e-02,5.191811544102705733e-01,6.378991243897167607e+01,6.756512689696683083e+01,5.149536933902726155e+00,4.825413624841530691e+01,2.765206597590706306e+00,4.632882944740850917e+01,2.828834702666993106e+00
-9.581058970513617323e-02,8.057355066154061607e-01,5.852715464430031744e+01,6.273560777040256653e+01,5.149653421216199511e+00,4.305775492306020169e+01,2.765479916247654213e+00,4.131664151239851179e+01,2.822079103827964897e+00
-9.581058970513617323e-02,1.092289858820541859e+00,5.007231794107246969e+01,5.693359657372639049e+01,5.149766479674677377e+00,3.605561230422625840e+01,2.766049240247244523e+00,3.447945910082303556e+01,2.818959510159605220e+00
-9.581058970513617323e-02,1.378844211025677557e+00,4.339256843845563338e+01,5.190197206575248856e+01,5.149735770884589670e+00,2.977308378575378356e+01,2.766673440841772358e+00,2.831479561603722672e+01,2.828198786313838919e+00
-9.581058970513617323e-02,1.665398563230813256e+00,3.990172735340777166e+01,4.871613136540690903e+01,5.149568989272680142e+00,2.643898393546712100e+01,2.768743620536720851e+00,2.503375406349370280e+01,2.846871643545877184e+00
-9.581058970513617323e-02,1.951952915435948732e+00,3.938432462288512426e+01,4.782229905344138388e+01,5.149739777967200283e+00,2.643838003721441510e+01,2.773370249768186913e+00,2.495532673922674860e+01,2.874340240269734004e+00
-9.581058970513617323e-02,2.238507267641084653e+00,4.152925278504855555e+01,4.930451464887300972e+01,5.149923583382181924e+00,2.877567913727079940e+01,2.777636260654990696e+00,2.719449904227272796e+01,2.909809648257704939e+00
-9.581058970513617323e-02,2.525061619846220129e+00,4.705487300424573505e+01,5.307078064554661978e+01,5.149726703485760559e+00,3.321801998869068484e+01,2.783404780242859200e+00,3.184124614642513507e+01,2.979136619155785315e+00
-9.581058970513617323e-02,2.811615972051355605e+00,5.707197698755759063e+01,5.895862863196816761e+01,5.149909232817197591e+00,4.076900759818818187e+01,2.805423501448650381e+00,3.948152245410354055e+01,3.138142090245271465e+00
-9.581058970513617323e-02,3.098170324256491526e+00,6.897277877008541225e+01,6.661976104196219239e+01,5.150181264107739132e+00,5.142050325946593148e+01,2.845246650622545559e+00,4.824522819932793993e+01,3.424865100643668114e+00
-9.581058970513617323e-02,3.384724676461627002e+00,8.103501270810052404e+01,7.495124025976110715e+01,5.144331426318674794e+00,6.233902172534453712e+01,3.106461807995908320e+00,5.362586834078952336e+01,4.344034119239500669e+00
1.851157999999990533e-01,-3.492579776461628427e+00,7.076834744488871820e+01,6.173510913709469605e+01,5.148258961421082525e+00,5.308514462353559793e+01,3.216930146916140210e+00,4.513464138207701382e+01,4.537936448061090644e+00
1.851157999999990533e-01,-3.206025424256492951e+00,6.703917725604910061e+01,6.682188271493942011e+01,5.149903521541363993e+00,5.075006612536071771e+01,2.858160191385241689e+00,4.677663187726920313e+01,3.492324289404859172e+00
1.851157999999990533e-01,-2.919471072051357030e+00,6.331000706720948301e+01,6.696579091805324424e+01,5.150014607481579354e+00,4.745899101356553729e+01,2.813792530518701263e+00,4.523141018399303448e+01,3.188830961938293296e+00
1.851157999999990533e-01,-2.632916719846221554e+00,5.877497710000986331e+01,6.399544639298983384e+01,5.149843930122639968e+00,4.291154464495366483e+01,2.787254173564207793e+00,4.099205174094853987e+01,3.008773221288820299e+00
1.851157999999990533e-01,-2.346362367641085633e+00,5.308896645950186866e+01,5.971381646378722508e+01,5.150021874714999726e+00,3.769576090024008863e+01,2.779266387868958965e+00,3.568150613372914393e+01,2.920755286987940735e+00
1.851157999999990533e-01,-2.059808015435950157e+00,4.812329693163527367e+01,5.586475001544749830e+01,5.149852829817056055e+00,3.326833923293594353e+01,2.774670602314116330e+00,3.117104607903077707e+01,2.877171993932026162e+00
1.851157999999990533e-01,-1.773253663230814681e+00,4.465350201454859302e+01,5.371785724525398109e+01,5.149720720905110127e+00,3.089579365595909621e+01,2.768517755803960423e+00,2.870875178018237506e+01,2.837620978050853449e+00
1.851157999999990533e-01,-1.486699311025678982e+00,4.311779042798148964e+01,5.368706825566187035e+01,5.149744040017629310e+00,3.097745709157561578e+01,2.765127353140257593e+00,2.871457124762901358e+01,2.809832677257547040e+00
1.851157999999990533e-01,-1.200144958820543284e+00,4.534666295162112704e+01,5.546166885085403919e+01,5.149733227289003956e+00,3.328334405495570536e+01,2.764389191590547856e+00,3.104662152412477738e+01,2.799546215327874510e+00
1.851157999999990533e-01,-9.135906066154075855e-01,5.028665947283291615e+01,5.839476786820159759e+01,5.149604435419045778e+00,3.730506303341871899e+01,2.763278774055002440e+00,3.513949266934437077e+01,2.794921490050870982e+00
1.851157999999990533e-01,-6.270362544102719982e-01,5.474832313096264613e+01,6.162787986769399140e+01,5.149567220342084362e+00,4.194658618634048253e+01,2.762736521556990787e+00,3.977222525622606497e+01,2.797726084182505790e+00
1.851157999999990533e-01,-3.404819022051363553e-01,5.764449959418026026e+01,6.400810609998006839e+01,5.149746473994480489e+00,4.519149277749102112e+01,2.763235967102524171e+00,4.299601204877460248e+01,2.801451791011173142e+00
1.851157999999990533e-01,-5.392755000000071242e-02,5.875687658250836876e+01,6.430412247324420605e+01,5.149844125950897578e+00,4.509121253862872436e+01,2.763440709168323739e+00,4.305328911735607278e+01,2.798076303750063776e+00
1.851157999999990533e-01,2.326268022051349305e-01,5.731882384971205369e+01,6.186242729927471373e+01,5.149783124782508104e+00,4.149894182690809430e+01,2.763321434997600079e+00,3.980011391986468539e+01,2.797732862910232043e+00
1.851157999999990533e-01,5.191811544102705733e-01,5.334138558813339159e+01,5.719938566281052772e+01,5.149594901586477924e+00,3.613406016375517993e+01,2.762536585222560959e+00,3.475087165436104897e+01,2.793970423693559635e+00
1.851157999999990533e-01,8.057355066154061607e-01,4.636242268400956590e+01,5.193061948278045747e+01,5.149612978295381893e+00,3.081836070778939529e+01,2.762637656676079079e+00,2.957745308453347732e+01,2.789632872384697038e+00
1.851157999999990533e-01,1.092289858820541859e+00,4.019321863120573823e+01,4.797801747029006947e+01,5.149811566479632674e+00,2.665946272874924716e+01,2.763972434209373663e+00,2.541464655572148601e+01,2.795531037985596434e+00
1.851157999999990533e-01,1.378844211025677557e+00,3.824102025629757406e+01,4.659587041534541640e+01,5.149837464389857011e+00,2.480481382416928682e+01,2.765196899442413425e+00,2.349076806579302712e+01,2.810440708677006683e+00
1.851157999999990533e-01,1.665398563230813256e+00,3.945142372344979265e+01,4.787835128350707237e+01,5.149676744613991275e+00,2.621338551366626746e+01,2.767833496017665151e+00,2.475127651504094572e+01,2.835689140862447832e+00
1.851157999999990533e-01,1.951952915435948732e+00,4.234921895918418500e+01,5.099144482148403767e+01,5.149826642843531310e+00,3.026212244274813656e+01,2.773345481536337864e+00,2.853658157041702736e+01,2.874017449677919167e+00
1.851157999999990533e-01,2.238507267641084653e+00,4.719558078163249348e+01,5.484340556921961252e+01,5.150023250493614313e+00,3.510305359548851811e+01,2.778647856763720725e+00,3.317796801351398983e+01,2.919716423162612706e+00
1.851157999999990533e-01,2.525061619846220129e+00,5.408200175487365868e+01,5.871567241162119899e+01,5.149826820090952495e+00,3.984045559499600131e+01,2.784320392437273917e+00,3.804451086672619908e+01,2.989971069488612798e+00
1.851157999999990533e-01,2.811615972051355605e+00,6.182213804004173596e+01,6.250369123714335728e+01,5.149873347959492698e+00,4.513085236012557289e+01,2.804713110803434439e+00,4.341175492625349364e+01,3.141877399426211248e+00
1.851157999999990533e-01,3.098170324256491526e+00,6.620807144145717871e+01,6.639961674979713280e+01,5.150510446153338862e+00,5.131262598506327777e+01,2.843042746943475585e+00,4.827068397109155740e+01,3.404901113658873602e+00
1.851157999999990533e-01,3.384724676461627002e+00,6.977053165132468848e+01,7.011137877906730864e+01,5.145308057935816137e+00,5.696347296752992406e+01,3.056156980239584264e+00,5.007407269420653506e+01,4.215103469998827457e+00
4.660421897051347240e-01,-3.492579776461628427e+00,5.341995098331194924e+01,5.149322865398426075e+01,5.146742277349615868e+00,3.692682243236095019e+01,3.204038177150986488e+00,3.217349068225759368e+01,4.451112374469151867e+00
4.660421897051347240e-01,-3.206025424256492951e+00,4.969917370796268585e+01,5.327349589958612341e+01,5.149554255091380206e+00,3.313362438614149141e+01,2.846368692344188656e+00,3.074718715859354745e+01,3.409019012034475882e+00
4.660421897051347240e-01,-2.919471072051357030e+00,4.597839643261341536e+01,5.144568479138251860e+01,5.149947252233190831e+00,2.962691226949937118e+01,2.807728431509119105e+00,2.804507723066947023e+01,3.137640698125018002e+00
4.660421897051347240e-01,-2.632916719846221554e+00,4.229363088153344563e+01,4.869404618833505083e+01,5.149680181141787827e+00,2.663682239498348281e+01,2.783251183088149894e+00,2.495879068705999160e+01,2.975637450571019027e+00
4.660421897051347240e-01,-2.346362367641085633e+00,3.954738048933255357e+01,4.669557463047385681e+01,5.149786582050562167e+00,2.427009887633539620e+01,2.776411278874433286e+00,2.237824898055513856e+01,2.898567975991510171e+00
4.660421897051347240e-01,-2.059808015435950157e+00,3.823773167223875191e+01,4.627646224947238807e+01,5.149675676132834390e+00,2.317506611891872126e+01,2.772721860206236677e+00,2.113493285018984835e+01,2.862167006692190263e+00
4.660421897051347240e-01,-1.773253663230814681e+00,3.784587092979052159e+01,4.748589136738155503e+01,5.149499955579146970e+00,2.401859629257135964e+01,2.767088778409843908e+00,2.178492824286408336e+01,2.825260757336959916e+00
4.660421897051347240e-01,-1.486699311025678982e+00,3.958412014180853333e+01,4.972570437674585264e+01,5.149617338322740601e+00,2.640946191630035855e+01,2.763608824335044289e+00,2.402605683901795786e+01,2.798126073000770653e+00
4.660421897051347240e-01,-1.200144958820543284e+00,4.323610604774252408e+01,5.218653708908823319e+01,5.149695191255250215e+00,2.921484162679735164e+01,2.762944750756969103e+00,2.688341431195388154e+01,2.787661634510302910e+00
4.660421897051347240e-01,-9.135906066154075855e-01,4.606583633258020427e+01,5.421706718498899136e+01,5.149540659847358981e+00,3.187710640053478528e+01,2.762173006638426020e+00,2.971680814670574478e+01,2.782154417793150092e+00
4.660421897051347240e-01,-6.270362544102719982e-01,4.733043347340283447e+01,5.524303693920955993e+01,5.149465387552967677e+00,3.411997221295354166e+01,2.760952175329682401e+00,3.208197429568712522e+01,2.776731488354078792e+00
4.660421897051347240e-01,-3.404819022051363553e-01,4.711052417916700108e+01,5.460028464622155298e+01,5.149629165056672342e+00,3.446127002643584092e+01,2.760309533612800070e+00,3.254270871408600385e+01,2.770702341719283535e+00
4.660421897051347240e-01,-5.392755000000071242e-02,4.566520044168501613e+01,5.184949852149293292e+01,5.149757168137049312e+00,3.113971198575404742e+01,2.760371600104852607e+00,2.949108836336901618e+01,2.767646863897440301e+00
4.660421897051347240e-01,2.326268022051349305e-01,4.266073352124845997e+01,4.738173232636472676e+01,5.149648042500501788e+00,2.503687288953256029e+01,2.760244580901315636e+00,2.376444264702964659e+01,2.770256217694295309e+00
4.660421897051347240e-01,5.191811544102705733e-01,3.718745728478975821e+01,4.257494950080581475e+01,5.149496864670447316e+00,1.957395942157927493e+01,2.759332366581233931e+00,1.854475605522328152e+01,2.766258636739011845e+00
4.660421897051347240e-01,8.057355066154061607e-01,3.163704614276975491e+01,3.920928105876373593e+01,5.149563607727587033e+00,1.711042828013808048e+01,2.759832900129089328e+00,1.605144186684611896e+01,2.764227640844954426e+00
4.660421897051347240e-01,1.092289858820541859e+00,3.041202174849865614e+01,3.858079636703769211e+01,5.149742460934449539e+00,1.738978678190539995e+01,2.761723937191395528e+00,1.614314517134514659e+01,2.776093869217242549e+00
4.660421897051347240e-01,1.378844211025677557e+00,3.282070482023297586e+01,4.089711919288674835e+01,5.149691506953805842e+00,1.964163719469314628e+01,2.763140696596436907e+00,1.822696957442087751e+01,2.793402845138600821e+00
4.660421897051347240e-01,1.665398563230813256e+00,3.707558174705611265e+01,4.522331332079193089e+01,5.149519174097380692e+00,2.373861380735320381e+01,2.765828632051020364e+00,2.218169865943349350e+01,2.818451573540143418e+00
4.660421897051347240e-01,1.951952915435948732e+00,4.174927598748279678e+01,4.995915027034061495e+01,5.149702761114057559e+00,2.882675096093817046e+01,2.771906924669112815e+00,2.708716181739997708e+01,2.857247422236630641e+00
4.660421897051347240e-01,2.238507267641084653e+00,4.706458555578905845e+01,5.362295541698404122e+01,5.149924503859176106e+00,3.305489751293043810e+01,2.777952377109085269e+00,3.118689087134830373e+01,2.907138592315076764e+00
4.660421897051347240e-01,2.525061619846220129e+00,5.116833413584335233e+01,5.552533776925702114e+01,5.149726828984206861e+00,3.542387476819203584e+01,2.783500223594698841e+00,3.364765864943558427e+01,2.979086646519323089e+00
4.660421897051347240e-01,2.811615972051355605e+00,5.143179375304193712e+01,5.591411663354665507e+01,5.149696880992343573e+00,3.659087307165827951e+01,2.802914030430639247e+00,3.501273810404594400e+01,3.127509230939366613e+00
4.660421897051347240e-01,3.098170324256491526e+00,4.956539427046849511e+01,5.547497352132631931e+01,5.150558214126902179e+00,3.756279772505149595e+01,2.840231810038173155e+00,3.576439575620932487e+01,3.365742687414289058e+00
4.660421897051347240e-01,3.384724676461627002e+00,4.740503798876982700e+01,5.450102921536017675e+01,5.145618639224927904e+00,3.855219443496389431e+01,3.002546594205474317e+00,3.554008155452594764e+01,4.046159054230658469e+00
7.469685794102703946e-01,-3.492579776461628427e+00,3.492140479291313682e+01,3.990259820462961216e+01,5.144254558147340006e+00,2.155790050770133348e+01,3.161805130835330768e+00,1.977397215813908105e+01,4.326198705859088278e+00
7.469685794102703946e-01,-3.206025424256492951e+00,3.320453377288940544e+01,4.065624261747871060e+01,5.149421506113497138e+00,1.887968594839685466e+01,2.836636092301482837e+00,1.730615790318575264e+01,3.340522765914702763e+00
7.469685794102703946e-01,-2.919471072051357030e+00,3.148766275286566696e+01,3.937441080303688068e+01,5.149837419182326848e+00,1.767397143627476908e+01,2.804574116064753042e+00,1.581366967199902085e+01,3.105664926715300922e+00
7.469685794102703946e-01,-2.632916719846221554e+00,3.088594077498593293e+01,3.867814375211310107e+01,5.149504531374287097e+00,1.769240324735801551e+01,2.781590667145320772e+00,1.549560202184415303e+01,2.958383351927984961e+00
7.469685794102703946e-01,-2.346362367641085633e+00,3.095849819581374263e+01,3.938105899545189459e+01,5.149701305522516925e+00,1.797464381221334406e+01,2.775290104044013439e+00,1.567323177659764610e+01,2.888324357002776122e+00
7.469685794102703946e-01,-2.059808015435950157e+00,3.172185451199489847e+01,4.119035899547452573e+01,5.149546634271706225e+00,1.838675496477071647e+01,2.771956231067035148e+00,1.604519123754165832e+01,2.853083543633831987e+00
7.469685794102703946e-01,-1.773253663230814681e+00,3.256895217699852196e+01,4.334508290847588796e+01,5.149405498647310786e+00,1.954376449905464597e+01,2.766528720714908740e+00,1.704959417844283109e+01,2.819560890535794506e+00
7.469685794102703946e-01,-1.486699311025678982e+00,3.451215346530241845e+01,4.504776376440713648e+01,5.149491618921256730e+00,2.112776255560970640e+01,2.762593769340296213e+00,1.853661249811854361e+01,2.789452775308618016e+00
7.469685794102703946e-01,-1.200144958820543284e+00,3.573675130975165359e+01,4.587430901383049786e+01,5.149590569364150383e+00,2.193978149233406327e+01,2.761569223772781356e+00,1.949769436287003543e+01,2.775533903965818450e+00
7.469685794102703946e-01,-9.135906066154075855e-01,3.594929311356574431e+01,4.583862930240866262e+01,5.149569430585565932e+00,2.188141089129237571e+01,2.760883089581402938e+00,1.970906705845129636e+01,2.768709791422660160e+00
7.469685794102703946e-01,-6.270362544102719982e-01,3.538464563249458195e+01,4.493821334476524498e+01,5.149456184832059691e+00,2.174303448794069027e+01,2.759069946444476340e+00,1.975140572947903195e+01,2.759023513184976295e+00
7.469685794102703946e-01,-3.404819022051363553e-01,3.368253331475521861e+01,4.285988637850095984e+01,5.149487349318384588e+00,2.074274466632024883e+01,2.757755027963379568e+00,1.885247309279079886e+01,2.746488978675983184e+00
7.469685794102703946e-01,-5.392755000000071242e-02,3.152501863730640252e+01,3.947014979975938331e+01,5.149601545553085025e+00,1.712982783045572432e+01,2.757858544536447187e+00,1.537763383025675701e+01,2.745103997112324112e+00
7.469685794102703946e-01,2.326268022051349305e-01,2.794276411677473959e+01,3.553085881670995150e+01,5.149529710909067859e+00,1.189391097930729302e+01,2.757845779709128919e+00,1.029963596583180774e+01,2.746355175180094310e+00
7.469685794102703946e-01,5.191811544102705733e-01,2.380489881767308447e+01,3.258804384224640671e+01,5.149456238302035693e+00,8.802566703996944852e+00,2.757184624230058834e+00,7.247596141804550030e+00,2.742239754401909924e+00
7.469685794102703946e-01,8.057355066154061607e-01,2.231515761448558521e+01,3.200323243405728135e+01,5.149498789235135376e+00,9.844139076491273954e+00,2.758109173111555457e+00,8.163085181968824600e+00,2.747791539836148988e+00
7.469685794102703946e-01,1.092289858820541859e+00,2.488250817706883922e+01,3.410347869644465391e+01,5.149645531629370332e+00,1.337763950695944004e+01,2.760519752213231204e+00,1.155482012528096547e+01,2.767036996911733659e+00
7.469685794102703946e-01,1.378844211025677557e+00,2.907652255460246948e+01,3.810031490995606873e+01,5.149558274824389770e+00,1.727308732735377816e+01,2.762108624467035423e+00,1.544844117497623159e+01,2.783933141694564295e+00
7.469685794102703946e-01,1.665398563230813256e+00,3.386249515584576386e+01,4.255717325590376277e+01,5.149378319179916730e+00,2.101627476913157011e+01,2.764652412837738105e+00,1.928653600494476450e+01,2.806799299395188019e+00
7.469685794102703946e-01,1.951952915435948732e+00,3.762565504468353339e+01,4.598754138739604969e+01,5.149513178413187120e+00,2.421219325477136408e+01,2.771007493634864094e+00,2.254422343030508102e+01,2.844517820310394907e+00
7.469685794102703946e-01,2.238507267641084653e+00,3.990763241624014057e+01,4.742927929358847905e+01,5.149878484483830121e+00,2.567301873300789339e+01,2.777123118093004717e+00,2.400293076937290948e+01,2.892227483622543893e+00
7.469685794102703946e-01,2.525061619846220129e+00,3.946238203342146988e+01,4.681952461508626584e+01,5.149659652115691877e+00,2.485826537611455933e+01,2.781865312093029008e+00,2.318560715203944866e+01,2.959122927296162331e+00
7.469685794102703946e-01,2.811615972051355605e+00,3.642273793014958727e+01,4.485468948826019187e+01,5.149548134950730827e+00,2.267091962168842656e+01,2.799753574701370429e+00,2.116892309640058656e+01,3.102985295958911038e+00
7.469685794102703946e-01,3.098170324256491526e+00,3.347968086512349117e+01,4.230644810375815723e+01,5.150459384617541936e+00,2.045764220762748664e+01,2.833985048890877767e+00,1.956007886883845970e+01,3.318848181262001429e+00
7.469685794102703946e-01,3.384724676461627002e+00,3.064191605995655010e+01,3.928464758741029073e+01,5.145592463589051313e+00,1.917637466581072658e+01,2.964238661497322624e+00,1.927064573157714378e+01,3.909244939529286977e+00
1.027894969115406010e+00,-3.492579776461628427e+00,2.581860862718296801e+01,3.449603804813523311e+01,5.142737798889911893e+00,1.569927931661754883e+01,3.141749078649525906e+00,1.489959207238770134e+01,4.286349296283046506e+00
1.027894969115406010e+00,-3.206025424256492951e+00,2.675041520464353084e+01,3.589968448407307733e+01,5.149680389499089905e+00,1.467242664990226331e+01,2.838082846867801212e+00,1.288186364864563593e+01,3.344743648727315222e+00
1.027894969115406010e+00,-2.919471072051357030e+00,2.768222178210410078e+01,3.626909362217702437e+01,5.149878986683333437e+00,1.544672875815331281e+01,2.806466985180843476e+00,1.300461598234332605e+01,3.121139215681438817e+00
1.027894969115406010e+00,-2.632916719846221554e+00,2.939125446570019307e+01,3.763930075913958717e+01,5.149559119696704101e+00,1.755300488524289904e+01,2.783395505968934813e+00,1.487025286628815657e+01,2.971672439224081863e+00
1.027894969115406010e+00,-2.346362367641085633e+00,3.108770331645511931e+01,3.989061630047217477e+01,5.149910357174936060e+00,1.932436731575535305e+01,2.777136446878578635e+00,1.668691964308721865e+01,2.896487095480246854e+00
1.027894969115406010e+00,-2.059808015435950157e+00,3.214659155154810577e+01,4.203061812034866307e+01,5.149778935504131461e+00,1.990199769099285731e+01,2.773502577792250623e+00,1.729819749733766798e+01,2.856365524995214233e+00
1.027894969115406010e+00,-1.773253663230814681e+00,3.245575258970907839e+01,4.317261323555430863e+01,5.149476410610545507e+00,1.980921664579659591e+01,2.767583407271783980e+00,1.709894366651913700e+01,2.821515860905877915e+00
1.027894969115406010e+00,-1.486699311025678982e+00,3.235774798171084399e+01,4.294308558733609971e+01,5.149522006462825985e+00,1.923872173344409475e+01,2.763403618471119483e+00,1.648099587479892136e+01,2.792964113092603728e+00
1.027894969115406010e+00,-1.200144958820543284e+00,3.095614607595176437e+01,4.164182839015848003e+01,5.149701933461659387e+00,1.766298036794933068e+01,2.762133121121907564e+00,1.507891139397284697e+01,2.778873462285521789e+00
1.027894969115406010e+00,-9.135906066154075855e-01,2.936127748157900896e+01,3.997676198484259658e+01,5.149661330717380636e+00,1.561784342963630934e+01,2.761151920676421234e+00,1.327428209608930665e+01,2.766245599376366382e+00
1.027894969115406010e+00,-6.270362544102719982e-01,2.797780347705934645e+01,3.833416448967182077e+01,5.149545600752780672e+00,1.443459787043599363e+01,2.759057896253437114e+00,1.218833435923691688e+01,2.752501869398577661e+00
1.027894969115406010e+00,-3.404819022051363553e-01,2.633037305521640903e+01,3.643794937316852156e+01,5.149541949950711128e+00,1.359048369588602156e+01,2.757677597527215863e+00,1.132039285735018197e+01,2.742314942168155412e+00
1.027894969115406010e+00,-5.392755000000071242e-02,2.437122557344651597e+01,3.403877472960448358e+01,5.149576642100529789e+00,1.122826067284574947e+01,2.757883822862195355e+00,8.946778259478717743e+00,2.745363896903020517e+00
1.027894969115406010e+00,2.326268022051349305e-01,2.150072652908814064e+01,3.179007398350222502e+01,5.149597806868452921e+00,8.012619039621768025e+00,2.757957356085180667e+00,5.755912351473810418e+00,2.743903390498066308e+00
1.027894969115406010e+00,5.191811544102705733e-01,2.077045307456136314e+01,3.101039563970698509e+01,5.149528575958408183e+00,7.248753265627101428e+00,2.757484752699038033e+00,4.983081932914480205e+00,2.740449371861834127e+00
1.027894969115406010e+00,8.057355066154061607e-01,2.249854453331820991e+01,3.249682409242086578e+01,5.149627671048227384e+00,1.029742918030910914e+01,2.758704269883884397e+00,7.995651431616391136e+00,2.750168781204494817e+00
1.027894969115406010e+00,1.092289858820541859e+00,2.648735111380035434e+01,3.577930341447063256e+01,5.149739489547765281e+00,1.487680071241220503e+01,2.761733941757049671e+00,1.263652269884093116e+01,2.773248297289384379e+00
1.027894969115406010e+00,1.378844211025677557e+00,3.065546510193520646e+01,3.949330612919584382e+01,5.149649347303197011e+00,1.849581437122787975e+01,2.763773338300719029e+00,1.647290123842742204e+01,2.792459942608534806e+00
1.027894969115406010e+00,1.665398563230813256e+00,3.413201356636164974e+01,4.222711034152598586e+01,5.149414769512102197e+00,2.068891636322859995e+01,2.766664747351415432e+00,1.892428944354196219e+01,2.818060962173495110e+00
1.027894969115406010e+00,1.951952915435948732e+00,3.529789876728272446e+01,4.311141997227969114e+01,5.149665066830740656e+00,2.147221895437485273e+01,2.773170776506562518e+00,1.987268722326243520e+01,2.856710567375947196e+00
1.027894969115406010e+00,2.238507267641084653e+00,3.416899473885056437e+01,4.210083594686875585e+01,5.150014257439436527e+00,2.035033131241971205e+01,2.778729056356948668e+00,1.876083390568503617e+01,2.898760566832505159e+00
1.027894969115406010e+00,2.525061619846220129e+00,3.142582749507674222e+01,3.998976511067303363e+01,5.149769028720652564e+00,1.754378447667613727e+01,2.782649597316035006e+00,1.579722833620239086e+01,2.958402508874474535e+00
1.027894969115406010e+00,2.811615972051355605e+00,2.831437236970533178e+01,3.790513677122362424e+01,5.149620402518744200e+00,1.437407593344278212e+01,2.799195385623197474e+00,1.256386577381698366e+01,3.093011642789733173e+00
1.027894969115406010e+00,3.098170324256491526e+00,2.698423419399511758e+01,3.633364700242236722e+01,5.150349077106340268e+00,1.201349503456003731e+01,2.829360955803723154e+00,1.087666182505296675e+01,3.285470950892077191e+00
1.027894969115406010e+00,3.384724676461627002e+00,2.602449875486322384e+01,3.445108349744987208e+01,5.145346316081568006e+00,1.094047258357113606e+01,2.954174612013063417e+00,1.155664326174962930e+01,3.853760690027389302e+00
1.308821358820541736e+00,-3.492579776461628427e+00,2.889269649719607003e+01,3.775112486358557362e+01,5.142919366670851922e+00,2.003995553474624103e+01,3.140894609626651679e+00,1.873205208871079464e+01,4.310060270920713421e+00
1.308821358820541736e+00,-3.206025424256492951e+00,3.191051013396834080e+01,4.033667036036786158e+01,5.149985238226481243e+00,2.006310557497954505e+01,2.844667316310363958e+00,1.795131915667289491e+01,3.387576410721373499e+00
1.308821358820541736e+00,-2.919471072051357030e+00,3.492832377074060446e+01,4.216021480034396518e+01,5.149887166472620237e+00,2.147649286270552693e+01,2.810767446719173002e+00,1.907413228362513991e+01,3.158832626596972393e+00
1.308821358820541736e+00,-2.632916719846221554e+00,3.784924880383419321e+01,4.463919312525831629e+01,5.149638084362134549e+00,2.421947679337336012e+01,2.787139988243267918e+00,2.176700714850155549e+01,3.000069276491232451e+00
1.308821358820541736e+00,-2.346362367641085633e+00,3.976804275801174526e+01,4.712783471374132205e+01,5.150021321040251010e+00,2.657555834259437688e+01,2.780609073478399917e+00,2.414036715284375489e+01,2.919441679189792360e+00
1.308821358820541736e+00,-2.059808015435950157e+00,4.054318650166735694e+01,4.855846551743161399e+01,5.149947066113274907e+00,2.709930471721395406e+01,2.776842554405717589e+00,2.463641995038184973e+01,2.880673843820415136e+00
1.308821358820541736e+00,-1.773253663230814681e+00,3.978270003937998922e+01,4.839503489994967822e+01,5.149714018200207910e+00,2.594813144777731395e+01,2.771013587148493329e+00,2.338941728429577793e+01,2.847085221380110998e+00
1.308821358820541736e+00,-1.486699311025678982e+00,3.770080517892135674e+01,4.674856416181137320e+01,5.149681653901707179e+00,2.378779777118825223e+01,2.766803418873467812e+00,2.119398290885145286e+01,2.817615352383079586e+00
1.308821358820541736e+00,-1.200144958820543284e+00,3.477982106578976840e+01,4.429641971780802123e+01,5.149795922504003975e+00,2.096605017649545744e+01,2.764835090208599855e+00,1.848589561135467818e+01,2.796198569028490066e+00
1.308821358820541736e+00,-9.135906066154075855e-01,3.206233079857722856e+01,4.196083209459175123e+01,5.149737453913302510e+00,1.837005335625434554e+01,2.763278877779646869e+00,1.601791343630289788e+01,2.781978668363552121e+00
1.308821358820541736e+00,-6.270362544102719982e-01,3.070680828131707685e+01,4.021341693589056376e+01,5.149646649897065664e+00,1.707720668090900062e+01,2.761413245216827850e+00,1.471459064083263968e+01,2.771021585947629706e+00
1.308821358820541736e+00,-3.404819022051363553e-01,2.934497408335913349e+01,3.876904669108625967e+01,5.149711961882588618e+00,1.646569552972482597e+01,2.760254022857731027e+00,1.403507672304298026e+01,2.763571770071483691e+00
1.308821358820541736e+00,-5.392755000000071242e-02,2.793424990570534305e+01,3.730337008317292202e+01,5.149734919878604877e+00,1.494968486703146482e+01,2.760287219855505292e+00,1.256495796682185961e+01,2.762981579185153969e+00
1.308821358820541736e+00,2.326268022051349305e-01,2.703588673884619453e+01,3.632631302445952315e+01,5.149695298624028084e+00,1.312654086303655276e+01,2.760125541643023261e+00,1.089477477228009406e+01,2.758484015602378214e+00
1.308821358820541736e+00,5.191811544102705733e-01,2.864415264780244286e+01,3.688704425976902712e+01,5.149543206860656142e+00,1.358136251669748162e+01,2.759877794629473691e+00,1.147562034194557334e+01,2.756799753493452965e+00
1.308821358820541736e+00,8.057355066154061607e-01,3.176693730812333527e+01,3.936807090924412478e+01,5.149617417190426316e+00,1.704488424371447763e+01,2.761537895158706846e+00,1.501812444189162932e+01,2.767366333858781058e+00
1.308821358820541736e+00,1.092289858820541859e+00,3.600195615212673061e+01,4.287839141832955647e+01,5.149807932725149584e+00,2.132266249542817604e+01,2.764820074840587338e+00,1.942766255688014709e+01,2.791710758087665223e+00
1.308821358820541736e+00,1.378844211025677557e+00,3.916717297676338205e+01,4.585703603203000966e+01,5.149755219692043084e+00,2.430787290424996172e+01,2.766976378125199698e+00,2.259679473036814557e+01,2.815148311472218001e+00
1.308821358820541736e+00,1.665398563230813256e+00,4.073002002256571075e+01,4.704681032519147266e+01,5.149655120458096924e+00,2.556658868192755563e+01,2.770144814416641399e+00,2.397274510524077940e+01,2.843979627413371070e+00
1.308821358820541736e+00,1.951952915435948732e+00,3.948748232168364325e+01,4.605157357094867621e+01,5.149837892210254786e+00,2.497783460861069216e+01,2.776377872776691014e+00,2.339992899108866098e+01,2.882375165546892326e+00
1.308821358820541736e+00,2.238507267641084653e+00,3.637134164558547411e+01,4.352780454682942946e+01,5.150144511001697012e+00,2.240220051982760197e+01,2.781468889534499667e+00,2.076643310193203718e+01,2.923328771134994675e+00
1.308821358820541736e+00,2.525061619846220129e+00,3.313600921150738543e+01,4.104069973506557290e+01,5.149859304039146934e+00,1.896837069714911195e+01,2.785891801515469446e+00,1.714165138431916091e+01,2.986636319873417822e+00
1.308821358820541736e+00,2.811615972051355605e+00,3.136480791353323028e+01,4.018702042715449352e+01,5.149723888143032724e+00,1.665796245139335952e+01,2.803119153665850405e+00,1.457729614891938397e+01,3.122991319932684640e+00
1.308821358820541736e+00,3.098170324256491526e+00,3.217024138033009706e+01,4.114407177864632104e+01,5.150227431128260314e+00,1.625137794498050425e+01,2.832821708386136006e+00,1.431176486442452145e+01,3.316449660605500949e+00
1.308821358820541736e+00,3.384724676461627002e+00,3.344684636824086255e+01,4.188222482854325790e+01,5.144761992667826966e+00,1.692876158129865871e+01,2.978977890631829606e+00,1.595058408518194959e+01,3.924667976952316728e+00
1.589747748525677462e+00,-3.492579776461628427e+00,4.304749197840507691e+01,4.788088630083075259e+01,5.144039674842021626e+00,3.138060555379047400e+01,3.147209471517071755e+00,2.878382788716490026e+01,4.368162262492356618e+00
1.589747748525677462e+00,-3.206025424256492951e+00,4.655855132684327202e+01,5.172137497070070822e+01,5.150052915768471351e+00,3.249661912513829520e+01,2.852393886272662549e+00,3.004630907936381234e+01,3.448950992224916856e+00
1.589747748525677462e+00,-2.919471072051357030e+00,5.006961067528147424e+01,5.462112217264075298e+01,5.149776428715834520e+00,3.429146043222544904e+01,2.817174208833900462e+00,3.207927490320766140e+01,3.219352284783909557e+00
1.589747748525677462e+00,-2.632916719846221554e+00,5.335663662510472705e+01,5.756144333469273988e+01,5.149542018023232970e+00,3.709139747975586943e+01,2.793424953897088781e+00,3.488737648286905113e+01,3.063856810978694778e+00
1.589747748525677462e+00,-2.346362367641085633e+00,5.507989276935253997e+01,5.980485049479466397e+01,5.149864834720534468e+00,3.950320817448664457e+01,2.786255885974761703e+00,3.719676849936191587e+01,2.978041420412866014e+00
1.589747748525677462e+00,-2.059808015435950157e+00,5.548166894248397085e+01,6.061977738050336484e+01,5.149737793841078215e+00,3.999756600755836189e+01,2.781956503758718835e+00,3.765218109948568070e+01,2.935953424213560758e+00
1.589747748525677462e+00,-1.773253663230814681e+00,5.435328174259474565e+01,5.992655108375765849e+01,5.149579983556865415e+00,3.852574850272867479e+01,2.776039050611911918e+00,3.619143780546988864e+01,2.899788512184891864e+00
1.589747748525677462e+00,-1.486699311025678982e+00,5.214053607666131285e+01,5.801912196450575721e+01,5.149712921925273079e+00,3.597912242350543011e+01,2.771535966363090964e+00,3.367103767656664104e+01,2.863690178772512862e+00
1.589747748525677462e+00,-1.200144958820543284e+00,4.904593862627379508e+01,5.540890487963770283e+01,5.149818947560651061e+00,3.312542370884622756e+01,2.769013821186739222e+00,3.088590825353642444e+01,2.836533027606681134e+00
1.589747748525677462e+00,-9.135906066154075855e-01,4.617233240937632388e+01,5.279842186644964386e+01,5.149621943838906368e+00,3.067532945015229018e+01,2.767022817967082826e+00,2.849885281954421501e+01,2.822579398042230903e+00
1.589747748525677462e+00,-6.270362544102719982e-01,4.445927626173671143e+01,5.069906284130411223e+01,5.149495080867513508e+00,2.913716017037239681e+01,2.765292560685262746e+00,2.694934176006747961e+01,2.813243374443652467e+00
1.589747748525677462e+00,-3.404819022051363553e-01,4.278903986702069773e+01,4.911098638099792879e+01,5.149615422548816213e+00,2.806123721672236115e+01,2.764498308698392748e+00,2.589129318271956848e+01,2.804437944814867301e+00
1.589747748525677462e+00,-5.392755000000071242e-02,4.187009363936442696e+01,4.793771643676154781e+01,5.149782294044912945e+00,2.676196210727243852e+01,2.764625410100287173e+00,2.478387594781268177e+01,2.801324883200261961e+00
1.589747748525677462e+00,2.326268022051349305e-01,4.211815477948299957e+01,4.760896911560848821e+01,5.149661286659807047e+00,2.599617862873742524e+01,2.764245154914589886e+00,2.429799867921859047e+01,2.801592115213091816e+00
1.589747748525677462e+00,5.191811544102705733e-01,4.465621651434295103e+01,4.883928490885591600e+01,5.149508472759857014e+00,2.729353988327147817e+01,2.764062881067844479e+00,2.576238309548734762e+01,2.804161253352126071e+00
1.589747748525677462e+00,8.057355066154061607e-01,4.829117195235166804e+01,5.169644845231960062e+01,5.149552253601606289e+00,3.057001121497569329e+01,2.765956193415091136e+00,2.907661006001421100e+01,2.815071052117958050e+00
1.589747748525677462e+00,1.092289858820541859e+00,5.194896753246938204e+01,5.519464227538264822e+01,5.149692228153813112e+00,3.409521060624365418e+01,2.769277347390408650e+00,3.262031775337798933e+01,2.838811931827111223e+00
1.589747748525677462e+00,1.378844211025677557e+00,5.403279875339192273e+01,5.784534426427853759e+01,5.149731580878251336e+00,3.657115875082263301e+01,2.771570936600364021e+00,3.507961710091307594e+01,2.863418668209726015e+00
1.589747748525677462e+00,1.665398563230813256e+00,5.419557419121291275e+01,5.845690375151752960e+01,5.149615108722848333e+00,3.751098156977263898e+01,2.774790115964067549e+00,3.589032696403062062e+01,2.890715283759802468e+00
1.589747748525677462e+00,1.951952915435948732e+00,5.172294358975618422e+01,5.667926857374550309e+01,5.149745149243333486e+00,3.623335203511578584e+01,2.780565751332033209e+00,3.445763273417789208e+01,2.925164032427769012e+00
1.589747748525677462e+00,2.238507267641084653e+00,4.793529542722646397e+01,5.340395121248729993e+01,5.149928587012127856e+00,3.266926716248099183e+01,2.785577681102142655e+00,3.085742481279272909e+01,2.965803148204384510e+00
1.589747748525677462e+00,2.525061619846220129e+00,4.503959787270436266e+01,5.073360186220088508e+01,5.149679968246682726e+00,2.886084523924773748e+01,2.791530804023579115e+00,2.705852829022470019e+01,3.036263690381526548e+00
1.589747748525677462e+00,2.811615972051355605e+00,4.441946969733910322e+01,5.078586462554812897e+01,5.149695201822673596e+00,2.760928489436582822e+01,2.811841966625217015e+00,2.560549586148852086e+01,3.182851312071811378e+00
1.589747748525677462e+00,3.098170324256491526e+00,4.654470570926766726e+01,5.363810085128352512e+01,5.150069759203529607e+00,2.943205353016492154e+01,2.845344897969911191e+00,2.687385318474711227e+01,3.402434318151366544e+00
1.589747748525677462e+00,3.384724676461627002e+00,4.916473104499033298e+01,5.626409513464022893e+01,5.143933784652543473e+00,3.212471038623789354e+01,3.026921766715361173e+00,2.880774842410807679e+01,4.089422585753247574e+00
1.870674138230813188e+00,-3.492579776461628427e+00,5.752594345634479822e+01,6.029060651066538412e+01,5.145421688288357664e+00,4.501597850789198674e+01,3.177346074460313030e+00,4.052243469788687946e+01,4.504390689529563119e+00
1.870674138230813188e+00,-3.206025424256492951e+00,6.162833867423925227e+01,6.540560088267375249e+01,5.150144505808691875e+00,4.766544564149216967e+01,2.868006565578717471e+00,4.436635975971798729e+01,3.556292761513109912e+00
1.870674138230813188e+00,-2.919471072051357030e+00,6.573073389213372764e+01,6.936810810457973275e+01,5.149841156095683381e+00,5.051720704760691660e+01,2.827525471350059050e+00,4.782350930165551262e+01,3.293705998502718391e+00
1.870674138230813188e+00,-2.632916719846221554e+00,6.905728971510140468e+01,7.287182525151001755e+01,5.149616698291268335e+00,5.369514606289703806e+01,2.803170178332875295e+00,5.098839573190865337e+01,3.133935344629327879e+00
1.870674138230813188e+00,-2.346362367641085633e+00,7.073590229430287479e+01,7.521895061196119059e+01,5.149725332198615391e+00,5.605969778514304380e+01,2.795278939916091332e+00,5.323947170210260538e+01,3.052633706888617571e+00
1.870674138230813188e+00,-2.059808015435950157e+00,7.109364636798284209e+01,7.599784760143666063e+01,5.149404272174195718e+00,5.656158884662886521e+01,2.789749228357139010e+00,5.383773436539178192e+01,3.009008143922387024e+00
1.870674138230813188e+00,-1.773253663230814681e+00,7.011591261599041047e+01,7.541225026997562964e+01,5.149282693449809045e+00,5.536193629465174126e+01,2.783063436956153325e+00,5.281297165877025179e+01,2.968969441945226162e+00
1.870674138230813188e+00,-1.486699311025678982e+00,6.809983795701623421e+01,7.370619507091760170e+01,5.149571381880559073e+00,5.324491526184222323e+01,2.778583873575342533e+00,5.077954440208966957e+01,2.932630704462405369e+00
1.870674138230813188e+00,-1.200144958820543284e+00,6.536134120799653147e+01,7.106689263894440955e+01,5.149771560922799196e+00,5.071443608016157611e+01,2.776292325021675111e+00,4.829148713965260242e+01,2.906015918444359247e+00
1.870674138230813188e+00,-9.135906066154075855e-01,6.226170086628903988e+01,6.800870498412405141e+01,5.149573340170582547e+00,4.809888995542297607e+01,2.773575975982530917e+00,4.575471642179678611e+01,2.885033872680088152e+00
1.870674138230813188e+00,-6.270362544102719982e-01,5.999047041673053826e+01,6.531751864730904344e+01,5.149327359467457121e+00,4.582630784629151321e+01,2.771035026509336419e+00,4.358214999875418982e+01,2.869098148721049846e+00
1.870674138230813188e+00,-3.404819022051363553e-01,5.834198720344910072e+01,6.354857632557104807e+01,5.149493142142254065e+00,4.424170929968317978e+01,2.770426531681951854e+00,4.214479983680893582e+01,2.861793042570295764e+00
1.870674138230813188e+00,-5.392755000000071242e-02,5.797275353041936086e+01,6.287718522369686980e+01,5.149613758875948299e+00,4.367386402322676986e+01,2.770933799213419757e+00,4.179709781625476239e+01,2.864702996808591529e+00
1.870674138230813188e+00,2.326268022051349305e-01,5.932032717721484971e+01,6.339127074078714941e+01,5.149504403269520303e+00,4.457196534655281539e+01,2.770767216286002643e+00,4.286299345800627236e+01,2.868497879721551236e+00
1.870674138230813188e+00,5.191811544102705733e-01,6.232401200595458590e+01,6.515469930008111987e+01,5.149346908091700037e+00,4.687082179645676661e+01,2.770672734347192190e+00,4.515853085692955915e+01,2.868840517998521467e+00
1.870674138230813188e+00,8.057355066154061607e-01,6.558467140836722820e+01,6.789474605336727109e+01,5.149424337471121049e+00,4.957606966002504123e+01,2.772554370494830778e+00,4.777372091142790111e+01,2.876437467430197792e+00
1.870674138230813188e+00,1.092289858820541859e+00,6.819819028674879746e+01,7.084628440010419581e+01,5.149650644227610208e+00,5.174729145810238151e+01,2.776165806192447238e+00,4.988204548193819221e+01,2.900332687232547446e+00
1.870674138230813188e+00,1.378844211025677557e+00,6.928044076258646555e+01,7.295067980040039402e+01,5.149610759618704847e+00,5.322535842323213728e+01,2.779152883120196815e+00,5.127295929109128281e+01,2.929998368316763635e+00
1.870674138230813188e+00,1.665398563230813256e+00,6.858165478727354980e+01,7.316681352768500801e+01,5.149439185789085549e+00,5.357877277073998812e+01,2.782839300116850101e+00,5.145791247166854987e+01,2.961179554905220446e+00
1.870674138230813188e+00,1.951952915435948732e+00,6.564681959970542380e+01,7.096549803730158601e+01,5.149502760654644185e+00,5.154280382417300643e+01,2.788533406118272939e+00,4.929493367541468274e+01,2.994307864787556284e+00
1.870674138230813188e+00,2.238507267641084653e+00,6.175545473320563872e+01,6.711777193979651202e+01,5.149724551212361057e+00,4.698755754841840826e+01,2.793427523897159759e+00,4.483030715738730976e+01,3.031255029189895644e+00
1.870674138230813188e+00,2.525061619846220129e+00,5.914536343407286267e+01,6.395679455834033433e+01,5.149546127775592730e+00,4.256277471750127006e+01,2.800203716614945382e+00,4.066895498104954498e+01,3.103451824682142313e+00
1.870674138230813188e+00,2.811615972051355605e+00,5.901480532517789612e+01,6.396976653490855824e+01,5.149794762255602620e+00,4.164028489900556451e+01,2.823108707079374113e+00,3.971394502184878661e+01,3.257857483974433421e+00
1.870674138230813188e+00,3.098170324256491526e+00,6.170096861273844979e+01,6.722689935997186694e+01,5.150093346603143551e+00,4.468185465657552413e+01,2.859541914631083426e+00,4.165116322571520158e+01,3.499917199436068938e+00
1.870674138230813188e+00,3.384724676461627002e+00,6.479538244446757744e+01,7.008061564092349727e+01,5.143338864054662452e+00,4.868015148160429817e+01,3.072442549611829499e+00,4.311014309439070757e+01,4.261646393362634733e+00
2.151600527935948914e+00,-3.492579776461628427e+00,6.629050560527161906e+01,6.841749518721189816e+01,5.146731531470321030e+00,5.443871862912146753e+01,3.215745616403209883e+00,4.810684689671342085e+01,4.649893244033552087e+00
2.151600527935948914e+00,-3.206025424256492951e+00,7.136012498140746629e+01,7.433764445166161750e+01,5.150322195412591064e+00,5.782760411306981041e+01,2.889751366007164979e+00,5.365328223184381784e+01,3.688132016849568817e+00
2.151600527935948914e+00,-2.919471072051357030e+00,7.642974435754337037e+01,7.925938229456369299e+01,5.150099247157952753e+00,6.180100960015988676e+01,2.841209795144449046e+00,5.848348263446055029e+01,3.387472706808803746e+00
2.151600527935948914e+00,-2.632916719846221554e+00,8.017333832069171251e+01,8.369519131917331833e+01,5.150129356328934982e+00,6.585399965053420601e+01,2.815062826717556810e+00,6.252439961241723410e+01,3.208384537552507076e+00
2.151600527935948914e+00,-2.346362367641085633e+00,8.213172318116703252e+01,8.679114017462416086e+01,5.150198447392329015e+00,6.865947732393942715e+01,2.806483164319529600e+00,6.527512959853785901e+01,3.122560603177856997e+00
2.151600527935948914e+00,-2.059808015435950157e+00,8.266034161942563685e+01,8.803851185423263814e+01,5.149632873709204972e+00,6.957401910851297089e+01,2.799579906393283135e+00,6.635693387949598332e+01,3.074799297304325219e+00
2.151600527935948914e+00,-1.773253663230814681e+00,8.173689790033370173e+01,8.760076676540484186e+01,5.149363695054681500e+00,6.896923831832179985e+01,2.791592057682247052e+00,6.590343568089897985e+01,3.028473454968100942e+00
2.151600527935948914e+00,-1.486699311025678982e+00,7.956074938750420245e+01,8.570420141018257709e+01,5.149714278100352871e+00,6.725102692010619876e+01,2.786803302496569046e+00,6.417884948156108749e+01,2.988954198892153968e+00
2.151600527935948914e+00,-1.200144958820543284e+00,7.642182810997618958e+01,8.257428932884431561e+01,5.149981680111350713e+00,6.448709773094810771e+01,2.784663273948784212e+00,6.140381341553106864e+01,2.963524321908610037e+00
2.151600527935948914e+00,-9.135906066154075855e-01,7.281111246148492455e+01,7.896596616429451387e+01,5.149771645221703054e+00,6.111156477471564585e+01,2.781612739464499828e+00,5.816636145128453705e+01,2.941654295682303744e+00
2.151600527935948914e+00,-6.270362544102719982e-01,7.055485690894681738e+01,7.615977119845047127e+01,5.149516669653534606e+00,5.827659158286215302e+01,2.778852593988272002e+00,5.558529043105446021e+01,2.923931514821196398e+00
2.151600527935948914e+00,-3.404819022051363553e-01,6.979804112664915294e+01,7.514986874606984202e+01,5.149609740503259481e+00,5.724856465995532062e+01,2.778387544554784316e+00,5.482193331303579953e+01,2.917304996642462012e+00
2.151600527935948914e+00,-5.392755000000071242e-02,7.094421994619412430e+01,7.597752546925039496e+01,5.149743868670337399e+00,5.856316639578301420e+01,2.778600591050811808e+00,5.630659990423612271e+01,2.916528826232477556e+00
2.151600527935948914e+00,2.326268022051349305e-01,7.385243462071048270e+01,7.789425690782081801e+01,5.149659300773028470e+00,6.148523993861886083e+01,2.778645310428828008e+00,5.920936099640264416e+01,2.920408215801808094e+00
2.151600527935948914e+00,5.191811544102705733e-01,7.690071919723405358e+01,8.000991270852682646e+01,5.149511895342132384e+00,6.423608498606722605e+01,2.779240944638142974e+00,6.180008155293410965e+01,2.928035566040328774e+00
2.151600527935948914e+00,8.057355066154061607e-01,7.894359924300977127e+01,8.178099364576337393e+01,5.149694610288403140e+00,6.540652680426592269e+01,2.781425380662513547e+00,6.285030349948915074e+01,2.938540208931069486e+00
2.151600527935948914e+00,1.092289858820541859e+00,7.969805200056991623e+01,8.303689394007960800e+01,5.149866236958288823e+00,6.528830640162345844e+01,2.784931330373279224e+00,6.271677732554399398e+01,2.961434660687177534e+00
2.151600527935948914e+00,1.378844211025677557e+00,7.939354392374441716e+01,8.357476528563711327e+01,5.149738975469642099e+00,6.499084621376584892e+01,2.788028397725317742e+00,6.241506008710769038e+01,2.993940215413860795e+00
2.151600527935948914e+00,1.665398563230813256e+00,7.796756516173695672e+01,8.277327265878557228e+01,5.149496573248946163e+00,6.423594532397487455e+01,2.792413428608050197e+00,6.162754387430658909e+01,3.031327397298642978e+00
2.151600527935948914e+00,1.951952915435948732e+00,7.485942252449919465e+01,7.998140018466801848e+01,5.149676588302127378e+00,6.139662298455959899e+01,2.798836954572378133e+00,5.879799464028035061e+01,3.066026562381654053e+00
2.151600527935948914e+00,2.238507267641084653e+00,7.092641927105758270e+01,7.570815479531302117e+01,5.149974020775797356e+00,5.627010473497762177e+01,2.804062701590712248e+00,5.381193674145646355e+01,3.098600643757494222e+00
2.151600527935948914e+00,2.525061619846220129e+00,6.842216377159537899e+01,7.219911625249369536e+01,5.149844703057551598e+00,5.156617150960346407e+01,2.810540710672039477e+00,4.939599372865031768e+01,3.164762570930892416e+00
2.151600527935948914e+00,2.811615972051355605e+00,6.849281556647355274e+01,7.194237955911376048e+01,5.150167869197249004e+00,5.060203369261671469e+01,2.833139980521981016e+00,4.845859748071750062e+01,3.318500545897263176e+00
2.151600527935948914e+00,3.098170324256491526e+00,7.165337867532612393e+01,7.485715647095639724e+01,5.150369351550691199e+00,5.389806359330304986e+01,2.869036376056993021e+00,5.040449009020385773e+01,3.567281138403712859e+00
2.151600527935948914e+00,3.384724676461627002e+00,7.534119388639396675e+01,7.697781057037354913e+01,5.143111029289999081e+00,5.855470122250130771e+01,3.102166423866579592e+00,5.140538898165603143e+01,4.368346442804727836e+00
2.432526917641084196e+00,-3.492579776461628427e+00,6.176344019502033689e+01,6.666305097869189922e+01,5.147201054050919211e+00,5.385319448545419618e+01,3.203083873124264791e+00,4.695928999061436571e+01,4.647569665455425714e+00
2.432526917641084196e+00,-3.206025424256492951e+00,6.817515177204103338e+01,7.230107241981022526e+01,5.150216318476915411e+00,5.589548504493177461e+01,2.895592806844499378e+00,5.189097538080127947e+01,3.742164860160591022e+00
2.432526917641084196e+00,-2.919471072051357030e+00,7.458686334906175830e+01,7.760612817843502853e+01,5.149923574747615973e+00,6.003516426657688498e+01,2.849100755578099609e+00,5.698263319623174539e+01,3.458065362966571410e+00
2.432526917641084196e+00,-2.632916719846221554e+00,7.960298094764497989e+01,8.305669732038222719e+01,5.150321626625673943e+00,6.514032326243227544e+01,2.822504422413233183e+00,6.199735363738974314e+01,3.271018019885710615e+00
2.432526917641084196e+00,-2.346362367641085633e+00,8.267646408213434484e+01,8.735520994292164687e+01,5.150720670984531679e+00,6.909619624426636619e+01,2.814184986361582208e+00,6.584300559649594220e+01,3.177829556548975365e+00
2.432526917641084196e+00,-2.059808015435950157e+00,8.360781093852389745e+01,8.935415557563828770e+01,5.150167786718763629e+00,7.090123909490444021e+01,2.806892212604171988e+00,6.769115019137424838e+01,3.125299213428718748e+00
2.432526917641084196e+00,-1.773253663230814681e+00,8.251669056660632862e+01,8.884284000299521722e+01,5.149723918258191979e+00,7.068457772233249159e+01,2.797713106188922882e+00,6.743592728255096347e+01,3.074033548043384911e+00
2.432526917641084196e+00,-1.486699311025678982e+00,7.976827036620801437e+01,8.620847522827898501e+01,5.149950960088509611e+00,6.854574373877323978e+01,2.791958135677698127e+00,6.517442632276200243e+01,3.031768722284656548e+00
2.432526917641084196e+00,-1.200144958820543284e+00,7.566826200385716561e+01,8.224059216595924227e+01,5.150196718820287956e+00,6.471247983170604812e+01,2.789327040578944317e+00,6.133700660320731401e+01,3.002167081956675254e+00
2.432526917641084196e+00,-9.135906066154075855e-01,7.128482672870377712e+01,7.832950134336715564e+01,5.150035750450757455e+00,6.051856696547446290e+01,2.786446356638000665e+00,5.734701179312397556e+01,2.977883617760143320e+00
2.432526917641084196e+00,-6.270362544102719982e-01,6.911479144591822887e+01,7.617818467858887743e+01,5.149824088384203691e+00,5.808624666863759956e+01,2.784488061997766994e+00,5.523144813657699359e+01,2.966758435870762600e+00
2.432526917641084196e+00,-3.404819022051363553e-01,7.013324113148179606e+01,7.676275247933517676e+01,5.149900244364370216e+00,5.882662461972437029e+01,2.784587403043099485e+00,5.625875555101052328e+01,2.967087421491634291e+00
2.432526917641084196e+00,-5.392755000000071242e-02,7.390629730138189757e+01,7.951478576431691181e+01,5.150007695732862878e+00,6.233040178116976904e+01,2.784463787847014427e+00,5.990820841958581866e+01,2.964167855453327061e+00
2.432526917641084196e+00,2.326268022051349305e-01,7.911793406050338717e+01,8.266542587384174112e+01,5.149923499853335862e+00,6.637062024421561546e+01,2.784370971434574571e+00,6.392307737422868286e+01,2.967986047602745092e+00
2.432526917641084196e+00,5.191811544102705733e-01,8.168304993461507024e+01,8.452086109908123035e+01,5.149849197048301797e+00,6.825671404282081767e+01,2.785462698202551657e+00,6.572842286144299351e+01,2.978485110789170331e+00
2.432526917641084196e+00,8.057355066154061607e-01,8.088755418427162169e+01,8.456827685087046120e+01,5.150030897638015581e+00,6.708036754507679689e+01,2.787973210821075742e+00,6.455183539853354091e+01,2.989169492593973576e+00
2.432526917641084196e+00,1.092289858820541859e+00,7.933265250900264220e+01,8.347056880219315644e+01,5.150164675956593108e+00,6.449958692298469032e+01,2.790946593855882618e+00,6.202582749732057010e+01,3.010082401590606693e+00
2.432526917641084196e+00,1.378844211025677557e+00,7.782614090818593411e+01,8.198410531997797079e+01,5.149922338205081829e+00,6.247567773881485209e+01,2.793557931488269030e+00,6.003570126188464684e+01,3.040011732879800199e+00
2.432526917641084196e+00,1.665398563230813256e+00,7.565740154405443718e+01,7.995070042166480562e+01,5.149732971098594625e+00,6.069477456611855359e+01,2.798637925531704429e+00,5.829906102053170258e+01,3.077762619598845006e+00
2.432526917641084196e+00,1.951952915435948732e+00,7.228657297392423686e+01,7.665316683990386082e+01,5.150048938906707896e+00,5.739876438869248432e+01,2.806176069465568634e+00,5.506413175532929927e+01,3.114259858999672836e+00
2.432526917641084196e+00,2.238507267641084653e+00,6.809079764632448928e+01,7.234705495578236878e+01,5.150386739859620810e+00,5.242064125111755857e+01,2.811624405001507121e+00,5.011113392563910196e+01,3.152293162551973449e+00
2.432526917641084196e+00,2.525061619846220129e+00,6.538442704819482287e+01,6.904031383129768074e+01,5.150091575956056822e+00,4.812601133788325569e+01,2.818004784315780498e+00,4.589679099828496334e+01,3.226420732325915086e+00
2.432526917641084196e+00,2.811615972051355605e+00,6.550533214482931044e+01,6.896066085189522710e+01,5.150273745917187895e+00,4.727658443406471633e+01,2.841674324504860571e+00,4.505641975860757498e+01,3.389992710878573678e+00
2.432526917641084196e+00,3.098170324256491526e+00,6.871521308951119522e+01,7.175790348228474613e+01,5.150470728746340932e+00,5.058401372609432656e+01,2.879848252395392105e+00,4.719044420263671213e+01,3.640517014233656923e+00
2.432526917641084196e+00,3.384724676461627002e+00,7.242033958241992764e+01,7.338981155604415108e+01,5.142758136256758483e+00,5.607534121694379792e+01,3.122196034106694107e+00,4.888266918521017601e+01,4.426511740105541826e+00
2.713453307346219923e+00,-3.492579776461628427e+00,4.818645439711733758e+01,5.480234118366206530e+01,5.146449457214792744e+00,4.301456006317494030e+01,3.178811461808916938e+00,3.726909576776525768e+01,4.611592617427450413e+00
2.713453307346219923e+00,-3.206025424256492951e+00,5.519686010440588575e+01,5.957492316073330585e+01,5.150243147771565333e+00,4.231315736176748032e+01,2.902963435855732133e+00,3.950729525575621892e+01,3.794292587126726790e+00
2.713453307346219923e+00,-2.919471072051357030e+00,6.220726581169445524e+01,6.479735217128472868e+01,5.149233459715008898e+00,4.578938949977828088e+01,2.859668655743955679e+00,4.360643319518025862e+01,3.554432617852453458e+00
2.713453307346219923e+00,-2.632916719846221554e+00,6.875073101397970277e+01,7.107106292362732347e+01,5.149533198149330637e+00,5.181868158740599029e+01,2.829674775962512268e+00,4.923297686787861949e+01,3.358551514956976014e+00
2.713453307346219923e+00,-2.346362367641085633e+00,7.352850698469194413e+01,7.659211337308806833e+01,5.150355407301723254e+00,5.716853566310408041e+01,2.820061162396769738e+00,5.429679163836952682e+01,3.251136797312412785e+00
2.713453307346219923e+00,-2.059808015435950157e+00,7.515720395639681328e+01,7.935331563437648583e+01,5.150157293971800776e+00,5.985791626211442917e+01,2.813219407528503080e+00,5.692833134481430335e+01,3.193991909458434364e+00
2.713453307346219923e+00,-1.773253663230814681e+00,7.413463466455107209e+01,7.865296309497352922e+01,5.149670823572849443e+00,5.947705911101064657e+01,2.803699373659767513e+00,5.651502344639651199e+01,3.139956948127105463e+00
2.713453307346219923e+00,-1.486699311025678982e+00,7.055621492175602327e+01,7.517870190239773365e+01,5.149721704145305168e+00,5.620202923617341639e+01,2.797115227848165464e+00,5.327232023395693261e+01,3.093689381656339332e+00
2.713453307346219923e+00,-1.200144958820543284e+00,6.556509357390780224e+01,7.050643040990689769e+01,5.149924521489244178e+00,5.111802149693403408e+01,2.793672049231808785e+00,4.835016089966175912e+01,3.057833476023025021e+00
2.713453307346219923e+00,-9.135906066154075855e-01,6.078524918434620616e+01,6.663424045058491174e+01,5.149804022263237080e+00,4.670899603919124843e+01,2.790512865742263759e+00,4.413594771356437718e+01,3.031466037435576411e+00
2.713453307346219923e+00,-6.270362544102719982e-01,5.891772593726938823e+01,6.531275165967235807e+01,5.149660494166981906e+00,4.545472683927391699e+01,2.788955781333028572e+00,4.301214590785740910e+01,3.024668701986465980e+00
2.713453307346219923e+00,-3.404819022051363553e-01,6.122724821442751875e+01,6.708470262894115876e+01,5.149736654684112125e+00,4.789088508571779812e+01,2.789815423126958738e+00,4.553623738933292486e+01,3.033764609375155796e+00
2.713453307346219923e+00,-5.392755000000071242e-02,6.637929148704543536e+01,7.074834313032624777e+01,5.149823249348420617e+00,5.229617856793154829e+01,2.789979971413871329e+00,5.003817823177388391e+01,3.035913751112982784e+00
2.713453307346219923e+00,2.326268022051349305e-01,7.198632281849157266e+01,7.399796210731437895e+01,5.149703948068850679e+00,5.579092974879752376e+01,2.789535383614873076e+00,5.365340627140357554e+01,3.035324937044199700e+00
2.713453307346219923e+00,5.191811544102705733e-01,7.263379315911956269e+01,7.498927480938436929e+01,5.149660563840196659e+00,5.606788602385738329e+01,2.790440860151515157e+00,5.408489700635662700e+01,3.040307963371275957e+00
2.713453307346219923e+00,8.057355066154061607e-01,7.053262991124536541e+01,7.357747101552376989e+01,5.149834933486640232e+00,5.318771231725615678e+01,2.793031586524891363e+00,5.135595268794334345e+01,3.053704441587335783e+00
2.713453307346219923e+00,1.092289858820541859e+00,6.825830049035297975e+01,7.107247292627289426e+01,5.149926528393055314e+00,4.951384817752534673e+01,2.795756808993641762e+00,4.773374836178090419e+01,3.076178006175829704e+00
2.713453307346219923e+00,1.378844211025677557e+00,6.665048053240781201e+01,6.868682297107443446e+01,5.149672526359138303e+00,4.696178513934157905e+01,2.798242053949401509e+00,4.514642358201842853e+01,3.101463076591285617e+00
2.713453307346219923e+00,1.665398563230813256e+00,6.417264483117156715e+01,6.629119583334249910e+01,5.149580049906575141e+00,4.487312270832305217e+01,2.803883732949355334e+00,4.306922552612039112e+01,3.135709410318692214e+00
2.713453307346219923e+00,1.951952915435948732e+00,6.047576566091268546e+01,6.296124845303711481e+01,5.149999549474705951e+00,4.153843791585256895e+01,2.811831806558112934e+00,3.976645432761184651e+01,3.172952024745410160e+00
2.713453307346219923e+00,2.238507267641084653e+00,5.607615189409470702e+01,5.879599512158893049e+01,5.150180173841595099e+00,3.696792773797369591e+01,2.816823489380125167e+00,3.509833791976695494e+01,3.215873926195214505e+00
2.713453307346219923e+00,2.525061619846220129e+00,5.285642027467477533e+01,5.572548341235960834e+01,5.149564753338798262e+00,3.313597368134196586e+01,2.824450875117453741e+00,3.120989873209145316e+01,3.304507243335727207e+00
2.713453307346219923e+00,2.811615972051355605e+00,5.249847187947484173e+01,5.586350793475867249e+01,5.149757000133485363e+00,3.227153754483197190e+01,2.852402999696519004e+00,3.051421532865272468e+01,3.488648631965590496e+00
2.713453307346219923e+00,3.098170324256491526e+00,5.564235919530319308e+01,5.878150720313715283e+01,5.150303251773698854e+00,3.556271797921908728e+01,2.894492822567772627e+00,3.323255034492392923e+01,3.736905345971145209e+00
2.713453307346219923e+00,3.384724676461627002e+00,5.939703959117677101e+01,6.063273212920466904e+01,5.141905363152010189e+00,4.239067335064510189e+01,3.123164042470786050e+00,3.687870941409235570e+01,4.452207976907087250e+00
2.994379697051355649e+00,-3.492579776461628427e+00,3.075603293134501115e+01,3.814704162646376062e+01,5.144214558699656159e+00,2.795902130126250995e+01,3.245404933686683258e+00,2.423568655233844282e+01,4.795231743473442165e+00
2.994379697051355649e+00,-3.206025424256492951e+00,3.788782858377334151e+01,4.330045611680543516e+01,5.151139023363616509e+00,2.503178950981691742e+01,2.943154481716793391e+00,2.337886455509005046e+01,3.970119853129379983e+00
2.994379697051355649e+00,-2.919471072051357030e+00,4.501962423620167897e+01,4.896915604996320326e+01,5.149609170750126808e+00,2.779695978875633955e+01,2.891854632238795908e+00,2.599427089632172283e+01,3.725561917407917534e+00
2.994379697051355649e+00,-2.632916719846221554e+00,5.212335002691369823e+01,5.591706828084716108e+01,5.149128305401648120e+00,3.429657266645835989e+01,2.854564568364135191e+00,3.166205723171252373e+01,3.517426157603401382e+00
2.994379697051355649e+00,-2.346362367641085633e+00,5.777755828578919761e+01,6.218056528076704126e+01,5.149900513809944513e+00,4.057629621551370747e+01,2.840231843910190346e+00,3.753192202334818717e+01,3.392616181486751703e+00
2.994379697051355649e+00,-2.059808015435950157e+00,6.021640449864590749e+01,6.532393773643707391e+01,5.150002648224075052e+00,4.392851292239501504e+01,2.832799194176562452e+00,4.089743246754844108e+01,3.329273212359717515e+00
2.994379697051355649e+00,-1.773253663230814681e+00,5.936495501846832212e+01,6.445201454385824036e+01,5.149660140679917397e+00,4.353918317573766217e+01,2.823748710190240541e+00,4.069970800617852547e+01,3.277955426629886926e+00
2.994379697051355649e+00,-1.486699311025678982e+00,5.585327605309289822e+01,6.058097031628130935e+01,5.149636735922282327e+00,3.977367608889187522e+01,2.817288910974597549e+00,3.725373386276916676e+01,3.236522548134327160e+00
2.994379697051355649e+00,-1.200144958820543284e+00,5.072777079521948451e+01,5.579370599481626414e+01,5.149765801826507783e+00,3.441303331747653260e+01,2.812942078840162008e+00,3.220281686699296841e+01,3.198617614536521270e+00
2.994379697051355649e+00,-9.135906066154075855e-01,4.603506929118898228e+01,5.220249958617205266e+01,5.149687794496283111e+00,3.040714602658630383e+01,2.808616942835250097e+00,2.827290787087426693e+01,3.163093905499458458e+00
2.994379697051355649e+00,-6.270362544102719982e-01,4.460095718332340908e+01,5.116122276643000077e+01,5.149568996761002992e+00,2.975297796889714164e+01,2.806354151882674230e+00,2.747109973983682707e+01,3.150215277816255544e+00
2.994379697051355649e+00,-3.404819022051363553e-01,4.696378145431533824e+01,5.273079097612935584e+01,5.149615836180163164e+00,3.195412863376077439e+01,2.807230477834822047e+00,2.954735213138810934e+01,3.161883936311570942e+00
2.994379697051355649e+00,-5.392755000000071242e-02,5.127033565270168936e+01,5.559487954615906347e+01,5.149636763786012317e+00,3.495150828621490291e+01,2.807403416745911873e+00,3.261251930527591014e+01,3.166220497061747352e+00
2.994379697051355649e+00,2.326268022051349305e-01,5.417447199927558188e+01,5.776843160887074191e+01,5.149511683220501901e+00,3.672127886370708438e+01,2.806962898298264619e+00,3.459494200304743572e+01,3.164267835977930154e+00
2.994379697051355649e+00,5.191811544102705733e-01,5.391244488713353178e+01,5.791954618527961429e+01,5.149459697949525960e+00,3.612663276437359627e+01,2.807790495764488359e+00,3.422093936792479951e+01,3.166342372055100274e+00
2.994379697051355649e+00,8.057355066154061607e-01,5.236520272979569057e+01,5.630809383613814134e+01,5.149614637926440253e+00,3.360321146690591831e+01,2.810769202944667366e+00,3.181331972442665545e+01,3.182427768256669065e+00
2.994379697051355649e+00,1.092289858820541859e+00,5.116279244353161459e+01,5.431849944932037033e+01,5.149680276646847688e+00,3.094036833723009750e+01,2.814544058853810427e+00,2.912162238052891894e+01,3.211228134931478184e+00
2.994379697051355649e+00,1.378844211025677557e+00,5.027162444155086973e+01,5.284738629780986230e+01,5.149504239536142336e+00,2.924740467306980918e+01,2.817579692323243457e+00,2.735512070301079035e+01,3.236167994884940668e+00
2.994379697051355649e+00,1.665398563230813256e+00,4.812180070982461189e+01,5.125176994322464452e+01,5.149534610434595372e+00,2.756893138602436011e+01,2.823243870129456212e+00,2.569854102468182688e+01,3.264161647080461748e+00
2.994379697051355649e+00,1.951952915435948732e+00,4.441314025531557519e+01,4.824400731521654961e+01,5.149919850574539382e+00,2.445329278185533894e+01,2.830975517587912549e+00,2.263166717473552225e+01,3.301239877511742637e+00
2.994379697051355649e+00,2.238507267641084653e+00,3.989294843614356978e+01,4.390824872537632473e+01,5.149834823698474118e+00,2.008714018672844759e+01,2.836095193465344000e+00,1.819669370596344748e+01,3.350858899118596579e+00
2.994379697051355649e+00,2.525061619846220129e+00,3.660894023953733267e+01,4.040120062508503906e+01,5.149184746835572035e+00,1.615486926362336817e+01,2.846559751488960455e+00,1.434559835191954313e+01,3.454284699132359471e+00
2.994379697051355649e+00,2.811615972051355605e+00,3.576665246053627811e+01,4.010884451650781557e+01,5.149932928869419335e+00,1.472663295099209790e+01,2.881395182935401866e+00,1.349153527982213419e+01,3.657230363126568573e+00
2.994379697051355649e+00,3.098170324256491526e+00,3.852529903776574827e+01,4.290930446256243158e+01,5.150916664313762716e+00,1.774242553902467989e+01,2.929421425588483618e+00,1.666284805688316695e+01,3.912085402088409047e+00
2.994379697051355649e+00,3.384724676461627002e+00,4.198471549428568039e+01,4.539809659130696673e+01,5.140555129250338418e+00,2.585203209032283667e+01,3.140192441764217968e+00,2.237587990332700372e+01,4.567774586336631693e+00
3.275306086756491375e+00,-3.492579776461628427e+00,1.537801646567248781e+01,2.100305814332386944e+01,5.139187305214628410e+00,1.601594748757293019e+01,3.473483147872364896e+00,1.416944734004663076e+01,5.319582007441581162e+00
3.275306086756491375e+00,-3.206025424256492951e+00,2.169475228146038859e+01,2.915293240280880127e+01,5.149619477472544560e+00,1.211780767244954404e+01,3.030708724520162267e+00,1.120498191444527158e+01,4.349010562213262432e+00
3.275306086756491375e+00,-2.919471072051357030e+00,2.801148809724826805e+01,3.655976540532719810e+01,5.150941042543697002e+00,1.401578814118056471e+01,2.949468580082280855e+00,1.240515657682196426e+01,3.991552897941093025e+00
3.275306086756491375e+00,-2.632916719846221554e+00,3.541830203444889946e+01,4.403034338228462730e+01,5.150429745823905670e+00,1.988111639458179525e+01,2.901144272385475009e+00,1.737991562272083002e+01,3.756049747586249321e+00
3.275306086756491375e+00,-2.346362367641085633e+00,4.179468187094203557e+01,5.010666797829617281e+01,5.150745720554488649e+00,2.617361792781554186e+01,2.881833355137157326e+00,2.330804545261882410e+01,3.623454369803243313e+00
3.275306086756491375e+00,-2.059808015435950157e+00,4.489415539899565033e+01,5.289682788855861872e+01,5.150754895598024241e+00,3.039481214542874454e+01,2.874503628090414598e+00,2.742835643129728140e+01,3.562904738251466696e+00
3.275306086756491375e+00,-1.773253663230814681e+00,4.435442606376753361e+01,5.192979749948244717e+01,5.150448394039993438e+00,3.149943969042612935e+01,2.867730830931679797e+00,2.843821044792099784e+01,3.524515283633067764e+00
3.275306086756491375e+00,-1.486699311025678982e+00,4.111581923709790942e+01,4.845582486461353255e+01,5.150382420983053322e+00,2.940109883439754412e+01,2.861870802124321322e+00,2.632369745667742933e+01,3.490453019298316306e+00
3.275306086756491375e+00,-1.200144958820543284e+00,3.609535365208796520e+01,4.442964572134951595e+01,5.150421125278763945e+00,2.538322042358208819e+01,2.854366783876158831e+00,2.237848779201274851e+01,3.441572668679882430e+00
3.275306086756491375e+00,-9.135906066154075855e-01,3.178138691128052784e+01,4.141315581039816607e+01,5.150333790354571839e+00,2.171918565267213808e+01,2.846877557261766167e+00,1.879892351369559833e+01,3.392155043756614141e+00
3.275306086756491375e+00,-6.270362544102719982e-01,3.062140855833514763e+01,4.012934319283522200e+01,5.150240000456427936e+00,1.967049507260389873e+01,2.844028804327497273e+00,1.693462053390547695e+01,3.377888484814034253e+00
3.275306086756491375e+00,-3.404819022051363553e-01,3.280816564079390218e+01,4.047918571646732744e+01,5.150332566722927830e+00,1.873635630206638325e+01,2.846271361054398152e+00,1.640579194839047261e+01,3.390762598137313955e+00
3.275306086756491375e+00,-5.392755000000071242e-02,3.548541458775955704e+01,4.166792276366322767e+01,5.150435166026537281e+00,1.821531387728566642e+01,2.846909673311318834e+00,1.635347148943219509e+01,3.393446045634534336e+00
3.275306086756491375e+00,2.326268022051349305e-01,3.525799793789575176e+01,4.255127383595390711e+01,5.150428639493832783e+00,1.808216292814893222e+01,2.846660515641302514e+00,1.642322663682026729e+01,3.391516973304772975e+00
3.275306086756491375e+00,5.191811544102705733e-01,3.451694138697973813e+01,4.238199448872182984e+01,5.150429832726141299e+00,1.815378869669257256e+01,2.846290343752051033e+00,1.633188700403790961e+01,3.389535574800788265e+00
3.275306086756491375e+00,8.057355066154061607e-01,3.419240672941640469e+01,4.145202249016438145e+01,5.150550692314451062e+00,1.798257680246649670e+01,2.848906069611354841e+00,1.585520050461981434e+01,3.409355689851627957e+00
3.275306086756491375e+00,1.092289858820541859e+00,3.377828509188927342e+01,4.073109745890542399e+01,5.150541811079310861e+00,1.766280590935650707e+01,2.855518926774913702e+00,1.535666419673302130e+01,3.453729178697900526e+00
3.275306086756491375e+00,1.378844211025677557e+00,3.398649537867463266e+01,4.055491716046890360e+01,5.150334034925839077e+00,1.737611788558342596e+01,2.859552501190789187e+00,1.511124466256995902e+01,3.482737423190173764e+00
3.275306086756491375e+00,1.665398563230813256e+00,3.228027780802776192e+01,3.984642814103244746e+01,5.150316105641226549e+00,1.640044767790652713e+01,2.863516615211876726e+00,1.429849215906948245e+01,3.500778121328709247e+00
3.275306086756491375e+00,1.951952915435948732e+00,2.857258706275257509e+01,3.715274306036735652e+01,5.150525393556589115e+00,1.380334042451289633e+01,2.869916615907405877e+00,1.178504060346288718e+01,3.533179847072517976e+00
3.275306086756491375e+00,2.238507267641084653e+00,2.408281152754271659e+01,3.265093499999420601e+01,5.150336058382142035e+00,9.779023111249671274e+00,2.874835915730566516e+00,7.725841096055084734e+00,3.582147576599406857e+00
3.275306086756491375e+00,2.525061619846220129e+00,2.077665229916284062e+01,2.874621193030907307e+01,5.150041491069028865e+00,5.702714710326290515e+00,2.888121466920327229e+00,3.884272418836843599e+00,3.687558202790422346e+00
3.275306086756491375e+00,2.811615972051355605e+00,1.965019029441278775e+01,2.815642169548664242e+01,5.151276614919223285e+00,3.729326998620535960e+00,2.927899392016954039e+00,2.715743751449522847e+00,3.900740281595962866e+00
3.275306086756491375e+00,3.098170324256491526e+00,2.202982093820769904e+01,3.117652527363679837e+01,5.150801298438680398e+00,6.481639085966435232e+00,2.991645217221179376e+00,5.854140778450528160e+00,4.224966515378730136e+00
3.275306086756491375e+00,3.384724676461627002e+00,2.520047748803403920e+01,3.486098445476091001e+01,5.137203498988338168e+00,1.533148858340518927e+01,3.280445155770979948e+00,1.255935460051479424e+01,4.988011331608066534e+00
3.556232476461627101e+00,-3.492579776461628427e+00,0.000000000000000000e+00,0.000000000000000000e+00,5.150865744329694351e+00,1.077763273498067065e+01,4.165929443549584832e+00,1.034420774800203091e+01,6.362156606438565731e+00
3.556232476461627101e+00,-3.206025424256492951e+00,5.501675979147435669e+00,1.261899653739237692e+01,5.139434917495783850e+00,6.219887313436629483e+00,3.445322515135787356e+00,6.535330310471231030e+00,5.329409921320457322e+00
3.556232476461627101e+00,-2.919471072051357030e+00,1.100335195829482871e+01,2.223496891945251264e+01,5.144643666984324071e+00,6.167190529001800314e+00,3.235978055804888509e+00,6.446665929033343900e+00,4.820755959021193249e+00
3.556232476461627101e+00,-2.632916719846221554e+00,1.871325404198409359e+01,2.954533513220667373e+01,5.147100865723407637e+00,9.720293683465683898e+00,3.142828844722491688e+00,9.968775091509941788e+00,4.530783830698625003e+00
3.556232476461627101e+00,-2.346362367641085633e+00,2.581180545609491972e+01,3.424613394038169645e+01,5.148030694085784731e+00,1.500471314440557080e+01,3.103972744349090540e+00,1.511356250293511749e+01,4.387953816167186716e+00
3.556232476461627101e+00,-2.059808015435950157e+00,2.957190629934540027e+01,3.593197835823957575e+01,5.147943759611220749e+00,2.056008107087517800e+01,3.083094818691084704e+00,1.977391028291678055e+01,4.324280168686708059e+00
3.556232476461627101e+00,-1.773253663230814681e+00,2.934389710906675219e+01,3.505787496289303817e+01,5.147471023471567264e+00,2.497713333071834541e+01,3.068366330042252343e+00,2.255501078017827865e+01,4.287144326287088525e+00
3.556232476461627101e+00,-1.486699311025678982e+00,2.637836242110293483e+01,3.284645461025502300e+01,5.147060691443806846e+00,2.668901282533073527e+01,3.058018444551151571e+00,2.270596819153303869e+01,4.251295132583192249e+00
3.556232476461627101e+00,-1.200144958820543284e+00,2.146293650895641747e+01,3.044776190703851171e+01,5.146776657682009315e+00,2.513293253106195380e+01,3.045176693190869699e+00,2.049059217106503183e+01,4.192874285111967581e+00
3.556232476461627101e+00,-9.135906066154075855e-01,1.752770453137206985e+01,2.842983876533980947e+01,5.146749188926793117e+00,2.112516285936942495e+01,3.032030389664704728e+00,1.710645595103444805e+01,4.132217356033261346e+00
3.556232476461627101e+00,-6.270362544102719982e-01,1.664185993334687907e+01,2.700869076415256131e+01,5.146974994115794289e+00,1.562934752466975397e+01,3.025144043531376781e+00,1.343133569955943685e+01,4.109404612124418321e+00
3.556232476461627101e+00,-3.404819022051363553e-01,1.865254982727245192e+01,2.637898585673246998e+01,5.147320705486337467e+00,9.502064165733600021e+00,3.025008488717728650e+00,9.661490433708486592e+00,4.120513528359571076e+00
3.556232476461627101e+00,-5.392755000000071242e-02,1.970049352281742827e+01,2.652029686498281080e+01,5.147653706291848152e+00,4.574867090209295384e+00,3.021234787326489091e+00,6.490395709300155858e+00,4.125225940637124999e+00
3.556232476461627101e+00,2.326268022051349305e-01,1.634152387651592164e+01,2.684868848505720962e+01,5.147951860969936178e+00,2.957015208230473036e+00,3.019490215245338671e+00,5.168622998220140374e+00,4.125071513840283366e+00
3.556232476461627101e+00,5.191811544102705733e-01,1.512143788682594447e+01,2.653199358932033647e+01,5.148128913763997616e+00,4.654695559346123446e+00,3.022064844940694162e+00,5.914480740165430461e+00,4.127237147445033116e+00
3.556232476461627101e+00,8.057355066154061607e-01,1.601961072903710104e+01,2.534934323228662834e+01,5.148047762205530731e+00,7.464389456193089245e+00,3.029597330654562715e+00,7.586716581304905560e+00,4.149653237107315817e+00
3.556232476461627101e+00,1.092289858820541859e+00,1.639377774024693224e+01,2.393265418318333104e+01,5.147775616549211897e+00,9.488827704466416435e+00,3.045885307349716076e+00,9.144404989986689714e+00,4.200828103676609970e+00
3.556232476461627101e+00,1.378844211025677557e+00,1.770136631579841691e+01,2.283715288426537882e+01,5.147452580224634033e+00,1.035787779270049214e+01,3.064179880275380796e+00,1.020266853585203926e+01,4.250244697498479773e+00
3.556232476461627101e+00,1.665398563230813256e+00,1.643875490623090130e+01,2.160116240262141218e+01,5.147194490603017591e+00,1.012996708574576132e+01,3.084360006506113194e+00,1.024004150993833839e+01,4.289168347082275901e+00
3.556232476461627101e+00,1.951952915435948732e+00,1.273203387018953947e+01,1.929497301176888868e+01,5.146983280778893111e+00,8.567176018203610965e+00,3.101790906153558236e+00,8.579310979175993168e+00,4.326721768631240472e+00
3.556232476461627101e+00,2.238507267641084653e+00,8.272674618941849189e+00,1.618037960347282933e+01,5.146694794334071510e+00,5.713411940677247003e+00,3.106059717087795935e+00,5.367528531334251340e+00,4.359205819349633693e+00
3.556232476461627101e+00,2.525061619846220129e+00,4.944364358788362779e+00,1.437053017049765913e+01,5.146665899783247511e+00,2.525702502169451691e+00,3.121522118310188443e+00,2.055602147635653409e+00,4.444565943412039033e+00
3.556232476461627101e+00,2.811615972051355605e+00,3.533728128289290282e+00,1.625718611547199544e+01,5.146802338447169944e+00,1.137588038401190715e+00,3.186465856018152909e+00,9.078723364891203573e-01,4.668164860585278575e+00
3.556232476461627101e+00,3.098170324256491526e+00,5.534342838649664031e+00,2.204918349903891794e+01,5.142854427987194832e+00,4.361083072775727487e+00,3.345783905866699826e+00,3.682056850640314849e+00,5.106038599748546680e+00
3.556232476461627101e+00,3.384724676461627002e+00,8.416239481782440635e+00,2.891645824196166359e+01,5.138786035249536255e+00,1.354479179495001517e+01,3.894958923601199885e+00,1.001758123568771808e+01,6.004759529059808365e+00
