x,y,reference,fixed_mean,fixed_std,map_mean,map_std,hmc_mean,hmc_std
-3.646220790624999708e+00,-3.618546335000000003e+00,1.209446934483727091e+03,4.013495445866137743e+02,1.445805124442686562e+01,4.369521106794491061e+02,7.394412982798640677e+00,6.547549320412578027e+02,1.061738540281093037e+02
-3.646220790624999708e+00,-3.316062221979166669e+00,9.313542055858902131e+02,3.244628652874380350e+02,1.444738730000746862e+01,3.601464662688813405e+02,7.324867713422672288e+00,5.707742719391735591e+02,1.090882436444546641e+02
-3.646220790624999708e+00,-3.013578108958333335e+00,7.044841068547414125e+02,2.608070707190781832e+02,1.444195034952353396e+01,2.956899954598738987e+02,7.284075182647848479e+00,4.830651731052308833e+02,1.103748212966718825e+02
-3.646220790624999708e+00,-2.711093995937500001e+00,5.243132302306147494e+02,2.108711355347186327e+02,1.444222492824771287e+01,2.440009923398647516e+02,7.269871037858138152e+00,3.984761654899575660e+02,1.104763990893606405e+02
-3.646220790624999708e+00,-2.408609882916666667e+00,3.865190268305472614e+02,1.742422502180561423e+02,1.444416328240648006e+01,2.044400401218263141e+02,7.266438372007489654e+00,3.236079127303073619e+02,1.100179382715636791e+02
-3.646220790624999708e+00,-2.106125769895833333e+00,2.869798069482749270e+02,1.502600153693929315e+02,1.444475269076696122e+01,1.764682962915794633e+02,7.265769396502324007e+00,2.638447808695830190e+02,1.094906433904467065e+02
-3.646220790624999708e+00,-1.803641656874999999e+00,2.217749247089352878e+02,1.379767188010737300e+02,1.444370998929518457e+01,1.597630561932528508e+02,7.257875949831146478e+00,2.227352700518385973e+02,1.091107340820000644e+02
-3.646220790624999708e+00,-1.501157543854166665e+00,1.871940918322376888e+02,1.361597555708140135e+02,1.444233752618759858e+01,1.539715411399956793e+02,7.245648094486373481e+00,2.018452962105457118e+02,1.088414209164110247e+02
-3.646220790624999708e+00,-1.198673430833333331e+00,1.797058424581982194e+02,1.438064138581976295e+02,1.444158186761269391e+01,1.588533580457733478e+02,7.236508310684700795e+00,2.010493008123816026e+02,1.085231583895315737e+02
-3.646220790624999708e+00,-8.961893178124999970e-01,1.959921511958720544e+02,1.608693929892033339e+02,1.444133324529166984e+01,1.747629127384898311e+02,7.231866489720629509e+00,2.190939659864986879e+02,1.080341159798723965e+02
-3.646220790624999708e+00,-5.937052047916666631e-01,2.329358518310155262e+02,1.884244841691106558e+02,1.444121760976916669e+01,2.027487518656562315e+02,7.231394773549536303e+00,2.542119345433453645e+02,1.074009663372649044e+02
-3.646220790624999708e+00,-2.912210917708333291e-01,2.876206373260862392e+02,2.278645635526627302e+02,1.444102816789201249e+01,2.438002436898732412e+02,7.232578396297864032e+00,3.045882131662958727e+02,1.068067229690878577e+02
-3.646220790624999708e+00,1.126302125000000487e-02,3.573310598202430128e+02,2.795947825144976377e+02,1.444090252883109571e+01,2.977130151801502507e+02,7.233207531911912014e+00,3.685702779237115578e+02,1.064943458627534767e+02
-3.646220790624999708e+00,3.137471342708333388e-01,4.395525306293463927e+02,3.422893177401274443e+02,1.444088384834641836e+01,3.626412409406621009e+02,7.233144362464099864e+00,4.446286711839184136e+02,1.066177719638778001e+02
-3.646220790624999708e+00,6.162312472916666728e-01,5.319727371858277820e+02,4.134260561484843493e+02,1.444082523256504835e+01,4.359207987893096288e+02,7.232279548153797144e+00,5.311770488884656061e+02,1.071169985983538027e+02
-3.646220790624999708e+00,9.187153603125000068e-01,6.324779220105855302e+02,4.907563370298594236e+02,1.444066327143355899e+01,5.155551001551466470e+02,7.232928027878537947e+00,6.264100256107082032e+02,1.076877819900919491e+02
-3.646220790624999708e+00,1.221199473333333341e+00,7.391542987142186121e+02,5.735096618626266718e+02,1.444074365844666907e+01,6.010325132663310796e+02,7.237534520301326602e+00,7.282878274757642885e+02,1.078916925691475086e+02
-3.646220790624999708e+00,1.523683586354166675e+00,8.502909429279055757e+02,6.622881375513970852e+02,1.444161400802570228e+01,6.927029143323816243e+02,7.246712718491310490e+00,8.346935074742890492e+02,1.073947000155175857e+02
-3.646220790624999708e+00,1.826167699375000009e+00,9.643777894595257294e+02,7.577070226389914751e+02,1.444321089688254567e+01,7.903327061635463906e+02,7.258494629440163770e+00,9.436581586906156645e+02,1.062227697155631461e+02
-3.646220790624999708e+00,2.128651812395833343e+00,1.080105632293659255e+03,8.589412433952093124e+02,1.444432350089321027e+01,8.923069358141001430e+02,7.264638436769274676e+00,1.053468076274195937e+03,1.048522499617503883e+02
-3.646220790624999708e+00,2.431135925416666677e+00,1.196366124591588914e+03,9.634318131096661091e+02,1.444353086365171634e+01,9.962959996010540635e+02,7.264334538762192039e+00,1.162499048278845748e+03,1.040192999574298085e+02
-3.646220790624999708e+00,2.733620038437500011e+00,1.312251778691296522e+03,1.067939867263659835e+03,1.444155170079571526e+01,1.100574135879942332e+03,7.268806452620437675e+00,1.268771596118592697e+03,1.043187210525166080e+02
-3.646220790624999708e+00,3.036104151458333344e+00,1.427055410905389635e+03,1.169813569270074368e+03,1.444175974686626063e+01,1.204196378830019967e+03,7.284338731548282375e+00,1.369415055483677179e+03,1.057738380660378823e+02
-3.646220790624999708e+00,3.338588264479166678e+00,1.540271545128109892e+03,1.266960712252184749e+03,1.444839903242321988e+01,1.305073938579800597e+03,7.326955241826358822e+00,1.460352496185474365e+03,1.075248982747194191e+02
-3.646220790624999708e+00,3.641072377500000012e+00,1.651595528295605391e+03,1.356043722737580538e+03,1.445990877407579411e+01,1.397081290969730617e+03,7.395509742764362571e+00,1.536483095372985872e+03,1.078514619294982708e+02
-3.342407277838541191e+00,-3.618546335000000003e+00,9.294000601060512281e+02,3.256154527002945542e+02,1.444741524057281623e+01,3.616370787499581638e+02,7.325179624540139933e+00,5.734421076887152822e+02,1.092413900511218401e+02
-3.342407277838541191e+00,-3.316062221979166669e+00,6.935580637544870797e+02,2.544635140877217054e+02,1.443826012641227408e+01,2.909692095329410222e+02,7.258709837592119740e+00,4.855072619010664994e+02,1.114547169804446014e+02
-3.342407277838541191e+00,-3.013578108958333335e+00,5.043953910345960026e+02,1.956619505202397704e+02,1.443412730588409332e+01,2.312946207525637874e+02,7.223180183385279562e+00,3.958888169293059036e+02,1.115978300237719196e+02
-3.342407277838541191e+00,-2.711093995937500001e+00,3.575904061304927382e+02,1.497067609066143632e+02,1.443514652248769536e+01,1.827719548994318757e+02,7.213949100612532028e+00,3.118168897239167450e+02,1.104652766368006525e+02
-3.342407277838541191e+00,-2.408609882916666667e+00,2.490223324029922765e+02,1.163410074478015304e+02,1.443723787600491093e+01,1.454868274902000849e+02,7.214789853072888448e+00,2.400795007007797039e+02,1.090140892417550589e+02
-3.342407277838541191e+00,-2.106125769895833333e+00,1.747712523896119876e+02,9.542147603351622820e+01,1.443807949558703285e+01,1.200629278547276044e+02,7.216876887820261821e+00,1.859546239201347362e+02,1.079557793901657732e+02
-3.342407277838541191e+00,-1.803641656874999999e+00,1.311182711283850324e+02,8.663013186026364565e+01,1.443744423008294930e+01,1.070766148660877661e+02,7.210919622906409643e+00,1.525383169647582235e+02,1.075659855184821652e+02
-3.342407277838541191e+00,-1.501157543854166665e+00,1.145536760228253286e+02,8.902805885486304760e+01,1.443676768862684767e+01,1.063416375547276402e+02,7.201147551466196006e+00,1.406230950930788595e+02,1.077032361503398903e+02
-3.342407277838541191e+00,-1.198673430833333331e+00,1.217491426902201965e+02,1.013438173849135637e+02,1.443664527258505004e+01,1.170383350186129974e+02,7.194772197652318013e+00,1.491014832735156688e+02,1.079752525516348953e+02
-3.342407277838541191e+00,-8.961893178124999970e-01,1.495884179834043266e+02,1.228950173407793045e+02,1.443679607094752804e+01,1.385751542654033983e+02,7.192469753938097732e+00,1.757103413930665283e+02,1.079781678628426818e+02
-3.342407277838541191e+00,-5.937052047916666631e-01,1.951561079319137093e+02,1.541937599275261164e+02,1.443701581549511204e+01,1.711765309936308768e+02,7.193615835423521787e+00,2.178456800249471144e+02,1.075166459618877752e+02
-3.342407277838541191e+00,-2.912210917708333291e-01,2.557376777419856637e+02,1.964465523045510054e+02,1.443696343283700401e+01,2.154341115370953048e+02,7.195562240727592318e+00,2.731876290709566319e+02,1.067046236997427400e+02
-3.342407277838541191e+00,1.126302125000000487e-02,3.288194517965587238e+02,2.502034764196723700e+02,1.443694076612159982e+01,2.711814051165820274e+02,7.196385845539373882e+00,3.399715678842949274e+02,1.058945056938961073e+02
-3.342407277838541191e+00,3.137471342708333388e-01,4.120886136552729226e+02,3.143298264164477587e+02,1.443702707800829543e+01,3.368644008292794751e+02,7.196182454698768716e+00,4.168899026378247186e+02,1.054759529947988455e+02
-3.342407277838541191e+00,6.162312472916666728e-01,5.034342855831837369e+02,3.863202875908464193e+02,1.443702076865280048e+01,4.101759837275239988e+02,7.194554016454635104e+00,5.027576524346641236e+02,1.056535311649590199e+02
-3.342407277838541191e+00,9.187153603125000068e-01,6.009445538299166856e+02,4.637972490619868040e+02,1.443670635627805687e+01,4.894353192471171496e+02,7.193892198390580361e+00,5.961645829132976360e+02,1.063115173633116228e+02
-3.342407277838541191e+00,1.221199473333333341e+00,7.029078215186918897e+02,5.458878648634999990e+02,1.443636965775530534e+01,5.743256720424360537e+02,7.196996240399997191e+00,6.953211909666322299e+02,1.070382007161043276e+02
-3.342407277838541191e+00,1.523683586354166675e+00,8.078149365244672708e+02,6.331715470086783171e+02,1.443655362095521966e+01,6.651303795835119672e+02,7.204409803693467396e+00,7.981813685036449897e+02,1.073366150955028218e+02
-3.342407277838541191e+00,1.826167699375000009e+00,9.143576058989017383e+02,7.261304111536592245e+02,1.443740259696216910e+01,7.611171196882496588e+02,7.214239276312882865e+00,9.027462440430430206e+02,1.069474167417880324e+02
-3.342407277838541191e+00,2.128651812395833343e+00,1.021428395870355644e+03,8.234381125140935183e+02,1.443796247984588632e+01,8.597098989048936346e+02,7.218231463108999435e+00,1.007319778436523848e+03,1.060786604267408961e+02
-3.342407277838541191e+00,2.431135925416666677e+00,1.128120731843890326e+03,9.216683637257665396e+02,1.443688059809534430e+01,9.574290222284944321e+02,7.214874509941766156e+00,1.110486261031819140e+03,1.053372996447661762e+02
-3.342407277838541191e+00,2.733620038437500011e+00,1.233728898401268452e+03,1.016763751903548837e+03,1.443452318902481046e+01,1.051759700179580250e+03,7.215031902718729739e+00,1.210732499438838886e+03,1.053567406242641340e+02
-3.342407277838541191e+00,3.036104151458333344e+00,1.337747378920974143e+03,1.105914092749357224e+03,1.443374468220670792e+01,1.141904452567810949e+03,7.224893202384752300e+00,1.305868118726828925e+03,1.063205506184855409e+02
-3.342407277838541191e+00,3.338588264479166678e+00,1.439872712443847831e+03,1.187887729976326227e+03,1.443861212472740085e+01,1.227136594585033890e+03,7.260731573756686430e+00,1.392571598539885144e+03,1.075944603101305148e+02
-3.342407277838541191e+00,3.641072377500000012e+00,1.540002031767533481e+03,1.261013126216828823e+03,1.444839121548482730e+01,1.303708146198914619e+03,7.325682409995685873e+00,1.466393645290849690e+03,1.076703272200718970e+02
-3.038593765052083118e+00,-3.618546335000000003e+00,7.010142807068127695e+02,2.630175643097609282e+02,1.444150779107075344e+01,2.981586706564594351e+02,7.281592344793043736e+00,4.873976900148125537e+02,1.107336327265956726e+02
-3.038593765052083118e+00,-3.316062221979166669e+00,5.028595807178016344e+02,1.971441466789692640e+02,1.443367556793339723e+01,2.330185546245884325e+02,7.220477900795686743e+00,3.982135071236287445e+02,1.121337148470709764e+02
-3.038593765052083118e+00,-3.013578108958333335e+00,3.470435938268951190e+02,1.430154962390661240e+02,1.443042563366273257e+01,1.770079270132227975e+02,7.189765224745760186e+00,3.099508775931335549e+02,1.113621379344597528e+02
-3.038593765052083118e+00,-2.711093995937500001e+00,2.294464564619863154e+02,1.012088674362748861e+02,1.443137141108761767e+01,1.307028908316460729e+02,7.184071395931082904e+00,2.298814080747117714e+02,1.094439560823977899e+02
-3.038593765052083118e+00,-2.408609882916666667e+00,1.461491642276710081e+02,7.133745761495083570e+01,1.443329196522538282e+01,9.527680448053069995e+01,7.186977295867574611e+00,1.646179397134688998e+02,1.075224177649321575e+02
-3.038593765052083118e+00,-2.106125769895833333e+00,9.343357190524550049e+01,5.345532875508069992e+01,1.443412888765892532e+01,7.254354268047245569e+01,7.189570978976300708e+00,1.190258977379228327e+02,1.064133429984458417e+02
-3.038593765052083118e+00,-1.803641656874999999e+00,6.778253666897337837e+01,4.779939871467649937e+01,1.443396686400628504e+01,6.383049401079188101e+01,7.184186484858334332e+00,9.555264916295345756e+01,1.063998988223489732e+02
-3.038593765052083118e+00,-1.501157543854166665e+00,6.588699463942013779e+01,5.394685816951096058e+01,1.443377712032278737e+01,6.895191157425506390e+01,7.176036099583657624e+00,9.414303213133030113e+01,1.072458299102106309e+02
-3.038593765052083118e+00,-1.198673430833333331e+00,8.462168865456321498e+01,7.068598350696265697e+01,1.443416797429851783e+01,8.635684134444818483e+01,7.171565697100596104e+00,1.127284969815002569e+02,1.083615072881062389e+02
-3.038593765052083118e+00,-8.961893178124999970e-01,1.210721378110170434e+02,9.685497835092246532e+01,1.443460557216327445e+01,1.143089395390852587e+02,7.170669900053280976e+00,1.481047404696510057e+02,1.090802096892737438e+02
-3.038593765052083118e+00,-5.937052047916666631e-01,1.725247203820972857e+02,1.322324924841523170e+02,1.443493198257746890e+01,1.519407312213952537e+02,7.172467370018147825e+00,1.969037074543972494e+02,1.089711110439261716e+02
-3.038593765052083118e+00,-2.912210917708333291e-01,2.364666738178209755e+02,1.774347515124827623e+02,1.443497280754574597e+01,1.992066526227918075e+02,7.174347830873333720e+00,2.563538848367701348e+02,1.080473121759768702e+02
-3.038593765052083118e+00,1.126302125000000487e-02,3.105860947449062337e+02,2.327894301731139421e+02,1.443503407292838503e+01,2.559224267952886294e+02,7.174893131908604893e+00,3.246137227433595172e+02,1.067456406403256040e+02
-3.038593765052083118e+00,3.137471342708333388e-01,3.927719389667730070e+02,2.972711481843143702e+02,1.443523661704532657e+01,3.210177879149559885e+02,7.174635723700169443e+00,4.006316712327694631e+02,1.056836687359909348e+02
-3.038593765052083118e+00,6.162312472916666728e-01,4.811147992137247797e+02,3.686329004373401403e+02,1.443526820047248016e+01,3.928614832194616611e+02,7.173051372715382179e+00,4.836757930240113410e+02,1.053345373974495942e+02
-3.038593765052083118e+00,9.187153603125000068e-01,5.739046096787799343e+02,4.447257761564105749e+02,1.443493228268368256e+01,4.702954840869933832e+02,7.172189765817271301e+00,5.728081841214413998e+02,1.057881684915144405e+02
-3.038593765052083118e+00,1.221199473333333341e+00,6.696319231504896834e+02,5.247498287279158831e+02,1.443436767675384758e+01,5.531234618039998168e+02,7.174348495378864321e+00,6.665858271604378160e+02,1.067004429370283702e+02
-3.038593765052083118e+00,1.523683586354166675e+00,7.669893597475912657e+02,6.090964511912316084e+02,1.443405547894087171e+01,6.412614806305246020e+02,7.179836542129906185e+00,7.631324288523171617e+02,1.074688035777299291e+02
-3.038593765052083118e+00,1.826167699375000009e+00,8.648703987655235323e+02,6.977285295706242323e+02,1.443426071686399936e+01,7.332180118461437814e+02,7.188011920448487579e+00,8.605045845805877889e+02,1.075915416015972141e+02
-3.038593765052083118e+00,2.128651812395833343e+00,9.623693786764265496e+02,7.885445280913263559e+02,1.443436063232673661e+01,8.255228475233270728e+02,7.192057464502596531e+00,9.570888365088376304e+02,1.070131692270047523e+02
-3.038593765052083118e+00,2.431135925416666677e+00,1.058781497129141144e+03,8.774058910813182592e+02,1.443321306238149937e+01,9.140194183164676360e+02,7.189252394183392347e+00,1.051728733993694277e+03,1.061865845872011676e+02
-3.038593765052083118e+00,2.733620038437500011e+00,1.153602810949210152e+03,9.600864723604172468e+02,1.443097176439416707e+01,9.960673625890522089e+02,7.188068304835091737e+00,1.143430168962898733e+03,1.057607799454637814e+02
-3.038593765052083118e+00,3.036104151458333344e+00,1.246529540622909053e+03,1.034502023467794061e+03,1.442992505811859871e+01,1.071489665455399518e+03,7.193973247610745858e+00,1.230754648662882119e+03,1.060804754343800909e+02
-3.038593765052083118e+00,3.338588264479166678e+00,1.337460175733761162e+03,1.100952450765296817e+03,1.443365348655869163e+01,1.140917326596449129e+03,7.223235862370469995e+00,1.311233438198608610e+03,1.067648888730925449e+02
-3.038593765052083118e+00,3.641072377500000012e+00,1.426493629502907652e+03,1.159516242219135165e+03,1.444163761072774221e+01,1.202502017356902797e+03,7.281299151672762093e+00,1.381183166995030433e+03,1.065767403431949987e+02
-2.734780252265625045e+00,-3.618546335000000003e+00,5.197040164470472519e+02,2.133244934640824795e+02,1.444156741839332980e+01,2.465941308953442785e+02,7.266654507741101554e+00,4.026623379221771870e+02,1.108095414130015683e+02
-2.734780252265625045e+00,-3.316062221979166669e+00,3.548769803310146358e+02,1.517909581456333399e+02,1.443438882050655891e+01,1.858487681339138362e+02,7.210396338046196618e+00,3.151442030948634283e+02,1.115686096718191607e+02
-2.734780252265625045e+00,-3.013578108958333335e+00,2.282507343490536869e+02,1.019506014548242092e+02,1.443109389343211646e+01,1.327790666737237188e+02,7.183016759709852650e+00,2.315011339282260678e+02,1.103524257207025556e+02
-2.734780252265625045e+00,-2.711093995937500001e+00,1.359071871728382916e+02,6.464788549207150936e+01,1.443177286635406986e+01,8.881329502130756737e+01,7.178659970207347918e+00,1.586213733267795760e+02,1.082252188690407877e+02
-2.734780252265625045e+00,-2.408609882916666667e+00,7.412910665074332428e+01,3.910676755197346210e+01,1.443327367475728629e+01,5.608593411436959286e+01,7.181165390196380116e+00,1.025225587530727580e+02,1.063275232185007297e+02
-2.734780252265625045e+00,-2.106125769895833333e+00,3.940011980784497325e+01,2.512492223829030991e+01,1.443398160870069091e+01,3.710190743758357712e+01,7.182624724219461854e+00,6.734747562308916713e+01,1.054617910736271114e+02
-2.734780252265625045e+00,-1.803641656874999999e+00,2.840483717792006857e+01,2.314678219892084599e+01,1.443404680307596166e+01,3.344217207649853663e+01,7.177094985163320118e+00,5.476275529605186421e+01,1.058977034122537901e+02
-2.734780252265625045e+00,-1.501157543854166665e+00,3.803491662879385160e+01,3.318649098090827465e+01,1.443404541246564499e+01,4.470506749292690074e+01,7.170002097186353396e+00,6.391933589642144398e+01,1.073649744083349304e+02
-2.734780252265625045e+00,-1.198673430833333331e+00,6.536809396564282792e+01,5.422839327994734049e+01,1.443442937682402416e+01,6.868987028294577613e+01,7.166786053831482484e+00,9.197636529380247339e+01,1.091815379068891616e+02
-2.734780252265625045e+00,-8.961893178124999970e-01,1.076916605288610356e+02,8.479560626856982708e+01,1.443485273248714762e+01,1.027076229345766478e+02,7.166709203995151434e+00,1.350276137315573806e+02,1.105186769551621069e+02
-2.734780252265625045e+00,-5.937052047916666631e-01,1.624937668355438802e+02,1.239700172785669565e+02,1.443500734402753594e+01,1.449114354142911907e+02,7.168618172086561380e+00,1.891479564018954989e+02,1.107637660506203616e+02
-2.734780252265625045e+00,-2.912210917708333291e-01,2.274634225794879399e+02,1.716831540893763304e+02,1.443498906380917113e+01,1.946117867023567669e+02,7.169979334350238709e+00,2.512380992853650241e+02,1.098192995934200411e+02
-2.734780252265625045e+00,1.126302125000000487e-02,3.004904966311912062e+02,2.279438406433910131e+02,1.443500980150501967e+01,2.515753954963329306e+02,7.170069617137056817e+00,3.194138940180979489e+02,1.081518316547433329e+02
-2.734780252265625045e+00,3.137471342708333388e-01,3.796657170378530282e+02,2.918620392363518476e+02,1.443519731925757021e+01,3.152459149865899235e+02,7.170075741285745430e+00,3.928555085498068138e+02,1.065422565666663246e+02
-2.734780252265625045e+00,6.162312472916666728e-01,4.632811826261680039e+02,3.615847560632973909e+02,1.443535987504591489e+01,3.847209794156224234e+02,7.169277464478911455e+00,4.712483164646720866e+02,1.056830637397304997e+02
-2.734780252265625045e+00,9.187153603125000068e-01,5.498286797470361762e+02,4.352811167631298304e+02,1.443517555438249111e+01,4.593085562951091561e+02,7.168803151486047298e+00,5.541196085207760689e+02,1.058485836450815754e+02
-2.734780252265625045e+00,1.221199473333333341e+00,6.380008710087083728e+02,5.121055029164999723e+02,1.443467843186444810e+01,5.386911203670824762e+02,7.170083366711612172e+00,6.404110866632985335e+02,1.067794448653125556e+02
-2.734780252265625045e+00,1.523683586354166675e+00,7.266921487737013194e+02,5.919395867940038443e+02,1.443427179906126767e+01,6.221042227722100506e+02,7.173659354501674024e+00,7.284907011066501354e+02,1.078199952080903756e+02
-2.734780252265625045e+00,1.826167699375000009e+00,8.149977645812334686e+02,6.739277350921183825e+02,1.443426110231119885e+01,7.071867894331408024e+02,7.180747202708142929e+00,8.165557626909314877e+02,1.082856398843345858e+02
-2.734780252265625045e+00,2.128651812395833343e+00,9.022138291472242599e+02,7.552328577879816294e+02,1.443424244680098845e+01,7.899123180979113386e+02,7.185936173378833836e+00,9.031458106384980056e+02,1.078919608698347474e+02
-2.734780252265625045e+00,2.431135925416666677e+00,9.878373123642948030e+02,8.315563806090503931e+02,1.443332078512651151e+01,8.662330000151378044e+02,7.184880694019133429e+00,9.874068778949327907e+02,1.069420163847026402e+02
-2.734780252265625045e+00,2.733620038437500011e+00,1.071566043301767195e+03,8.994331869632005692e+02,1.443159203026485038e+01,9.343034649640139833e+02,7.183704626304418639e+00,1.068885513712415559e+03,1.060934644976582604e+02
-2.734780252265625045e+00,3.036104151458333344e+00,1.153298049592711550e+03,9.584023447297513485e+02,1.443093551136416153e+01,9.951541479489314952e+02,7.187746124002456938e+00,1.146912633051075318e+03,1.058469602357257031e+02
-2.734780252265625045e+00,3.338588264479166678e+00,1.233133706762103657e+03,1.010699662799015641e+03,1.443440120023167417e+01,1.050686611733475729e+03,7.212910904513119448e+00,1.219903292285393718e+03,1.060652123955271691e+02
-2.734780252265625045e+00,3.641072377500000012e+00,1.311373703016809714e+03,1.057822377594187856e+03,1.444139155923496354e+01,1.100194286246696720e+03,7.264908698742463145e+00,1.284990758843416643e+03,1.057696656898791616e+02
-2.430966739479166527e+00,-3.618546335000000003e+00,3.810887030103064603e+02,1.747820332795381546e+02,1.444356389459148282e+01,2.053023092635667126e+02,7.263197761650223683e+00,3.255326611852040628e+02,1.098959779230297187e+02
-2.430966739479166527e+00,-3.316062221979166669e+00,2.454334944756108712e+02,1.167405476849526167e+02,1.443655225781835760e+01,1.480251084250667191e+02,7.211030251280768688e+00,2.424210253658453667e+02,1.103207423298725871e+02
-2.430966739479166527e+00,-3.013578108958333335e+00,1.440438308906810789e+02,7.080631568096578121e+01,1.443299067206231179e+01,9.798529985620916705e+01,7.185468530987738411e+00,1.662279715175172896e+02,1.091837886125718029e+02
-2.430966739479166527e+00,-2.711093995937500001e+00,7.320339317097058540e+01,3.831158397905528545e+01,1.443327428986451189e+01,5.752965825215142104e+01,7.180656296161112451e+00,1.030159129186500877e+02,1.073816446300713920e+02
-2.430966739479166527e+00,-2.408609882916666667e+00,2.939672140863394389e+01,1.790782054234296083e+01,1.443451967344231512e+01,2.918994359566931962e+01,7.181915359525358866e+00,5.779452629198056002e+01,1.058647290669781995e+02
-2.430966739479166527e+00,-2.106125769895833333e+00,9.309214872527226348e+00,8.687174448743462563e+00,1.443512233014735280e+01,1.531470310873191920e+01,7.182589135442720263e+00,3.371468646741845987e+01,1.053175836111588524e+02
-2.430966739479166527e+00,-1.803641656874999999e+00,9.827238679163736279e+00,1.085719054378569126e+01,1.443505109437219502e+01,1.709356019052938791e+01,7.177451740848742823e+00,3.160800620956797502e+01,1.059902826008561476e+02
-2.430966739479166527e+00,-1.501157543854166665e+00,2.804324547031044190e+01,2.466049705073237419e+01,1.443505616412913639e+01,3.378159361008511041e+01,7.171444552086460256e+00,4.999490865988775568e+01,1.076596347049282230e+02
-2.430966739479166527e+00,-1.198673430833333331e+00,6.123788976843751897e+01,4.936399138346314430e+01,1.443518183012686684e+01,6.289419057372651878e+01,7.169156854626788089e+00,8.557771437346093535e+01,1.096986700352288864e+02
-2.430966739479166527e+00,-8.961893178124999970e-01,1.069002351577186687e+02,8.343806205876171589e+01,1.443538648199776908e+01,1.013599084970737749e+02,7.169458564753857566e+00,1.341090179939470772e+02,1.112845371444136617e+02
-2.430966739479166527e+00,-5.937052047916666631e-01,1.627202043990289440e+02,1.255201353374868631e+02,1.443542729968172367e+01,1.468020110020661377e+02,7.171044159945125784e+00,1.914057629539878462e+02,1.117409335864915505e+02
-2.430966739479166527e+00,-2.912210917708333291e-01,2.265885794299446161e+02,1.749786148853600025e+02,1.443524795009597561e+01,1.980510402291401988e+02,7.171675356204931795e+00,2.542091188676356524e+02,1.108758413349652869e+02
-2.430966739479166527e+00,1.126302125000000487e-02,2.965970013647433916e+02,2.314901811797171831e+02,1.443519412519526846e+01,2.547334425057124463e+02,7.171438107126612671e+00,3.206175048987672085e+02,1.091029971089737671e+02
-2.430966739479166527e+00,3.137471342708333388e-01,3.710379704944041919e+02,2.942121086064726114e+02,1.443535918488105629e+01,3.165814863233536016e+02,7.171949338574671096e+00,3.899652270155041833e+02,1.072395828876152137e+02
-2.430966739479166527e+00,6.162312472916666728e-01,4.484051273714339345e+02,3.615612986329942942e+02,1.443556051737234824e+01,3.831542774999579706e+02,7.171890275121800329e+00,4.622433015493741664e+02,1.060888487729491061e+02
-2.430966739479166527e+00,9.187153603125000068e-01,5.273921147189008707e+02,4.318558108191937208e+02,1.443554761497069094e+01,4.539490743692585966e+02,7.171488536484113219e+00,5.373635434166164941e+02,1.060538907894123497e+02
-2.430966739479166527e+00,1.221199473333333341e+00,6.068936651210469790e+02,5.039931161012500525e+02,1.443529551297556779e+01,5.282780537455582817e+02,7.172079939935688486e+00,6.146385189673922014e+02,1.069638657132587696e+02
-2.430966739479166527e+00,1.523683586354166675e+00,6.860059431841693822e+02,5.771825556699186563e+02,1.443506811078296970e+01,6.045819924001152685e+02,7.174888386293873488e+00,6.927304917800080375e+02,1.081643744693193838e+02
-2.430966739479166527e+00,1.826167699375000009e+00,7.640259726912655651e+02,6.498095037098973989e+02,1.443512736387473439e+01,6.798060687355500704e+02,7.181918142053028475e+00,7.700588548979812913e+02,1.088659072127176302e+02
-2.430966739479166527e+00,2.128651812395833343e+00,8.404516366020350233e+02,7.187234443183988333e+02,1.443518521206797089e+01,7.499196174188655277e+02,7.187745046850091413e+00,8.453875264109159389e+02,1.086185334568413481e+02
-2.430966739479166527e+00,2.431135925416666677e+00,9.149816770528786947e+02,7.802113842535763979e+02,1.443453343270623712e+01,8.118088043728093908e+02,7.186903695783327883e+00,9.181982609145667311e+02,1.076012977839628917e+02
-2.430966739479166527e+00,2.733620038437500011e+00,9.875156953568979361e+02,8.323710162397474051e+02,1.443330488562183866e+01,8.652176963922502182e+02,7.185391470610207776e+00,9.885701148752111749e+02,1.064750042550036682e+02
-2.430966739479166527e+00,3.036104151458333344e+00,1.058153596329577113e+03,8.768430692832916975e+02,1.443316423145168415e+01,9.127792681894898124e+02,7.189521117117682714e+00,1.056572781222559570e+03,1.058762621330747891e+02
-2.430966739479166527e+00,3.338588264479166678e+00,1.127197576839233761e+03,9.176816900856792927e+02,1.443675824505162275e+01,9.574340241624158807e+02,7.213202241594824038e+00,1.121479199780472527e+03,1.058807432431636215e+02
-2.430966739479166527e+00,3.641072377500000012e+00,1.195150094640950101e+03,9.570989436730742455e+02,1.444338541089952876e+01,9.988120524959231261e+02,7.260271606961767432e+00,1.181237487146571311e+03,1.057310990951475702e+02
-2.127153226692708010e+00,-3.618546335000000003e+00,2.809947368416579252e+02,1.468330651838332415e+02,1.444434510422370543e+01,1.733753002376797667e+02,7.263213327332077363e+00,2.618470660704999773e+02,1.085461384423954740e+02
-2.127153226692708010e+00,-3.316062221979166669e+00,1.705590953811995405e+02,9.185519950836896896e+01,1.443752039472997950e+01,1.192240978913068830e+02,7.213677159096699043e+00,1.853216656944365468e+02,1.089080775715189873e+02
-2.127153226692708010e+00,-3.013578108958333335e+00,9.065643146592745438e+01,4.958738439716398716e+01,1.443400524229572390e+01,7.297865933552020579e+01,7.188446573172336151e+00,1.185881689764468092e+02,1.082519567296051122e+02
-2.127153226692708010e+00,-2.711093995937500001e+00,3.777219825507479101e+01,2.202372466772794724e+01,1.443404489496006171e+01,3.765141894889165997e+01,7.182455075840860736e+00,6.650594678414347527e+01,1.071438141069140357e+02
-2.127153226692708010e+00,-2.408609882916666667e+00,8.592708084575880534e+00,7.161650266498327255e+00,1.443509365661560828e+01,1.541345667301720823e+01,7.182825570645628765e+00,3.274479873093946480e+01,1.061914732525004723e+02
-2.127153226692708010e+00,-2.106125769895833333e+00,5.132467066361577623e-03,3.058094343170523643e+00,1.443572701248525370e+01,7.582125802287919214e+00,7.183364743938541963e+00,1.927695797337003114e+01,1.058704370682800118e+02
-2.127153226692708010e+00,-1.803641656874999999e+00,9.097592325019929760e+00,9.294189807027578354e+00,1.443558630086854144e+01,1.441137781326324330e+01,7.178740430983150844e+00,2.611886538883118192e+01,1.064077213284303411e+02
-2.127153226692708010e+00,-1.501157543854166665e+00,3.316340810082672164e+01,2.613110282085835934e+01,1.443539506740964562e+01,3.484886623058264377e+01,7.173419699784075121e+00,5.138529648329347310e+01,1.077136267559947953e+02
-2.127153226692708010e+00,-1.198673430833333331e+00,6.968607878434536929e+01,5.321446441859006882e+01,1.443544406296214433e+01,6.667237823936375207e+01,7.171491022946757887e+00,9.168622272483844426e+01,1.093743317808432778e+02
-2.127153226692708010e+00,-8.961893178124999970e-01,1.163564402035292744e+02,8.929826589487493038e+01,1.443539845936892085e+01,1.071710697661728773e+02,7.171647371933191906e+00,1.428312936401373463e+02,1.107555821487442103e+02
-2.127153226692708010e+00,-5.937052047916666631e-01,1.710661873630331513e+02,1.329482802189886570e+02,1.443543827671839352e+01,1.540193772134152823e+02,7.172698270084628014e+00,2.007033887496297666e+02,1.112516106523486172e+02
-2.127153226692708010e+00,-2.912210917708333291e-01,2.319078744442128936e+02,1.831749510876834393e+02,1.443521672998650551e+01,2.057664771182753611e+02,7.172853083781296490e+00,2.620608672787027444e+02,1.105995445860759503e+02
-2.127153226692708010e+00,1.126302125000000487e-02,2.971749148051260363e+02,2.392710017114877701e+02,1.443516109753597831e+01,2.617031691600132035e+02,7.172646441157184860e+00,3.249991851426071889e+02,1.090665204838188203e+02
-2.127153226692708010e+00,3.137471342708333388e-01,3.653615809805309596e+02,3.001810977030545473e+02,1.443522051137224338e+01,3.214105866618920118e+02,7.173554568178084345e+00,3.889005709636825259e+02,1.073501684574606827e+02
-2.127153226692708010e+00,6.162312472916666728e-01,4.351630908781685889e+02,3.642549709361046553e+02,1.443537646790179174e+01,3.844338967047588085e+02,7.173623286956972045e+00,4.539103611870006603e+02,1.062249508997949334e+02
-2.127153226692708010e+00,9.187153603125000068e-01,5.054749478075606817e+02,4.296878875996917486e+02,1.443544224841247647e+01,4.501303487649274757e+02,7.172935348277395207e+00,5.202040896011352515e+02,1.061486052045971036e+02
-2.127153226692708010e+00,1.221199473333333341e+00,5.753939144852342906e+02,4.950310904663056135e+02,1.443538444958345757e+01,5.173723471090561361e+02,7.173519098566891294e+00,5.874201861550318426e+02,1.070369917486279263e+02
-2.127153226692708010e+00,1.523683586354166675e+00,6.442179277612650594e+02,5.589947656709700823e+02,1.443535678052616156e+01,5.840324797216017032e+02,7.176850619519263397e+00,6.545469723387147951e+02,1.082950274704266178e+02
-2.127153226692708010e+00,1.826167699375000009e+00,7.114457836624312677e+02,6.196600939352065325e+02,1.443552766683315625e+01,6.468414925661672896e+02,7.184255790095910754e+00,7.202982842433623318e+02,1.091208509627999774e+02
-2.127153226692708010e+00,2.128651812395833343e+00,7.767771373922116709e+02,6.742132383640855551e+02,1.443565694515029740e+01,7.023740478018335125e+02,7.189835057783214189e+00,7.837254738147712487e+02,1.089832820755095071e+02
-2.127153226692708010e+00,2.431135925416666677e+00,8.401125033307866943e+02,7.201604576800018549e+02,1.443516974342001902e+01,7.490079765827722440e+02,7.188354096259976345e+00,8.446626479671765537e+02,1.079748828599234400e+02
-2.127153226692708010e+00,2.733620038437500011e+00,9.015532550350374095e+02,7.575029707755893469e+02,1.443421473551106793e+01,7.883948315603229275e+02,7.187006139401897364e+00,9.036838258535881323e+02,1.067454452843260242e+02
-2.127153226692708010e+00,3.036104151458333344e+00,9.614012445384819330e+02,7.898298871628940105e+02,1.443430638096411300e+01,8.247286922089515429e+02,7.192957051675121782e+00,9.615268839207190013e+02,1.060273713907345012e+02
-2.127153226692708010e+00,3.338588264479166678e+00,1.020160425454669166e+03,8.223798334822058678e+02,1.443784614607493921e+01,8.615911992124856624e+02,7.217132884863993958e+00,1.018254005626523622e+03,1.060683728687909166e+02
-2.127153226692708010e+00,3.641072377500000012e+00,1.078535019649388914e+03,8.572241867929697037e+02,1.444420574619925191e+01,8.983214498610868759e+02,7.260642733166742246e+00,1.072590662202298745e+03,1.063023665464961311e+02
-1.823339713906249937e+00,-3.618546335000000003e+00,2.154529806443936764e+02,1.303138898964971304e+02,1.444342509696439691e+01,1.517376719328785839e+02,7.256234115775566984e+00,2.163312278951456165e+02,1.073074059028589176e+02
-1.823339713906249937e+00,-3.316062221979166669e+00,1.264882215356140591e+02,7.841554616764187813e+01,1.443698952633114274e+01,1.009158778876335418e+02,7.208511175900012447e+00,1.477270473344626680e+02,1.077250367670622211e+02
-1.823339713906249937e+00,-3.013578108958333335e+00,6.452655034716759985e+01,3.975517676398158073e+01,1.443383065682763444e+01,5.940600119782538968e+01,7.183696856575914502e+00,9.139390038294038732e+01,1.077228848521074553e+02
-1.823339713906249937e+00,-2.711093995937500001e+00,2.625519248206706990e+01,1.703448338434100151e+01,1.443408493992958874e+01,3.048300562274016556e+01,7.177515330462768794e+00,5.075003731569813681e+01,1.074565017091702259e+02
-1.823339713906249937e+00,-2.408609882916666667e+00,8.562232520026450189e+00,7.615350162610411644e+00,1.443511109200561826e+01,1.531220701970960363e+01,7.178083046472086615e+00,2.793573310688009315e+01,1.070966348067915419e+02
-1.823339713906249937e+00,-2.106125769895833333e+00,8.536614217461059084e+00,8.391881024464964867e+00,1.443550689575411461e+01,1.359441456894637668e+01,7.178938058222898100e+00,2.366835066222120076e+01,1.068409314756934663e+02
-1.823339713906249937e+00,-1.803641656874999999e+00,2.346821552602861871e+01,1.809897200390696526e+01,1.443534800913153759e+01,2.439138339738565264e+01,7.174614926928437164e+00,3.722557048148303238e+01,1.068940816259546267e+02
-1.823339713906249937e+00,-1.501157543854166665e+00,5.085129771542393939e+01,3.687458698637783527e+01,1.443512015635351275e+01,4.651967894894914934e+01,7.169483888522869997e+00,6.654183719628349536e+01,1.073770943016458119e+02
-1.823339713906249937e+00,-1.198673430833333331e+00,8.837212999298895966e+01,6.481792082823812962e+01,1.443507228099444895e+01,7.853018683651680476e+01,7.167435373406577881e+00,1.084598331546025065e+02,1.082114967541202191e+02
-1.823339713906249937e+00,-8.961893178124999970e-01,1.339233204304567835e+02,1.012453482951968908e+02,1.443512788857225004e+01,1.186793340973490558e+02,7.167258514322278451e+00,1.591907528663584799e+02,1.090777038871785010e+02
-1.823339713906249937e+00,-5.937052047916666631e-01,1.855983362762617617e+02,1.449700970705598593e+02,1.443518453828676584e+01,1.651332707116489473e+02,7.168098309701027127e+00,2.149623811915116676e+02,1.095290650066874178e+02
-1.823339713906249937e+00,-2.912210917708333291e-01,2.416915039555395026e+02,1.948020870480686426e+02,1.443511631509827708e+01,2.162602000296865299e+02,7.168310877378399226e+00,2.727032590219220083e+02,1.092441650191163092e+02
-1.823339713906249937e+00,1.126302125000000487e-02,3.006980090701270569e+02,2.495414728429168463e+02,1.443508853431920080e+01,2.707570033493102528e+02,7.168163481419576044e+00,3.305173747444598007e+02,1.082678941644312260e+02
-1.823339713906249937e+00,3.137471342708333388e-01,3.613138963985626901e+02,3.076036629695445299e+02,1.443510316918505154e+01,3.275786850247568509e+02,7.168860092669216755e+00,3.877374816110939832e+02,1.070491455276502961e+02
-1.823339713906249937e+00,6.162312472916666728e-01,4.224359968332426547e+02,3.669292732793837786e+02,1.443514250601620574e+01,3.858084040228604863e+02,7.168615907662248432e+00,4.445217250699614056e+02,1.062125391227322382e+02
-1.823339713906249937e+00,9.187153603125000068e-01,4.831616784844280801e+02,4.254307861533015966e+02,1.443515879494024112e+01,4.444822238902270328e+02,7.168013841241650752e+00,5.011920618771026170e+02,1.062039682009831125e+02
-1.823339713906249937e+00,1.221199473333333341e+00,5.427896943572229702e+02,4.814684073869138956e+02,1.443514831294523759e+01,5.022421600748421042e+02,7.169319017246331249e+00,5.576628698404438182e+02,1.070254570503132499e+02
-1.823339713906249937e+00,1.523683586354166675e+00,6.008197535454833087e+02,5.337260124702006578e+02,1.443517793603636079e+01,5.569330024101764138e+02,7.173250133965157538e+00,6.132683300098244672e+02,1.081978527435737760e+02
-1.823339713906249937e+00,1.826167699375000009e+00,6.569524243197664646e+02,5.806345914099365473e+02,1.443538177839765169e+01,6.057191469112258346e+02,7.180187212947661379e+00,6.670721364591609017e+02,1.089985015156996013e+02
-1.823339713906249937e+00,2.128651812395833343e+00,7.110891341273311355e+02,6.203126886170357466e+02,1.443552586546669048e+01,6.462549753401654016e+02,7.184759394457619130e+00,7.184549524529105611e+02,1.088992194235429167e+02
-1.823339713906249937e+00,2.431135925416666677e+00,7.633321695921371202e+02,6.517609924469143152e+02,1.443511594492664507e+01,6.785126582320481248e+02,7.182842152848852635e+00,7.675941325863848306e+02,1.079397877975836053e+02
-1.823339713906249937e+00,2.733620038437500011e+00,8.139846765148456598e+02,6.766682003494352102e+02,1.443423861999149693e+01,7.057662807056804013e+02,7.181916920613287125e+00,8.154910365372695651e+02,1.067328718650092867e+02
-1.823339713906249937e+00,3.036104151458333344e+00,8.635505241826269867e+02,6.998909748960286379e+02,1.443420962936073693e+01,7.332612767743230506e+02,7.188965259952935227e+00,8.634490879194338504e+02,1.060519058240513459e+02
-1.823339713906249937e+00,3.338588264479166678e+00,9.127353583561529149e+02,7.269596244748681784e+02,1.443729630147745979e+01,7.647236513483330782e+02,7.213253692578326159e+00,9.122218703324546141e+02,1.062729599311792583e+02
-1.823339713906249937e+00,3.641072377500000012e+00,9.624451595744095584e+02,7.590868540480732918e+02,1.444310831375609894e+01,7.988933061864299816e+02,7.254510618854996373e+00,9.612541460978733312e+02,1.070084118223960132e+02
-1.519526201119791642e+00,-3.618546335000000003e+00,1.806987633800301865e+02,1.260639643482863903e+02,1.444214397755371770e+01,1.424777596258099948e+02,7.244204693476919310e+00,1.920833165454594109e+02,1.065738834842435381e+02
-1.519526201119791642e+00,-3.316062221979166669e+00,1.096597776849123136e+02,7.755573582835495472e+01,1.443635409207977993e+01,9.543354816856663092e+01,7.198804827252653027e+00,1.317788119302182395e+02,1.069883140547460556e+02
-1.519526201119791642e+00,-3.013578108958333335e+00,6.229666806500078025e+01,4.258801330253481865e+01,1.443369436030626041e+01,5.925141517490919796e+01,7.175451103051650570e+00,8.566549893371848157e+01,1.075752184558560600e+02
-1.519526201119791642e+00,-2.711093995937500001e+00,3.549843216708796945e+01,2.441961089707911015e+01,1.443401497705229097e+01,3.709447582002394483e+01,7.170330990037518504e+00,5.566391474832494168e+01,1.080892413102460239e+02
-1.519526201119791642e+00,-2.408609882916666667e+00,2.635492681466757503e+01,1.987582382187247276e+01,1.443513384101931862e+01,2.881317229415071779e+01,7.171897629476576164e+00,4.236895639679062242e+01,1.082451757258229890e+02
-1.519526201119791642e+00,-2.106125769895833333e+00,3.215686800793460520e+01,2.481325571425259113e+01,1.443541327637107052e+01,3.237837394373855204e+01,7.173272518556282229e+00,4.528490444693454720e+01,1.079354177247043509e+02
-1.519526201119791642e+00,-1.803641656874999999e+00,5.039589195095439322e+01,3.715055858157575130e+01,1.443512638991258790e+01,4.575667105479806196e+01,7.169056662937287605e+00,6.305991063158069210e+01,1.073451514926205448e+02
-1.519526201119791642e+00,-1.501157543854166665e+00,7.876727376740802811e+01,5.686220731958746910e+01,1.443488861849033000e+01,6.786441012523573590e+01,7.163766822821356683e+00,9.362111199530556860e+01,1.068441793860999240e+02
-1.519526201119791642e+00,-1.198673430833333331e+00,1.151599786322155694e+02,8.448535241559147835e+01,1.443490934318067787e+01,9.828696049091013265e+01,7.161386896117354794e+00,1.342597821800634392e+02,1.067323355505478162e+02
-1.519526201119791642e+00,-8.961893178124999970e-01,1.576683868608897683e+02,1.199583144057542086e+02,1.443499730816016502e+01,1.364553856443853874e+02,7.161042565365518975e+00,1.818107808811153063e+02,1.070321010269160382e+02
-1.519526201119791642e+00,-5.937052047916666631e-01,2.045877379456446192e+02,1.624300920562818646e+02,1.443523942762013412e+01,1.811213007829101116e+02,7.162079404462900811e+00,2.330315352433084399e+02,1.074712608343278788e+02
-1.519526201119791642e+00,-2.912210917708333291e-01,2.544141305553954737e+02,2.105287390854209661e+02,1.443529481560012151e+01,2.304134273623640183e+02,7.162493454595647790e+00,2.851317440593513766e+02,1.076702499928283885e+02
-1.519526201119791642e+00,1.126302125000000487e-02,3.058445225357590402e+02,2.624556162469089031e+02,1.443525155807997784e+01,2.822267424717756512e+02,7.162034035360315798e+00,3.362464972314417651e+02,1.074217304110854911e+02
-1.519526201119791642e+00,3.137471342708333388e-01,3.577767309090531285e+02,3.159175455775111914e+02,1.443521150671140241e+01,3.346137521803648269e+02,7.162145462468086698e+00,3.856076946969420760e+02,1.068650137237366664e+02
-1.519526201119791642e+00,6.162312472916666728e-01,4.093092351817510348e+02,3.683353470917791128e+02,1.443514801373654599e+01,3.860141276307294902e+02,7.161873592720430892e+00,4.332994733485203938e+02,1.064094337466539457e+02
-1.519526201119791642e+00,9.187153603125000068e-01,4.597412724791390133e+02,4.174440990965813398e+02,1.443507026583903219e+01,4.352332529332597915e+02,7.161942514748410815e+00,4.797136301725062140e+02,1.064521532102312591e+02
-1.519526201119791642e+00,1.221199473333333341e+00,5.085735462511910896e+02,4.617921073827892542e+02,1.443500764150968152e+01,4.811171587062490289e+02,7.163848481203062057e+00,5.250057578604740911e+02,1.070890788634974200e+02
-1.519526201119791642e+00,1.523683586354166675e+00,5.555075378355429621e+02,5.006067875232547522e+02,1.443502371463851830e+01,5.221390055617230246e+02,7.167565031152919985e+00,5.688659154207416577e+02,1.080050973518396518e+02
-1.519526201119791642e+00,1.826167699375000009e+00,6.004455877465313733e+02,5.332241072300821543e+02,1.443518534998973379e+01,5.564818560785242880e+02,7.173580269962345213e+00,6.107367306375435874e+02,1.086263147643269775e+02
-1.519526201119791642e+00,2.128651812395833343e+00,6.434908956751949063e+02,5.589876415673643351e+02,1.443536310285225355e+01,5.830784381569137622e+02,7.177583839134057619e+00,6.503372445580037038e+02,1.084853498179732298e+02
-1.519526201119791642e+00,2.431135925416666677e+00,6.849475204892730744e+02,5.782434245366603136e+02,1.443504637089031029e+01,6.031627164640558476e+02,7.175835687862825552e+00,6.881468339250826602e+02,1.075820574862698180e+02
-1.519526201119791642e+00,2.733620038437500011e+00,7.253203802332066061e+02,5.937645645644515753e+02,1.443424156431284189e+01,6.209016323626819940e+02,7.174652765506637664e+00,7.254981608200392884e+02,1.064542128135239949e+02
-1.519526201119791642e+00,3.036104151458333344e+00,7.653154314834379193e+02,6.108100834786891937e+02,1.443401204979215890e+01,6.418165375891803706e+02,7.180558696574629529e+00,7.641333775882824284e+02,1.058573565429808525e+02
-1.519526201119791642e+00,3.338588264479166678e+00,8.058399475496510149e+02,6.344131873454898596e+02,1.443645858794119441e+01,6.693218755722809874e+02,7.203414778951993114e+00,8.053802539572807291e+02,1.062543327699000599e+02
-1.519526201119791642e+00,3.641072377500000012e+00,8.480016622065199954e+02,6.645572147965431213e+02,1.444151711561530860e+01,7.015868797093426110e+02,7.243072484454915916e+00,8.493322177380734956e+02,1.074326116955012367e+02
-1.215712688333333347e+00,-3.618546335000000003e+00,1.731718802683089393e+02,1.338417239449918270e+02,1.444140210285381976e+01,1.473091734318186354e+02,7.234883964064914075e+00,1.903017381167970825e+02,1.064726355751268301e+02
-1.215712688333333347e+00,-3.316062221979166669e+00,1.167171348333770311e+02,8.916672815941274166e+01,1.443621986977923477e+01,1.044045991173807124e+02,7.192132589608100979e+00,1.377913312995599426e+02,1.067067833463524948e+02
-1.215712688333333347e+00,-3.013578108958333335e+00,8.081373140825091639e+01,5.805312824621796608e+01,1.443410212904452372e+01,7.350685776595128118e+01,7.170524682851977971e+00,1.007336743807005632e+02,1.076507111669928918e+02
-1.215712688333333347e+00,-2.711093995937500001e+00,6.255243988350273554e+01,4.395102739892899990e+01,1.443445872734726976e+01,5.742447141944649047e+01,7.166687306709592420e+00,7.967621422572415213e+01,1.087400933520674613e+02
-1.215712688333333347e+00,-2.408609882916666667e+00,5.922488932640583670e+01,4.330337693169713020e+01,1.443527321557038690e+01,5.477312489303949405e+01,7.169238830985381838e+00,7.382062523429772227e+01,1.092949582149581005e+02
-1.215712688333333347e+00,-2.106125769895833333e+00,6.832356798093483974e+01,5.131178478524088860e+01,1.443540815841503644e+01,6.214338320691604167e+01,7.170946383846700023e+00,8.160486439800513381e+01,1.089259120072770202e+02
-1.215712688333333347e+00,-1.803641656874999999e+00,8.754187152678643713e+01,6.538436114042997360e+01,1.443514554228200275e+01,7.679697887248039478e+01,7.166556296141561866e+00,1.011686299303386249e+02,1.077914874137666459e+02
-1.215712688333333347e+00,-1.501157543854166665e+00,1.147761619683094807e+02,8.540053296834230423e+01,1.443487503195003008e+01,9.794394512978396961e+01,7.160935232627573477e+00,1.305249618549663637e+02,1.064807216379718113e+02
-1.215712688333333347e+00,-1.198673430833333331e+00,1.481180261980969703e+02,1.121839351411908865e+02,1.443490692685491794e+01,1.261139151127972582e+02,7.158383531715075243e+00,1.674903543667758186e+02,1.056210803841193950e+02
-1.215712688333333347e+00,-8.961893178124999970e-01,1.858636167754412725e+02,1.460446880292147398e+02,1.443513088753984697e+01,1.616318128748571326e+02,7.158164275922985986e+00,2.095965896913861570e+02,1.055174427521595675e+02
-1.215712688333333347e+00,-5.937052047916666631e-01,2.265099454363361247e+02,1.862421632371842861e+02,1.443536303976250856e+01,2.035400924823115929e+02,7.159341917232392660e+00,2.542048718507874128e+02,1.060340626500926504e+02
-1.215712688333333347e+00,-2.912210917708333291e-01,2.687548830934766215e+02,2.310909249205142260e+02,1.443547244152518338e+01,2.495500740213065001e+02,7.159558306901606883e+00,2.988731638459219084e+02,1.067340276192463477e+02
-1.215712688333333347e+00,1.126302125000000487e-02,3.114971598362589589e+02,2.781769147701561451e+02,1.443544137508280301e+01,2.967241380472878518e+02,7.158680971853566000e+00,3.418139514015485361e+02,1.071792317294478494e+02
-1.215712688333333347e+00,3.137471342708333388e-01,3.538363649307807464e+02,3.246053870152682066e+02,1.443535955420653494e+01,3.423034323068477534e+02,7.158743078090308742e+00,3.821750829393538993e+02,1.072139234239650705e+02
-1.215712688333333347e+00,6.162312472916666728e-01,3.950726621270133592e+02,3.675212019477039576e+02,1.443528411471514872e+01,3.842891179160033062e+02,7.159055849626016155e+00,4.199580165533217837e+02,1.070337219063770533e+02
-1.215712688333333347e+00,9.187153603125000068e-01,4.347071617795546103e+02,4.048607859667390585e+02,1.443516289821969956e+01,4.216000799893154181e+02,7.159574759005653988e+00,4.556053725223311517e+02,1.069908402121229187e+02
-1.215712688333333347e+00,1.221199473333333341e+00,4.724424779395408791e+02,4.358208105918020010e+02,1.443508341824260555e+01,4.537656025223077449e+02,7.160995203046988777e+00,4.895006280423403950e+02,1.072941213488835643e+02
-1.215712688333333347e+00,1.523683586354166675e+00,5.081818641883874079e+02,4.605934183467179537e+02,1.443501823542668205e+01,4.803898413513634296e+02,7.163804008107232058e+00,5.216869862282856047e+02,1.078234756930299056e+02
-1.215712688333333347e+00,1.826167699375000009e+00,5.420294332842108815e+02,4.796435119342058897e+02,1.443513011512575694e+01,5.009804210452166444e+02,7.169529891881919248e+00,5.519822519981134974e+02,1.081837548791804977e+02
-1.215712688333333347e+00,2.128651812395833343e+00,5.742901571618294838e+02,4.934394168164581060e+02,1.443537379423042921e+01,5.156410880817456928e+02,7.174067172352208033e+00,5.804165608153122093e+02,1.079820593253078727e+02
-1.215712688333333347e+00,2.431135925416666677e+00,6.054698669327619882e+02,5.032260300461202860e+02,1.443528749997584626e+01,5.262956444989940792e+02,7.172806537466342114e+00,6.077010787223549642e+02,1.071621349589367043e+02
-1.215712688333333347e+00,2.733620038437500011e+00,6.362752528852294063e+02,5.121877879016101360e+02,1.443466267303073103e+01,5.371674014111085853e+02,7.170841340983470147e+00,6.353842332150783250e+02,1.061411693884296739e+02
-1.215712688333333347e+00,3.036104151458333344e+00,6.676144289205649329e+02,5.253186482992023230e+02,1.443434244961767732e+01,5.533275269118130382e+02,7.174882115555714535e+00,6.655061398029836255e+02,1.056019635716294829e+02
-1.215712688333333347e+00,3.338588264479166678e+00,7.005962312993556225e+02,5.467471052035689354e+02,1.443628744675266873e+01,5.776019817883025098e+02,7.196205546400184616e+00,6.998384367176847718e+02,1.060559182971324645e+02
-1.215712688333333347e+00,3.641072377500000012e+00,7.365301415944535393e+02,5.752407606188207865e+02,1.444066517628495028e+01,6.078569091280405701e+02,7.234809652427736992e+00,7.390392257019433373e+02,1.074600665985778960e+02
-9.118991755468750515e-01,-3.618546335000000003e+00,1.895165927871957479e+02,1.526096802148967981e+02,1.444119182808599611e+01,1.665194117367100262e+02,7.230388786448306071e+00,2.103530420727402088e+02,1.068438379230500175e+02
-9.118991755468750515e-01,-3.316062221979166669e+00,1.445081302435152963e+02,1.122155462093651295e+02,1.443655877957248634e+01,1.278270852083987847e+02,7.189766765702441553e+00,1.644573861597855284e+02,1.067044342887881214e+02
-9.118991755468750515e-01,-3.013578108958333335e+00,1.171291534239665282e+02,8.510187564603984356e+01,1.443467248199596931e+01,1.015600039723249211e+02,7.169345239195616060e+00,1.345754487730343953e+02,1.077148154931963688e+02
-9.118991755468750515e-01,-2.711093995937500001e+00,1.046722044629011918e+02,7.439545987732708454e+01,1.443486647429180003e+01,9.007301633512179251e+01,7.166270104147222320e+00,1.201487532078942877e+02,1.091187077256333993e+02
-9.118991755468750515e-01,-2.408609882916666667e+00,1.046306846713723218e+02,7.634044842235743999e+01,1.443543412119928959e+01,9.111013939269469120e+01,7.169252220535849318e+00,1.192681280124066916e+02,1.099649956192765643e+02
-9.118991755468750515e-01,-2.106125769895833333e+00,1.146988545371342383e+02,8.605020112544298172e+01,1.443546390834303672e+01,1.005200177016376983e+02,7.170837485330459948e+00,1.295294287844365044e+02,1.096469142251038420e+02
-9.118991755468750515e-01,-1.803641656874999999e+00,1.327718704387385458e+02,1.009337072614580393e+02,1.443514400822104982e+01,1.153884967921076168e+02,7.166062258524042328e+00,1.486850975250010833e+02,1.082722006788570184e+02
-9.118991755468750515e-01,-1.501157543854166665e+00,1.569472542878833963e+02,1.209169493336230516e+02,1.443503585651484578e+01,1.353132137302745832e+02,7.160287410885445958e+00,1.748514029683719855e+02,1.065526155267465214e+02
-9.118991755468750515e-01,-1.198673430833333331e+00,1.855191404449295192e+02,1.468309011962264776e+02,1.443518352218095835e+01,1.613729294700460741e+02,7.157955012250094562e+00,2.063219977823391673e+02,1.053202690830510164e+02
-9.118991755468750515e-01,-8.961893178124999970e-01,2.169854537129490666e+02,1.788454670477658510e+02,1.443531560719987361e+01,1.941397256712079979e+02,7.157928653130510632e+00,2.412679972265329980e+02,1.050582091989998474e+02
-9.118991755468750515e-01,-5.937052047916666631e-01,2.500449780717154340e+02,2.158688010554760695e+02,1.443545749805183753e+01,2.324073242159174697e+02,7.158836677530866055e+00,2.776331599822391354e+02,1.057132472352294741e+02
-9.118991755468750515e-01,-2.912210917708333291e-01,2.835973566777032033e+02,2.557106135766953230e+02,1.443542786096360331e+01,2.732945701143798942e+02,7.158605669266274063e+00,3.133560433138263761e+02,1.068003926983116827e+02
-9.118991755468750515e-01,1.126302125000000487e-02,3.167430918640884556e+02,2.954899994442239404e+02,1.443536072940555570e+01,3.132564534203993389e+02,7.157801666116233363e+00,3.467990061497781653e+02,1.077097601090986103e+02
-9.118991755468750515e-01,3.137471342708333388e-01,3.487835451407483447e+02,3.321277855280786753e+02,1.443528621625900143e+01,3.492010109055918292e+02,7.158501420168274620e+00,3.771078671015653754e+02,1.080667030240051361e+02
-9.118991755468750515e-01,6.162312472916666728e-01,3.792206001305739846e+02,3.630324760526418686e+02,1.443527976732367613e+01,3.792245623719099967e+02,7.159247429538267760e+00,4.042642075358118632e+02,1.079172422098501443e+02
-9.118991755468750515e-01,9.187153603125000068e-01,4.077572446317605568e+02,3.868498644847422838e+02,1.443526016609585483e+01,4.028118175820382021e+02,7.159278365922340903e+00,4.287914433336314914e+02,1.076097931448926204e+02
-9.118991755468750515e-01,1.221199473333333341e+00,4.342979634528992960e+02,4.037755940444767475e+02,1.443515196095946962e+01,4.204895060553608346e+02,7.159549891407865907e+00,4.513008279166497232e+02,1.074856632140658945e+02
-9.118991755468750515e-01,1.523683586354166675e+00,4.589477824191852164e+02,4.150746161434799433e+02,1.443507574333729160e+01,4.331389173025236232e+02,7.161714489384061189e+00,4.721684791281142566e+02,1.076191082945760513e+02
-9.118991755468750515e-01,1.826167699375000009e+00,4.820125865325147174e+02,4.221737270932644606e+02,1.443514810278542093e+01,4.415211549592131632e+02,7.167852737953156250e+00,4.915526111560677123e+02,1.077756943991585530e+02
-9.118991755468750515e-01,2.128651812395833343e+00,5.039991199714854133e+02,4.262626899555325508e+02,1.443543283807385258e+01,4.465770610668623704e+02,7.173072835827259297e+00,5.097408573438773374e+02,1.076080047579422967e+02
-9.118991755468750515e-01,2.431135925416666677e+00,5.256149860913961902e+02,4.289646449740976095e+02,1.443550993125905180e+01,4.503590209877111192e+02,7.171912947362145019e+00,5.275938234727364033e+02,1.069667383616652643e+02
-9.118991755468750515e-01,2.733620038437500011e+00,5.477686474242474333e+02,4.334101131465286016e+02,1.443513873084816623e+01,4.565263229884585598e+02,7.169362481675854326e+00,5.467597241794516094e+02,1.061041120191156892e+02
-9.118991755468750515e-01,3.036104151458333344e+00,5.715704452318827862e+02,4.440791246499866247e+02,1.443490414356768881e+01,4.692725794584694086e+02,7.172594932049882743e+00,5.694366203352958564e+02,1.055850746433871450e+02
-9.118991755468750515e-01,3.338588264479166678e+00,5.983307141276826542e+02,4.642364747859537601e+02,1.443664300966096192e+01,4.907959877317225619e+02,7.193420276003904767e+00,5.977012822282583784e+02,1.059356742401688223e+02
-9.118991755468750515e-01,3.641072377500000012e+00,6.295606780451671511e+02,4.917096201907843351e+02,1.444056237968471024e+01,5.190100832181269652e+02,7.231443979387234045e+00,6.326716128330423317e+02,1.072700194697433744e+02
-6.080856627604167564e-01,-3.618546335000000003e+00,2.265816286728811519e+02,1.816574525665491819e+02,1.444105564113571205e+01,1.990889919461842510e+02,7.230713521665036225e+00,2.501980788809876231e+02,1.073407350289769511e+02
-6.080856627604167564e-01,-3.316062221979166669e+00,1.900850674360590062e+02,1.458330430220812559e+02,1.443680085048837114e+01,1.643373539298008836e+02,7.191265528665214291e+00,2.093326114150644344e+02,1.067192238612039432e+02
-6.080856627604167564e-01,-3.013578108958333335e+00,1.684988134174207062e+02,1.227093213424086571e+02,1.443488993258521447e+01,1.416666077096924710e+02,7.171194990842706396e+00,1.843428253699039487e+02,1.075500823336663956e+02
-6.080856627604167564e-01,-2.711093995937500001e+00,1.593171809950977718e+02,1.145813604202121496e+02,1.443511142746395493e+01,1.329878510692687996e+02,7.168086098276391205e+00,1.739131690003108588e+02,1.090277142007361704e+02
-6.080856627604167564e-01,-2.408609882916666667e+00,1.602353437239228242e+02,1.176755160409957170e+02,1.443544912372270694e+01,1.356335784082803002e+02,7.170730277546338627e+00,1.753809624904664588e+02,1.100813808997607310e+02
-6.080856627604167564e-01,-2.106125769895833333e+00,1.691493343354298702e+02,1.276029706224799156e+02,1.443544416432698974e+01,1.453794763519581466e+02,7.171827358342512504e+00,1.857687897068732354e+02,1.099723481696069456e+02
-6.080856627604167564e-01,-1.803641656874999999e+00,1.841560711302489892e+02,1.423062006402760744e+02,1.443519659697364510e+01,1.596029508658284612e+02,7.166834221302689656e+00,2.025622238996766100e+02,1.087265186692778371e+02
-6.080856627604167564e-01,-1.501157543854166665e+00,2.035543089541093877e+02,1.618804167639464140e+02,1.443519801698643512e+01,1.782483879720311961e+02,7.161279073582374366e+00,2.239516078062785027e+02,1.070509159959040346e+02
-6.080856627604167564e-01,-1.198673430833333331e+00,2.258406553852342427e+02,1.868136777821928263e+02,1.443534246786743580e+01,2.023973792043070716e+02,7.159197237310011452e+00,2.485828145923893544e+02,1.058304627212350653e+02
-6.080856627604167564e-01,-8.961893178124999970e-01,2.497148074704754492e+02,2.165452067907899618e+02,1.443544527043676240e+01,2.321274242510298791e+02,7.158965372792726711e+00,2.751268100983579643e+02,1.056134369042133585e+02
-6.080856627604167564e-01,-5.937052047916666631e-01,2.740773214333859755e+02,2.491612908113747835e+02,1.443536115598126557e+01,2.654647746965019905e+02,7.159415848644388625e+00,3.020276088597238413e+02,1.063794568348957199e+02
-6.080856627604167564e-01,-2.912210917708333291e-01,2.980296126742201750e+02,2.818848864641040564e+02,1.443519556602619680e+01,2.989169408827838197e+02,7.159193698258774496e+00,3.276126854626636487e+02,1.076152964917848465e+02
-6.080856627604167564e-01,1.126302125000000487e-02,3.208739557699337865e+02,3.117196961510926485e+02,1.443503616526588118e+01,3.288084439914164250e+02,7.159031081016166809e+00,3.504803707629842506e+02,1.086256855365257934e+02
-6.080856627604167564e-01,3.137471342708333388e-01,3.421134844741835650e+02,3.360200858274474740e+02,1.443504185879759660e+01,3.524417161925011897e+02,7.160173377682390594e+00,3.698933092195860581e+02,1.089392164562239600e+02
-6.080856627604167564e-01,6.162312472916666728e-01,3.614518379122018246e+02,3.530833862330764532e+02,1.443516603178355240e+01,3.686655186578173016e+02,7.160437660519803238e+00,3.859141591682215449e+02,1.085586659175651647e+02
-6.080856627604167564e-01,9.187153603125000068e-01,3.787938855400669809e+02,3.626770355664193630e+02,1.443527408145275714e+01,3.778918019465090765e+02,7.159513413717108143e+00,3.991980479404795688e+02,1.078815154537461041e+02
-6.080856627604167564e-01,1.221199473333333341e+00,3.942459430801177973e+02,3.660865486580878496e+02,1.443524975021388990e+01,3.816568552538792574e+02,7.159304827178795350e+00,4.105812627098551957e+02,1.073758718730168766e+02
-6.080856627604167564e-01,1.523683586354166675e+00,4.081148086013291163e+02,3.654266017563641071e+02,1.443513147180620493e+01,3.818650250984537706e+02,7.161723104629931669e+00,4.207342669296696727e+02,1.072645999092462574e+02
-6.080856627604167564e-01,1.826167699375000009e+00,4.209081393493768815e+02,3.626431744359433651e+02,1.443511271482397085e+01,3.801396242847695248e+02,7.168285808950760618e+00,4.301032288965543557e+02,1.074147537488605764e+02
-6.080856627604167564e-01,2.128651812395833343e+00,4.333344517466383650e+02,3.591356585063040257e+02,1.443534932310154950e+01,3.778378594952191634e+02,7.173512364792749452e+00,4.391771716407441772e+02,1.074740332932190086e+02
-6.080856627604167564e-01,2.431135925416666677e+00,4.463031213921922813e+02,3.564981172103434801e+02,1.443550365159111060e+01,3.767690582595132582e+02,7.172143063414000430e+00,4.489002231375285419e+02,1.071650568634570391e+02
-6.080856627604167564e-01,2.733620038437500011e+00,4.609243830618185598e+02,3.576493019741028547e+02,1.443529653306197247e+01,3.797786708043458930e+02,7.169716405489513278e+00,4.609304225238687422e+02,1.065467058780301812e+02
-6.080856627604167564e-01,3.036104151458333344e+00,4.785108754134909645e+02,3.666967887692153454e+02,1.443522374347355530e+01,3.901224800137497368e+02,7.173326606258941140e+00,4.775022734513437399e+02,1.060365579834764560e+02
-6.080856627604167564e-01,3.338588264479166678e+00,5.005743668152726400e+02,3.863930195551365614e+02,1.443692825880403419e+01,4.095213953735146788e+02,7.194324380997010770e+00,5.008549681878154161e+02,1.061479767921001809e+02
-6.080856627604167564e-01,3.641072377500000012e+00,5.288278181238431443e+02,4.139798553138971329e+02,1.444076381575772849e+01,4.362263908923378040e+02,7.231986178361868411e+00,5.324304448843726050e+02,1.071345765997896535e+02
-3.042721499739584612e-01,-3.618546335000000003e+00,2.814201819197800774e+02,2.212219917904585600e+02,1.444087225193140611e+01,2.435563001677292050e+02,7.232738866043805892e+00,3.070531923638852732e+02,1.076293360535344021e+02
-3.042721499739584612e-01,-3.316062221979166669e+00,2.507047161899644152e+02,1.898541116509586573e+02,1.443675025276218804e+01,2.121546157550073985e+02,7.193515241317305353e+00,2.694786814901842718e+02,1.065609348354292365e+02
-3.042721499739584612e-01,-3.013578108958333335e+00,2.323830569521111897e+02,1.703750217575579882e+02,1.443495547832403325e+01,1.919230602016359626e+02,7.173220436631945418e+00,2.469747810879529197e+02,1.070750384727750486e+02
-3.042721499739584612e-01,-2.711093995937500001e+00,2.241512908281314651e+02,1.639345557503402233e+02,1.443504292578230341e+01,1.844163309712675982e+02,7.169523236344341299e+00,2.378362902050903358e+02,1.084462050110470273e+02
-3.042721499739584612e-01,-2.408609882916666667e+00,2.239063636166375773e+02,1.668760205674916506e+02,1.443529033436706399e+01,1.869386523838147696e+02,7.171360908673421797e+00,2.390231314913246479e+02,1.096269596985989665e+02
-3.042721499739584612e-01,-2.106125769895833333e+00,2.297460802929432475e+02,1.756948893535882235e+02,1.443526260294598806e+01,1.956491692475938180e+02,7.172019346064817391e+00,2.472676667156359827e+02,1.098349799967224527e+02
-3.042721499739584612e-01,-1.803641656874999999e+00,2.399691223029807929e+02,1.891756418216973543e+02,1.443514817132940742e+01,2.084391806838793855e+02,7.167196857693113543e+00,2.599142648781177058e+02,1.089970117778321566e+02
-3.042721499739584612e-01,-1.501157543854166665e+00,2.530755504531917381e+02,2.075698371287435293e+02,1.443529865680450541e+01,2.254116570800833870e+02,7.161944297707489859e+00,2.751920165883559548e+02,1.077060836638916896e+02
-3.042721499739584612e-01,-1.198673430833333331e+00,2.677643712897567525e+02,2.306884236475452781e+02,1.443545243338616935e+01,2.471378902585638571e+02,7.159680700331847447e+00,2.919571102888127143e+02,1.067641440708573697e+02
-3.042721499739584612e-01,-8.961893178124999970e-01,2.829370541033073323e+02,2.568194694248959422e+02,1.443543747340330974e+01,2.726649268629298604e+02,7.158910973135274247e+00,3.092172356807539586e+02,1.066833642552202406e+02
-3.042721499739584612e-01,-5.937052047916666631e-01,2.976959273611760750e+02,2.830266390424221754e+02,1.443519319279410240e+01,2.990264796532428591e+02,7.159288868012770202e+00,3.258103404567176540e+02,1.074368677750032930e+02
-3.042721499739584612e-01,-2.912210917708333291e-01,3.113441787073971341e+02,3.061399545781314373e+02,1.443486678082218866e+01,3.223708473232436518e+02,7.159667619745706979e+00,3.404424437356807402e+02,1.085182647681649399e+02
-3.042721499739584612e-01,1.126302125000000487e-02,3.233858549627057073e+02,3.235767575856298208e+02,1.443470378073768856e+01,3.395311625806753000e+02,7.159935529610244487e+00,3.520227121982919698e+02,1.092544217579476680e+02
-3.042721499739584612e-01,3.137471342708333388e-01,3.335258621245385484e+02,3.337487679757177830e+02,1.443478005862367120e+01,3.489443779833818553e+02,7.160641015177128921e+00,3.600430181282390549e+02,1.092165341441954922e+02
-3.042721499739584612e-01,6.162312472916666728e-01,3.416696304498903487e+02,3.362923994893208146e+02,1.443504648974305482e+01,3.507319345781797892e+02,7.160029156142113216e+00,3.647407524155038345e+02,1.084685692107321557e+02
-3.042721499739584612e-01,9.187153603125000068e-01,3.479239152670085673e+02,3.322160342941060662e+02,1.443530912695798207e+01,3.463386929595544643e+02,7.158845964245866611e+00,3.669413661944912519e+02,1.074815798841707704e+02
-3.042721499739584612e-01,1.221199473333333341e+00,3.525968233682725099e+02,3.236818120386451483e+02,1.443533708290720696e+01,3.380093076231387386e+02,7.159246168639573860e+00,3.676877389377820009e+02,1.067999971576848424e+02
-3.042721499739584612e-01,1.523683586354166675e+00,3.561969250664363358e+02,3.132185879945755005e+02,1.443519041924685453e+01,3.281368984323125915e+02,7.162228619840114163e+00,3.678953434167997329e+02,1.067104619308894087e+02
-3.042721499739584612e-01,1.826167699375000009e+00,3.594336498509560442e+02,3.027855857480317354e+02,1.443507732103583230e+01,3.186694058912726177e+02,7.168641280210936273e+00,3.682511043904050894e+02,1.071060847400345466e+02
-3.042721499739584612e-01,2.128651812395833343e+00,3.632172863879884517e+02,2.935642162971198559e+02,1.443518806940900312e+01,3.110146619550287141e+02,7.173429548777406239e+00,3.694172957855524260e+02,1.075886213408773244e+02
-3.042721499739584612e-01,2.431135925416666677e+00,3.686589825203918167e+02,2.868957393150776625e+02,1.443530930296796022e+01,3.066115343716519419e+02,7.172090555333626938e+00,3.724024823248902862e+02,1.077448487688209724e+02
-3.042721499739584612e-01,2.733620038437500011e+00,3.770707452677258402e+02,2.855425481330603361e+02,1.443516986204341634e+01,3.075714244959090138e+02,7.170326641273015333e+00,3.788350233906203357e+02,1.074444195278110783e+02
-3.042721499739584612e-01,3.036104151458333344e+00,3.899675807197133395e+02,2.935535831619054079e+02,1.443514639825630042e+01,3.164135403725922515e+02,7.174688982714038765e+00,3.908975900183442604e+02,1.069517205552352408e+02
-3.042721499739584612e-01,3.338588264479166678e+00,4.090626264009911779e+02,3.135943249277770519e+02,1.443693231750961203e+01,3.346022673405968817e+02,7.196019727334362237e+00,4.108482987182877082e+02,1.067480623332063772e+02
-3.042721499739584612e-01,3.641072377500000012e+00,4.362705746538879907e+02,3.426201344095170498e+02,1.444080046827761876e+01,3.608711422271080664e+02,7.233682880363472734e+00,4.402782539090876526e+02,1.072025225311317627e+02
-4.586371874997219322e-04,-3.618546335000000003e+00,3.512899127805323474e+02,2.718995461184531450e+02,1.444076112639576337e+01,2.986940063789843407e+02,7.233432417437912321e+00,3.780437758759140934e+02,1.075905051592531549e+02
-4.586371874997219322e-04,-3.316062221979166669e+00,3.238283125424127320e+02,2.442552586160600185e+02,1.443672775458987445e+01,2.697771136196606676e+02,7.194149773212719978e+00,3.420535192793410033e+02,1.062457750236460043e+02
-4.586371874997219322e-04,-3.013578108958333335e+00,3.064466958497603741e+02,2.276107620764523745e+02,1.443503341627194914e+01,2.508647908491584531e+02,7.173802625398520760e+00,3.197171963304150495e+02,1.064224315951369704e+02
-4.586371874997219322e-04,-2.711093995937500001e+00,2.970429215682659674e+02,2.219799792077392340e+02,1.443505061602605544e+01,2.433037518636156165e+02,7.169761107091183305e+00,3.092758799448274658e+02,1.075693864727553688e+02
-4.586371874997219322e-04,-2.408609882916666667e+00,2.937157077403217045e+02,2.238620149213820696e+02,1.443522148027871133e+01,2.445728714163778932e+02,7.171086400945946515e+00,3.076616404563588958e+02,1.087708773180163462e+02
-4.586371874997219322e-04,-2.106125769895833333e+00,2.947646315850208225e+02,2.306453422661870718e+02,1.443518010724988088e+01,2.513168133675026183e+02,7.171662108592137486e+00,3.115894825953801046e+02,1.092800180275511792e+02
-4.586371874997219322e-04,-1.803641656874999999e+00,2.986901389168215815e+02,2.418595647066831589e+02,1.443514846988933442e+01,2.618237720222678035e+02,7.167046145097051735e+00,3.183994618224387523e+02,1.089353311779444624e+02
-4.586371874997219322e-04,-1.501157543854166665e+00,3.041936695295594291e+02,2.577032245732843876e+02,1.443529232252719297e+01,2.760454953451608162e+02,7.161696818762818495e+00,3.263524897800707549e+02,1.081589012585914986e+02
-4.586371874997219322e-04,-1.198673430833333331e+00,3.101765546874672737e+02,2.770960754826664925e+02,1.443544597675528607e+01,2.937175035287727951e+02,7.159016942662442595e+00,3.344067003667616405e+02,1.075823066828765775e+02
-4.586371874997219322e-04,-8.961893178124999970e-01,3.157420359249561557e+02,2.971329418439418077e+02,1.443534807127481656e+01,3.127402453050672193e+02,7.158111204559011398e+00,3.417674431680308658e+02,1.076101999913208545e+02
-4.586371874997219322e-04,-5.937052047916666631e-01,3.201942139531386147e+02,3.141111702024936676e+02,1.443503760608123621e+01,3.293822190885512100e+02,7.158984864820218341e+00,3.475639721878411592e+02,1.081893970291835103e+02
-4.586371874997219322e-04,-2.912210917708333291e-01,3.230380486598280640e+02,3.249918216634541750e+02,1.443471077936124303e+01,3.399646805059564940e+02,7.159813573634196793e+00,3.508507335279689983e+02,1.088694679252541562e+02
-4.586371874997219322e-04,1.126302125000000487e-02,3.239793591095398142e+02,3.282028847038745880e+02,1.443455938937226435e+01,3.424734537027943588e+02,7.159638796634158808e+00,3.508842989649383526e+02,1.091031857603368280e+02
-4.586371874997219322e-04,3.137471342708333388e-01,3.229248235434901062e+02,3.236324301846325397e+02,1.443470332397287592e+01,3.369848941980999371e+02,7.159431005172027795e+00,3.474510464185870546e+02,1.086120586957371756e+02
-4.586371874997219322e-04,6.162312472916666728e-01,3.199816989798576401e+02,3.123356679659336805e+02,1.443503976155090918e+01,3.250649118571636791e+02,7.158536120147576121e+00,3.410113793063530352e+02,1.075735636089670635e+02
-4.586371874997219322e-04,9.187153603125000068e-01,3.154586308333448414e+02,2.963107035672292113e+02,1.443534900781703278e+01,3.089736911426116421e+02,7.157972166336149300e+00,3.325650001666668913e+02,1.065032340298206179e+02
-4.586371874997219322e-04,1.221199473333333341e+00,3.098654771226639468e+02,2.781570887705311179e+02,1.443541465774970511e+01,2.911548396690341178e+02,7.159138812504809657e+00,3.233257936654860032e+02,1.059351754049446868e+02
-4.586371874997219322e-04,1.523683586354166675e+00,3.039125804043490575e+02,2.603617848511785269e+02,1.443521427045981298e+01,2.738913098942757642e+02,7.162194703358363945e+00,3.144102968080063647e+02,1.061259540490686533e+02
-4.586371874997219322e-04,1.826167699375000009e+00,2.985111424116355465e+02,2.445363810788840055e+02,1.443506376383452583e+01,2.589837763625182561e+02,7.168087984052741390e+00,3.067292293838079331e+02,1.069348050956562730e+02
-4.586371874997219322e-04,2.128651812395833343e+00,2.947732240544600586e+02,2.314193944986909628e+02,1.443511381986133912e+01,2.476860114846858778e+02,7.172566590314571222e+00,3.011423385917448741e+02,1.079085605491567321e+02
-4.586371874997219322e-04,2.431135925416666677e+00,2.940117454194603965e+02,2.220215119738131762e+02,1.443514420482284422e+01,2.411430044606458978e+02,7.171433441931392316e+00,2.987680621289415512e+02,1.085330286375269964e+02
-4.586371874997219322e-04,2.733620038437500011e+00,2.977404857699760896e+02,2.190293949376791716e+02,1.443494594868575653e+01,2.409888846970970917e+02,7.170077138865730504e+00,3.012254976385927421e+02,1.085376381878809582e+02
-4.586371874997219322e-04,3.036104151458333344e+00,3.076768886630985094e+02,2.266617053057998419e+02,1.443497442911068340e+01,2.492863096957880771e+02,7.174758662484746807e+00,3.105934506992132924e+02,1.080599509552155695e+02
-4.586371874997219322e-04,3.338588264479166678e+00,3.257353961819279107e+02,2.477932347618043423e+02,1.443684501523274477e+01,2.674066898129603942e+02,7.196260966901408374e+00,3.290038584503679999e+02,1.075367249154257223e+02
-4.586371874997219322e-04,3.641072377500000012e+00,3.540324267169328891e+02,2.793000918459147215e+02,1.444079917016451020e+01,2.945435337378730765e+02,7.234191503203576623e+00,3.579799126053993064e+02,1.074121479907976209e+02
3.033548755989585732e-01,-3.618546335000000003e+00,4.336529477660020575e+02,3.334683723337948322e+02,1.444072696372088416e+01,3.635310860328099807e+02,7.232880622141475868e+00,4.606071883513453713e+02,1.073742345690831002e+02
3.033548755989585732e-01,-3.316062221979166669e+00,4.071215587888091818e+02,3.082122138552367687e+02,1.443683636259970626e+01,3.360345149439381203e+02,7.193687843031918661e+00,4.246435742733629013e+02,1.059964968806630452e+02
3.033548755989585732e-01,-3.013578108958333335e+00,3.885590081903147848e+02,2.931712899971753359e+02,1.443517513413578079e+01,3.174035969793912955e+02,7.173756634945408273e+00,4.003849597966189435e+02,1.058951072517559737e+02
3.033548755989585732e-01,-2.711093995937500001e+00,3.760649270799892747e+02,2.875449361894279718e+02,1.443523842676419200e+01,3.089612004116570461e+02,7.170143377560172837e+00,3.862923350985344086e+02,1.067441280253209754e+02
3.033548755989585732e-01,-2.408609882916666667e+00,3.679398057440043317e+02,2.878988530952483416e+02,1.443540519577008574e+01,3.083656564002703817e+02,7.171716220595512503e+00,3.795625448181402817e+02,1.078244340080152170e+02
3.033548755989585732e-01,-2.106125769895833333e+00,3.626849936452331349e+02,2.921142667662352324e+02,1.443526269656929983e+01,3.125061081246567483e+02,7.172434661695943348e+00,3.771366913947502439e+02,1.084862934735761968e+02
3.033548755989585732e-01,-1.803641656874999999e+00,3.590027021898832231e+02,2.999724086504429579e+02,1.443513358400354818e+01,3.196662765647597553e+02,7.167646144521778950e+00,3.764973795795885962e+02,1.085177067007060856e+02
3.033548755989585732e-01,-1.501157543854166665e+00,3.557958231858656859e+02,3.112821233365684748e+02,1.443520499140554314e+01,3.293075594849760819e+02,7.161893138002791481e+00,3.759754054925826381e+02,1.081721604874271065e+02
3.033548755989585732e-01,-1.198673430833333331e+00,3.521679383655603033e+02,3.240821481775492430e+02,1.443536815192417500e+01,3.402889254985821026e+02,7.159219735555487851e+00,3.745831472707715761e+02,1.078860651631733560e+02
3.033548755989585732e-01,-8.961893178124999970e-01,3.474240615071579441e+02,3.346849049013108015e+02,1.443529543000843951e+01,3.497203947112775495e+02,7.158860616389109310e+00,3.716348027225955093e+02,1.079312450109901675e+02
3.033548755989585732e-01,-5.937052047916666631e-01,3.410700655655506353e+02,3.393165786201134324e+02,1.443504628975486526e+01,3.537506010719916958e+02,7.160129638901256754e+00,3.664665738864808873e+02,1.082333916878273499e+02
3.033548755989585732e-01,-2.912210917708333291e-01,3.328126826723317890e+02,3.357970808641985059e+02,1.443479044189958671e+01,3.495549073653091909e+02,7.160609179127944479e+00,3.584293362148658844e+02,1.084432721010482936e+02
3.033548755989585732e-01,1.126302125000000487e-02,3.225595041357959758e+02,3.240450830068439245e+02,1.443471426548664205e+01,3.367301933769813331e+02,7.159639141999577738e+00,3.471092572830457357e+02,1.082001025131749543e+02
3.033548755989585732e-01,3.137471342708333388e-01,3.104189804409392650e+02,3.054837024938315153e+02,1.443488780570261376e+01,3.170857187514302495e+02,7.159107938851332342e+00,3.325845117577831616e+02,1.074096013556256963e+02
3.033548755989585732e-01,6.162312472916666728e-01,2.967002309965461677e+02,2.822456562165170908e+02,1.443517476980928294e+01,2.933724514523964899e+02,7.158631661636932542e+00,3.155267833300968050e+02,1.063413461318553459e+02
3.033548755989585732e-01,9.187153603125000068e-01,2.819137955180596578e+02,2.567735015731304884e+02,1.443541037067805632e+01,2.681788379003810405e+02,7.158514945378928296e+00,2.970782054103983683e+02,1.054834597521118837e+02
3.033548755989585732e-01,1.221199473333333341e+00,2.667712434068175185e+02,2.316040994320064783e+02,1.443541484101309713e+01,2.436022802210900409e+02,7.159629836454451279e+00,2.785835450851184305e+02,1.052708318481786591e+02
3.033548755989585732e-01,1.523683586354166675e+00,2.521846894631337932e+02,2.088868158441036940e+02,1.443520337135625020e+01,2.213698846855222655e+02,7.162335714189675961e+00,2.613412026012622391e+02,1.058607734240226961e+02
3.033548755989585732e-01,1.826167699375000009e+00,2.392671076640233423e+02,1.897956496616825461e+02,1.443511330762424372e+01,2.028984798976234742e+02,7.168000375030598725e+00,2.465149956224456673e+02,1.070523284601213021e+02
3.033548755989585732e-01,2.128651812395833343e+00,2.293323311632025820e+02,1.746319878064095974e+02,1.443521655658060254e+01,1.892968970164802158e+02,7.172490375305279109e+00,2.352436332024095691e+02,1.083659047186860107e+02
3.033548755989585732e-01,2.431135925416666677e+00,2.238950522910889731e+02,1.640691558327525854e+02,1.443525004917592369e+01,1.816212589499591559e+02,7.171290263563158796e+00,2.288575772586875701e+02,1.092652049801785665e+02
3.033548755989585732e-01,2.733620038437500011e+00,2.246708225548015889e+02,1.606776628233492374e+02,1.443494248368472910e+01,1.813063076264006668e+02,7.169606438152446692e+00,2.290315140697639436e+02,1.094341350912994102e+02
3.033548755989585732e-01,3.036104151458333344e+00,2.335795930144197428e+02,1.688325167410075665e+02,1.443490987237695400e+01,1.901609458834063844e+02,7.173948314549326355e+00,2.377099544733857783e+02,1.089413545414041238e+02
3.033548755989585732e-01,3.338588264479166678e+00,2.527370457133973787e+02,1.916937825400382280e+02,1.443684286380411308e+01,2.094852738892259367e+02,7.195297315240773095e+00,2.567455388915798267e+02,1.081685783126458347e+02
3.033548755989585732e-01,3.641072377500000012e+00,2.844613196528336516e+02,2.262087359279394150e+02,1.444096754810077776e+01,2.387586977594291966e+02,7.233488596377823932e+00,2.873387405594792199e+02,1.075683597806818312e+02
6.071683883854168684e-01,-3.618546335000000003e+00,5.261758796452782008e+02,4.043872011657804251e+02,1.444071803803385379e+01,4.370638286702524056e+02,7.231426533356730246e+00,5.525467910946302936e+02,1.072443133960164658e+02
6.071683883854168684e-01,-3.316062221979166669e+00,4.984546234827840294e+02,3.799376465622335672e+02,1.443679096556699726e+01,4.098784283921377209e+02,7.192059996139118283e+00,5.152651145705901854e+02,1.060769650835513858e+02
6.071683883854168684e-01,-3.013578108958333335e+00,4.767937383119461288e+02,3.650937685724347830e+02,1.443524713005231419e+01,3.905633944694855018e+02,7.172526054201600942e+00,4.873143535254661174e+02,1.057918752807865417e+02
6.071683883854168684e-01,-2.711093995937500001e+00,4.594946274860141671e+02,3.587194776702672243e+02,1.443539377162175086e+01,3.805799877536446729e+02,7.169734160227442032e+00,4.675737290892739111e+02,1.063013446539069093e+02
6.071683883854168684e-01,-2.408609882916666667e+00,4.450595535349399370e+02,3.572456320542842150e+02,1.443558408099454304e+01,3.776264553874207195e+02,7.171875370713460818e+00,4.537235552897130901e+02,1.071098822471172269e+02
6.071683883854168684e-01,-2.106125769895833333e+00,4.321916381653757639e+02,3.584002284314483404e+02,1.443539794682599542e+01,3.784151525532834057e+02,7.172557271242729016e+00,4.431286755392757186e+02,1.077050927815110981e+02
6.071683883854168684e-01,-1.803641656874999999e+00,4.197948595985027396e+02,3.615588028226047754e+02,1.443516665395210552e+01,3.807484672254831821e+02,7.167399209688363193e+00,4.335592684892508260e+02,1.078741505793160655e+02
6.071683883854168684e-01,-1.501157543854166665e+00,4.069736346829886884e+02,3.658736227024346590e+02,1.443513888541403745e+01,3.833877152005916287e+02,7.161595102854019679e+00,4.234938252456653345e+02,1.077478999780326490e+02
6.071683883854168684e-01,-1.198673430833333331e+00,3.930337213694554634e+02,3.688049760274589062e+02,1.443527398105539739e+01,3.845879443281191925e+02,7.159503948378228344e+00,4.120126963368093129e+02,1.075989805797546097e+02
6.071683883854168684e-01,-8.961893178124999970e-01,3.774819056798734209e+02,3.666443615853786469e+02,1.443526907856710118e+01,3.813744369583000662e+02,7.159638121299055413e+00,3.985046497076589844e+02,1.075872195581780204e+02
6.071683883854168684e-01,-5.937052047916666631e-01,3.600258328129144729e+02,3.564417980220168829e+02,1.443517440244795580e+01,3.706119781454253825e+02,7.160482997926617799e+00,3.824517181713505352e+02,1.076383357702296308e+02
6.071683883854168684e-01,-2.912210917708333291e-01,3.405740071439515191e+02,3.375305709764361382e+02,1.443504745216645624e+01,3.509180329266364424e+02,7.160102073282270219e+00,3.634316270964744149e+02,1.075217983786088212e+02
6.071683883854168684e-01,1.126302125000000487e-02,3.192357922250588445e+02,3.114857774637639523e+02,1.443504354371403942e+01,3.236049656473242067e+02,7.158931625813186095e+00,3.412926951797482502e+02,1.070568944836006722e+02
6.071683883854168684e-01,3.137471342708333388e-01,2.963214107850122900e+02,2.809238727577030659e+02,1.443518267175275049e+01,2.918532897714903811e+02,7.158963398195511196e+00,3.163423998293772570e+02,1.062894401641609932e+02
6.071683883854168684e-01,6.162312472916666728e-01,2.723418802526232980e+02,2.484078497365117073e+02,1.443530577101743795e+01,2.589878966986761952e+02,7.158898821052316563e+00,2.894063143593600671e+02,1.055078206543868475e+02
6.071683883854168684e-01,9.187153603125000068e-01,2.480096388583615123e+02,2.161812141612172127e+02,1.443542039219552642e+01,2.273291078924339672e+02,7.158447076725958702e+00,2.617215565293111013e+02,1.050951386331376654e+02
6.071683883854168684e-01,1.221199473333333341e+00,2.242379275424832201e+02,1.863353232163935900e+02,1.443529022121194494e+01,1.982270478727259615e+02,7.158948552610141292e+00,2.347400121824211965e+02,1.053271495395093353e+02
6.071683883854168684e-01,1.523683586354166675e+00,2.021406333490818099e+02,1.606412820667028427e+02,1.443517871785397588e+01,1.727033071794030548e+02,7.161450640005260659e+00,2.099606564539295732e+02,1.062302505387295213e+02
6.071683883854168684e-01,1.826167699375000009e+00,1.830325024989520273e+02,1.400218635052442551e+02,1.443511594419388899e+01,1.518582312310900306e+02,7.167273161115721436e+00,1.888731572423814669e+02,1.075509494426825228e+02
6.071683883854168684e-01,2.128651812395833343e+00,1.684291403895897474e+02,1.245338367680087686e+02,1.443537727863590625e+01,1.368636631322624453e+02,7.171757854415366396e+00,1.730117672581327497e+02,1.088453147166298720e+02
6.071683883854168684e-01,2.431135925416666677e+00,1.600470115951924299e+02,1.145315989200025797e+02,1.443534336860789402e+01,1.289409273336714250e+02,7.170079131752941315e+00,1.640407157687259314e+02,1.096671560881565171e+02
6.071683883854168684e-01,2.733620038437500011e+00,1.598034398666585787e+02,1.122859100028872490e+02,1.443503062771446110e+01,1.295218567792508111e+02,7.167691266620089152e+00,1.637588898158552411e+02,1.097754260195727056e+02
6.071683883854168684e-01,3.036104151458333344e+00,1.698209538026746941e+02,1.220757496450096369e+02,1.443492210779311158e+01,1.402093434154194256e+02,7.171558504120958411e+00,1.739374176896402560e+02,1.092387166969599406e+02
6.071683883854168684e-01,3.338588264479166678e+00,1.924164108089387355e+02,1.472243341375142336e+02,1.443693259441754861e+01,1.620922762060326932e+02,7.192874354686613181e+00,1.959792083341693569e+02,1.083649148513364224e+02
6.071683883854168684e-01,3.641072377500000012e+00,2.301096650596706752e+02,1.848878812938928604e+02,1.444115112749867080e+01,1.946515360623161541e+02,7.231755599199684248e+00,2.304838336938792054e+02,1.075227352830803085e+02
9.109819011718751636e-01,-3.618546335000000003e+00,6.267297674456739287e+02,4.825575880967080593e+02,1.444050554916325346e+01,5.182138879409649235e+02,7.231438830141797780e+00,6.518453609970026719e+02,1.073302034288879554e+02
9.109819011718751636e-01,-3.316062221979166669e+00,5.959021414361920961e+02,4.576067439336329699e+02,1.443648532811941898e+01,4.904092133683843713e+02,7.191526054221940356e+00,6.121469243849180657e+02,1.065667154666368646e+02
9.109819011718751636e-01,-3.013578108958333335e+00,5.694290968110502718e+02,4.416736588720232248e+02,1.443489488023118206e+01,4.695067519424519560e+02,7.171919959520120180e+00,5.791146496210709529e+02,1.062017038729767080e+02
9.109819011718751636e-01,-2.711093995937500001e+00,5.458138091672781229e+02,4.337083463352173567e+02,1.443520581580964190e+01,4.571684741574827058e+02,7.169417662168757310e+00,5.521687242334112398e+02,1.063716118007114488e+02
9.109819011718751636e-01,-2.408609882916666667e+00,5.237603132786068727e+02,4.297720725033432245e+02,1.443557826867459681e+01,4.509458867194880440e+02,7.171632888011656881e+00,5.296109487342171178e+02,1.068037713335536836e+02
9.109819011718751636e-01,-2.106125769895833333e+00,5.021735030954685044e+02,4.268492779973894358e+02,1.443546583178159715e+01,4.470227018848454463e+02,7.172052148540379868e+00,5.093677351452366793e+02,1.071403757813670836e+02
9.109819011718751636e-01,-1.803641656874999999e+00,4.801591248772410268e+02,4.234429775867611170e+02,1.443516097129985809e+01,4.424515562186752504e+02,7.166908385398501835e+00,4.896200934478445674e+02,1.072113455341895758e+02
9.109819011718751636e-01,-1.501157543854166665e+00,4.570231935400308316e+02,4.180750835407525301e+02,1.443508222184391521e+01,4.353790731942863204e+02,7.161594961272777837e+00,4.690896194240485784e+02,1.070878636958943986e+02
9.109819011718751636e-01,-1.198673430833333331e+00,4.322735690027963642e+02,4.082031359802931547e+02,1.443516017964194376e+01,4.239915858877538994e+02,7.159852557678331841e+00,4.469807743275370626e+02,1.069423637779858893e+02
9.109819011718751636e-01,-8.961893178124999970e-01,4.056188095312878659e+02,3.909589002300053835e+02,1.443526121879429702e+01,4.060330523184347840e+02,7.159597740822249534e+00,4.227666816117198323e+02,1.068701951608039309e+02
9.109819011718751636e-01,-5.937052047916666631e-01,3.769683325679565087e+02,3.649514498282223940e+02,1.443527643858766041e+01,3.797795905686016340e+02,7.159553331821672195e+00,3.960391846171194743e+02,1.068168320981090744e+02
9.109819011718751636e-01,-2.912210917708333291e-01,3.464324147319550207e+02,3.313101715222001076e+02,1.443530434861206935e+01,3.455307551245205104e+02,7.158762064623766186e+00,3.665309257522770849e+02,1.066510667556916303e+02
9.109819011718751636e-01,1.126302125000000487e-02,3.143221918191376858e+02,2.930098691992461681e+02,1.443536339445395278e+01,3.059917331846954767e+02,7.158088155194538338e+00,3.342620862979558183e+02,1.063106579959971185e+02
9.109819011718751636e-01,3.137471342708333388e-01,2.811496588020595482e+02,2.532254927670583129e+02,1.443539984922714581e+01,2.650112666154127510e+02,7.158694938767293792e+00,2.996813993463198358e+02,1.058948985785981733e+02
9.109819011718751636e-01,6.162312472916666728e-01,2.476277667589808402e+02,2.142354373764246702e+02,1.443538382499717621e+01,2.257448922340918216e+02,7.158468984587098127e+00,2.637011425844815449e+02,1.056303537865563555e+02
9.109819011718751636e-01,9.187153603125000068e-01,2.146708566496836568e+02,1.775728967655450106e+02,1.443523350895879176e+01,1.897542964984859282e+02,7.157432309625518130e+00,2.276207944396388712e+02,1.057422729046300418e+02
9.109819011718751636e-01,1.221199473333333341e+00,1.833938011096352625e+02,1.447295347172766924e+02,1.443508627678914635e+01,1.575160603378681117e+02,7.157670044433828593e+00,1.930093395580515789e+02,1.063232369472991365e+02
9.109819011718751636e-01,1.523683586354166675e+00,1.551122594267087322e+02,1.172800818271934986e+02,1.443501633500948067e+01,1.295160774053911155e+02,7.160345713090959130e+00,1.616205010245860194e+02,1.072711431746147639e+02
9.109819011718751636e-01,1.826167699375000009e+00,1.313427500654784126e+02,9.624642305262386799e+01,1.443513589178767909e+01,1.068507295756462554e+02,7.166308210745852669e+00,1.353603090104668354e+02,1.083208319482423150e+02
9.109819011718751636e-01,2.128651812395833343e+00,1.138026506672200071e+02,8.172857350856065750e+01,1.443532082425994290e+01,9.106594484265224310e+01,7.170533104806151137e+00,1.162638910385830968e+02,1.091533184403452452e+02
9.109819011718751636e-01,2.431135925416666677e+00,1.044101980499104485e+02,7.380518360808491707e+01,1.443531723525784827e+01,8.376158495717027108e+01,7.168313712341682020e+00,1.064132346870858328e+02,1.095317490608514532e+02
9.109819011718751636e-01,2.733620038437500011e+00,1.052844882082280407e+02,7.421126067079603672e+01,1.443475973555102598e+01,8.642824157297218335e+01,7.165553865288435631e+00,1.077503481908061076e+02,1.093943332043408105e+02
9.109819011718751636e-01,3.036104151458333344e+00,1.187506973150856737e+02,8.676210303418338299e+01,1.443454216213062580e+01,1.003538262562360615e+02,7.169503348374052010e+00,1.217911052769879916e+02,1.088530126818551054e+02
9.109819011718751636e-01,3.338588264479166678e+00,1.473267935403154922e+02,1.147100056745111942e+02,1.443670812133792225e+01,1.261621022300569166e+02,7.191505478635939141e+00,1.492963794966984779e+02,1.081041668926264521e+02
9.109819011718751636e-01,3.641072377500000012e+00,1.937343407937489133e+02,1.555566753912717104e+02,1.444123319063246491e+01,1.630150558947716490e+02,7.231932968758275848e+00,1.899892813592941820e+02,1.073303773002493102e+02
1.214795413958333459e+00,-3.618546335000000003e+00,7.333901364527273472e+02,5.666226146556437016e+02,1.444055876016382456e+01,6.060446211136477359e+02,7.235339443173695706e+00,7.564725814327996432e+02,1.074824417668275345e+02
1.214795413958333459e+00,-3.316062221979166669e+00,6.977432137191126458e+02,5.404264829903841019e+02,1.443609478730025764e+01,5.770281291632163629e+02,7.194684521699745261e+00,7.135185578614840551e+02,1.072395016617543178e+02
1.214795413958333459e+00,-3.013578108958333335e+00,6.649477605422480337e+02,5.223294313382357359e+02,1.443430658218989571e+01,5.536751701187058643e+02,7.174183869461474572e+00,6.744257196544800763e+02,1.069020309168162015e+02
1.214795413958333459e+00,-2.711093995937500001e+00,6.337087247629431204e+02,5.115754159782081842e+02,1.443472257296328820e+01,5.377587631883616268e+02,7.170748182843206919e+00,6.392108604894714290e+02,1.067965843879682382e+02
1.214795413958333459e+00,-2.408609882916666667e+00,6.029319133987085024e+02,5.037100295182317495e+02,1.443533618131757379e+01,5.265540734512978815e+02,7.172444564913582177e+00,6.068569709759100306e+02,1.068492683805583852e+02
1.214795413958333459e+00,-2.106125769895833333e+00,5.717239926437562190e+02,4.947366450522094965e+02,1.443539854102087183e+01,5.156559779064227769e+02,7.172946613412028327e+00,5.759215073634044302e+02,1.068500322592725382e+02
1.214795413958333459e+00,-1.803641656874999999e+00,5.393924780188845034e+02,4.822942408416420221e+02,1.443513477508209242e+01,5.015241171597590437e+02,7.168423170354240703e+00,5.450772847596603015e+02,1.066955155501378840e+02
1.214795413958333459e+00,-1.501157543854166665e+00,5.054450555343195788e+02,4.646973483171314001e+02,1.443500191108773656e+01,4.821436177113537269e+02,7.163542209172782727e+00,5.133737714624555792e+02,1.064518464686457833e+02
1.214795413958333459e+00,-1.198673430833333331e+00,4.695916128274519110e+02,4.401112445127218962e+02,1.443505800966470787e+01,4.562941754963503627e+02,7.161261302567351272e+00,4.802109560988704970e+02,1.062565863399046862e+02
1.214795413958333459e+00,-8.961893178124999970e-01,4.317424804078110014e+02,4.071626638341695070e+02,1.443515585509407906e+01,4.230525707873130159e+02,7.159993412378826250e+00,4.451844477474114683e+02,1.061885355473000061e+02
1.214795413958333459e+00,-5.937052047916666631e-01,3.920088479616279074e+02,3.662830869089812040e+02,1.443526935397972721e+01,3.823713748690643115e+02,7.159554326742810559e+00,4.079883162061916551e+02,1.062199656094850155e+02
1.214795413958333459e+00,-2.912210917708333291e-01,3.507027643518350146e+02,3.201486673336476088e+02,1.443536512020163087e+01,3.359852011776220024e+02,7.159172328103413641e+00,3.684600034599250762e+02,1.062760363317048729e+02
1.214795413958333459e+00,1.126302125000000487e-02,3.083371376180661514e+02,2.725156921800225973e+02,1.443540855102482467e+01,2.873203537863810197e+02,7.158984360900515931e+00,3.267184749421095944e+02,1.063336481413313805e+02
1.214795413958333459e+00,3.137471342708333388e-01,2.656257349766560765e+02,2.264219800960272551e+02,1.443543070862626365e+01,2.400933784896369616e+02,7.159508965007737480e+00,2.832861125110706553e+02,1.064627064106161640e+02
1.214795413958333459e+00,6.162312472916666728e-01,2.234834767847352168e+02,1.833491140604019165e+02,1.443532719507112994e+01,1.966958657110517379e+02,7.158829005891853114e+00,2.391251306325735868e+02,1.067721213137195093e+02
1.214795413958333459e+00,9.187153603125000068e-01,1.830266109456837853e+02,1.439100035429000854e+02,1.443507530586003362e+01,1.577358651207214280e+02,7.157613965392266131e+00,1.956037443233697104e+02,1.073090171188773070e+02
1.214795413958333459e+00,1.221199473333333341e+00,1.455716019464728106e+02,1.090682813338935375e+02,1.443482350253028912e+01,1.230005103306320962e+02,7.158056212220614611e+00,1.544533444342080202e+02,1.079917199698946462e+02
1.214795413958333459e+00,1.523683586354166675e+00,1.126358813187549686e+02,8.046093324013054371e+01,1.443478399934791945e+01,9.282810186588540091e+01,7.160906754628998172e+00,1.177492457604217861e+02,1.086281825110139891e+02
1.214795413958333459e+00,1.826167699375000009e+00,8.593773977088434890e+01,5.953646746836602688e+01,1.443501676849829707e+01,6.869870041258764104e+01,7.166777320985183053e+00,8.787826003513396245e+01,1.090146039989261340e+02
1.214795413958333459e+00,2.128651812395833343e+00,6.739632718791628463e+01,4.670555874891579151e+01,1.443537613736361891e+01,5.278269556290979381e+01,7.170727199111090577e+00,6.741375142140100252e+01,1.090510620561227171e+02
1.214795413958333459e+00,2.431135925416666677e+00,5.913165263160741603e+01,4.185381217300891876e+01,1.443505345739851720e+01,4.712635359712294303e+01,7.168358541805039508e+00,5.884417269112748272e+01,1.087922990756265165e+02
1.214795413958333459e+00,2.733620038437500011e+00,6.346458434041564090e+01,4.601732632145285606e+01,1.443438727211654182e+01,5.318286051767790923e+01,7.165937520632194691e+00,6.417912605007074944e+01,1.083969841981025297e+02
1.214795413958333459e+00,3.036104151458333344e+00,8.292301609709966215e+01,6.221999054774641991e+01,1.443401631035303723e+01,7.171402128898262163e+01,7.170746061001420202e+00,8.453414970913877369e+01,1.080109283454024194e+02
1.214795413958333459e+00,3.338588264479166678e+00,1.202259622375160006e+02,9.339145393297076225e+01,1.443651681415310151e+01,1.026166611172957346e+02,7.194239938549049640e+00,1.198235437697142061e+02,1.076644228627746998e+02
1.214795413958333459e+00,3.641072377500000012e+00,1.782966909695979325e+02,1.374966818150132895e+02,1.444146962274926338e+01,1.444934089091075293e+02,7.236907524863023689e+00,1.686582753379974520e+02,1.072661944484596717e+02
1.518608926744791754e+00,-3.618546335000000003e+00,8.444369782102012323e+02,6.564527195356786251e+02,1.444132192694052286e+01,6.997318341007194249e+02,7.243817885071028861e+00,8.643740883146750775e+02,1.073530509201250283e+02
1.518608926744791754e+00,-3.316062221979166669e+00,8.024614076598497832e+02,6.285887916367501020e+02,1.443617132110203904e+01,6.691538697199721355e+02,7.201962087139675006e+00,8.175806944033071204e+02,1.076557560325454261e+02
1.518608926744791754e+00,-3.013578108958333335e+00,7.620368726183846775e+02,6.072119371946901083e+02,1.443393195451644395e+01,6.424351186850435624e+02,7.179628731753314064e+00,7.718464321995118098e+02,1.074501367184478653e+02
1.518608926744791754e+00,-2.711093995937500001e+00,7.220700931703955803e+02,5.918389210756868124e+02,1.443428718984789683e+01,6.212387688405469817e+02,7.174381076449887651e+00,7.277884937726561247e+02,1.072045102627608628e+02
1.518608926744791754e+00,-2.408609882916666667e+00,6.816686485771729167e+02,5.775517732072621584e+02,1.443511535915936506e+01,6.025615418315210263e+02,7.175592937284279493e+00,6.850647314163313695e+02,1.069979940712892272e+02
1.518608926744791754e+00,-2.106125769895833333e+00,6.401409772767079858e+02,5.596275117639452219e+02,1.443537429636915981e+01,5.817198591075612057e+02,7.176647481447694155e+00,6.428666176468741469e+02,1.067372240228777542e+02
1.518608926744791754e+00,-1.803641656874999999e+00,5.969963652744430647e+02,5.353746540378779173e+02,1.443517203697070173e+01,5.551787883004035393e+02,7.172522123447213183e+00,6.003855291095354687e+02,1.063833781559117000e+02
1.518608926744791754e+00,-1.501157543854166665e+00,5.519442427014067789e+02,5.036141534615308046e+02,1.443498571513122641e+01,5.214856082326477917e+02,7.167303122878326604e+00,5.570504529642403213e+02,1.060264831250266440e+02
1.518608926744791754e+00,-1.198673430833333331e+00,5.048964506635149974e+02,4.638355726953595877e+02,1.443498799810030420e+01,4.806052394712787645e+02,7.164162015745530354e+00,5.125197944065279216e+02,1.058122403941305407e+02
1.518608926744791754e+00,-8.961893178124999970e-01,4.559650919140772771e+02,4.163723448123782873e+02,1.443504054406443693e+01,4.331615187324787257e+02,7.162419691586841886e+00,4.665644587840812392e+02,1.058327767962424701e+02
1.518608926744791754e+00,-5.937052047916666631e-01,4.054631283831044470e+02,3.631540704388171434e+02,1.443511405811233139e+01,3.805085252065073291e+02,7.162368182988209320e+00,4.190065538967443217e+02,1.060826098157607049e+02
1.518608926744791754e+00,-2.912210917708333291e-01,3.539043811773084371e+02,3.076930011175572872e+02,1.443519070894372014e+01,3.251460760416302946e+02,7.162459096499033784e+00,3.697849108049275060e+02,1.065013899230210228e+02
1.518608926744791754e+00,1.126302125000000487e-02,3.020035305801026766e+02,2.537713463120162487e+02,1.443522950634524626e+01,2.704246985026584298e+02,7.162103350053736328e+00,3.190993174735427829e+02,1.070447006779031938e+02
1.518608926744791754e+00,3.137471342708333388e-01,2.506761160516017242e+02,2.038021298106759787e+02,1.443525150116948197e+01,2.193178313996140787e+02,7.162173844780186371e+00,2.675370031120786507e+02,1.077031179095169477e+02
1.518608926744791754e+00,6.162312472916666728e-01,2.010390628572273499e+02,1.583521288353949785e+02,1.443512905775256350e+01,1.732329254012256570e+02,7.161381994873254442e+00,2.161293054754903551e+02,1.084485193031373882e+02
1.518608926744791754e+00,9.187153603125000068e-01,1.544105300582442055e+02,1.172468623956665397e+02,1.443504294690933776e+01,1.320030375407477550e+02,7.160384684888785323e+00,1.663621399806557974e+02,1.091648575278836688e+02
1.518608926744791754e+00,1.221199473333333341e+00,1.123085341494194012e+02,8.111441350355744362e+01,1.443481605201723461e+01,9.513843384273059200e+01,7.160912892860523016e+00,1.201894706942126732e+02,1.096428551666217004e+02
1.518608926744791754e+00,1.523683586354166675e+00,7.645227890618548372e+01,5.180265045352280140e+01,1.443486162865764477e+01,6.324718504718839540e+01,7.163567181261305095e+00,8.004811059711573762e+01,1.096737598991455513e+02
1.518608926744791754e+00,1.826167699375000009e+00,4.876182728067607997e+01,3.130991756357252598e+01,1.443509299282383651e+01,3.844050180242265924e+01,7.169216913026927429e+00,4.879497050802456215e+01,1.091959373825945079e+02
1.518608926744791754e+00,2.128651812395833343e+00,3.135810140172618432e+01,2.049750956520438194e+01,1.443537468427536474e+01,2.353288935967066209e+01,7.173117968221926155e+00,2.946411635863626088e+01,1.083831927676343128e+02
1.518608926744791754e+00,2.431135925416666677e+00,2.656288257487214466e+01,1.917495216149836779e+01,1.443496198067089686e+01,2.085723652951855911e+01,7.171110962182361881e+00,2.480946559560254627e+01,1.075854397526498190e+02
1.518608926744791754e+00,2.733620038437500011e+00,3.689881128235154506e+01,2.766637695953249931e+01,1.443385077303197761e+01,3.159163620535036898e+01,7.169693148242218150e+00,3.672365728554871112e+01,1.071405359329222335e+02
1.518608926744791754e+00,3.036104151458333344e+00,6.509656895238812524e+01,4.802224462665617466e+01,1.443368899818487705e+01,5.575589000652689720e+01,7.175916598812033698e+00,6.572186207437266603e+01,1.071716282664994964e+02
1.518608926744791754e+00,3.338588264479166678e+00,1.140761514887530268e+02,8.264923448115587234e+01,1.443659118863978286e+01,9.238910907885292545e+01,7.201359865032582519e+00,1.106842532889880886e+02,1.074912817479402918e+02
1.518608926744791754e+00,3.641072377500000012e+00,1.869625259599718561e+02,1.300592002905905247e+02,1.444230025895965497e+01,1.395035932837708970e+02,7.246584187011792189e+00,1.689576031489184516e+02,1.076829567814984898e+02
1.822422439531250049e+00,-3.618546335000000003e+00,9.583547505200826890e+02,7.522148373220115900e+02,1.444284159851864047e+01,7.980672939005744411e+02,7.255326596668244754e+00,9.736405207500356482e+02,1.066758963059379255e+02
1.822422439531250049e+00,-3.316062221979166669e+00,9.087447568449314304e+02,7.218986599743366241e+02,1.443692783458647177e+01,7.653962433332235378e+02,7.211875734205498212e+00,9.226558413238921048e+02,1.074529582772283334e+02
1.822422439531250049e+00,-3.013578108958333335e+00,8.595880424105298516e+02,6.956451385784894228e+02,1.443409098830676562e+01,7.341567848816775950e+02,7.188063283280383686e+00,8.700394426385144016e+02,1.074525318571873385e+02
1.822422439531250049e+00,-2.711093995937500001e+00,8.099930995452467641e+02,6.731090520527213812e+02,1.443424495210074987e+01,7.056536675801980891e+02,7.181841585181416576e+00,8.169813115919369011e+02,1.072337237834655070e+02
1.822422439531250049e+00,-2.408609882916666667e+00,7.592692797541520804e+02,6.491913299914449453e+02,1.443515444594455843e+01,6.767373122916396824e+02,7.183165420390630551e+00,7.637639616322409211e+02,1.069715081688447924e+02
1.822422439531250049e+00,-2.106125769895833333e+00,7.069267937190174962e+02,6.190938972737640142e+02,1.443552243062188190e+01,6.430093125693529146e+02,7.184486399323883887e+00,7.101644775461867312e+02,1.066411277864812917e+02
1.822422439531250049e+00,-1.803641656874999999e+00,6.526766991531524127e+02,5.806318096723407507e+02,1.443536828622720769e+01,6.017580140663230850e+02,7.179591859851394808e+00,6.558681400384746212e+02,1.062406798819595082e+02
1.822422439531250049e+00,-1.501157543854166665e+00,5.964302433350686670e+02,5.338571483958512545e+02,1.443515445255471619e+01,5.528292305450777349e+02,7.173286517768793225e+00,6.006933365338740032e+02,1.058794494220825442e+02
1.822422439531250049e+00,-1.198673430833333331e+00,5.383011465893033574e+02,4.798825388681143522e+02,1.443511431332235695e+01,4.976992681061274197e+02,7.169854932622545363e+00,5.445979296379312018e+02,1.057199537662428952e+02
1.822422439531250049e+00,-8.961893178124999970e-01,4.786032839129459830e+02,4.204542528297752142e+02,1.443511529990379749e+01,4.383040354200347792e+02,7.168610330189544300e+00,4.875869030057772875e+02,1.058736424205898317e+02
1.822422439531250049e+00,-5.937052047916666631e-01,4.178513894797865191e+02,3.582215650361031294e+02,1.443512660466027953e+01,3.767092552815120143e+02,7.169113273328755476e+00,4.296724122394254550e+02,1.063492513451969188e+02
1.822422439531250049e+00,-2.912210917708333291e-01,3.567610566403168946e+02,2.966302925329655409e+02,1.443507034603402595e+01,3.153418668111808074e+02,7.169111911701795847e+00,3.709528451913829485e+02,1.070796305242073885e+02
1.822422439531250049e+00,1.126302125000000487e-02,2.962487379217301964e+02,2.388779910858720541e+02,1.443504361558730942e+01,2.568393103505186446e+02,7.168177853944436073e+00,3.117662486529981720e+02,1.079772174054386653e+02
1.822422439531250049e+00,3.137471342708333388e-01,2.374317450279206412e+02,1.866518784295767546e+02,1.443509601981052093e+01,2.032183782157262613e+02,7.167999860737336526e+00,2.528293290377325775e+02,1.089478662674863045e+02
1.822422439531250049e+00,6.162312472916666728e-01,1.816290437620229170e+02,1.399062959756702185e+02,1.443517797606012110e+01,1.551206520113300940e+02,7.167466479831350767e+00,1.953163789880818513e+02,1.098491888449379417e+02
1.822422439531250049e+00,9.187153603125000068e-01,1.303607085574717530e+02,9.806025155447423458e+01,1.443516839426389886e+01,1.120736914479275583e+02,7.166633097762747262e+00,1.409008592766600714e+02,1.104557232718388349e+02
1.822422439531250049e+00,1.221199473333333341e+00,8.534626807312336894e+01,6.157811597548425198e+01,1.443500865326638838e+01,7.377313695093107526e+01,7.166899361489299736e+00,9.179599752082140185e+01,1.105079149249591666e+02
1.822422439531250049e+00,1.523683586354166675e+00,4.850669832818980609e+01,3.243273402936756611e+01,1.443517202065300431e+01,4.134184769790954306e+01,7.169181538613893068e+00,5.076881265913323205e+01,1.098581613285805787e+02
1.822422439531250049e+00,1.826167699375000009e+00,2.196383451858438107e+01,1.300677233189344406e+01,1.443535174349868910e+01,1.746926154894390493e+01,7.174679886529430561e+00,2.102374661204669337e+01,1.086288049659278414e+02
1.822422439531250049e+00,2.128651812395833343e+00,8.040371016921838532e+00,4.572547815740108490e+00,1.443552573716700493e+01,5.322285410231415881e+00,7.178698031739678243e+00,5.844852648171240617e+00,1.072444939950451044e+02
1.822422439531250049e+00,2.431135925416666677e+00,9.259861372518136235e+00,6.984499147161841393e+00,1.443502266824851432e+01,7.141789466753834859e+00,7.177311856537445856e+00,7.986003585044841202e+00,1.062683921937865534e+02
1.822422439531250049e+00,2.733620038437500011e+00,2.834671831139056764e+01,1.998571083322167397e+01,1.443389096969903207e+01,2.353512288445199374e+01,7.177075467667512143e+00,2.895594772725019084e+01,1.061195868419573571e+02
1.822422439531250049e+00,3.036104151458333344e+00,6.823448094284719900e+01,4.463895410299301147e+01,1.443393325955472939e+01,5.368353845232195454e+01,7.184469819842830063e+00,6.845522787351296756e+01,1.068315521234269028e+02
1.822422439531250049e+00,3.338588264479166678e+00,1.320440621404640069e+02,8.271376200765371323e+01,1.443735061806658315e+01,9.588810571986687137e+01,7.211404860774656811e+00,1.242043697745600639e+02,1.079731402590155938e+02
1.822422439531250049e+00,3.641072377500000012e+00,2.231021223958494204e+02,1.333265599235892296e+02,1.444369585239028453e+01,1.478226643030720879e+02,7.258786417178860972e+00,1.922578413827104669e+02,1.087950674275704728e+02
2.126235952317708566e+00,-3.618546335000000003e+00,1.073832377442583493e+03,8.528590891100466251e+02,1.444391999090811218e+01,8.990618365647897008e+02,7.261498324622161604e+00,1.082664494527565694e+03,1.055575923982647879e+02
2.126235952317708566e+00,-3.316062221979166669e+00,1.015485761119111203e+03,8.183172906171530485e+02,1.443744534710696747e+01,8.630035370100122236e+02,7.216146928567103380e+00,1.027337770787056570e+03,1.066501969264342478e+02
2.126235952317708566e+00,-3.013578108958333335e+00,9.566973455479778750e+02,7.848782918136566877e+02,1.443416275063432863e+01,8.256399539158301195e+02,7.192655715211963674e+00,9.678543710107951483e+02,1.068515335848624090e+02
2.126235952317708566e+00,-2.711093995937500001e+00,8.967773953013320352e+02,7.522435053382068872e+02,1.443422378865694355e+01,7.877891332566250640e+02,7.187515713727782973e+00,9.059401834625114134e+02,1.067771205393514151e+02
2.126235952317708566e+00,-2.408609882916666667e+00,8.352370341280234243e+02,7.155668657775968313e+02,1.443520164702793807e+01,7.463664198991064040e+02,7.189345397624815170e+00,8.424364885920316510e+02,1.066508461874292806e+02
2.126235952317708566e+00,-2.106125769895833333e+00,7.717882449536031118e+02,6.707366428356617689e+02,1.443565393378948336e+01,6.978143759782906272e+02,7.190242181498724072e+00,7.776321223723953153e+02,1.064680861962169587e+02
2.126235952317708566e+00,-1.803641656874999999e+00,7.063438584224717260e+02,6.168369377125054598e+02,1.443550048605266412e+01,6.409160769467307546e+02,7.184144362034381004e+00,7.116474742275855760e+02,1.062192328197574085e+02
2.126235952317708566e+00,-1.501157543854166665e+00,6.390170119873059775e+02,5.555779291111975908e+02,1.443532913015977392e+01,5.772555883880886540e+02,7.177140578313460750e+00,6.446650394040756282e+02,1.059963219879771970e+02
2.126235952317708566e+00,-1.198673430833333331e+00,5.701232309413593384e+02,4.895722977276891470e+02,1.443535058958287998e+01,5.097679202615836402e+02,7.174138285616974642e+00,5.769597207566545194e+02,1.059532296458417875e+02
2.126235952317708566e+00,-8.961893178124999970e-01,5.001781625255003405e+02,4.213234144281595945e+02,1.443541062179349943e+01,4.411457356545288349e+02,7.173507225989126823e+00,5.088304079555626345e+02,1.062065153021816286e+02
2.126235952317708566e+00,-5.937052047916666631e-01,4.298983131572989578e+02,3.532839077655225992e+02,1.443535003045339948e+01,3.733628207419933460e+02,7.174066653870642796e+00,4.405732257982177771e+02,1.067753028919963327e+02
2.126235952317708566e+00,-2.912210917708333291e-01,3.602010484310266634e+02,2.880708400476723909e+02,1.443517757504906207e+01,3.080964405314334726e+02,7.173764100008763300e+00,3.725625137328250389e+02,1.075928920543869651e+02
2.126235952317708566e+00,1.126302125000000487e-02,2.922045931176562021e+02,2.280260660108178854e+02,1.443510225017350201e+01,2.470096723795722937e+02,7.172649721049753957e+00,3.054011026611151465e+02,1.085501495144879982e+02
2.126235952317708566e+00,3.137471342708333388e-01,2.272280311648615907e+02,1.743884854204952717e+02,1.443522630790272920e+01,1.913777725423606171e+02,7.172605794280685565e+00,2.400580711927614175e+02,1.095087311322366901e+02
2.126235952317708566e+00,6.162312472916666728e-01,1.667924045429119531e+02,1.270647664647549391e+02,1.443538963332758485e+01,1.415979947104278835e+02,7.172213279923370877e+00,1.779511622019344941e+02,1.102737632918529727e+02
2.126235952317708566e+00,9.187153603125000068e-01,1.126197072716980188e+02,8.551410608924925327e+01,1.443537184307125720e+01,9.743377856286679162e+01,7.171204332865007025e+00,1.209929489709058998e+02,1.105874825589004473e+02
2.126235952317708566e+00,1.221199473333333341e+00,6.663094033045742037e+01,5.009195590205490589e+01,1.443541713538089333e+01,5.907184574990606052e+01,7.171153231493612168e+00,7.162724535553059013e+01,1.102125319724207912e+02
2.126235952317708566e+00,1.523683586354166675e+00,3.094885198218198852e+01,2.259116553328931332e+01,1.443534875037461163e+01,2.809799169512189110e+01,7.173318873007736407e+00,3.281713734495860990e+01,1.090976755774433826e+02
2.126235952317708566e+00,1.826167699375000009e+00,7.897049666564726955e+00,5.393014915287494659e+00,1.443548840050869764e+01,7.409258195479196729e+00,7.178906758953103484e+00,7.871225873086245883e+00,1.075180472219648067e+02
2.126235952317708566e+00,2.128651812395833343e+00,0.000000000000000000e+00,0.000000000000000000e+00,1.443566330937890108e+01,0.000000000000000000e+00,7.183094896420558761e+00,0.000000000000000000e+00,1.060505258403566415e+02
2.126235952317708566e+00,2.431135925416666677e+00,9.983028775583465020e+00,6.406341896392405033e+00,1.443504137134718768e+01,7.559303473633917747e+00,7.182103168353393130e+00,1.161420829725898329e+01,1.053438936249005451e+02
2.126235952317708566e+00,2.733620038437500011e+00,4.077232096311206533e+01,2.398009693063795567e+01,1.443397542087826046e+01,2.991887093985133106e+01,7.182252058042828402e+00,4.355168677109691089e+01,1.057981491198499100e+02
2.126235952317708566e+00,3.036104151458333344e+00,9.550434338859757588e+01,5.290247369557619095e+01,1.443403862121200376e+01,6.555321011859632563e+01,7.189446058676787210e+00,9.453178046990865369e+01,1.073152983988877764e+02
2.126235952317708566e+00,3.338588264479166678e+00,1.775008612973109905e+02,9.428152129799127579e+01,1.443789032384742299e+01,1.124270350618135126e+02,7.216699284589093821e+00,1.610990074432640995e+02,1.092277611075069785e+02
2.126235952317708566e+00,3.641072377500000012e+00,2.902902231664339752e+02,1.478930294066667557e+02,1.444460651276533092e+01,1.683563791784908972e+02,7.265789778996620818e+00,2.381351966881444469e+02,1.104903048049838930e+02
2.430049465104166639e+00,-3.618546335000000003e+00,1.189763249296139747e+03,9.555703838001936674e+02,1.444314029017041712e+01,1.000409550925502117e+03,7.260743077601169659e+00,1.190048835296930520e+03,1.045190884359909091e+02
2.430049465104166639e+00,-3.316062221979166669e+00,1.121781386585366363e+03,9.140199338700622320e+02,1.443637166743995692e+01,9.585490909493273648e+02,7.212442625835277177e+00,1.130413629437472991e+03,1.057057201859050792e+02
2.430049465104166639e+00,-3.013578108958333335e+00,1.052665323918248077e+03,8.706840849127620459e+02,1.443304970818561728e+01,9.129305674062634353e+02,7.189824697509088480e+00,1.064265383678410444e+03,1.059957474941931110e+02
2.430049465104166639e+00,-2.711093995937500001e+00,9.819270981107121088e+02,8.253619814869016409e+02,1.443333725248848864e+01,8.640044988241061219e+02,7.186277778801373195e+00,9.938374086208990548e+02,1.060604892856186581e+02
2.430049465104166639e+00,-2.408609882916666667e+00,9.092796051553885945e+02,7.738845239747315645e+02,1.443457484720048356e+01,8.089645826844352996e+02,7.188048259308294163e+00,9.204743219399679219e+02,1.061554039943752628e+02
2.430049465104166639e+00,-2.106125769895833333e+00,8.346366002216076367e+02,7.133635580074042082e+02,1.443517338981924070e+01,7.453779478667311196e+02,7.188262707853559697e+00,8.449059479642928636e+02,1.062637754591003159e+02
2.430049465104166639e+00,-1.803641656874999999e+00,7.581126881080850808e+02,6.445016337130218744e+02,1.443509159958556332e+01,6.737245958183702896e+02,7.181860559773999952e+00,7.676197313735425496e+02,1.063202570984718562e+02
2.430049465104166639e+00,-1.501157543854166665e+00,6.800229694683448542e+02,5.706219080481678247e+02,1.443503947968713952e+01,5.972618176814394246e+02,7.175141979468730113e+00,6.891185102238526952e+02,1.063433969933877847e+02
2.430049465104166639e+00,-1.198673430833333331e+00,6.008847003144496739e+02,4.953688584025949240e+02,1.443526458177742811e+01,5.199745259511473705e+02,7.172587730505725290e+00,6.099946428562103620e+02,1.064301757350585973e+02
2.430049465104166639e+00,-8.961893178124999970e-01,5.214153001310485251e+02,4.212731867041438818e+02,1.443550156442245402e+01,4.446788208684229176e+02,7.171904730510907378e+00,5.308974145672167424e+02,1.066768608258951474e+02
2.430049465104166639e+00,-5.937052047916666631e-01,4.425330475794911536e+02,3.498886882048100233e+02,1.443550901216659454e+01,3.726700918318711047e+02,7.172146940753926891e+00,4.525184511650230093e+02,1.071173032417431159e+02
2.430049465104166639e+00,-2.912210917708333291e-01,3.653570804978284627e+02,2.826198091637343168e+02,1.443531609380661784e+01,3.046073326547229954e+02,7.171920515496267079e+00,3.756592886641614086e+02,1.077186470376577319e+02
2.430049465104166639e+00,1.126302125000000487e-02,2.912073959008129691e+02,2.210339629780501127e+02,1.443514431765380479e+01,2.413406114309291297e+02,7.171198688095741680e+00,3.013513874893651519e+02,1.084072226656245590e+02
2.430049465104166639e+00,3.137471342708333388e-01,2.216048499798982618e+02,1.663814221303910017e+02,1.443521522437028537e+01,1.838887684708461165e+02,7.171304631637853255e+00,2.309585057316580787e+02,1.090731758707574954e+02
2.430049465104166639e+00,6.162312472916666728e-01,1.582725965019094190e+02,1.190746413767337799e+02,1.443536060660998466e+01,1.329587521997600561e+02,7.170606412799368279e+00,1.662264831930035598e+02,1.095464402324215882e+02
2.430049465104166639e+00,9.187153603125000068e-01,1.031345532874790223e+02,7.893876059539616108e+01,1.443535531180718934e+01,8.890908299708098639e+01,7.169207363448178327e+00,1.093008808159495402e+02,1.096012546153476563e+02
2.430049465104166639e+00,1.221199473333333341e+00,5.831315379251903863e+01,4.615446485858410597e+01,1.443513869921293491e+01,5.242878065152763156e+01,7.169153142892883857e+00,6.273553940583587973e+01,1.090489695387257711e+02
2.430049465104166639e+00,1.523683586354166675e+00,2.613291852380082858e+01,2.196559881605207920e+01,1.443491577110512125e+01,2.523283577734764549e+01,7.171769146742228429e+00,2.944936700124890194e+01,1.079008662128211711e+02
2.430049465104166639e+00,1.826167699375000009e+00,9.119227164797148788e+00,8.343618124723434448e+00,1.443493735940449163e+01,9.883642814773338614e+00,7.177937740600301098e+00,1.251769488033028210e+01,1.064879734483846647e+02
2.430049465104166639e+00,2.128651812395833343e+00,9.998318575682013432e+00,6.818075740709900856e+00,1.443505910234283185e+01,8.663685621311742580e+00,7.182413340178285921e+00,1.469695559262038387e+01,1.054085563169761599e+02
2.430049465104166639e+00,2.431135925416666677e+00,3.169729079333076172e+01,1.758638895209878683e+01,1.443424394682332945e+01,2.238809496795511222e+01,7.181223002771847774e+00,3.770910645175172249e+01,1.052820361906793494e+02
2.430049465104166639e+00,2.733620038437500011e+00,7.734410103132000813e+01,3.983901626896113157e+01,1.443306939367457176e+01,5.014676147533828043e+01,7.180548324127829396e+00,8.149095826043480884e+01,1.064269737552621677e+02
2.430049465104166639e+00,3.036104151458333344e+00,1.502782138679844479e+02,7.302514938637614250e+01,1.443309685353066918e+01,9.009475035742798354e+01,7.186532085673334791e+00,1.437222257733679953e+02,1.086080283173983929e+02
2.430049465104166639e+00,3.338588264479166678e+00,2.540221823221803561e+02,1.176356350667774677e+02,1.443696661124825376e+01,1.404405624627943325e+02,7.214116572333602484e+00,2.198945129201663349e+02,1.109642381820544017e+02
2.430049465104166639e+00,3.641072377500000012e+00,3.923060374191533128e+02,1.741675250418484211e+02,1.444385896895224342e+01,1.996584217180206906e+02,7.265886400757170627e+00,3.039805032830220171e+02,1.122459212316768173e+02
2.733862977890624713e+00,-3.618546335000000003e+00,1.305245222657412342e+03,1.056912943584844470e+03,1.444115091173654797e+01,1.100632743115831545e+03,7.264444960881933255e+00,1.294176800098002786e+03,1.041950977016311555e+02
2.733862977890624713e+00,-3.316062221979166669e+00,1.226933065604899866e+03,1.005284969616681337e+03,1.443403133527641025e+01,1.049651470014432562e+03,7.211792590574885864e+00,1.230467851165275306e+03,1.052302480326559504e+02
2.733862977890624713e+00,-3.013578108958333335e+00,1.146996985667083663e+03,9.497252175062894821e+02,1.443086842276443704e+01,9.933094734039805189e+02,7.188168170127260836e+00,1.158033075853303444e+03,1.053989231119494292e+02
2.733862977890624713e+00,-2.711093995937500001e+00,1.065150791903671916e+03,8.903249701727181673e+02,1.443167118327156295e+01,9.321035817916235828e+02,7.184603482318734358e+00,1.079600107870104239e+03,1.054641436042796840e+02
2.733862977890624713e+00,-2.408609882916666667e+00,9.813091525510734527e+02,8.238449978288263083e+02,1.443338582480125254e+01,8.636782654580601957e+02,7.185874411871945533e+00,9.969869114543704427e+02,1.057279493552365039e+02
2.733862977890624713e+00,-2.106125769895833333e+00,8.955875950223987729e+02,7.487154849935323000e+02,1.443422371602682119e+01,7.866192987782778800e+02,7.186300543131662444e+00,9.113173628104059389e+02,1.061514370050918359e+02
2.733862977890624713e+00,-1.803641656874999999e+00,8.083024994939022463e+02,6.670558604504913092e+02,1.443420909738400404e+01,7.027298460160964169e+02,7.180563771030572084e+00,8.233909190896359860e+02,1.065755337986660720e+02
2.733862977890624713e+00,-1.501157543854166665e+00,7.199710028466349740e+02,5.833234760593622923e+02,1.443422850107524269e+01,6.163725258841805044e+02,7.173856558666980909e+00,7.339866707412140840e+02,1.068887002671824717e+02
2.733862977890624713e+00,-1.198673430833333331e+00,6.313120175615659946e+02,5.015972281340509653e+02,1.443464697977972477e+01,5.319663228985264141e+02,7.170645400453856233e+00,6.440057340371473629e+02,1.070779557918228022e+02
2.733862977890624713e+00,-8.961893178124999970e-01,5.432447353671236669e+02,4.239292008522897959e+02,1.443510710875447245e+01,4.519782524495567486e+02,7.169298292111086823e+00,5.544942367984891689e+02,1.071923223676997594e+02
2.733862977890624713e+00,-5.937052047916666631e-01,4.568892071684373946e+02,3.507212686929851770e+02,1.443527552808140690e+01,3.768593428812200727e+02,7.169485503119359393e+00,4.666451872705162032e+02,1.072914425798664979e+02
2.733862977890624713e+00,-2.912210917708333291e-01,3.735663430473378526e+02,2.822148376088589430e+02,1.443511710362379219e+01,3.064413260736255324e+02,7.169844514864182727e+00,3.818355650381919872e+02,1.074239099766756311e+02
2.733862977890624713e+00,1.126302125000000487e-02,2.947979122623571584e+02,2.194852829854935408e+02,1.443492623693195753e+01,2.412081081913456728e+02,7.169648466664839681e+00,3.016797978068345856e+02,1.076229215413032421e+02
2.733862977890624713e+00,3.137471342708333388e-01,2.223065432487285875e+02,1.641591677237302065e+02,1.443498246506715077e+01,1.824142950488312636e+02,7.169590645087329683e+00,2.280504696033807477e+02,1.078828411795300468e+02
2.733862977890624713e+00,6.162312472916666728e-01,1.580175371992545763e+02,1.174377211723476648e+02,1.443489500810394333e+01,1.313957220215488633e+02,7.168253052149812454e+00,1.630514160977661504e+02,1.081171944502285669e+02
2.733862977890624713e+00,9.187153603125000068e-01,1.040567399495954533e+02,7.960344798676669598e+01,1.443476045082733883e+01,8.912414397918837494e+01,7.166534218501563025e+00,1.089762398364466662e+02,1.081535664802456012e+02
2.733862977890624713e+00,1.221199473333333341e+00,6.274797758863010699e+01,5.055167337134480476e+01,1.443428083359135883e+01,5.651162977108106134e+01,7.166939035382268841e+00,6.828020857565206825e+01,1.078199056207310207e+02
2.733862977890624713e+00,1.523683586354166675e+00,3.661754286690955951e+01,3.075100049749016762e+01,1.443384314905648225e+01,3.493992704589982168e+01,7.170617834095008192e+00,4.352401102765509222e+01,1.071027237595345838e+02
2.733862977890624713e+00,1.826167699375000009e+00,2.839258771168621820e+01,2.155282138288021088e+01,1.443377836410635773e+01,2.616400119946774794e+01,7.177854237791539305e+00,3.717691226891543010e+01,1.062685246240859982e+02
2.733862977890624713e+00,2.128651812395833343e+00,4.100112322691378353e+01,2.442211451288312674e+01,1.443393309477549202e+01,3.144886080477226642e+01,7.182536735878728429e+00,5.118009899390676765e+01,1.058239041496338899e+02
2.733862977890624713e+00,2.431135925416666677e+00,7.757201969324724189e+01,3.980732386559247971e+01,1.443303581400092206e+01,5.072717820933758048e+01,7.180431929688721127e+00,8.629748256170501008e+01,1.062881453685751438e+02
2.733862977890624713e+00,2.733620038437500011e+00,1.414350065680429225e+02,6.684983885381370783e+01,1.443147727994442775e+01,8.266446187199835549e+01,7.178511718516520368e+00,1.414559475010530605e+02,1.078798212297586474e+02
2.733862977890624713e+00,3.036104151458333344e+00,2.361326162175777483e+02,1.043912964519113302e+02,1.443116439433754117e+01,1.256327359941496979e+02,7.184102909659510594e+00,2.133800036549185961e+02,1.102596454437946818e+02
2.733862977890624713e+00,3.338588264479166678e+00,3.653881248361835219e+02,1.523799262046813965e+02,1.443471753391391310e+01,1.786193190199010132e+02,7.213686997044272076e+00,2.967688206059956428e+02,1.124690984653361170e+02
2.733862977890624713e+00,3.641072377500000012e+00,5.331332405596599529e+02,2.120799018200486898e+02,1.444187012203203757e+01,2.410507143361937779e+02,7.269688682863470142e+00,3.850575020214853907e+02,1.132100748993679105e+02
3.037676490677083230e+00,-3.618546335000000003e+00,1.419580505312353807e+03,1.154681510368362069e+03,1.444129520919207010e+01,1.199536859134044789e+03,7.279681938623429716e+00,1.392604087343025867e+03,1.048680421147605983e+02
3.037676490677083230e+00,-3.316062221979166669e+00,1.330446561783723382e+03,1.090633169613778591e+03,1.443322139510086366e+01,1.136079718018729181e+03,7.221320043827512691e+00,1.325309924187112756e+03,1.055305861683118991e+02
3.037676490677083230e+00,-3.013578108958333335e+00,1.239401664289998962e+03,1.021660423746332526e+03,1.442987140091257103e+01,1.066703618693769386e+03,7.194093787385625660e+00,1.247205464464473835e+03,1.053337579732291829e+02
3.037676490677083230e+00,-2.711093995937500001e+00,1.146361394134667080e+03,9.484263337105512619e+02,1.443109277503086219e+01,9.926001804347870348e+02,7.188874355606509781e+00,1.161508131405902986e+03,1.051886188656430932e+02
3.037676490677083230e+00,-2.408609882916666667e+00,1.051442191797917303e+03,8.686395557131618261e+02,1.443330355376929930e+01,9.120151511912263231e+02,7.190303413668669208e+00,1.070502890460776598e+03,1.054782244426285303e+02
3.037676490677083230e+00,-2.106125769895833333e+00,9.549613569366396177e+02,7.816992561016231775e+02,1.443434064682192819e+01,8.241540135888135410e+02,7.192556560445185987e+00,9.756898264955601690e+02,1.061495307864025506e+02
3.037676490677083230e+00,-1.803641656874999999e+00,8.574370463279353771e+02,6.904957686532288790e+02,1.443418908061190464e+01,7.313599018666827760e+02,7.187882308315177049e+00,8.781494242065625713e+02,1.069313991072121581e+02
3.037676490677083230e+00,-1.501157543854166665e+00,7.595885061121343824e+02,5.999119225423783064e+02,1.443399573331174679e+01,6.382418624850652122e+02,7.180047291281636213e+00,7.789042704800679076e+02,1.075433534994304665e+02
3.037676490677083230e+00,-1.198673430833333331e+00,6.623362309840520084e+02,5.139658755417913198e+02,1.443434318865936561e+01,5.490349914757534862e+02,7.175026149488936689e+00,6.791510032931043952e+02,1.078198675543443130e+02
3.037676490677083230e+00,-8.961893178124999970e-01,5.668011849158963287e+02,4.341138062197715044e+02,1.443489864160516767e+01,4.656722895207094552e+02,7.172868799646574978e+00,5.803593048930397345e+02,1.077385782294206820e+02
3.037676490677083230e+00,-5.937052047916666631e-01,4.743051910565758931e+02,3.598307470139116049e+02,1.443522497835787455e+01,3.880055663068233116e+02,7.173366630580736647e+00,4.842966652496673987e+02,1.073945462709533842e+02
3.037676490677083230e+00,-2.912210917708333291e-01,3.863709317317014325e+02,2.905632105302065611e+02,1.443515831046002518e+01,3.155363416451655212e+02,7.174446411068195140e+00,3.930192680545245594e+02,1.069605199445985164e+02
3.037676490677083230e+00,1.126302125000000487e-02,3.047219484435848358e+02,2.271755982358008623e+02,1.443496563306944047e+01,2.488735424668011547e+02,7.174617338439695402e+00,3.088226559229573240e+02,1.066352065781183427e+02
3.037676490677083230e+00,3.137471342708333388e-01,2.312826418712388374e+02,1.717415485661476851e+02,1.443487782297618338e+01,1.897765059393350384e+02,7.174215997271837786e+00,2.341349827853395027e+02,1.065670413260863825e+02
3.037676490677083230e+00,6.162312472916666728e-01,1.681804962653380926e+02,1.261471910979598761e+02,1.443481592008385661e+01,1.401676015210214246e+02,7.172256211170646267e+00,1.713736262058343982e+02,1.067731610079228517e+02
3.037676490677083230e+00,9.187153603125000068e-01,1.177432896911492008e+02,9.098940831236541271e+01,1.443448452125521975e+01,1.013301120033393090e+02,7.170464794630604821e+00,1.228246007489273097e+02,1.071122883795857774e+02
3.037676490677083230e+00,1.221199473333333341e+00,8.249620102404459487e+01,6.581754819862544537e+01,1.443397175269802091e+01,7.398133938130195020e+01,7.171676263889853686e+00,9.058562064003058367e+01,1.073620636533883328e+02
3.037676490677083230e+00,1.523683586354166675e+00,6.516729525835503978e+01,5.037445554044097662e+01,1.443366859545979786e+01,5.879967682664937456e+01,7.176722037144347865e+00,7.653346125608368311e+01,1.073848304572106116e+02
3.037676490677083230e+00,1.826167699375000009e+00,6.868549656511260082e+01,4.549237837921828032e+01,1.443386445125793749e+01,5.654274842182348948e+01,7.185050854920459251e+00,8.219891055341361152e+01,1.072792585659251046e+02
3.037676490677083230e+00,2.128651812395833343e+00,9.618058829205064342e+01,5.265166962612420321e+01,1.443401805334746690e+01,6.752347109314723639e+01,7.189535110422472286e+00,1.084407675030990958e+02,1.073856451584048131e+02
3.037676490677083230e+00,2.431135925416666677e+00,1.509832129636038189e+02,7.259085477050393820e+01,1.443309750562577420e+01,9.111215035976783838e+01,7.186269393588591292e+00,1.549304070992926654e+02,1.080960161813586353e+02
3.037676490677083230e+00,2.733620038437500011e+00,2.366248722809081357e+02,1.044352554641664028e+02,1.443109427875142714e+01,1.260308053716216818e+02,7.183942435456368791e+00,2.196265063474180579e+02,1.095553321999878875e+02
3.037676490677083230e+00,3.036104151458333344e+00,3.568512364386637614e+02,1.464787639901041985e+02,1.443021541586746537e+01,1.713296671021125803e+02,7.190910241369021350e+00,2.985198904877179302e+02,1.114101098854397236e+02
3.037676490677083230e+00,3.338588264479166678e+00,5.155862402040841062e+02,1.981878366824239492e+02,1.443405553152181753e+01,2.270102241607419273e+02,7.224033244549351807e+00,3.858764988525956028e+02,1.127628206925149215e+02
3.037676490677083230e+00,3.641072377500000012e+00,7.169632633856359689e+02,2.615727943051606417e+02,1.444189607636342387e+01,2.933326728742395062e+02,7.285020560912183640e+00,4.750123949996832380e+02,1.124625882880578587e+02
3.341490003463541747e+00,-3.618546335000000003e+00,1.532275827408501073e+03,1.248448047308251262e+03,1.444782676653856512e+01,1.296672234329367711e+03,7.323034331524169716e+00,1.481618324848823477e+03,1.060825574217746947e+02
3.341490003463541747e+00,-3.316062221979166669e+00,1.432032223613330871e+03,1.170903125248849392e+03,1.443799424683647636e+01,1.218578221180334367e+03,7.257772025951567230e+00,1.411546224913763808e+03,1.062360402865132869e+02
3.341490003463541747e+00,-3.013578108958333335e+00,1.329793326495090696e+03,1.088556731844320893e+03,1.443359962162218402e+01,1.134725168909157219e+03,7.224343618807520961e+00,1.328735576660570814e+03,1.054943692635790171e+02
3.341490003463541747e+00,-2.711093995937500001e+00,1.225676489601047706e+03,1.002967548435553908e+03,1.443462451877952724e+01,1.047726437792010984e+03,7.215522806004252665e+00,1.236879692871697671e+03,1.049618983445862170e+02
3.341490003463541747e+00,-2.408609882916666667e+00,1.119999925655170273e+03,9.126574543006718159e+02,1.443697390207688258e+01,9.566141201391292270e+02,7.216003950293679914e+00,1.138730591506133351e+03,1.051383908806887177e+02
3.341490003463541747e+00,-2.106125769895833333e+00,1.013282706558128666e+03,8.174058663826435804e+02,1.443793128768670542e+01,8.607704148827724566e+02,7.219081021834556466e+00,1.036164686654740308e+03,1.059776939452690385e+02
3.341490003463541747e+00,-1.803641656874999999e+00,9.062447669111782034e+02,7.200536639522761106e+02,1.443729913238590967e+01,7.622331520044790523e+02,7.214415663514411214e+00,9.305333293624246380e+02,1.071032736412851420e+02
3.341490003463541747e+00,-1.501157543854166665e+00,7.998075351456340059e+02,6.252089365255087614e+02,1.443646158897619713e+01,6.650231927247914427e+02,7.204750412326894171e+00,8.230826001082184575e+02,1.080543340821156875e+02
3.341490003463541747e+00,-1.198673430833333331e+00,6.950930139151437288e+02,5.365510787162929773e+02,1.443632338089205014e+01,5.727411712243811053e+02,7.197745532751040898e+00,7.152859193338612158e+02,1.084869151562742786e+02
3.341490003463541747e+00,-8.961893178124999970e-01,5.934239394356950470e+02,4.551649971064180136e+02,1.443666513107652705e+01,4.868612204237906553e+02,7.194698378735812305e+00,6.090328721235498506e+02,1.082835581476696518e+02
3.341490003463541747e+00,-5.937052047916666631e-01,4.963239070999766795e+02,3.801324404794722795e+02,1.443698234723510687e+01,4.070976061560759263e+02,7.195071450861733275e+00,5.066821857470004034e+02,1.075709169395746301e+02
3.341490003463541747e+00,-2.912210917708333291e-01,4.055173714773789015e+02,3.105945766884833574e+02,1.443701084416154146e+01,3.331581530349831155e+02,7.196276606542236109e+00,4.109955488292838481e+02,1.066645309548482601e+02
3.341490003463541747e+00,1.126302125000000487e-02,3.229296463139929187e+02,2.473584359642118216e+02,1.443687775723592637e+01,2.660903543530621391e+02,7.196470642349709124e+00,3.249592195885506953e+02,1.059544011262740923e+02
3.341490003463541747e+00,3.137471342708333388e-01,2.506869045326114360e+02,1.927131620403379202e+02,1.443687814923750246e+01,2.081143657840002561e+02,7.195778382617382007e+00,2.515176318431789468e+02,1.057554438513574837e+02
3.341490003463541747e+00,6.162312472916666728e-01,1.911188490736536494e+02,1.488226733300834894e+02,1.443694102939678636e+01,1.614031727903020510e+02,7.193636090636927882e+00,1.932890891955590860e+02,1.061752260620537669e+02
3.341490003463541747e+00,9.187153603125000068e-01,1.467551944465680549e+02,1.163222722858190536e+02,1.443678590585098043e+01,1.271162912361432973e+02,7.192426172353405533e+00,1.523612744426616246e+02,1.070621411733298345e+02
3.341490003463541747e+00,1.221199473333333341e+00,1.203224324667726677e+02,9.445417395792901516e+01,1.443651789246840167e+01,1.054457322839261906e+02,7.195086123988562399e+00,1.302258206112855987e+02,1.080768500619402772e+02
3.341490003463541747e+00,1.523683586354166675e+00,1.147504003723778396e+02,8.253549370449036360e+01,1.443672967838003629e+01,9.627137436027260264e+01,7.202030347561778179e+00,1.278124794269540416e+02,1.088779149304174467e+02
3.341490003463541747e+00,1.826167699375000009e+00,1.331697945781953365e+02,8.122116559091955423e+01,1.443744471048680644e+01,9.952566755085354089e+01,7.211862654528960803e+00,1.454929398910098826e+02,1.093273373673216895e+02
3.341490003463541747e+00,2.128651812395833343e+00,1.789121706757381673e+02,9.219346399605274200e+01,1.443796056478626255e+01,1.149556985406252352e+02,7.216878006513273824e+00,1.829229725898712786e+02,1.095669731989085562e+02
3.341490003463541747e+00,2.431135925416666677e+00,2.555099434332206556e+02,1.164817046355456114e+02,1.443696384667944344e+01,1.418489910295902519e+02,7.214194291653510227e+00,2.387034287855501589e+02,1.098837311214256260e+02
3.341490003463541747e+00,2.733620038437500011e+00,3.666963867955586807e+02,1.531297438964247704e+02,1.443492926178070412e+01,1.793856972155772382e+02,7.213911724540723824e+00,3.100036561218585121e+02,1.104341982963007069e+02
3.341490003463541747e+00,3.036104151458333344e+00,5.164203788263124579e+02,1.998704802282154560e+02,1.443411720149306632e+01,2.274379025723283121e+02,7.224367221762788560e+00,3.923945542586672559e+02,1.109980357838428660e+02
3.341490003463541747e+00,3.338588264479166678e+00,7.088064482630232988e+02,2.556997431498020887e+02,1.443871275010356214e+01,2.867980340413378144e+02,7.262467412667232836e+00,4.801014598486173668e+02,1.109247540455742183e+02
3.341490003463541747e+00,3.641072377500000012e+00,9.481896411489418597e+02,3.232344784485176206e+02,1.444791151139596508e+01,3.580138540373300202e+02,7.328807945587327843e+00,5.667162160973706477e+02,1.093843193149860724e+02
3.645303516249999820e+00,-3.618546335000000003e+00,1.643042609514453261e+03,1.337566846677102149e+03,1.445917086075794522e+01,1.388216926147550112e+03,7.392666321522569639e+00,1.556305724741944914e+03,1.065443507913368677e+02
3.645303516249999820e+00,-3.316062221979166669e+00,1.531605081271363360e+03,1.246301802705042064e+03,1.444755242215452995e+01,1.295606276746864751e+03,7.323382889060694900e+00,1.484617984695760924e+03,1.061978644930294564e+02
3.645303516249999820e+00,-3.013578108958333335e+00,1.418290598126954364e+03,1.151028205374255776e+03,1.444144849067149217e+01,1.197434084653850732e+03,7.283258462955921608e+00,1.398503826582745887e+03,1.049092621014991522e+02
3.645303516249999820e+00,-2.711093995937500001e+00,1.303418285872272691e+03,1.054588112616911530e+03,1.444156726279295277e+01,1.098332213563506230e+03,7.268988130696824257e+00,1.302087937378306606e+03,1.039683496616772942e+02
3.645303516249999820e+00,-2.408609882916666667e+00,1.187508129475067562e+03,9.562221653275191784e+02,1.444360170181185943e+01,9.983694541170516459e+02,7.265487702337749099e+00,1.198571124133971580e+03,1.040061355004796297e+02
3.645303516249999820e+00,-2.106125769895833333e+00,1.071280973079787145e+03,8.555646145772188902e+02,1.444429372818254187e+01,8.968682296133229102e+02,7.265904712955606470e+00,1.090202827397492911e+03,1.050119216181450099e+02
3.645303516249999820e+00,-1.803641656874999999e+00,9.556585303350672120e+02,7.547018499393016100e+02,1.444310918281766121e+01,7.949978614114588709e+02,7.259260160506650905e+00,9.786018358649027959e+02,1.065373351211349870e+02
3.645303516249999820e+00,-1.501157543854166665e+00,8.417644849898863413e+02,6.574251173883676529e+02,1.444151823018807868e+01,6.956504599642867106e+02,7.247545493052649057e+00,8.652231353483066414e+02,1.079600098571118281e+02
3.645303516249999820e+00,-1.198673430833333331e+00,7.309222734068214322e+02,5.669571818429976702e+02,1.444071681827233711e+01,6.015821989263240539e+02,7.238648834815202271e+00,7.517877653223843026e+02,1.087491983994423208e+02
3.645303516249999820e+00,-8.961893178124999970e-01,6.246564040456396469e+02,4.843487327527254820e+02,1.444065329635401618e+01,5.140040035237216216e+02,7.234110436043295955e+00,6.405635043074169062e+02,1.086660145224489042e+02
3.645303516249999820e+00,-5.937052047916666631e-01,5.246922445428097035e+02,4.088511206861585379e+02,1.444082961107354635e+01,4.329087974665017100e+02,7.233307221692355959e+00,5.344478963681692676e+02,1.078429859282539240e+02
3.645303516249999820e+00,-2.912210917708333291e-01,4.329560217115007958e+02,3.397307436559349298e+02,1.444088311651029954e+01,3.585439357141658547e+02,7.233867588985887664e+00,4.368418818842976066e+02,1.067220240843964376e+02
3.645303516249999820e+00,1.126302125000000487e-02,3.515748215415842992e+02,2.777733042258769274e+02,1.444087772721582574e+01,2.924255538272227568e+02,7.233907673013564299e+00,3.513339340951071676e+02,1.058716300901592149e+02
3.645303516249999820e+00,3.137471342708333388e-01,2.828765891996325763e+02,2.251313784308731556e+02,1.444104281039180115e+01,2.369493286169854400e+02,7.233332895593161282e+00,2.812650131603725185e+02,1.057546194188545172e+02
3.645303516249999820e+00,6.162312472916666728e-01,2.293932819452307967e+02,1.837736342139542103e+02,1.444117586821807819e+01,1.941140537501305516e+02,7.231958882081695350e+00,2.293010319839893327e+02,1.065407200534190508e+02
3.645303516249999820e+00,9.187153603125000068e-01,1.938565549462952333e+02,1.541145042087882757e+02,1.444132849531628615e+01,1.646290901570155256e+02,7.232462305289543814e+00,1.971548707298846921e+02,1.080299318366768802e+02
3.645303516249999820e+00,1.221199473333333341e+00,1.791941731145820427e+02,1.352059863759204745e+02,1.444166927657017396e+01,1.480998298620143032e+02,7.237496889046888704e+00,1.855372648681186547e+02,1.097202849046238384e+02
3.645303516249999820e+00,1.523683586354166675e+00,1.885377459319813056e+02,1.263188024368137121e+02,1.444246887193395779e+01,1.438439728000485047e+02,7.247015946176427192e+00,1.942932837982450565e+02,1.110244867295145781e+02
3.645303516249999820e+00,1.826167699375000009e+00,2.252197420570844599e+02,1.282929954892024398e+02,1.444381209802769561e+01,1.514171395553057664e+02,7.258994675915003469e+00,2.225730902283551131e+02,1.115506792213690517e+02
3.645303516249999820e+00,2.128651812395833343e+00,2.927734893251841868e+02,1.431431926181539893e+02,1.444488380316144216e+01,1.705065399292816437e+02,7.265853285956045404e+00,2.688725292610954511e+02,1.112709781174079922e+02
3.645303516249999820e+00,2.431135925416666677e+00,3.949331747482744390e+02,1.720915559059940279e+02,1.444399753877198123e+01,2.007003952458217100e+02,7.266046350569912882e+00,3.308832342098281742e+02,1.104518982243883158e+02
3.645303516249999820e+00,2.733620038437500011e+00,5.356338445150506686e+02,2.139469093689695001e+02,1.444204851606042261e+01,2.417299886791624886e+02,7.270061106163375086e+00,4.052532615824781033e+02,1.093959551308169580e+02
3.645303516249999820e+00,3.036104151458333344e+00,7.190276545935529384e+02,2.658101998930796981e+02,1.444210355729483908e+01,2.939917868279299000e+02,7.285484642607069183e+00,4.874720847875105392e+02,1.081742679657303938e+02
3.645303516249999820e+00,3.338588264479166678e+00,9.494396630935402754e+02,3.261520455079153180e+02,1.444801905844002121e+01,3.584195413080415165e+02,7.328928138184869212e+00,5.720788499511694454e+02,1.065265331842257979e+02
3.645303516249999820e+00,3.641072377500000012e+00,1.231406576855538106e+03,3.979146357392892241e+02,1.445865510656797071e+01,4.350573260752644273e+02,7.398056208319821359e+00,6.532514352762779026e+02,1.040320247424717621e+02
