theta_ell,theta_sd,theta_sf,theta_w
-9.458248842175921434e-01,-4.284049893676082910e-01,2.032398732844045153e+00,4.545542344313107108e+00
-8.640210873884508480e-01,1.365263243664172510e+00,2.024117961966971802e+00,4.970361513021336997e+00
-8.371298783093670259e-01,3.412771241290175617e-01,2.045996904580893450e+00,4.913164274982901425e+00
-8.384606613212975956e-01,-2.567925981234869148e+00,2.034086430182393546e+00,4.789816556380074530e+00
-7.763373337867709445e-01,-3.394607747364280836e+00,2.028166441439491763e+00,5.409969979982971466e+00
-9.912784705640982352e-01,5.074902302347008565e-01,2.024525886330719615e+00,4.512847410009083404e+00
-9.362007459128695031e-01,5.966907854934935251e-01,2.063995079658439646e+00,4.681378945491482924e+00
-8.679762314554605451e-01,-7.236834446982856051e-01,2.062981224254613277e+00,4.872614824864993643e+00
-9.955100864040414832e-01,-3.615051399560083034e-01,2.065534213135817865e+00,4.431543543077777869e+00
-8.659653520129099169e-01,1.895055591927146676e-01,2.000672919609633560e+00,4.885853265203473406e+00
-9.247860629415984857e-01,-5.664467157803022568e-01,2.060110458001629841e+00,4.647164365943628361e+00
-9.295997689667140351e-01,1.905005965939123191e+00,2.030917321824223354e+00,4.695798203161081652e+00
-1.017813811286306214e+00,-1.896264286155380785e-01,1.998509898116331840e+00,4.524175204288031438e+00
-1.012766384816463194e+00,-2.829207428338771813e+00,2.047560144801262361e+00,4.288844023637941483e+00
-1.013907038290935425e+00,-1.779760491518247445e+00,2.045515769231368797e+00,4.384628125748487371e+00
-9.431305445555347999e-01,-6.909016782778214516e-01,2.097774944384190210e+00,4.779030191369277425e+00
-9.397476477587799470e-01,-7.210264487235722441e-01,2.093022885488035723e+00,4.737928938261474876e+00
-9.381524252513916418e-01,7.235980855102382980e-01,2.042311071200971551e+00,4.481853231359701262e+00
-8.515431237610450177e-01,-1.829492815562731911e+00,2.007575687602839665e+00,4.959392822938497147e+00
-9.918011595994948859e-01,3.524414170532208512e-02,2.064652249815371654e+00,4.483825700576789863e+00
-1.015637985069562932e+00,1.334256761469466701e-01,2.065138710989081527e+00,4.460817799953374241e+00
-9.407357845850607969e-01,8.805362200279856499e-02,2.080674835429793479e+00,4.465117628886889456e+00
-8.757882413324772353e-01,8.759057553538814878e-01,2.005096475678995294e+00,4.847781768234409761e+00
-9.173586770462888174e-01,1.170858992652032082e+00,2.028078512282477153e+00,4.813882524018139542e+00
-9.509622862066494653e-01,-6.001289216334939614e-01,2.069735037450633808e+00,4.518253252966122346e+00
-9.463348093784551551e-01,-3.503267087448403316e+00,2.071199931185990994e+00,4.754336347526565199e+00
-9.356583451826857578e-01,-2.862275310022315722e+00,2.020086087353293092e+00,4.855284756459330886e+00
-8.248685938267994455e-01,-8.229544188008408589e-02,2.073191114437727300e+00,5.010744968166904734e+00
-9.174271741046977624e-01,-7.484714509369038149e-01,2.043377592030866996e+00,4.619113396850988096e+00
-8.273547448472747812e-01,-3.668937861280123336e+00,1.993958507235628064e+00,5.092572941137133213e+00
-9.645954581752880230e-01,6.245292281865669759e-01,2.095140880305873310e+00,4.456643187159148312e+00
-9.394831045126652569e-01,7.001914206448052180e-01,2.062786750220729104e+00,4.611665789073032151e+00
-9.239191626641307664e-01,3.611896877630659253e-01,2.056101033282356827e+00,4.504825218707157575e+00
-9.497679972908986690e-01,-1.403935168835017233e+00,2.103510422322413032e+00,4.605600892276545899e+00
-8.417784247559009225e-01,-6.372859565205390986e-01,1.991039077838774762e+00,4.918676494220485473e+00
-8.594787586487737663e-01,6.735987450200213722e-01,2.066473379723413384e+00,4.778947773959667522e+00
-8.917477611259807535e-01,-2.300007542222812340e+00,1.995757635549906261e+00,4.953060400521239970e+00
-8.722758926797304913e-01,-8.356587443164570361e-01,2.088889352729562887e+00,4.918936440328808501e+00
-9.507918087161526532e-01,-2.215450882196401128e-01,2.095473828333632493e+00,4.496035023537910291e+00
-9.670050661806957049e-01,1.678714106285741581e+00,2.060873433893755546e+00,4.515298507038216336e+00
-1.006761283887890102e+00,8.245323378144685522e-01,2.080888025543397468e+00,4.348804202003839769e+00
-1.080946975995037862e+00,4.846239937153719035e-01,2.056956436740909222e+00,4.157481902686424924e+00
-9.879875817925467540e-01,1.434255330661623029e+00,2.064701410319782937e+00,4.405349060536919659e+00
-8.283197461742820566e-01,-7.649011856253773445e-01,2.009174062267403471e+00,4.904637062502223088e+00
-9.411431556199278958e-01,1.612790743945314631e+00,2.081367298940311361e+00,4.696101271367266072e+00
-9.925626432398214627e-01,-1.414675226157871446e+00,2.082810148176728493e+00,4.505998227699222980e+00
-9.845165849500016053e-01,-1.317068539914925562e+00,2.078089829158736634e+00,4.438273641595296581e+00
-9.900183458833426986e-01,-1.253852113860111750e+00,2.063726477460817055e+00,4.572876173208718420e+00
-1.102045973946925495e+00,3.903351118546555809e-01,2.079464524669349945e+00,4.215675628732650893e+00
-8.505588455702949302e-01,-1.283519378030647085e+00,2.041372567004171579e+00,5.032020735511371967e+00
-8.916795223746498689e-01,-1.013677358876266643e+00,2.039091883237704295e+00,4.836058633439314747e+00
-8.489307472224303375e-01,-2.110444549133019265e+00,2.002279210143639077e+00,5.060805640900276181e+00
-8.620364512662007650e-01,-8.048527270844597625e-01,2.013699775848563078e+00,5.038354379772462366e+00
-9.302048499721853325e-01,-9.359506568569807561e-01,2.001622178972967792e+00,4.714158470437237902e+00
-8.123345465790487996e-01,-2.312534170702331249e+00,2.014920278499891193e+00,5.186866266230635070e+00
-8.508974947080311102e-01,-1.416398934670744403e+00,1.976624769745638721e+00,5.139259792550594952e+00
-1.033958938366710933e+00,-1.240656461175981384e+00,1.996434973381631561e+00,4.390646845358906702e+00
-9.721110969005953839e-01,-2.514955993280028945e+00,2.017944342116392509e+00,4.503706417153528818e+00
-1.009686268075985272e+00,-2.911289008739333717e+00,2.016496749333078764e+00,4.666144667111827182e+00
-9.671131106908741337e-01,1.308978501468248901e+00,2.056649675416697409e+00,4.727475118632439077e+00
-1.059331828651417506e+00,-1.584735565104247623e+00,2.021435530128211866e+00,4.320403798644904647e+00
-8.125004318520199220e-01,-1.429895535178579813e+00,2.073612836610779109e+00,5.118280835586833000e+00
-9.161702972779847132e-01,-1.397154662983772333e+00,2.041627252933997827e+00,4.828559965286308930e+00
-8.731981615183985745e-01,-8.344605958032983439e-01,2.041588431252614910e+00,5.023354159873242963e+00
-8.689169971651228286e-01,-1.765777209987743568e+00,2.025946082382950042e+00,4.928484005241138277e+00
-9.589223442535160791e-01,-1.036496239362644012e+00,1.995208979697299601e+00,4.709827113612007565e+00
-9.681805474955451629e-01,1.017880249769950618e+00,2.060033908958983417e+00,4.544235437331927585e+00
-9.356381499262146351e-01,9.451850769780809625e-01,2.023978433334229887e+00,4.758892524987484052e+00
-8.931982024000092446e-01,9.036255799295581648e-01,2.034903398327857271e+00,4.713401050460319652e+00
-9.507518458366301939e-01,4.997320647214132938e-01,2.009753892154058086e+00,4.717152603764487750e+00
-8.971860582386995686e-01,8.700903631202915323e-01,2.077479851666854671e+00,4.907287027942669688e+00
-7.773968035785229214e-01,9.214879108142912667e-01,2.056806572224946894e+00,5.343695007220997439e+00
-7.889836498707113455e-01,1.538316057224367928e+00,2.064570505635216158e+00,5.326455491741818093e+00
-7.992645915505838250e-01,1.540781307961041291e+00,2.071311139613484897e+00,5.144580346926602488e+00
-8.095619513489152874e-01,9.099546506458744410e-02,2.004644487439745770e+00,5.061115401578018869e+00
-9.459521724859268899e-01,-1.018127103856980353e+00,2.031203517307033746e+00,4.540213304939396011e+00
-8.429495061994721761e-01,9.758982459572401735e-02,2.002414835772163837e+00,5.019369129416550557e+00
-8.286076585548461937e-01,9.421924144612593421e-01,1.960537970430592969e+00,5.164761511319372111e+00
-8.673700449883022801e-01,1.938229368113858486e+00,1.942581488221513775e+00,5.006632310879562731e+00
-9.188310393479837135e-01,5.457366126380549520e-01,2.002652224488369104e+00,4.873837733116163307e+00
-8.667153386504832246e-01,-1.302795941041036798e+00,2.061227169776421508e+00,4.908780228301492521e+00
-8.763932331903153683e-01,-4.460187465107368077e-02,2.039416350461294325e+00,4.885683540914370404e+00
-8.546531098228903334e-01,-4.993925388038735758e-01,1.979218174978620182e+00,4.871825191928564003e+00
-8.681298974391739032e-01,-3.073774772464522576e-01,1.975535864393469510e+00,4.972088542532071997e+00
-8.201530976660399430e-01,1.286433689857905849e+00,1.980316307025803413e+00,5.061747062796785102e+00
-9.076179021856205509e-01,-2.440349648599440258e+00,2.030078125058129235e+00,4.799180117788876210e+00
-9.115692683252990536e-01,4.754683629053020333e-01,2.095093915382866712e+00,4.722860710842565979e+00
-8.874262652368071214e-01,1.719158984616148134e-01,2.060566435501951954e+00,4.808136870516444894e+00
-1.077467238723720300e+00,-2.214277648508938157e+00,2.051887156415813429e+00,4.171579675538012566e+00
-9.503166369461877316e-01,6.284059823807952583e-01,2.031298831728486576e+00,4.717949416197744661e+00
-9.332862914594657333e-01,5.324529061038699718e-01,2.010331311023688006e+00,4.659651796268116541e+00
-1.013291173675959111e+00,2.279243811840503842e+00,2.038680126197905285e+00,4.495185877695717203e+00
-9.274609572929009005e-01,-2.293425480080121925e+00,2.082307847687780988e+00,4.661544808205010604e+00
-8.599703869561169389e-01,-1.225360324686426972e-01,1.975457451830088251e+00,4.976098686479270228e+00
-9.155088518258494013e-01,-7.335951560704101482e-01,1.939635492157929741e+00,4.745046421765382938e+00
-9.486539412688500539e-01,-6.983707607487271707e-01,1.943156040496678783e+00,4.853866453332708275e+00
-9.022207618220923209e-01,9.903542002478172845e-01,2.005390390437240100e+00,4.928040964472824470e+00
-9.748803945865686105e-01,1.775070153675720463e-01,2.116689198787976345e+00,4.418154907453047286e+00
-8.574574774636415375e-01,6.276436112027883318e-01,2.013907116436380651e+00,4.958022445735002393e+00
-9.719621659183449447e-01,-1.113382939261668092e+00,2.034465251019468734e+00,4.539953616530717717e+00
-8.782456239993710057e-01,-5.614575909458134895e-01,2.108752611429423496e+00,4.856419813902457250e+00
-9.135750157345298161e-01,-3.056845063727207656e-01,2.083826160147223217e+00,4.717231411158766541e+00
-8.440036358616804790e-01,1.557605283617376379e+00,2.014345041186272667e+00,4.977029720876866570e+00
-8.853183655267666818e-01,2.165916687086527403e+00,2.023943424558310333e+00,5.093029358682588104e+00
-8.193108154924594322e-01,1.683330168284975503e+00,2.040988663832036032e+00,4.971071185214092303e+00
-8.411209462115639690e-01,1.739026369081128509e+00,2.041018626718138052e+00,5.045068601602919145e+00
-1.021562239357466595e+00,-5.389674774670736301e-01,2.014710916256304163e+00,4.391276971803973694e+00
-9.472100825760184639e-01,-2.060681035879372125e+00,2.051763788525335919e+00,4.598631131666137684e+00
-9.153378238380255327e-01,-6.746041425731114094e-02,1.991813012530556204e+00,4.828982535947366372e+00
-8.668893998622229091e-01,-9.794223019943982811e-01,2.053398101321087577e+00,5.028995558224065299e+00
-8.612424802875822127e-01,-9.858370980089277147e-01,2.047660089711087039e+00,4.958577447438297980e+00
-8.782545954761903362e-01,-5.551892449333831747e-01,2.048193448985184961e+00,5.035753603236670983e+00
-8.617222276301202966e-01,-1.107981762372438617e+00,2.055966594241763534e+00,4.895588144886755977e+00
-8.787539330233254953e-01,-1.784615120199905203e+00,2.088037757623744994e+00,4.892886573044062715e+00
-9.179868456787226849e-01,2.085860074616796567e-01,2.086913462004346353e+00,4.655943439920603666e+00
-9.408272744944393695e-01,-1.518809677975579975e-01,2.090783399754206240e+00,4.462675114909993468e+00
-8.778740952097416894e-01,-1.177953591011873247e+00,2.088616927335179785e+00,4.714441922783843886e+00
-1.023698082967384737e+00,1.017925287525869305e+00,2.014360935410051567e+00,4.249027401979550866e+00
-1.015879001472149934e+00,1.378162006900438552e+00,2.022109851924197788e+00,4.514071827210043075e+00
-8.194181482152872453e-01,-3.379113854883226131e-01,2.019967632224262122e+00,5.099521504902965852e+00
-9.985671975343655138e-01,9.730920745971208818e-01,2.032292414613411591e+00,4.434159497531487304e+00
-9.790077390480382835e-01,1.244568817563006524e+00,2.078412603033691575e+00,4.573362410770902109e+00
-8.664050454897794795e-01,2.324349316609487515e-01,2.050568849722355314e+00,5.057204500952276582e+00
-9.232655978686923337e-01,1.703796939332529625e+00,2.070946277066644914e+00,4.820496048365343178e+00
-9.768163003917439413e-01,4.684970799099047456e-01,2.098958533644613933e+00,4.475453276122366653e+00
-8.421482932030860402e-01,4.494336800780426855e-01,1.983876089711147817e+00,5.073596864428854047e+00
-9.141758385238827334e-01,1.272249595711789194e+00,2.039968531499463555e+00,4.712232017625817448e+00
-8.609224909244403978e-01,-5.361146823502069836e-01,2.000519879722106431e+00,4.890379563337499569e+00
-9.070890869776682131e-01,-5.446014685711656478e-01,2.052566692021649875e+00,4.815756715296598323e+00
-9.171821766270408238e-01,-1.577601898985670770e-01,2.058294642224745896e+00,4.675408283659230335e+00
-8.458381450916309108e-01,2.290808226690383087e+00,2.026396766874571487e+00,5.074083498604260889e+00
-8.806262956146080345e-01,2.390284924131745203e+00,2.026935576008485285e+00,5.016488702449450443e+00
-1.009252342143907688e+00,-3.003252893977337301e-01,2.072150397307193970e+00,4.617442716856881013e+00
-1.011651870812700249e+00,2.393486070416231404e-02,2.060915289338784984e+00,4.464857279365672227e+00
-8.907997790852508757e-01,1.538406863053870088e+00,2.082869710112350781e+00,4.679845119637290551e+00
-9.498303667498757541e-01,1.304207551479536598e+00,2.095897093885960683e+00,4.689934894430904500e+00
-9.676583374269926985e-01,-4.610334719786955970e-01,2.010702214592100301e+00,4.682554256545706117e+00
-9.606506935727057162e-01,-7.777634071662551385e-01,2.100447274216497018e+00,4.395335027565018926e+00
-9.521570623218035267e-01,-1.047663724171400967e-01,2.012237427474348639e+00,4.547455168755767829e+00
-9.763299335595198025e-01,1.531685541806383055e+00,2.046924236463532054e+00,4.556149080155728726e+00
-8.423712876310467390e-01,6.507111704918897566e-01,2.071778848657105598e+00,5.014397988528795480e+00
-1.009570315329163970e+00,-5.798435710255025466e-01,2.037799111658763707e+00,4.310048795428945922e+00
-1.064757958255785786e+00,-1.056956767302575928e+00,2.023870782081560016e+00,4.310566203353093151e+00
-8.433145418230392210e-01,-6.120236957887142948e-01,2.049503578956269667e+00,4.912843255191354785e+00
-9.295373452934513336e-01,1.639889058248250597e+00,2.018083938566432423e+00,4.649247871255484554e+00
-9.612501565035346252e-01,-1.819849387470203306e+00,2.065108150795114117e+00,4.595911282666125253e+00
-9.357701651745261584e-01,-1.653261950184381712e+00,2.050451815047247273e+00,4.612240467362259899e+00
-9.397587209606438341e-01,-2.439658356368388237e+00,2.049102643037525429e+00,4.564495854094966276e+00
-9.609252703599309164e-01,-2.038143445245102825e+00,2.058207988608756533e+00,4.628056729268537062e+00
-7.214496398449036230e-01,1.471477829526640413e+00,2.031829743792738174e+00,5.499864575286077084e+00
-9.508223104943577253e-01,1.324080665884154850e+00,2.070572340440997472e+00,4.498239427835890147e+00
-9.129512268776653894e-01,-1.139955553757927786e+00,2.095611026551110090e+00,4.639006022005036201e+00
-9.825082604967356747e-01,-7.154907584440246548e-01,2.035107192652738650e+00,4.574247515076047321e+00
-8.896725319434934942e-01,4.075402612929013291e-02,2.046485282422498830e+00,4.866470597401399090e+00
-8.624527885673606287e-01,4.065787297922158761e-01,2.034735860220082238e+00,4.995342372274130582e+00
-9.277036343392808249e-01,6.396742865586535487e-01,2.085242116513457145e+00,4.519082261350304108e+00
-8.614660331923065240e-01,7.166972417685812946e-01,2.029990573206909232e+00,4.753466924548479966e+00
-9.040270296198249511e-01,7.300702921559129033e-01,2.042833678972081568e+00,5.019049890937112401e+00
-8.786775304102265594e-01,8.156404994440517031e-01,2.041168216478224107e+00,4.866633673710142993e+00
-8.365577537719789403e-01,7.283496878188265855e-01,2.045217344424994366e+00,4.800336592349418119e+00
-8.706888839707478400e-01,3.954945025248158275e-01,2.040313285065781468e+00,4.806573476332506978e+00
-8.312945399112545708e-01,1.583664111306052336e-01,2.032047642398679077e+00,4.990547010483276757e+00
-9.039946208912814640e-01,9.095563297485946830e-01,2.052475743119128282e+00,4.667795219469656587e+00
-9.948907660362730221e-01,-3.685506017371964482e-01,2.077883544654523629e+00,4.345854242846939108e+00
-1.024681424415053499e+00,-3.252523601481921212e+00,2.075872506073845436e+00,4.392210272392653714e+00
-9.274654483531132865e-01,-1.001462075979399957e+00,2.086318130439921426e+00,4.630675927819342341e+00
-9.174707837860069937e-01,-2.550461169385092042e-01,2.000903850386192229e+00,4.753470497708121911e+00
-8.918565748228867163e-01,-2.482975425064562813e+00,2.074665262865774018e+00,4.806730042713950546e+00
-8.850789009502104676e-01,-1.335839389808086031e+00,2.005299725187820403e+00,4.817758069153498468e+00
-9.604346188479940816e-01,-1.640739254442186157e+00,2.011196065766772012e+00,4.892576389606952070e+00
-9.771376740004857897e-01,-8.199519748213310866e-01,1.995446962222995779e+00,4.521376002390701032e+00
-9.753465237604126425e-01,1.497187922007304994e+00,2.049345865105867581e+00,4.508123121312372916e+00
-8.490119607220401043e-01,-9.674820195549617141e-01,2.062575827562275421e+00,4.909992082178166406e+00
-8.997871666764436505e-01,4.865631795504471446e-01,2.057183790665101153e+00,4.786845302449500572e+00
-8.497325560699736657e-01,8.036152195869918913e-01,1.996163120578086536e+00,5.108820120686631938e+00
-9.418230230554343052e-01,-2.677638011368557613e+00,2.066289124812097366e+00,4.552747071554303915e+00
-8.477838083279997106e-01,-1.354131751650183180e+00,2.051082376893788695e+00,5.027873447117382710e+00
-1.088160561999925502e+00,-1.171051579774280427e+00,2.076765478666408704e+00,4.074494498418588684e+00
-1.145228950610438723e+00,-2.735270797962262579e-01,2.066531369995737943e+00,3.882527924699943789e+00
-1.139927278084943429e+00,6.417795334003305596e-01,2.009203409419618058e+00,4.111788172209587700e+00
-9.406576238740469442e-01,4.916051475102848345e-01,2.083017081632675183e+00,4.602464419345380975e+00
-9.317286110477533967e-01,-2.041486769340330909e+00,2.002784469169975878e+00,4.704805839987431959e+00
-9.368231607137923467e-01,-2.179086634829436431e+00,2.021125064819422779e+00,4.761595262483484525e+00
-9.376040908034001253e-01,-2.234166142423839929e+00,2.000997969158403222e+00,4.561107001087455259e+00
-8.828778041685815259e-01,-2.186832947712730846e+00,2.074505911463922381e+00,4.782669938410418986e+00
-8.629531289387998294e-01,1.416171625423418678e+00,2.046649053559750797e+00,4.896713612117307157e+00
-1.007006360554881796e+00,-1.227313245356498994e+00,2.020518101553691270e+00,4.396852679123836261e+00
-8.516360791205037639e-01,9.710143122161372098e-01,2.086143641822692185e+00,4.977919848468151720e+00
-9.061972381891115758e-01,-1.381297315743207132e+00,2.053832500737088562e+00,4.678569629301851052e+00
-9.323967035678535353e-01,-1.358927842038056610e+00,2.060833864530252857e+00,4.860568342953021315e+00
-8.066507689429918138e-01,6.565518334323248162e-01,2.045870655405717997e+00,5.063935510757423764e+00
-7.670694268093893875e-01,2.095869436507383110e+00,2.011040940276819455e+00,5.477510408807450659e+00
-7.904407240668700485e-01,9.787214718290260240e-01,1.995376183833791339e+00,5.353971482274525684e+00
-7.580491972278823321e-01,9.128055543938385918e-01,1.995123190035079874e+00,5.228319535913041882e+00
-7.928315825347296286e-01,-2.918092775433744901e-02,2.042331724119761827e+00,5.228262419312637910e+00
-1.122918044451797659e+00,-1.912193014149589754e+00,2.026612344544108435e+00,4.074597473713968299e+00
-7.324037717555503813e-01,1.934140442646455238e+00,2.027087275974118974e+00,5.637517276068724215e+00
-7.515114568549664531e-01,9.134172284883919080e-01,2.007942271726782746e+00,5.420340951768183757e+00
-1.078244896078109472e+00,-2.329659254213751751e+00,2.056655098449764907e+00,4.188471083239985404e+00
-8.632940508879611841e-01,-6.519774684317747315e+00,2.027144895848277173e+00,4.876481108900419414e+00
-8.814762392577909500e-01,-6.548913644904069464e+00,2.025070602353811644e+00,4.784316804565577286e+00
-8.596464710747367954e-01,-7.595532576982276574e+00,2.006587265532702613e+00,5.107045387642953571e+00
-8.724650382121782455e-01,-5.618363613080924246e+00,1.950767929161102643e+00,4.904165271123311243e+00
-8.549356627700845923e-01,-4.041304221312715939e+00,1.979039546864413746e+00,5.010560721438293008e+00
-9.528404131131293919e-01,-2.184512265339360937e+00,2.082137455556849037e+00,4.493114260761696954e+00
-9.930008785454346176e-01,-1.091504847041798731e-01,2.004249542273782492e+00,4.776550615264498312e+00
-9.310543943270221945e-01,-3.188897891421476616e-01,1.997619879465045489e+00,4.627992908475731859e+00
-8.657282139863048398e-01,1.431071160888194749e+00,2.078870742832573892e+00,4.753324854563842905e+00
-9.947874886913617987e-01,1.597967477571331951e+00,2.054068235998368852e+00,4.563760364999497554e+00
-9.829894150350833026e-01,-1.327414968853077637e+00,2.028324256102058687e+00,4.737859862393398735e+00
-9.721347052905434660e-01,-1.359880122562332483e+00,2.027635956099306025e+00,4.658959332902445460e+00
-8.829746086902285906e-01,-1.732617081152383554e+00,2.077094220285592652e+00,4.781028246797828452e+00
-9.275192672912562220e-01,1.784749926604348724e+00,2.007845320141867784e+00,4.745979584885398950e+00
-9.096908457085970401e-01,-1.918077068948947916e+00,2.071957622696352530e+00,4.714849015000661225e+00
-9.074431669592954997e-01,-1.497887128676483215e+00,2.040369288586509899e+00,4.786992424540404301e+00
-9.488644331784950037e-01,-3.399458880235932678e-01,2.072788019333532628e+00,4.563199157229026248e+00
-9.515688971791400608e-01,4.204219767271418773e-01,2.053803783054068965e+00,4.576094118446468073e+00
-9.521199916741341918e-01,4.233465262818919550e-01,2.051720981305149571e+00,4.442561379900517693e+00
-8.426472467553999257e-01,-1.595641018747122164e+00,2.020556424874035528e+00,4.940424382647539581e+00
-8.773026181159016001e-01,1.008724641963705260e+00,2.088088594398790132e+00,4.882047300277748469e+00
-9.163092103786484310e-01,6.949462666812570300e-01,2.073550525993047788e+00,4.459789178770289908e+00
-9.568631410185649555e-01,1.171663726806005057e+00,2.052978971091030669e+00,4.805171279060054701e+00
-9.233005543799466253e-01,9.631951199398882668e-01,2.044537734188974554e+00,4.521376676198108235e+00
-9.198461322563389331e-01,2.877211414528145217e-01,2.001315759157813456e+00,4.565115304166258881e+00
-8.655976905597130289e-01,1.236765008582700442e+00,2.074600396176620176e+00,4.971964779482889618e+00
-8.455927691836768734e-01,1.359128611700277212e+00,2.073665756803956928e+00,5.014235355108974446e+00
-8.299943656302302131e-01,1.270817080764569784e+00,2.072451558623112700e+00,5.104125016488679556e+00
-8.863655164690807942e-01,5.864400373174643022e-01,2.091258054111341469e+00,4.837722335803817941e+00
-9.064843869500039952e-01,-1.630293298783698497e-02,1.994465453867100946e+00,4.887804362650945755e+00
-8.944364445234879168e-01,-7.559558986955963178e-01,2.004427260349007422e+00,4.736679738305078935e+00
-9.112186371821269226e-01,-1.494032670095936988e+00,2.036350244788704966e+00,4.796142223828399942e+00
-9.149846259042582197e-01,-1.166308854691573638e+00,2.030548631384211156e+00,4.698281476729644801e+00
-8.777901374354343256e-01,-2.148820953570202696e-01,2.108494977706102613e+00,4.788087425166837718e+00
-8.527164756445644311e-01,-1.787751667356829166e-01,2.114425196013364427e+00,4.708324906754014272e+00
-8.923733688459059010e-01,1.601429078441574783e+00,2.057147044270863034e+00,4.639516123542940740e+00
-1.006948969777909042e+00,-3.022937036059319738e+00,1.995138920637504532e+00,4.596392759936146710e+00
-9.745515325279974217e-01,-3.108639176290867390e+00,1.994690966943614807e+00,4.458296521170694859e+00
-8.835105747631515349e-01,-5.661038427269207141e+00,2.081845493970719829e+00,4.844374171544520991e+00
-9.060324446335260573e-01,-1.022878690158214976e+00,1.979645562734844599e+00,4.978099093335049297e+00
-9.043986741612717317e-01,-2.162254413332028502e+00,1.972466161142272023e+00,4.911247685676856101e+00
-8.555474764744209759e-01,-1.965335295393819681e-01,2.004096882040677041e+00,4.814396109294706960e+00
-9.129361547987840941e-01,-5.223169164955629995e-01,2.019270316992983538e+00,4.921375255971262241e+00
-9.021080966511356714e-01,-3.914057409229206308e-01,2.054780176847447848e+00,4.586567725994100009e+00
-1.074003866494133597e+00,-8.430528425861423258e-01,2.073185425520235992e+00,4.330494426978396483e+00
-9.947998024574791209e-01,-6.248287300842326752e-01,2.075537582191226527e+00,4.211329020098462550e+00
-9.979523133759311548e-01,-6.302214811908070091e-01,2.078840725694899749e+00,4.271981617306644274e+00
-1.030621647402792718e+00,2.084601349896866296e-01,2.066772519330879021e+00,4.196185856974579131e+00
-1.037633102458212386e+00,1.818288097287474592e-01,2.070071029167272592e+00,4.256374371118673672e+00
-1.005326531570478021e+00,1.757217356588378077e-01,2.070582242819702490e+00,4.428118744688326558e+00
-8.491976527927364016e-01,-3.344264999417697615e-01,1.988448255741196213e+00,5.078921955683587619e+00
-8.601366139703874314e-01,-2.151321732748272098e+00,2.071048172555538081e+00,4.965025978384615790e+00
-8.199051134434116594e-01,-3.291411734118089516e+00,2.060114389323812301e+00,5.035634029973692805e+00
-8.169443353304913780e-01,-2.292072576609924806e+00,2.106826537912724451e+00,5.016652352348312860e+00
-8.770536242058536436e-01,-2.231234457887103062e+00,2.112265016543653839e+00,5.061003442028971122e+00
-9.923153610996925389e-01,-3.073852885031391757e-01,1.967458959477081049e+00,4.468013306783343630e+00
-9.396669426770898337e-01,3.175358867642011362e-01,2.102870179172655618e+00,4.542465919112134820e+00
-9.002834196544877710e-01,-3.039527553029010232e+00,2.047345305680198457e+00,4.802193683731904805e+00
-8.701739082789229363e-01,-1.476727062060080531e+00,2.035538685225326549e+00,4.837216345405436435e+00
-8.639696400016863009e-01,1.446206629408709476e-01,2.056951151170502534e+00,4.913183853636346576e+00
-8.736814448859985260e-01,5.681151960117021282e-01,1.992444009128670812e+00,4.900861033785360199e+00
-8.329736075390116179e-01,1.910713225094205381e+00,2.029184071173204984e+00,5.178783005869028067e+00
-9.669664341219810222e-01,-2.219491678323472605e+00,2.056918099131217037e+00,4.621486970934126859e+00
-9.999051060576092942e-01,6.678926636834290331e-01,2.045221073072750695e+00,4.422302382884534033e+00
-9.829084112288379860e-01,6.847234577616394535e-01,2.092367493193055594e+00,4.442440117291802437e+00
-1.013105442718421401e+00,-1.860460610498316569e+00,2.030909345989779791e+00,4.464164265448865798e+00
-9.022138157582636486e-01,3.408291534705129022e-01,2.082302187121332082e+00,4.802862336464347237e+00
-8.898232494560425199e-01,8.106227746192237182e-01,1.984250965095552433e+00,4.825084273352006292e+00
-9.031293851492601110e-01,-2.730113372131051097e-01,2.026720290596204510e+00,4.885060676101613986e+00
-8.698029149584075581e-01,-8.557687201781843944e-02,2.016291991839878506e+00,4.786827348493247314e+00
-9.206769630965498941e-01,-2.405435687012418000e-01,1.981784446850277437e+00,4.767124311125622071e+00
-9.274712523194741376e-01,2.429360592399149033e-03,2.015438605408680139e+00,4.767840440980339878e+00
-9.682706660634118334e-01,3.542429632941328510e-01,1.999821072081727769e+00,4.599992803068396974e+00
-1.163269325408213817e+00,2.060441061744910929e-01,2.115424177165789121e+00,3.794414867376684430e+00
-1.176094380149533380e+00,-1.341649514204235505e+00,2.079667482735942485e+00,3.807630819616571127e+00
-1.137903635098813870e+00,-6.515159662028610077e-01,2.074834383542329075e+00,4.066194006912196457e+00
-1.056133025048732632e+00,1.077409789697061138e+00,2.053316853572177969e+00,4.351358198826935642e+00
-1.029796312663152857e+00,6.083511106457186735e-01,2.015863360534847715e+00,4.267287792899941756e+00
-9.395297161626507965e-01,3.242615384567658632e-01,2.074427706943610783e+00,4.491711266530671764e+00
-1.014170366816979474e+00,3.013692282317534943e-01,2.004464372096616209e+00,4.534209761343968026e+00
-9.769222920046807257e-01,6.745425803423420463e-01,2.011307713192273638e+00,4.458287567612010172e+00
-9.779307232851616183e-01,-7.842060583851462319e-02,2.012727030106864046e+00,4.714300998116593533e+00
-9.110406925166671943e-01,-2.067168536369722531e+00,2.086028678513490053e+00,4.885603079123164605e+00
-9.570451155553363343e-01,7.002932445417604512e-01,2.008105481904847611e+00,4.772856094442129660e+00
-9.163764267806505659e-01,5.232988151614466066e-01,2.010375524730158681e+00,4.656365098595959040e+00
-8.921885213731030051e-01,5.944850018884999532e-01,2.057629045955642333e+00,4.918462771244825227e+00
-8.650833976610136089e-01,1.327344442401591884e+00,2.035103467808743627e+00,4.902354465197460875e+00
-8.692918203636376129e-01,1.783284064851337058e+00,2.052689909350907005e+00,4.925894959978394105e+00
-8.903021485770561405e-01,-2.581996139792345435e+00,2.018983243077623335e+00,5.016957846086626205e+00
-8.911749415331112756e-01,-4.508564289177757978e+00,1.959003351977286478e+00,4.797944722611366508e+00
-8.797111069955694251e-01,-4.467492000545206565e+00,1.966655350325076768e+00,4.866216020349168225e+00
-9.098534287262107778e-01,-3.889064303873250861e+00,2.053921566076508221e+00,4.774109255420688314e+00
-8.727882292631925498e-01,-2.343738694937821165e+00,2.042230018995077501e+00,4.753902461187211159e+00
-9.017832954610798257e-01,1.886971907575149432e+00,2.022539159999130032e+00,4.868919496137394276e+00
-1.034710653513822187e+00,-1.932013676067847463e+00,2.053423300347357650e+00,4.383172751850064941e+00
-1.051967077245584026e+00,-4.545936734619581143e-01,2.072014026659177333e+00,4.162448631562389423e+00
-7.777682226793101172e-01,8.697006780861867847e-01,2.027791335256024396e+00,5.239315222092707280e+00
-8.625536184479513091e-01,1.246696610002331340e+00,2.063047654071589854e+00,4.910554582778722477e+00
-8.483180837886910020e-01,1.764617959914751566e+00,2.071381821235055209e+00,4.873066630218861661e+00
-8.753813148458551296e-01,1.477886927284423724e+00,2.084842451221041060e+00,4.885432613690956494e+00
-8.383955527364542748e-01,-1.416647536900510929e+00,1.976744584387561732e+00,5.035267665097745038e+00
-8.411310820007036337e-01,-6.306291020941727776e-01,2.022729702335018143e+00,5.094073955032808243e+00
-7.694998065137397258e-01,-2.309827214767293579e+00,2.043746911612048134e+00,5.279912164607625691e+00
-7.785320607214696320e-01,1.627264516099715008e+00,2.013293620520522076e+00,5.278379369597639759e+00
-1.084545139773336775e+00,-2.207996752786303141e+00,2.082741392311185269e+00,4.098098971562752268e+00
-1.108652408728718619e+00,-2.621785250476999618e+00,2.091535446147199107e+00,4.068812160545328460e+00
-8.036259233191732632e-01,-9.457285735751000955e-01,2.066939776498699644e+00,5.147137203034066744e+00
-9.248079756329917744e-01,1.675150721652605146e-01,1.999740050661411139e+00,4.666317769529631398e+00
-9.427599602821253866e-01,6.010088790929864200e-02,1.982680407181190319e+00,4.594213169540555697e+00
-9.221191209204619987e-01,-1.112151039974714317e+00,2.076762259615986927e+00,4.597147326204900963e+00
-9.773535131152412125e-01,7.392009859932737736e-01,2.062168884074607966e+00,4.499646930907911901e+00
-9.457953122466111751e-01,-3.720780712184982519e+00,2.009742346799762380e+00,4.476141599857269782e+00
-9.675736205117357880e-01,-4.021122695050039830e+00,1.998496568866089174e+00,4.410832282795309034e+00
-1.064708043660997916e+00,1.912596752448841420e+00,1.967077682131114891e+00,4.036684851185481371e+00
-1.104498225878523199e+00,7.046939107690017856e-01,1.991355392247990741e+00,4.403123636307657129e+00
-9.457413769295335282e-01,8.218309223492075155e-01,2.030547501535326926e+00,4.722926050078253724e+00
-9.134340806204218621e-01,1.383111597777749502e+00,2.026246622834226851e+00,4.682823240611472038e+00
-9.191736775945871241e-01,-1.348082460961476103e-01,2.052888994892241303e+00,4.630833714492822217e+00
-9.657639592224750436e-01,-9.347080352332601816e-01,2.084030032201173110e+00,4.514643847567118229e+00
-9.423548371697062498e-01,-1.000780168475946974e+00,2.067583895984785425e+00,4.432998670482289683e+00
-9.183326624695893337e-01,1.262085708315289212e+00,2.034374583259797475e+00,4.860813506036656406e+00
-9.114587888874656763e-01,2.195519934540137719e+00,2.021994378928427150e+00,4.896423461555965417e+00
-8.788952514278405292e-01,-9.743118012549600859e-01,2.002232954202191273e+00,4.889071845355783097e+00
-9.935181825448992088e-01,-7.922494649961112634e-01,2.008913160346347038e+00,4.503368207825469760e+00
-7.939801900884384533e-01,9.637997757895556683e-01,2.009420790590930483e+00,5.260445569353886519e+00
-9.392681135767473322e-01,-8.166240677756648747e-01,2.013730911214419272e+00,4.578215738131079071e+00
-8.877288409493494514e-01,1.025009191718697643e+00,2.062358824212624508e+00,4.739454693710326794e+00
-9.292673687981483077e-01,8.992239384564327809e-01,2.071565632006302504e+00,4.815136610548970353e+00
-9.782238694342311192e-01,-1.268575614536605889e-01,2.010624043508186354e+00,4.682227683845786359e+00
-9.396004835564090163e-01,5.186754785656344513e-01,2.086360303020323048e+00,4.542313597185994034e+00
-8.920151435568585141e-01,-1.026100065212020684e+00,1.940343194454452025e+00,4.844168103616768306e+00
-7.756191822837874561e-01,-1.133197419324904587e+00,2.029369833539064416e+00,5.289511450144004812e+00
-9.352137883868587576e-01,1.857401334366287404e+00,2.053657479014476817e+00,4.743656014061833126e+00
-9.534178836959711356e-01,4.197187950957951275e-01,2.036209906706550221e+00,4.715307216973062765e+00
-8.995456531255483501e-01,8.094888319396001952e-01,2.039229952738190299e+00,4.686676122702690073e+00
-1.089101065404799229e+00,1.125272170917769987e+00,2.058816184927129367e+00,4.191933242780343960e+00
-1.250087314561525664e+00,-1.550363741598732359e+00,2.058941999661270561e+00,3.614523777365651558e+00
-8.634531893848227391e-01,5.350249445147480243e-01,2.043302600493250409e+00,5.006408904178843322e+00
-7.560758130551037404e-01,9.787696112705647211e-01,2.020633354116187164e+00,5.544549805744809490e+00
-9.455665127707366668e-01,-1.646854202518483579e+00,2.065894350466907170e+00,4.538998287296596601e+00
-9.092370544585460790e-01,1.237439962335318056e+00,2.001651708478850988e+00,4.718716002398726239e+00
-9.409549382734707645e-01,4.848111678293967608e-01,2.026513601154256161e+00,4.725305522303844263e+00
-9.363883655669661410e-01,1.305226303572028623e+00,2.041727105903805572e+00,4.631596791215116582e+00
-8.322934777794198657e-01,-1.468851728925512301e+00,2.045900938220638565e+00,5.023383813201473203e+00
-9.026008590052243541e-01,1.989140750759361476e+00,1.982735031440895579e+00,4.929295372201356606e+00
-9.933135950220955968e-01,-3.444158365264788912e+00,2.095348230277427781e+00,4.507973348155955406e+00
-9.908210818512589446e-01,2.010562336582512266e+00,2.010422321136358548e+00,4.403611038489573914e+00
-9.825938916602192652e-01,2.308412752676531898e+00,2.015092916263179657e+00,4.459241825634164158e+00
-8.425254281309220161e-01,-3.583543647135336130e+00,2.072252825060818537e+00,4.988615053876711336e+00
-9.789584341634181008e-01,5.245652173849958411e-01,2.013755231462505346e+00,4.489653207380323252e+00
-1.018454744727921746e+00,2.546337102120574958e-01,2.062268601467441176e+00,4.387729904161091987e+00
-9.983808418842643473e-01,3.219109525248917136e-01,2.075279066775601589e+00,4.387474974438464237e+00
-8.766011667973367949e-01,8.813130771232108307e-02,1.992698491244174530e+00,4.937787399274710332e+00
-9.352700755922643827e-01,-1.280896362623474838e-01,2.078301385091629427e+00,4.658769522770452198e+00
-9.062618232323026435e-01,1.091532779400510966e+00,1.993983453202231360e+00,4.765998192848877935e+00
-9.170709167996931033e-01,1.480317809033030452e-01,1.978305312800181515e+00,4.721203252343324053e+00
-8.456633328954594742e-01,1.923298094392467128e-01,2.099464021255593060e+00,4.913198309857751411e+00
-9.397587103004241271e-01,1.815744267667000408e-02,2.034656134665048022e+00,4.611394005961797937e+00
-8.763124827522358329e-01,-4.130641275388228228e-01,2.029443570499425142e+00,4.890403308290792062e+00
-1.102282679124708009e+00,-7.311739656231179829e-01,2.066927872648251174e+00,4.066249538901235638e+00
-9.820893492175045703e-01,-2.597363917613786377e-01,1.985924539746262818e+00,4.688008858287110669e+00
-1.153013131664017532e+00,-3.915960766141671767e-01,2.125170141050580774e+00,3.762196116201226292e+00
-1.169159168749780875e+00,5.925778674754063058e-01,2.143402361477937390e+00,3.951747698308323731e+00
-1.086505959374575170e+00,1.223431217165583673e+00,2.005573123576401606e+00,4.119686035036276728e+00
-1.077354086979898096e+00,-6.779620407837942953e-01,2.111930079565362384e+00,4.176943250748959890e+00
-8.492150354312918425e-01,-4.311085073548868163e-01,2.005001726216883995e+00,5.007370645113488727e+00
-8.166740182294314199e-01,1.204317655656262920e+00,2.041961647149196590e+00,5.145466669375851509e+00
-7.896507638139238505e-01,2.540790806487131515e-01,2.028394080299395608e+00,5.287493327216241212e+00
-9.422262716100564539e-01,-1.520104713351819736e+00,2.036841768461294500e+00,4.591836889605156458e+00
-9.432691087594698987e-01,-4.587409214563197501e+00,2.062095681415170301e+00,4.556774692561411655e+00
-9.373772304357551599e-01,-5.067828287017194455e+00,2.030201868602570237e+00,4.684906840070688361e+00
-9.510330053124467220e-01,-5.102591287418216659e+00,2.037950328606510819e+00,4.617674919979358528e+00
-8.451113100021545588e-01,-4.565860832171252603e+00,2.032965376843449690e+00,5.099344614780601859e+00
-8.333955424408576729e-01,-4.748248710306289588e+00,2.033581219199450896e+00,5.015980191589243908e+00
-8.976444568311023886e-01,7.199916547133085043e-01,2.043134707763798463e+00,4.805034855757312151e+00
-9.459783274692087351e-01,-1.265010012131483341e+00,2.082073498496912034e+00,4.525396428550320316e+00
-8.381044024035100293e-01,-1.655828321756062316e+00,1.998356052591188092e+00,4.910221931940367490e+00
-9.685431176056922276e-01,6.961210253832339490e-01,2.040597765961752241e+00,4.492808651290729927e+00
-8.424691374803756627e-01,-7.588390219100549228e-01,2.088295777467804371e+00,5.010244806440459442e+00
-1.111222891865665252e+00,-1.087094762943322301e+00,2.007024677443375538e+00,4.198026718122868317e+00
-9.930553680028038066e-01,-1.201925028939140550e+00,2.106237097558134597e+00,4.536272257555594045e+00
-9.764019540963111421e-01,2.584417339970723759e-02,1.999156348403962724e+00,4.397019392148883377e+00
-9.915967590163997647e-01,-1.441090871739609147e+00,1.989313256258082863e+00,4.537088154793093686e+00
-1.019664776195356337e+00,1.165780496888839224e+00,2.034199838564730189e+00,4.431578408179412953e+00
-9.533014685989532611e-01,-5.628203039304194855e-01,2.021489859685914769e+00,4.523353668224974200e+00
-8.878587798122651309e-01,3.695469906384112324e-01,2.021669177460506894e+00,4.842651453919294191e+00
-8.811272300153031312e-01,8.384274387924279814e-01,2.033092594854050361e+00,4.835766655487202748e+00
-9.727542753967906020e-01,-2.880571396616590452e+00,2.056614580150277316e+00,4.413416485602345674e+00
-9.831642813291421312e-01,-3.223352492215003195e+00,2.056690611443364070e+00,4.366319399611364283e+00
-8.652165666265155819e-01,8.536582046809743085e-01,1.981696951560134368e+00,4.894015912797539336e+00
-9.731936944145663793e-01,-1.220560420218671505e+00,2.047978554898786108e+00,4.423789981628392098e+00
-9.498490482218561182e-01,-6.120521891668697645e-01,2.005285620682334180e+00,4.743169468144236234e+00
-1.046111067492716318e+00,-9.432356605882697975e-01,2.098375530234404263e+00,4.321116891985598230e+00
-9.225717675608821056e-01,1.079536360160546105e+00,2.004791808112293516e+00,4.660378986727259587e+00
-9.260574218667871893e-01,4.904178413068416287e-01,1.991369993260043270e+00,4.805311240439297471e+00
-9.052621428225641198e-01,-9.233888368097936672e-01,2.016568210701585429e+00,4.689738632112860017e+00
-9.017605082358924884e-01,-1.659041433336227112e+00,2.009344593660663314e+00,4.701302010118053154e+00
-9.497090781631372103e-01,-7.261961276877522131e-01,2.005394954347170966e+00,4.681415311268676938e+00
-7.730582759045916408e-01,5.012847210248185803e-01,2.053971841071328797e+00,5.272684507717888103e+00
-9.874401741038856262e-01,-2.189784059770718549e-01,2.047221807442467956e+00,4.386506356673482543e+00
-9.840520796665344072e-01,1.985756929978116814e+00,2.115568625977370942e+00,4.446065221975056048e+00
-9.811570112197571802e-01,-4.413195204690079088e-02,2.089748877577935371e+00,4.356760613662443049e+00
-1.173040486570114060e+00,-1.694964939223697842e+00,2.037456999666076740e+00,3.840264107544941741e+00
-1.029941670990629277e+00,1.565590562225106730e+00,2.036421064301092265e+00,4.415549325696544791e+00
-9.571184106001734415e-01,-3.874474075969414066e-01,2.046848222496514325e+00,4.651457775857973154e+00
-1.006297023889290099e+00,-9.176028605674274585e-02,2.070642726404748224e+00,4.330789366509788074e+00
-9.753644718095981769e-01,-5.151060672508298577e-01,2.060123070680134560e+00,4.342486717760876580e+00
-1.051960148452142363e+00,-1.008367331851107940e+00,2.027052732568165094e+00,4.398408037010250737e+00
-9.383213518777037132e-01,-1.563094908402747341e-01,2.076428999697321309e+00,4.574964818060936800e+00
-9.300232639002223856e-01,1.062400678406623111e-01,2.018441984891648389e+00,4.650172131951473276e+00
-9.614610897174797888e-01,-1.744719066308505484e-01,2.026789829389453512e+00,4.769515386622146025e+00
-9.157446960096162769e-01,-1.071616467505726922e+00,2.041836666616954510e+00,4.666917749321523701e+00
-8.763092061427415480e-01,-4.241097440542240249e-01,2.031441116077260745e+00,4.808993948839369814e+00
-1.054377214734580459e+00,-1.175681242166977558e+00,2.065328905777574331e+00,4.309893643173199784e+00
-8.648721341242847638e-01,-2.046607791295907308e+00,2.052084731866018696e+00,4.974056991733520228e+00
-8.312537208819830159e-01,-2.125302723648935466e+00,2.032653469664234880e+00,5.037465678104908307e+00
-8.592866892190665906e-01,-6.010235858061236947e-01,2.060945958447920834e+00,4.972677882694799933e+00
-9.792491442049321426e-01,-7.154270853403439379e-01,2.029538127132170189e+00,4.600559671660060523e+00
-8.946776429791177820e-01,-2.170052442308401663e-01,2.029122262048770331e+00,4.531349075058380471e+00
-9.555516763760928400e-01,-3.268617677827807821e-02,2.041016868078595170e+00,4.671839090088453439e+00
-9.200408918875550013e-01,9.430094830621822410e-01,1.998064818680550303e+00,4.547369891957489862e+00
-9.860138556961979273e-01,-5.429883653396077037e-01,2.070532023249830988e+00,4.682669160696010913e+00
-8.324071851828107604e-01,-4.964704820374892802e-01,2.046009567553173092e+00,4.845141955995816652e+00
-8.217432290119496274e-01,-7.772266554837897745e-03,2.020142968997139743e+00,5.238938505993217198e+00
-9.904476541856521710e-01,-2.592044713036712356e+00,2.006255054715381902e+00,4.581201853952235226e+00
-9.817516538338588727e-01,-2.909326976098280504e+00,1.994179973858020594e+00,4.505028837600964842e+00
-9.720868149667802882e-01,-1.800438742704057571e+00,1.990415559205645835e+00,4.587474164554578238e+00
-9.068315332739278478e-01,-2.293715942377277717e+00,2.072284682062983663e+00,4.858627236809288874e+00
-8.465779730999769548e-01,1.422839247640373728e+00,1.983766719692116265e+00,4.922769305269863338e+00
-8.765894980941665304e-01,-2.628952789448008587e-01,2.061803944367325947e+00,4.961697367695282246e+00
-9.291691967254194218e-01,2.839006557830358601e-01,2.032179828202639982e+00,4.607637087694588907e+00
-9.195487097839452062e-01,-1.866453315381963129e+00,2.084358245649760022e+00,4.699519775773550734e+00
-8.852302981249953184e-01,-1.495500764452689646e-01,1.955174065571533282e+00,4.965622811723655161e+00
-9.651591652657408593e-01,-1.566547866366359898e+00,2.154052019855897449e+00,4.505477075452003710e+00
-8.901908288272728509e-01,7.822996893004109387e-01,2.031625169988172441e+00,4.784986427036280077e+00
-9.554457550696158208e-01,8.265896782197503789e-01,1.989811748650675227e+00,4.646424314700206004e+00
-7.795118424623901365e-01,8.599493254097659301e-02,2.069356750678684520e+00,5.242643476644921030e+00
-9.681702601447277345e-01,5.566842062304124816e-01,2.087239993641210489e+00,4.512189177270047757e+00
-9.259170416733565334e-01,1.176559776363544696e+00,2.068223047402375503e+00,4.730737575463774824e+00
-1.077526604046850300e+00,-1.300710000609007766e+00,2.034746122276651192e+00,4.056086775975061620e+00
-8.966921544355723750e-01,-1.235754816229042152e+00,2.046013515453280807e+00,4.630189269481564729e+00
-8.997050339280019404e-01,-1.198829319183462916e+00,2.045637684802716016e+00,4.628589123272829120e+00
-9.053767316241930763e-01,-1.220258273481403810e+00,2.050948902784205163e+00,4.650159999299559033e+00
-9.911185107524577154e-01,-1.633018947499157436e-01,2.060407538888117784e+00,4.567760550963109623e+00
-9.248946184950926908e-01,5.186960448756832154e-01,2.057209992449666736e+00,4.583898081128360502e+00
-7.887146920237294578e-01,2.884334490330968670e-01,2.011542663077523940e+00,5.330910202952154897e+00
-7.848602216438809176e-01,1.884142226987562119e-01,2.019432973307226042e+00,5.201720231000243722e+00
-8.123597164502358581e-01,8.098481941368265158e-01,2.003523846159241728e+00,5.142737450721545756e+00
-1.007984155498650392e+00,-7.323972819918640464e-01,2.051827248099116652e+00,4.429041099402033055e+00
-9.200036911403294271e-01,-8.046717888983215827e-01,2.055682149580883689e+00,4.741114906290716746e+00
-9.089729369023987759e-01,1.515763515807976525e+00,2.033208103302929004e+00,4.726847960677161176e+00
-8.951775237869848967e-01,-8.715518868062996916e-01,2.017463930513023751e+00,4.759643810358748617e+00
-8.665725126161986092e-01,7.057286092580095094e-01,2.053796538915483083e+00,4.930053439724042974e+00
-8.858921597209026277e-01,2.112448644243134943e+00,2.062865250103104842e+00,4.835644505324909304e+00
-8.672412480388783651e-01,1.253930165870904778e+00,2.057421486334106930e+00,4.935326598521283081e+00
-8.455009774515708232e-01,1.680219206016556166e+00,2.049896648119458931e+00,4.916491860957665772e+00
-8.214535038847758930e-01,-1.820373022371238436e+00,2.038462088810258699e+00,5.139807632096294654e+00
-7.996484125955034550e-01,-2.956385166737420800e+00,2.117630975643283175e+00,4.996468204114936640e+00
-7.654325928027703174e-01,-2.247781914340701626e+00,2.039259853615609241e+00,5.305094752689977433e+00
-8.405863985845892783e-01,-1.373858957866886055e+00,2.002207903027609426e+00,5.072261956396865834e+00
-8.357676297445180147e-01,-1.510525461194637264e+00,1.983530325656998050e+00,5.137484023358096508e+00
-9.376596784093114145e-01,9.050147913338182359e-01,2.062549244614369837e+00,4.669555887798456872e+00
-8.801235193376441002e-01,-9.592475810446779994e-01,2.022024948811868228e+00,4.825277134348278985e+00
-9.194568029694690781e-01,-1.870818432989786118e+00,1.986438055572958161e+00,5.027584937930788200e+00
-9.607053969011373207e-01,-1.169795713018996208e+00,2.024668783876806266e+00,4.571140826724317208e+00
-9.932278152275764160e-01,-1.532033401104064163e+00,2.051089776647139207e+00,4.494471350314960922e+00
-9.753384697850048246e-01,-7.606980323804800603e-01,2.033314161575987100e+00,4.474275428322270542e+00
-9.772224778578804116e-01,-1.410810029336535543e+00,2.034399508237285215e+00,4.550232367613122442e+00
-9.459513188443370302e-01,3.264411488067788802e-01,2.017317496612026861e+00,4.697150800366670431e+00
-9.190749310725688792e-01,1.628616174446253950e+00,2.003487792530394440e+00,4.673158736702109017e+00
-9.609321240056696301e-01,7.285912449329388085e-01,2.041455736852706426e+00,4.820854148622548685e+00
-9.465630200726746768e-01,2.188482855756833656e-01,2.032205051082631719e+00,4.782217362065982691e+00
-9.278529219003728290e-01,2.921672905920532637e-01,2.049511356939265116e+00,4.844103517752409438e+00
-8.690935964092831867e-01,1.850219355668624166e+00,2.037546658931691290e+00,4.704632047329658562e+00
-9.394305581168577168e-01,-3.065173305822381788e+00,2.021587909599463551e+00,4.831505954742100428e+00
-9.631930142551375917e-01,-3.254526207853291275e+00,2.005328709980136459e+00,4.592000082847430775e+00
-1.077579221816456823e+00,-1.658362809534699611e+00,2.020015005363691163e+00,4.528522664247456753e+00
-1.004298822934469371e+00,-5.783703837713159990e-01,2.028722483389489017e+00,4.276147731245826478e+00
-8.296243461636974015e-01,-2.007372955704737727e+00,2.051324066645900945e+00,5.070772207045467717e+00
-8.570543704681464758e-01,-1.885427877961899146e+00,2.058631497257040532e+00,5.097576468640040659e+00
-8.487383545166180543e-01,-1.329241003845992086e+00,2.085012555374865961e+00,4.938733299104272945e+00
-9.246864297050368942e-01,-2.711474119875662669e+00,1.980638808680710516e+00,4.840469097081531835e+00
-9.391914771963375541e-01,-1.349361617291128690e+00,2.003444838909147929e+00,4.588639732117543168e+00
-8.794183609706833771e-01,-1.187814695834252365e+00,2.009212841747735734e+00,4.862766568887416874e+00
-9.508837204845255187e-01,-1.142625759855192547e-02,1.997081878302893854e+00,4.642252386030885525e+00
-8.737517516170518750e-01,-1.662805803003547800e-01,2.053430449011038217e+00,4.901408843681145378e+00
-8.931005188895897451e-01,-1.133359577729129430e+00,2.036716673269563405e+00,4.786679434147301571e+00
-9.347091809749982216e-01,-1.210368147529359506e+00,2.059390242341010868e+00,4.751111876568183234e+00
-9.272189010688173250e-01,1.291973404304311179e+00,2.009584737035689628e+00,4.737709996735437024e+00
-9.038116520474130944e-01,7.522384255304761513e-01,2.015100112706816660e+00,4.818842045424860387e+00
-9.414636573181831558e-01,3.938637248768223076e-01,2.006961989147269865e+00,4.719672075983076809e+00
-9.499800749787701282e-01,2.332307510788172777e+00,2.043081114824521372e+00,4.550949998042479017e+00
-9.486752846573679454e-01,1.341701555226426201e+00,2.048200888487012428e+00,4.479816298210411496e+00
-9.593490773156662099e-01,-1.512542992098667494e+00,2.044946484700131073e+00,4.449247205973536623e+00
-9.322763656029664503e-01,-1.310623059826631298e+00,2.050907383229421566e+00,4.412473338790974253e+00
-1.145321816796123215e+00,-4.447360352489797553e-01,2.034988936171852725e+00,4.072028728390673535e+00
-9.080433030696167807e-01,-1.938069986010089840e+00,2.079782882313935044e+00,4.627478410683711907e+00
-8.797934095408935784e-01,-2.967656774602406289e-02,1.988695700152778967e+00,5.012363162338159484e+00
-9.362607462338100595e-01,3.897151052763656587e-01,2.044582448082288728e+00,4.712668795226032437e+00
-9.039929658498586651e-01,2.082880540726458618e-01,2.041226532905837221e+00,4.682398732436942268e+00
-9.014766931515386661e-01,-7.226155065022974444e-01,2.043296178917637818e+00,4.774487732256522676e+00
-8.798535217576095580e-01,-1.611303901783168957e+00,2.071955234083296737e+00,4.739881807063711427e+00
-8.218081895724321795e-01,1.833514622946808448e+00,2.021817524552687040e+00,5.022771184576115822e+00
-8.471741651082052016e-01,7.702837079487321326e-01,2.031687728848520447e+00,5.140710840787981795e+00
-9.711148372671349893e-01,-4.448338068314499072e-01,2.033117860265971633e+00,4.556009650202119232e+00
-8.170034192147282992e-01,9.016403375432366918e-01,2.042047583011418865e+00,5.169401951671202866e+00
-8.297658176053873680e-01,2.843254191963281441e-01,2.067140846813407595e+00,5.034904921696024438e+00
-8.919507412390196288e-01,-3.533218661432551144e+00,2.030903317671612029e+00,4.759906430342000228e+00
-9.133456856250493638e-01,-3.556484924901943678e+00,2.198072612740358700e+00,4.696408920112298269e+00
-9.693613109191890898e-01,-2.236075381153546093e+00,2.144981987784184696e+00,4.595924596937071449e+00
-9.302541673096552666e-01,9.727831533567269373e-01,2.004082856682438241e+00,4.832725051191307131e+00
-8.869338080841334682e-01,-4.334685806333360425e-01,2.052192488547688765e+00,4.957464465685518462e+00
-9.389640618188049848e-01,4.384288407383692965e-01,2.030547242636919769e+00,4.729997903054499631e+00
-8.627419696528738635e-01,8.260514262213072834e-02,2.043346783612865813e+00,5.013865549620381223e+00
-8.608902181213303750e-01,2.540583235340654333e-01,2.083064806443691630e+00,4.932658799082260792e+00
-8.037327934766629323e-01,1.412018129738274563e+00,2.071088586310977142e+00,5.222453154355227944e+00
-9.290975426324754594e-01,-2.334174423162113765e+00,1.980908698925905487e+00,4.581212809069012515e+00
-9.242558330845591641e-01,-1.741127340196305662e-01,2.047717093784151565e+00,4.586864059574119246e+00
-9.346873110388530526e-01,-1.594426700969149735e+00,2.092511295418475026e+00,4.748598783654296440e+00
-8.754454797862617488e-01,-1.797155111369687530e+00,2.072354697684006375e+00,4.824356215337507692e+00
-9.619150786425657573e-01,8.073905510180956480e-01,2.025945261885314430e+00,4.564619538611976779e+00
-8.992317041371598041e-01,3.849813458722728399e-01,2.003650418398398081e+00,4.843602315927274304e+00
-8.859561392221136922e-01,1.560653196702989298e+00,1.933238204552957917e+00,4.939296422810338427e+00
-8.672316038059093568e-01,-2.228647335036602506e+00,2.147159800318053424e+00,4.899504656957623716e+00
-8.783307482341526917e-01,-2.596026170581935855e+00,2.148194073240624391e+00,4.730195235709468982e+00
-8.682053220044938513e-01,-7.959769504113081151e-01,2.091737442092313159e+00,4.843995173324611159e+00
-1.014049801007104401e+00,1.408384077285030456e+00,2.021431620990688849e+00,4.411994581000057813e+00
-9.087650456531023435e-01,3.616871867519273476e-01,2.056068932248028336e+00,4.694638765601442110e+00
-9.329018409414131519e-01,1.224210254721064706e+00,2.120790154752331347e+00,4.728665074216701569e+00
-9.092288967517215825e-01,9.893669991990751145e-01,2.122017530784139350e+00,4.772742458753516104e+00
-9.126202349105276834e-01,4.015526564901166218e-01,2.092522280578323013e+00,4.772198593598135474e+00
-9.220529871242981734e-01,-1.956660571170001917e-01,1.992673280997663499e+00,4.601943096672045819e+00
-9.447236016351160393e-01,-5.828392971370067732e-01,2.034261718648715966e+00,4.624577669636829924e+00
-9.164124351796080203e-01,1.317292495940968644e+00,2.019772641436627936e+00,4.738320228157249403e+00
-9.753435837790345175e-01,5.274449308826588689e-01,1.990075052446092174e+00,4.778588397559843770e+00
-9.478389459990361754e-01,-1.777050138937704027e+00,2.022862869074030900e+00,4.586601266408623978e+00
-9.821353937773935616e-01,-2.336624633480465896e+00,2.030379532066828752e+00,4.825460822910359049e+00
-9.513033253816618462e-01,-1.378106420019005629e+00,2.030467851105446808e+00,4.579227502756501700e+00
-9.007398851402904638e-01,2.738669387842530001e-01,2.064514531930926378e+00,4.737634207002522579e+00
-9.876265860915330874e-01,3.381839763070905169e-01,2.096396154448573856e+00,4.350291143737472055e+00
-9.458656792771295008e-01,1.053720027660562497e+00,2.032510735097647459e+00,4.553811540151652792e+00
-7.734982603690658820e-01,-5.452799715521561286e-01,2.056273681573561163e+00,5.381848082959214352e+00
-8.199292127065870295e-01,1.282803266870131131e-01,2.047558661610046737e+00,5.330986647848070525e+00
-8.213323468979371045e-01,8.180613349594570427e-02,2.034700411211025184e+00,5.175454561388013630e+00
-8.214308909031005079e-01,-1.908654301459772551e+00,2.081241433370252025e+00,5.044407318174071619e+00
-8.979667609472937739e-01,5.454957306028749286e-01,2.074258024134553846e+00,4.819474862345616728e+00
-9.157596864572820072e-01,8.711090418532324575e-02,1.965546578484175688e+00,4.802343337709814364e+00
-9.549434796183152718e-01,1.590749618079459360e+00,2.003379822461179849e+00,4.644785992286991849e+00
-9.325484240671592095e-01,1.406334038509480022e+00,1.995750745566813089e+00,4.687175359285902232e+00
-8.777041167701794544e-01,-1.125707700906442899e+00,2.049216500752829351e+00,4.861316864636965995e+00
-8.269391491813924411e-01,-2.266027116749729786e-01,2.038183516188079913e+00,4.973729470986294032e+00
-8.274280065303997178e-01,-8.907939501641702895e-01,1.986831942730911349e+00,4.916629408369094456e+00
-8.399126635031007870e-01,8.269422493038586230e-01,1.992667404713583501e+00,5.357151691325755749e+00
-7.666597318876533507e-01,1.235837601153907173e+00,1.997902444497476893e+00,5.196381596737668751e+00
-7.568097768027647332e-01,-1.836957174529028514e+00,2.023193518032706528e+00,5.293852692516892056e+00
-9.501894046793064597e-01,5.193025281227519052e-01,2.008595764842599163e+00,4.460157091016290209e+00
-9.396868064945176346e-01,-2.930053843769410360e+00,2.100207475715245575e+00,4.814055604796277699e+00
-8.821982351126067545e-01,-2.517853137243686756e+00,2.094374113810232974e+00,4.645135667193255991e+00
-9.058266351602553001e-01,-2.306972570229483210e+00,2.100938323987959322e+00,4.728308664758049673e+00
-8.797327119211437729e-01,-7.006424448310862862e-01,2.041207833417791218e+00,4.868786157677040372e+00
-8.542595161972831308e-01,1.102537198270970853e+00,2.035733888402265102e+00,4.970453423426238970e+00
-9.554722593747497772e-01,-7.520361580491021769e-01,2.044983429739766656e+00,4.571186241646639559e+00
-8.207257652118593594e-01,6.007156611395118029e-01,2.026771093836229110e+00,5.106876360502438317e+00
-8.802740211198868403e-01,-1.273880258682740241e+00,2.091392498362257157e+00,4.854804631183371910e+00
-7.898708422300295684e-01,-1.178162909444576911e+00,2.079294288081264153e+00,5.324727589213432033e+00
-7.658250787488426470e-01,-1.255215981969091121e+00,2.076425231463167709e+00,5.313857105166455597e+00
-8.136579775414719551e-01,-1.014949563250632902e+00,2.065891370372275659e+00,5.068885852759020594e+00
-8.512127944609393371e-01,-1.431468955814596100e+00,2.082417165247877566e+00,5.152272469498500485e+00
-8.804481803473735990e-01,-1.741865111610852113e+00,2.069337799669507039e+00,4.684559581138507234e+00
-9.018301758710406402e-01,-1.211031377218967808e+00,2.060413924145586329e+00,4.677828823029880567e+00
-8.795917294322304070e-01,1.698304531428458386e+00,2.038740639533415333e+00,4.778143159373601456e+00
-8.960943085309689415e-01,-1.782789167406929831e+00,1.983011134791840435e+00,4.995553220169559161e+00
-9.211788040899873131e-01,-1.874093560145857928e+00,2.067497422236757920e+00,4.703632639420058048e+00
-9.451333566491404437e-01,-2.712659807920391408e+00,2.039213774820164193e+00,4.630002433770435744e+00
-8.898872735396660127e-01,3.359786466408843930e-01,2.043204622195896825e+00,4.705573352817729926e+00
-9.295434277746115193e-01,1.557553247971348032e-01,2.088640407964714729e+00,4.749809742896457188e+00
-8.703885628810198449e-01,1.088763226081721630e-01,2.104452342903870399e+00,4.695242848977004613e+00
-9.600039565388694962e-01,-1.427841040425462463e-02,2.086020019503285639e+00,4.684382037926096309e+00
-9.233913872715798776e-01,8.803403118622508960e-02,2.059999598792346287e+00,4.521810385318619119e+00
-9.211719903295786382e-01,-1.700195317441765663e+00,2.070055549369287817e+00,4.857556835927504757e+00
-9.017340787657748269e-01,-4.247764024902017654e-01,2.061380488515388798e+00,4.588687917866300481e+00
-9.265562437755501257e-01,1.278921586998621462e-01,2.056968854940161684e+00,4.729492620527110169e+00
-8.526732610250661315e-01,2.274569250133977594e-01,2.015544114225111816e+00,5.068022929176650315e+00
-8.400469754686342716e-01,1.065611811775825535e+00,2.042401025339288356e+00,5.114697755661469003e+00
-8.403222898543293296e-01,9.204460170516860495e-01,2.031398543910244214e+00,5.189856126730224339e+00
-8.025843148626840007e-01,6.288825506132177390e-01,1.977376287104131158e+00,5.415215393157072121e+00
-8.715197753760486332e-01,9.749627357988202014e-01,1.984809726955339970e+00,5.091461803502304484e+00
-8.734361233194155583e-01,8.887154044844221001e-01,1.999436870123737497e+00,5.087822400720730442e+00
-8.141087581380622717e-01,-1.434238484088494747e+00,2.012608958585698993e+00,5.037057094186375927e+00
-8.886805578741546752e-01,-7.651002089858968125e-01,2.025142728816241355e+00,4.868114293369518286e+00
-8.915415393068425454e-01,1.247094675790934248e+00,2.059455835079218922e+00,4.925786116825689120e+00
-1.135695588479389340e+00,-1.358724466952853538e+00,2.060409052664180507e+00,3.982993932533856807e+00
-1.065693924759194555e+00,-1.774230422595760803e+00,2.061600089916603817e+00,4.218845654095817466e+00
-1.005066826957156545e+00,-6.904998215864371902e-01,2.010568715829222253e+00,4.299031368960393173e+00
-9.227958414381385310e-01,-9.580703543582762549e-01,2.071079120218215941e+00,4.713451105886512060e+00
-9.117311038836803938e-01,8.969011342038345491e-01,2.046539546699756240e+00,4.690274282464160116e+00
-8.985996059143381842e-01,-3.617118888807810961e-01,2.033302447186729811e+00,4.789210638415345223e+00
-9.826212773846253468e-01,-2.747011703240400671e+00,2.039196819611944989e+00,4.438261168072606289e+00
-9.634665339316518251e-01,-7.434490161890676685e-01,2.072789069900257353e+00,4.523500544199311690e+00
-9.581000097323308928e-01,-4.151168650956870154e-01,2.058478230014324062e+00,4.617884141792743868e+00
-9.411908386212990418e-01,-1.193613804756615604e+00,2.050028240746152974e+00,4.589138513106783890e+00
-1.094352475769397870e+00,-5.660498931677651058e-01,2.010777019731464499e+00,4.473773273605446299e+00
-1.068854212955808070e+00,-4.229032505077670034e-01,2.019189700743757587e+00,4.271646112955778563e+00
-1.082754312171516409e+00,-6.175979867067634688e-01,2.106372103277425634e+00,4.031301091380944612e+00
-1.021583724232883350e+00,5.663879925912873592e-01,2.099459112653071280e+00,4.233511853304469774e+00
-8.486078439749609181e-01,-7.508407946251650644e-01,1.999308332809598410e+00,4.961143333517591181e+00
-9.022262488277308368e-01,1.274241086316768024e-01,2.046996923824184300e+00,4.928299598552243310e+00
-8.174359272599355242e-01,-2.576572582192612759e-01,1.999626065189584301e+00,5.097601829782269611e+00
-9.764517365241877078e-01,-3.192358521498828150e+00,2.028422087284885045e+00,4.665654857565402658e+00
-7.998053114815283360e-01,5.309929994496492833e-01,2.027730894655878302e+00,5.264386008347773149e+00
-9.118483909917382002e-01,1.237728782085467660e-02,2.059862241121870774e+00,4.660157568493592528e+00
-8.509868655045819130e-01,4.553090736439916464e-01,2.021849441992032759e+00,4.894594684770193105e+00
-8.477446425639177940e-01,6.512063314924609880e-01,2.001603444228233997e+00,4.967191024345606998e+00
-8.856068758597612778e-01,1.022675803056136257e+00,1.967834108830529560e+00,4.846298454460724159e+00
-8.538440024377111914e-01,-8.731023900776373470e-01,1.980094270502037679e+00,5.114353228860722744e+00
-8.486874247899649504e-01,-8.063498011057582682e-01,2.086366845196607311e+00,4.983426584799310888e+00
-8.775889273247345912e-01,-1.318794364268467412e+00,2.137654855959728817e+00,4.793920252560488038e+00
-8.826554004781708151e-01,-5.204157629729186940e-01,2.081005742505455558e+00,4.864725802094453933e+00
-8.610053465465494771e-01,1.121875041344552404e+00,2.006055042942425093e+00,4.966959931485219748e+00
-8.756690907801597534e-01,6.343763174668883842e-01,2.023922365946324575e+00,4.825312263293383808e+00
-9.278047772823546646e-01,1.313985358583909191e+00,2.089193481361428795e+00,4.654757954591458358e+00
-9.143579958323808654e-01,-1.250534108856188764e+00,2.014241758390595383e+00,4.771089940061681745e+00
-8.806873424904290149e-01,9.205084361672606352e-01,2.065029294417847439e+00,4.935181593888851026e+00
-8.780841656173332677e-01,-2.595203266601282532e-01,1.968809545836095687e+00,4.900289569483631702e+00
-9.116540519444976676e-01,-6.423773507547398953e-01,1.992287954179892351e+00,4.789412161607353724e+00
-9.299162888981262753e-01,9.576425964170083294e-01,2.083299419662978824e+00,4.468724337450318274e+00
-8.347025841389813516e-01,-3.622795769180632064e+00,2.112872273410213442e+00,4.829144571268480846e+00
-8.208983024557953145e-01,-4.589504722929290459e+00,2.103537407249969515e+00,5.095916470832811740e+00
-8.249275788652155050e-01,1.420785914540643846e+00,2.073731060599616427e+00,4.990472728332091101e+00
-8.589428313540131699e-01,-5.420816063446112221e-01,2.089850087724614891e+00,4.803835003928919711e+00
-9.249517595456886454e-01,-1.014463811297749096e+00,2.099895263317361760e+00,4.575869280675820328e+00
-8.447427695072646792e-01,1.378313821392795901e+00,2.046463565056132250e+00,5.101373859058647042e+00
-9.380440865193491184e-01,-1.068396597303576723e+00,2.084116122063826904e+00,4.707816641748694408e+00
-8.221002240647303783e-01,-7.220599637815008354e-01,1.974796146463684732e+00,5.218046696057854206e+00
-8.356517595940641252e-01,-3.979759792803877483e-01,1.979850558586046638e+00,5.160912456281397276e+00
-9.860444325073027816e-01,3.088732570929825783e-01,2.113152095118753682e+00,4.482623162198883016e+00
-9.081567668387380277e-01,-8.038523880591361692e-01,1.984985783624620748e+00,4.860153564195262454e+00
-8.227262733248250637e-01,1.307867160819023322e+00,2.081937574053953632e+00,5.063741426094169107e+00
-8.241725333233294037e-01,1.370581269377092459e-01,2.076111311145868665e+00,5.027650094433924188e+00
-9.305166171076868498e-01,-6.292424320509037994e-02,2.011124782701570357e+00,4.665387957413424047e+00
-8.688513452700734607e-01,3.914679783697642135e-01,2.067991774929232029e+00,4.875001740897781488e+00
-8.463298365119830136e-01,-2.688780458587497479e-01,2.096561893166034363e+00,4.823517521997410462e+00
-8.584891779291817793e-01,1.280598858812552532e+00,2.073545679373506090e+00,4.919536414733409302e+00
-8.683883356715780266e-01,-1.357762691884702555e+00,2.006833561077814743e+00,4.992955015011693476e+00
-8.046579060700785879e-01,1.028699584614878759e+00,2.037159410854796349e+00,4.991486145459551160e+00
-9.238496293302711493e-01,-2.623387955354714141e+00,2.055716628550196656e+00,4.595489881328712833e+00
-9.435989193684474197e-01,-8.766665092046181940e-01,2.044099760138332389e+00,4.609129806717566780e+00
-8.911311311736085372e-01,7.243145540991986486e-01,2.082837647035774342e+00,4.875569953986014227e+00
-9.011034191686750905e-01,3.381823123852720214e-02,2.127413787096268827e+00,4.642723251146481545e+00
-9.265052566522097299e-01,-1.446695577362921425e-01,2.125292130983213568e+00,4.642698263269652514e+00
-1.032712160303566495e+00,3.266239965977494331e-01,1.977183968220316945e+00,4.427570379209246454e+00
-9.917821739053813701e-01,-5.252420435035958235e-01,2.017093562089593117e+00,4.463296089132199995e+00
-9.662559882116166232e-01,-9.555233089572536809e-01,2.075441474498003647e+00,4.472166749834387112e+00
-9.395136205014563702e-01,-1.339379373473328361e+00,2.047897401426536756e+00,4.670993363996490899e+00
-1.090325708021074869e+00,1.765685612866855214e-01,2.031740346246873052e+00,4.087697044590590245e+00
-8.583007892292159324e-01,-9.577957629727648081e-01,2.048364037986914798e+00,5.036897953250889515e+00
-9.230181929446663602e-01,1.577274061591843024e+00,2.028145458237476273e+00,4.537428518449289960e+00
-9.115023433912932127e-01,6.867367726628699209e-01,2.079116743403528922e+00,4.878084975702805970e+00
-9.945768404306262189e-01,-1.712501119981963082e+00,2.045123683139437709e+00,4.546914921486564509e+00
-9.733372664740450597e-01,-2.051940991807564618e+00,2.005413844410391722e+00,4.638291730357996911e+00
-8.379906986657176260e-01,9.668159769089516020e-01,2.063221104703819364e+00,4.930497944738055693e+00
-9.562890267936604571e-01,-2.381963689540293139e+00,2.053340112935176265e+00,4.487170287422092230e+00
-9.885214062323610662e-01,-1.233540794636514004e+00,2.069906211754855452e+00,4.505125592494915843e+00
-9.180284282044407496e-01,-1.568405524461001344e+00,2.063451385933157578e+00,4.703098977285293358e+00
-8.490920994531671040e-01,-2.356170300570634701e+00,2.041279358173391678e+00,4.965042443598287392e+00
-8.693331645061944668e-01,-2.629525202776898052e+00,2.011307005751226562e+00,4.937442212661419028e+00
-9.807475224650221701e-01,1.588019627139363843e+00,2.078274826796953523e+00,4.580018681979233008e+00
-8.614330859733098089e-01,6.190468165519080745e-01,2.049117629368387927e+00,4.953018847046355866e+00
-9.154099722559889685e-01,9.829501415822047283e-01,1.989290357150301780e+00,4.928646319912156848e+00
-9.258939311926545068e-01,-2.821141864205345851e+00,2.034138026426708823e+00,4.778915559636651267e+00
-8.973721378020962369e-01,-6.558606170994619733e-01,2.011194467673706132e+00,4.714810895310481698e+00
-9.433578352469964567e-01,-1.057053914094657987e+00,2.079248369661589990e+00,4.790773316879172405e+00
-8.594777682409632247e-01,-1.707993052204817008e+00,2.018735039975135148e+00,4.944814285786041985e+00
-8.260447591055397609e-01,4.111831354157493568e-01,2.057353263031934887e+00,5.036228065884814420e+00
-7.939082955343461645e-01,-1.985542543367735391e+00,2.077882441754631770e+00,5.255658180697271753e+00
-9.315539242326068559e-01,-1.799940522834678536e+00,2.016762667002859111e+00,4.735220961245525828e+00
-8.385012982507896728e-01,1.665629807471699975e+00,2.019133774183938801e+00,5.012633348710735071e+00
-9.413440679798686928e-01,-1.565616199012226373e+00,2.068602000565752608e+00,4.480703467659524541e+00
-1.013801034257037159e+00,-1.981595863935348145e+00,2.026155201938041550e+00,4.730792615875524021e+00
-9.872830330476715099e-01,-1.141207178118771370e+00,2.028105149842686306e+00,4.382418043092593862e+00
-8.864317436839483921e-01,7.332957228462636534e-01,2.023846459950465082e+00,4.645598874960262137e+00
-9.171157028569563163e-01,4.503792432463720186e-01,2.025941435708264571e+00,4.823215327388794549e+00
-8.967423692674889590e-01,5.896440591114711083e-01,2.057125338531196501e+00,4.834407552406275954e+00
-9.090764910264282905e-01,3.348785343148847904e-01,2.066511819599431643e+00,4.941204779062438490e+00
-8.793704917618299088e-01,9.575853541953980308e-01,2.054112035629017008e+00,5.066034721379581995e+00
-8.655771312160147613e-01,9.762060875954517991e-01,2.045849293187278928e+00,4.996302067433914473e+00
-8.528135259394991063e-01,5.453761311761122776e-01,2.032702040507105679e+00,4.953057119282000542e+00
-9.571210750199716788e-01,5.922392305737939067e-02,2.026422180365579973e+00,4.662728758750399827e+00
-9.022205284261434199e-01,1.202030667069327263e+00,2.034059020875028878e+00,4.863143759023245138e+00
-9.549753910875704577e-01,3.392300104459552434e-01,2.022528016796853567e+00,4.864184075104214244e+00
-8.933527538376513366e-01,8.669420361190558477e-01,2.037894912514503165e+00,4.748358675728215239e+00
-9.129864545822382604e-01,5.736512430744679092e-01,2.051646651444480440e+00,4.856887245727107505e+00
-9.148310965605469525e-01,6.228063018313937382e-01,2.049676941790847806e+00,4.722301515300916464e+00
-9.642696986821492899e-01,4.088448381251830743e-01,2.047473611454911691e+00,4.603540053287337841e+00
-8.947349583602676182e-01,1.769652756784851455e+00,2.025446753703706193e+00,4.815821659960807466e+00
-1.040946753961364157e+00,-1.281326453466173465e+00,2.055889122828026938e+00,4.381828333218007465e+00
-8.040525537556680868e-01,8.640444405844118769e-01,2.026930452481599865e+00,5.143713857267139034e+00
-8.034321631979282063e-01,1.047779496041505665e+00,2.031942195607956858e+00,5.266858769217765968e+00
-7.964948316773408088e-01,1.445496386429902635e+00,2.034758087126927961e+00,5.440449755627624562e+00
-7.971428368025378353e-01,1.450427653361355151e+00,2.032982278506249685e+00,5.412718268113088094e+00
-7.730130559695153059e-01,1.052639796340762768e+00,2.009660993485534064e+00,5.258957359458647396e+00
-1.060698464352567427e+00,-5.094327249078123288e-01,2.071358907579049724e+00,4.169013113066196929e+00
-8.078581082575337913e-01,1.665938105808773551e-01,2.025264114398769522e+00,5.153910630933542514e+00
-9.992087160937659363e-01,3.581026843292838824e-01,2.051141646054579937e+00,4.349296495693442566e+00
-9.247522240055057186e-01,-5.999113917513702043e-01,2.070223650836124474e+00,4.773185273454886079e+00
-9.548387358917306278e-01,1.222103621851188704e+00,1.996764262450805294e+00,4.603544542766174530e+00
-9.866650232027361911e-01,4.335912625310046065e-01,2.004715499213232111e+00,4.544638515552817282e+00
-8.407841220877743105e-01,-1.397809930546697998e+00,2.049509709906174315e+00,4.969250852679700792e+00
-9.651182495916751369e-01,-2.626819484383646763e+00,2.034640969053346016e+00,4.501232153685373660e+00
-8.745592796027807925e-01,-1.457062273639144978e+00,2.019261550892227142e+00,4.964360529520121190e+00
-9.117649464518838842e-01,-2.551152546581925584e+00,1.948566792100773881e+00,4.628324733840676330e+00
-8.747657865870555050e-01,-2.212972927147403013e+00,2.095288922455777580e+00,4.937249122696426795e+00
-1.002162336875129123e+00,-2.542553515859459212e-01,1.982020273829741441e+00,4.549208910357559255e+00
-9.369484625520356769e-01,-2.537740587309044171e-01,2.094819501727351874e+00,4.497832132860131615e+00
-1.044870691196316370e+00,1.109112024555983234e-01,1.999946522856146380e+00,4.355290429329551571e+00
-9.880218023549857120e-01,1.262257369184947242e+00,2.040157382872802128e+00,4.438598819171460264e+00
-8.913427535822929793e-01,-1.658047929009700772e+00,2.051937510902566597e+00,4.822356715384231940e+00
-8.788527833655584987e-01,-9.076436510499341637e-01,2.030992553997707173e+00,4.938314446225327004e+00
-8.843484040202683749e-01,-1.122115016117309905e+00,2.023578233486936107e+00,4.961956640175012367e+00
-8.715128085782243295e-01,-1.201985055814347225e+00,2.026355169838160997e+00,4.900923497156867370e+00
-8.217121128480582293e-01,-1.936637978187363052e+00,1.981234988944800435e+00,5.130698426795131439e+00
-8.568369774327814214e-01,-1.593187579866146342e+00,1.979478994550514903e+00,5.122438564858921239e+00
-8.537646018635350886e-01,1.223007877481696148e+00,2.003019039394350109e+00,4.993652041337940162e+00
-8.463016349231746727e-01,-3.117037697931001605e-01,2.062353877434548011e+00,5.118877507121869286e+00
-8.185232017511958613e-01,3.095293886429489327e-01,2.054303144228991851e+00,4.940463306517928643e+00
-8.469967250802814540e-01,3.935264023850755244e-01,2.057257247773955910e+00,5.036988595322808848e+00
-9.164280347860517262e-01,-1.108559510572883156e+00,2.008362348456218083e+00,4.744594058621750321e+00
-9.335127423660413148e-01,-2.918439209721741090e+00,2.009645969105713359e+00,4.635356739181458963e+00
-8.505588393931590163e-01,4.725078282214696390e-01,2.067106040453674520e+00,4.877369915069550643e+00
-8.921064714562780829e-01,-2.955097908768432591e-01,1.996752996186115459e+00,4.837800967432599464e+00
-8.958518774521003758e-01,-2.910743232008176640e-01,1.993205347001844263e+00,4.835120218481831600e+00
-8.939746510376177513e-01,-4.551691396214508356e-01,1.987584788620180065e+00,4.847558138807152694e+00
-8.943530627144812284e-01,-1.024081612984884426e+00,2.093605184478090742e+00,4.638015876410299221e+00
-8.941678034854066981e-01,-1.377621627412658700e+00,2.032192289177484845e+00,4.786623651088623532e+00
-8.933823727059625464e-01,-2.511867205066350195e+00,2.060354679611917650e+00,4.839109856829596268e+00
-9.818809547768307944e-01,-4.160167620832596391e+00,2.026715412582135833e+00,4.558386302119969535e+00
-9.541790244650556474e-01,-3.827991366807228513e+00,2.066406787838833026e+00,4.452942078728215236e+00
-1.026576417981668987e+00,-3.567399520312299011e+00,2.101554844611184247e+00,4.386645372323769720e+00
-9.049754362514570438e-01,-1.218053607722284770e+00,2.038826114799715317e+00,4.900490150173668624e+00
-9.496681159367955649e-01,-1.763902258221023533e+00,1.952547382761866901e+00,4.625111589775737997e+00
-8.978134182438923805e-01,7.237872374874139147e-01,2.093940145727755109e+00,4.983477295159756792e+00
-8.672209679418756423e-01,1.015380279563623311e+00,2.047776918840303217e+00,5.020205898194391558e+00
-8.672209679418756423e-01,1.015380279563623311e+00,2.047776918840303217e+00,5.020205898194391558e+00
-1.008317825652174315e+00,-1.232402906213061922e+00,2.060849565254522009e+00,4.436867601022594698e+00
-8.853208910210655924e-01,-1.772115665645983551e+00,2.036058266263846228e+00,4.921428739683920028e+00
-8.811672918216282291e-01,-4.872761473232098961e-01,2.054080636247736624e+00,4.764385063546225929e+00
-8.696909466737229311e-01,-2.419439315755871900e-01,2.055425977434998774e+00,4.817316857230649951e+00
-9.129125135078138831e-01,-5.436931955669499494e-01,1.992705877448567087e+00,4.832295712301352353e+00
-8.807322196120555002e-01,5.114620922446988516e-02,1.995723587710704905e+00,4.725083944059909058e+00
-9.406932297644023944e-01,1.170915851141780983e+00,2.051260498604722926e+00,4.622055515381130242e+00
-1.021935375671778390e+00,-2.836203028828061079e+00,2.092212110893420629e+00,4.265151948322836617e+00
-7.544826410526543903e-01,-9.609205622207737107e-01,2.044436412482503851e+00,5.479425146200555652e+00
-7.738614156081919937e-01,-6.214404381501679175e-01,2.041651442696177376e+00,5.421505288942812584e+00
-7.395857491128200456e-01,-6.636993416753605990e-01,2.038257947439944928e+00,5.328118562457600405e+00
-1.111036723892439460e+00,-1.060911709750620435e+00,2.045258344557967956e+00,4.029131836134388855e+00
-1.102813590928542586e+00,-1.908548823727768129e-02,2.011627086379113027e+00,4.066637842657264912e+00
-8.987563530947805246e-01,2.371480073447124887e-02,2.056607297567435211e+00,4.844607258917680070e+00
-8.824096300077868271e-01,-8.897860065305981947e-02,2.050088557504385012e+00,4.945739655740787555e+00
-9.199012009157460090e-01,1.372518557523963567e+00,2.037141608213170585e+00,4.824719337638039285e+00
-7.981912368808250502e-01,1.537885400916696454e+00,2.043019790812317993e+00,5.101219334221110735e+00
-9.181478387272092867e-01,-1.629028273777164637e+00,2.009317455054035584e+00,4.698489686699356405e+00
-9.371276026480448440e-01,-3.171054869163180356e+00,2.019235874704415235e+00,4.800952797601431676e+00
-8.752279826705918753e-01,-3.806905386169987970e+00,2.024014530572860515e+00,4.628148605776984503e+00
-1.117877738825945544e+00,1.389521294622307668e+00,2.081202004281564211e+00,3.907318726290336830e+00
-9.544991987310696979e-01,-1.126051104679643089e+00,2.057845537558031346e+00,4.692172763859051798e+00
-8.316287682987182350e-01,-7.210169188958255315e-01,2.063294451721731981e+00,5.181280230089573280e+00
-8.108734477391352780e-01,-1.021646759406666050e+00,2.070336611249191883e+00,5.140312854071582116e+00
-8.044611924483435761e-01,5.542365291526440974e-01,2.010653574904472052e+00,5.316062552814878828e+00
-8.798780373362220519e-01,-2.312813303602082815e+00,2.028891495086382335e+00,4.833353724388557815e+00
-9.048689303762037506e-01,-1.293185132653559277e+00,2.011080461068735392e+00,4.738429790798724284e+00
-8.929212134689792357e-01,1.204886260189402813e+00,2.046200063694373572e+00,4.758415636376458480e+00
-9.105416463089102130e-01,5.899965437992223949e-01,2.018889475570798897e+00,4.702638673338896957e+00
-8.940525399070109458e-01,4.182719239997143013e-02,2.028523940399507453e+00,4.797429880671164604e+00
-8.739860609901731747e-01,1.445150489962767487e-02,2.038841220969251466e+00,4.795614330767438815e+00
-1.029771253364252903e+00,-7.796525690828770561e-01,2.035829320696507239e+00,4.242765362088454673e+00
-9.354924367192186674e-01,-9.949879964402621457e-01,2.053051011470286014e+00,4.631066410281414747e+00
-9.003086968448787974e-01,-1.797213088961129079e+00,2.019196691410690025e+00,4.742163964898346684e+00
-9.241667972354570271e-01,-2.410638186935217586e+00,2.023016922299849529e+00,4.796862014014675601e+00
-8.840066908807945323e-01,1.181997165743036149e-01,2.091696424800288945e+00,4.793347845440565358e+00
-8.374101064304243502e-01,-2.091598786904993734e-01,2.129927672600155919e+00,4.759483450605398680e+00
-9.686329218278263431e-01,8.028718928538962629e-01,1.958577968530688329e+00,4.665469628098714239e+00
-8.929153135196022939e-01,-3.265403924042704187e+00,2.122460005701300112e+00,4.558976164706382228e+00
-1.053290219430432773e+00,-2.335197647547654576e+00,2.004015898751446478e+00,4.516536217593533742e+00
-9.603694716846317148e-01,8.597437868978101694e-01,2.066244487827333831e+00,4.323179829456772261e+00
-1.028829092502999920e+00,1.360254072674853543e+00,2.068810709457204577e+00,4.290757910947758269e+00
-1.014786120551159465e+00,-1.662395820488152820e-01,2.038657491628866225e+00,4.453016913822013478e+00
-9.304137047899286861e-01,-1.678658774903117878e+00,2.058153134428361231e+00,4.751012003472960821e+00
-9.162389692903083471e-01,-5.754364358280406044e-01,2.051424920741238278e+00,4.492319009022167187e+00
-9.548318627881025034e-01,-1.956453202113923595e+00,2.035904057694652547e+00,4.817093005067410338e+00
-9.186285844208871287e-01,-1.238082829332032508e+00,2.048143958764139239e+00,4.573929556686294084e+00
-9.281837598079085705e-01,1.402661071277574667e+00,2.073281672058946423e+00,4.736336736059244323e+00
-9.204448232191277945e-01,-1.276227756333753183e+00,2.012737885070579935e+00,4.839878281265328930e+00
-8.659928600327622128e-01,-2.585006619715391363e+00,2.003928654629289596e+00,4.896647371290233863e+00
-8.429055308487568565e-01,-2.126108444366468397e+00,2.045418646868050860e+00,5.089017888111145638e+00
-9.625721808694677195e-01,-7.434071670274937649e-01,2.027191964006064939e+00,4.624950130892373501e+00
-9.783844374461372340e-01,-1.077237622745156997e+00,2.036467985823878113e+00,4.582157130216480745e+00
-8.990173621757642231e-01,-3.723975572677413748e-01,2.068271223118694824e+00,4.669611563630398088e+00
-9.813813835534351826e-01,-6.626441609555618895e-01,2.062231632351263055e+00,4.546838785810548345e+00
-8.165377469859336212e-01,1.423321877297451632e+00,2.030109180410144543e+00,5.218020872002903765e+00
-8.287653959831344785e-01,-4.456106214916748520e-01,2.049734884334116547e+00,4.951387943419307547e+00
-8.439079825963660131e-01,-2.110709523633803042e-01,2.076856892775224228e+00,5.080525921800064459e+00
-8.751376419398052553e-01,1.240319244041138802e+00,2.000122978438549470e+00,4.904890262968685910e+00
-8.754950723567159754e-01,1.002028422261839857e+00,2.046330041764993446e+00,4.784167970351042243e+00
-9.257985224124756218e-01,-1.029428483118077109e+00,2.030606113268539126e+00,4.599433247159317339e+00
-9.046840170242897994e-01,-2.324620771981836587e+00,2.031875946586528592e+00,4.842149451867346244e+00
-8.862274917036019328e-01,-1.816217152430400272e+00,2.019787589671310890e+00,4.758646465752583765e+00
-8.155785532271360161e-01,-2.150427029166763759e+00,2.053763815951811011e+00,5.002432310230116919e+00
-9.517999597929607258e-01,-8.324010527048448793e-01,2.004611328528431269e+00,4.631538413631336226e+00
-9.662258355311708069e-01,4.801966829054938324e-01,2.083395132484810119e+00,4.556657021982574385e+00
-8.757534721753664764e-01,-5.197128205638495979e-01,2.064022706370727711e+00,4.962907386246869557e+00
-8.638198280543256669e-01,6.384165525623087811e-01,2.062174397485986965e+00,4.891544633202538073e+00
-1.115069615920152524e+00,-3.701711395056534570e+00,2.034702971092086976e+00,4.157443567504431670e+00
-1.109517913572279912e+00,1.693973388288960269e+00,2.082473838705470648e+00,4.110392186034639295e+00
-8.037840466342940360e-01,-1.909059815848427100e+00,2.015110070129820574e+00,5.241699817650229853e+00
-9.044919935304789327e-01,-5.146021417035939738e-02,2.094428664671984297e+00,4.785334470816592578e+00
-8.785359761356715813e-01,4.976636194373245670e-01,2.052622007278179783e+00,4.963906067302079173e+00
-8.700196336835068767e-01,-9.916965692022008949e-02,2.073527665591672786e+00,4.855352747403079761e+00
-9.470263094883393240e-01,1.480165556712327857e-01,2.043988965569933480e+00,4.599200062877458528e+00
-8.821414100313332840e-01,1.297205482963386114e-01,2.037426642952417488e+00,4.891082934813772987e+00
-8.604993085322619750e-01,7.939742362640590523e-01,2.028220458459752074e+00,4.879670162405330025e+00
-8.541136339185918525e-01,8.021088224318750903e-01,2.028211748016381932e+00,4.806456259844020806e+00
-8.749987502869845946e-01,8.452743874820849435e-01,2.026298065281606942e+00,4.923813493650550654e+00
-8.828208517865467897e-01,2.482192410802638582e-01,2.035243146966159156e+00,4.849316334069362355e+00
-8.814957432207388699e-01,1.996925078873875159e-01,2.009605457337773959e+00,4.823836387086079647e+00
-9.235988779588489850e-01,3.970441111627830422e-01,2.020148198887410373e+00,4.614907074157076572e+00
-9.262619972629967391e-01,-3.718065983742467884e-01,2.062840256127272287e+00,4.730882443439828222e+00
-1.031204936665627736e+00,1.976702570217350741e-02,2.041481774903261215e+00,4.286284993778604502e+00
-9.267760767794107624e-01,-2.459520349691710350e-01,2.012545241534211105e+00,4.635816107431268485e+00
-9.229677409213934425e-01,-1.297523524564847819e-01,2.033199867976415387e+00,4.767771055466245578e+00
-9.539340280921261295e-01,-5.191093317107939309e-02,2.033949334692676025e+00,4.786934022068945360e+00
-9.253619220983497762e-01,-5.282616230406851354e-01,2.043611281783818789e+00,4.725907506932354174e+00
-8.542591008401950736e-01,-1.712695179399169598e+00,2.083481183772927459e+00,4.857434579499544824e+00
-9.817347252428926252e-01,1.126687434750664130e+00,2.031407076196139805e+00,4.433535852295406698e+00
-9.603442453677182300e-01,6.068159324707669278e-01,2.095368396449205139e+00,4.448543475385428714e+00
-9.892743524355859241e-01,8.874989902261337660e-01,2.102390755210715945e+00,4.407458269068186496e+00
-8.769028988363032351e-01,-9.401391605696921561e-01,1.992659072595024616e+00,4.922233037900399566e+00
-9.131518647199422523e-01,-2.444592417826535247e+00,1.981578432013474389e+00,4.792255123019588225e+00
-9.098591078371607299e-01,-7.742928190340776506e-01,2.010024917381213250e+00,4.764092220759653884e+00
-9.640227407326449338e-01,-2.456608239051395470e-01,2.068405935743116597e+00,4.466273531477575887e+00
-1.085881951492133179e+00,1.182253178163671592e+00,2.056966335322763406e+00,4.135218624046737901e+00
-1.098675846717701132e+00,1.230367381480167666e+00,2.045200107023287917e+00,4.143582436586898510e+00
-1.103538537885152326e+00,1.250274485296242410e+00,2.039986490959003085e+00,4.024452778857669166e+00
-8.409217720423339815e-01,-2.110985449871780162e+00,2.064894700273430583e+00,5.005581126468933384e+00
-1.054523141845914669e+00,-3.712314008447803904e+00,2.030414825666869483e+00,4.190422253806164399e+00
-1.070011649866037917e+00,-4.807229010352711995e+00,2.028879221201373095e+00,4.299274240049191675e+00
-1.151646492909681907e+00,-9.424317749725844573e-01,1.951422714462732966e+00,4.082006683731710162e+00
-1.004318738911108566e+00,-1.097566170983268030e+00,1.981269044016953806e+00,4.373140161835900486e+00
-9.839605638207112870e-01,-1.202036712411701513e+00,1.986777604763794391e+00,4.726406762458418953e+00
-8.915614821534316725e-01,-4.907072453374570209e+00,2.044527610574579324e+00,4.889466770507930882e+00
-8.421412014166524962e-01,-4.574719917112417988e+00,2.043376797096728925e+00,4.954413944446327100e+00
-7.893472946169547422e-01,-6.144372543053114200e+00,2.049785204591748844e+00,5.327953452154870817e+00
-8.319221373700443900e-01,-5.825623705129258312e+00,2.037560779927542587e+00,5.251596408977225572e+00
-1.049920610777969721e+00,-3.049679521150456818e+00,2.069370893090747732e+00,4.447021032267982399e+00
-1.026076843394700067e+00,-3.234765044817057955e+00,2.070635626680707553e+00,4.374445081072466657e+00
-9.589896667536160768e-01,-2.088624029153059780e+00,2.072596944245351569e+00,4.530858321678421063e+00
-7.818525349932204938e-01,-5.115598055638781450e-02,1.974607815659022769e+00,5.242774426548987954e+00
-8.648951649696752231e-01,1.623211534796759281e+00,2.054882778815656508e+00,4.845091789029426721e+00
-9.548770221828369875e-01,-2.120091536001480037e+00,2.042490941795012560e+00,4.484690091432271153e+00
-9.097903379402068058e-01,-1.337800408084520498e+00,2.016120102929868096e+00,4.862227974892102900e+00
-8.867431370564807791e-01,6.019324115166442279e-01,2.054585226062048520e+00,4.924643319949896458e+00
-8.335070635969603625e-01,6.941162684674312411e-01,2.057748952364494510e+00,4.900186848506294268e+00
-8.700579274690094511e-01,4.126170767803971628e-01,2.053175945242597056e+00,5.067880461673624382e+00
-9.932024547641884471e-01,9.327768068841426619e-01,2.010619245923011444e+00,4.442431221913581751e+00
-9.836627833368537521e-01,1.086670427290827634e+00,2.025964317864532571e+00,4.555586197149659178e+00
-9.210417169958176054e-01,6.641206037717848343e-01,2.040956616212570296e+00,4.711907264064195466e+00
-9.218449718585377539e-01,-8.028369313627711223e-01,2.049773957809104541e+00,4.716971063229610017e+00
-8.791824004136710169e-01,8.261077380614852972e-01,2.051882788092018295e+00,4.900337327246155006e+00
-8.679514355692988792e-01,7.712939373163709700e-01,2.017329204903427708e+00,4.990580644542537136e+00
-1.019109799358164814e+00,7.552441773649357093e-02,2.070152083779397856e+00,4.416407906920650994e+00
-1.007774154708187764e+00,2.763943982913310560e-01,2.059346290688758963e+00,4.357163419545509342e+00
-9.338733333996639407e-01,2.263844705990323003e-01,2.066972802652164987e+00,4.587676818791167399e+00
-9.797365370182739008e-01,8.864613789062110172e-01,2.102108332876862384e+00,4.557911412850059740e+00
-1.071989245832422499e+00,-3.402780439025171466e-02,2.089118102870138660e+00,4.372049393053487165e+00
-1.025777825039245972e+00,2.387016568613997414e-01,2.086136643511251609e+00,4.227144088194425997e+00
-1.057971744046256823e+00,8.537219684284248489e-01,2.087456688857242781e+00,4.209586642307258764e+00
-1.010840056785110130e+00,-1.010045121145190627e+00,2.087172402903210600e+00,4.294884061842624057e+00
-1.029898369057544727e+00,7.117928639168260574e-01,2.048594740507991396e+00,4.173949542990802897e+00
-1.049163186193082575e+00,2.031980377665282056e+00,2.069897357781163016e+00,4.403367060918118803e+00
-8.728670950820522911e-01,-6.277509509358414341e-01,2.077360680833765016e+00,4.853256538402287212e+00
-8.649493611332927934e-01,-3.064028507116916877e+00,2.038634141785516274e+00,4.864167124123519592e+00
-8.743606817529114839e-01,-3.690061682046408720e+00,2.038138051935987516e+00,4.819680159098155947e+00
-9.061327230824358647e-01,-5.002858569558490842e+00,1.992720212177033101e+00,4.744820482658060889e+00
-9.460327305626168304e-01,-1.832901301356360868e+00,2.052969133487647646e+00,4.707574047518091831e+00
-8.577620498693021567e-01,-2.069024190552628539e+00,2.053416542870857509e+00,4.965216761276910695e+00
-8.535735410744273999e-01,-1.838439701941286586e+00,2.069872631949098540e+00,4.970300005295078982e+00
-8.724572089122257790e-01,-2.217613703585242568e+00,2.037762638458304298e+00,4.876271109480630805e+00
-8.749249591845094098e-01,-9.643747866850609363e-01,2.064946895295893370e+00,4.795289171244631277e+00
-9.754503799576729195e-01,7.396047840971220477e-01,2.062738222606784522e+00,4.525094606519632912e+00
-8.663046021363085547e-01,1.058929029015148959e+00,2.073164964938950749e+00,4.930689316106113829e+00
-9.606377422092506890e-01,-5.636447180824938341e-01,2.017468452073305052e+00,4.634612577089815666e+00
-8.959933901011709612e-01,-3.563739497817872692e-01,2.010165934811136701e+00,4.785622246037450012e+00
-8.913749825239432045e-01,-6.914862128983570999e-01,1.999471221909697505e+00,4.875951580520741402e+00
-8.921225530307759222e-01,4.188773693565762679e-01,1.997024065028274231e+00,4.894679399309156409e+00
-8.875973857227342778e-01,4.388211572073372757e-01,2.024909371658641710e+00,4.798792275581275746e+00
-8.875973857227342778e-01,4.388211572073372757e-01,2.024909371658641710e+00,4.798792275581275746e+00
-9.924914621942877435e-01,3.518482438564615178e-01,2.037903984355306175e+00,4.382349128862093046e+00
-8.688907419704515744e-01,1.833456654840703859e-01,2.050734858975241881e+00,4.878402924953194386e+00
-9.189569296906082707e-01,-1.802322089148060913e+00,2.084963231591729027e+00,4.624806298520551806e+00
-9.455388731374140265e-01,-9.478635395334833458e-01,2.036630894320897500e+00,4.631038095032719681e+00
-1.033084556329290082e+00,-1.738109514898805996e-01,1.972138231760184324e+00,4.413023490708854801e+00
-1.060456829867926665e+00,-1.126446298417116854e+00,1.986156927399520100e+00,4.316614445691548063e+00
-9.581517081974243455e-01,-9.673250568387682380e-01,1.962851886177249039e+00,4.758942791088964341e+00
-9.878838013913047167e-01,-9.796315607247433332e-01,1.989622405494010815e+00,4.505745010171184006e+00
-8.337525468492403835e-01,8.745992297818973027e-01,2.068363414469529982e+00,4.982773661990560932e+00
-9.258571628531847564e-01,-2.635405052968922135e+00,2.001342705090974228e+00,4.687980634063969809e+00
-9.316682536766317524e-01,-1.369832586121347839e-01,2.058051193227414366e+00,4.555296482944195979e+00
-9.536469041438588867e-01,-3.340026088815710725e-01,2.060730919428848562e+00,4.655011490563049747e+00
-9.021244986105682040e-01,-6.845815052175725501e-01,2.030465123839761965e+00,4.692852479207452632e+00
-9.062069958599521247e-01,4.287562390550552216e-01,2.020029072133365577e+00,4.817306969982007914e+00
-8.701071159696962543e-01,-2.828300456649485151e-02,2.058059213622730255e+00,4.887517884346420871e+00
-8.869225171866769175e-01,1.255672249294351950e+00,2.022427005219012752e+00,4.794482998145677577e+00
-8.784606796214665669e-01,2.655831795048448907e+00,2.042251225144166682e+00,4.902876709389693666e+00
-8.617098737891284443e-01,1.417359108395165102e+00,2.029112030146213552e+00,4.955511873688501545e+00
-1.064449470747053095e+00,-9.872990068347005099e-01,2.087412844205157381e+00,4.213578053330499174e+00
-1.092189273904644597e+00,8.682187806253777174e-02,2.060007102816484803e+00,4.078382020501385874e+00
-9.037280092459474279e-01,-5.579871914032598079e-01,2.067710315465206339e+00,4.734935057673577141e+00
-9.400453233419620025e-01,1.447708537626314351e+00,2.072244655448055362e+00,4.598461207258159433e+00
-7.860975176688304034e-01,-1.126790139995356377e+00,1.979829164475557901e+00,5.208961998012060945e+00
-9.528252360846207747e-01,1.224007257168757690e-01,2.057978588709313605e+00,4.659409385044381402e+00
-8.638343852267050815e-01,1.085318453049257392e-01,2.017449981399944026e+00,4.885295402777183327e+00
-8.972156792234510236e-01,-2.265203470975967637e+00,2.091395483369010933e+00,4.782484688469557987e+00
-8.126415181186501524e-01,-2.071418903387883148e+00,2.047952648297525879e+00,5.117103964604483579e+00
-8.613579603374568183e-01,-2.066645847381059387e+00,2.108876373134978888e+00,4.839589077239950576e+00
-8.665039658353841379e-01,-8.543879503511710993e-01,2.099331874258278940e+00,4.897314686500398473e+00
-9.109685628715959993e-01,-6.590416182387467403e-01,2.107833071043643258e+00,4.792466906123372006e+00
-9.663433534401389968e-01,8.277786068095039917e-01,2.043063856799349320e+00,4.595806118980062749e+00
-8.334430200886124851e-01,-7.582941815028019228e-01,2.057959093219584812e+00,4.987925206067513884e+00
-1.109125140884670069e+00,3.485054645762787340e-01,2.042788508167861838e+00,3.989590269409288403e+00
-9.007994018918322743e-01,7.573842015101831526e-01,2.030010484205620358e+00,4.663625488999390001e+00
-9.426566099742434979e-01,1.438064702956719509e+00,2.045877431572504346e+00,4.727250204888772345e+00
-1.011506179621796564e+00,7.656998479465121354e-01,2.022439824479647985e+00,4.388509092753417384e+00
-9.629922912377151256e-01,1.322488904259817799e+00,2.013931145059145500e+00,4.491060354013867162e+00
-8.711484035391130476e-01,-3.023459137152855636e+00,2.053663047491324889e+00,5.024242870375601022e+00
-9.263850852576775985e-01,-2.879243133717971359e-01,1.997185898750167610e+00,4.551392811797708937e+00
-9.653447607306031575e-01,-3.320429370541851388e-01,1.991475352963145040e+00,4.647730547440526827e+00
-1.088904642589925365e+00,-4.084464211679080248e-01,2.060505082432635859e+00,4.189549397274819675e+00
-9.876446973965847809e-01,9.869644895166207466e-01,2.067610756075498823e+00,4.369790590569108346e+00
-9.933056898768146681e-01,6.131936045522514700e-01,2.043033866555580946e+00,4.577125751821081501e+00
-9.852697371026800655e-01,1.299669954907720637e+00,2.040390677654055462e+00,4.330952147979909128e+00
-1.066096833685899803e+00,1.160224672212314623e+00,2.070655541945333855e+00,4.332378935689614963e+00
-1.037043614486170107e+00,9.752521756403216280e-01,2.071180187220164726e+00,4.247571619515777996e+00
-1.015771134665601982e+00,7.319773906799800223e-01,2.011356186844003968e+00,4.479436465262854661e+00
-8.172450436723560641e-01,-1.901273732238858150e-01,2.058267183113223986e+00,5.117191535054224971e+00
-8.231872909668284111e-01,-8.641827423783863260e-01,2.117730015080653061e+00,5.095337625119096714e+00
-1.165199363555842416e+00,1.080274491349965560e+00,1.941807488148608485e+00,4.028681209178725631e+00
-1.162249117631103834e+00,1.002152558189011833e+00,1.990670369917238114e+00,3.954794663937020616e+00
-7.743097174901998336e-01,-1.733388766333483710e+00,2.101134234205186413e+00,5.224979666135680212e+00
-1.046177409818222603e+00,1.161867424516589864e+00,1.973199861793351495e+00,4.305073719013709166e+00
-1.025142224262941992e+00,9.981558752603409967e-01,2.015608051275621815e+00,4.404158241516305416e+00
-8.373615563022579478e-01,1.235849268594851669e+00,2.035837973390650202e+00,5.178337501894669792e+00
-8.197351362953319009e-01,2.491410334576862784e+00,2.029790867531465093e+00,5.002002593744951930e+00
-9.475871529763720824e-01,-5.061034979775582698e+00,2.050386243223618177e+00,4.624372658911835465e+00
-9.398479294727277722e-01,-4.694958736890645135e+00,2.057849179104517034e+00,4.804731018824521804e+00
-8.566505118799540019e-01,-3.938708730734335361e+00,2.001549833705741133e+00,4.946965154466541392e+00
-9.237494079162326122e-01,-3.098839536231579039e+00,2.065255896730116447e+00,4.501046873668226311e+00
-9.723647975859176507e-01,-2.912825504436770352e+00,2.082140740774700127e+00,4.692621218607409439e+00
-8.811501419185725492e-01,-1.694735442240331125e+00,2.064131548121982185e+00,4.934573624679278403e+00
-9.737398393606956359e-01,1.051857405069222540e-01,2.013454633874113497e+00,4.471287332150998495e+00
-9.624570986474156875e-01,3.425123078572314683e-02,2.047926142275612982e+00,4.615798616917416552e+00
-9.587179934570994044e-01,-1.657621304888451386e-02,2.050560992143311445e+00,4.517926652692220379e+00
-1.022281745045978019e+00,-1.460019162787303815e+00,2.022651435277589727e+00,4.401638964040728297e+00
-1.045310293899422760e+00,-1.669730973144186059e+00,2.020975590710581304e+00,4.640006721781045229e+00
-8.675963587865359594e-01,1.121675956862682177e-01,2.062936728769017680e+00,5.082053891823557379e+00
-8.129988359352502414e-01,-1.083406113884183564e-01,1.983860601687856828e+00,5.120748413908019714e+00
-9.387442171864890383e-01,1.162427609172143050e+00,2.068583983548049066e+00,4.543733054348679801e+00
-1.067390040105825388e+00,-1.909112025365469201e+00,2.075304666513399621e+00,4.237479068705196639e+00
-1.129245621702521740e+00,-2.569735598789705033e+00,2.067250917596812343e+00,4.008901748668249887e+00
-1.131953922440080973e+00,-2.507308354000269635e+00,2.051336560227374761e+00,4.028145553695362757e+00
-9.561022728124393133e-01,-1.440109624160196500e+00,1.985636473003948854e+00,4.643909455102167350e+00
-8.888931563082378418e-01,-1.878016549249712508e-01,2.000742571770273148e+00,4.692859367573202434e+00
-9.533619069051807449e-01,-8.589438701155936995e-01,2.014544436476993106e+00,4.594750901123578757e+00
-9.311071059531330629e-01,-3.133259362221236799e-01,2.027507034045123557e+00,4.681217060277012898e+00
-9.056279637841643249e-01,3.249906455113257819e-02,2.033573824885710035e+00,4.620472368201984814e+00
-9.411320092401420645e-01,6.964230559254647179e-01,2.034833948457975161e+00,4.672028205085735131e+00
-9.188554559618866691e-01,-2.385247192681956840e-01,2.063543439183514128e+00,4.678242477602376326e+00
-1.027956981336759279e+00,9.781881925264140909e-01,1.996506189322781788e+00,4.469607199344221016e+00
-1.020712692402196309e+00,8.705972795403047471e-01,1.999597043456392997e+00,4.448076941560997533e+00
-8.842677651679402562e-01,1.692732208087683321e-01,2.072031770744393597e+00,4.664033535879173797e+00
-8.902131763582740165e-01,1.990674293215211332e-01,2.079653792094508624e+00,4.749357116271189838e+00
-8.859263479376162653e-01,-3.314894816422902846e+00,2.016115450887246752e+00,5.075188156791751837e+00
-8.547717603594867652e-01,-3.456684160629428515e+00,2.014888127141826857e+00,4.963031953409268837e+00
-8.721805793877883684e-01,-2.620900513340399307e+00,2.041330084863851813e+00,4.817943050367180291e+00
-9.675780948160658257e-01,-2.131514590017058008e+00,2.068921087827185978e+00,4.589452288978104200e+00
-1.031039684038979276e+00,1.194274590272610848e+00,2.027217574029807956e+00,4.439960251310451689e+00
-9.146855571532683804e-01,1.136145800515413473e+00,2.013030418602307581e+00,4.805201067594977893e+00
-9.292434328501953944e-01,1.216668240055081229e+00,1.988669546879545669e+00,4.774130492085691735e+00
-9.875582889325800195e-01,2.099859313704037500e-01,2.110370429901752054e+00,4.429163303652932981e+00
-9.161976062515734265e-01,-1.697593418890359362e-01,2.096577965885169981e+00,4.614832383433967067e+00
-8.702347487994083197e-01,-1.628354298807742406e+00,2.109434031100338114e+00,4.802701786686867536e+00
-8.510677251557222656e-01,-3.704849013048403972e+00,1.973479844252425730e+00,5.002256331398944766e+00
-9.140652901635778482e-01,1.583114965326666290e+00,2.050378298756659223e+00,4.781431625803152841e+00
-8.549272026526381074e-01,-1.283446692380559195e+00,2.079330010769125714e+00,4.873604895707088325e+00
-8.231748306052718567e-01,6.440094396882323213e-01,2.124852563409946438e+00,4.896353621441882353e+00
-8.734906302772610376e-01,-1.364789292104924279e-01,2.136609306118955054e+00,4.946911539659038404e+00
-9.291178414387271101e-01,-7.716042279169154083e-01,2.003087445281485302e+00,4.581107897473025936e+00
-9.556818984706377806e-01,7.913554149067046906e-01,2.086989516798878341e+00,4.639394188506337890e+00
-9.011442434476553132e-01,1.248540170690465523e+00,2.053336573788108854e+00,4.888965480235982319e+00
-9.019974931536822726e-01,-1.240593262179394918e+00,2.012896931893946473e+00,4.684801350604423043e+00
-9.220412846742145341e-01,4.281755009926705990e-01,2.011592785571992170e+00,4.947599340358254771e+00
-8.724787566859878440e-01,-6.250720694944578160e-01,2.039425153357050213e+00,4.665164158463687372e+00
-9.884417266603511276e-01,-7.647745698104999601e-01,2.043646605238921499e+00,4.715159935296799887e+00
