x,y,reference,fixed_mean,fixed_std,map_mean,map_std,hmc_mean,hmc_std
-3.152209176461626683e+00,-3.469684776461626541e+00,1.343529269912403734e+01,2.315630633060391119e+01,6.165863824349010258e+00,5.963066852308253374e+01,1.690488398001873094e+01,4.005215460140163941e+01,8.024923718416926022e+01
-3.152209176461626683e+00,-3.216245419109058812e+00,1.959592572005065847e+01,2.827509212559471052e+01,6.188456739007536456e+00,5.929690859965825211e+01,1.735517032914924229e+01,3.838121103769049114e+01,8.245395583666586958e+01
-3.152209176461626683e+00,-2.962806061756491083e+00,2.575655874097727249e+01,3.352523918228780531e+01,6.212486729607148206e+00,6.523178407663522194e+01,1.706757822532909685e+01,4.470070621788391918e+01,8.167691763481876421e+01
-3.152209176461626683e+00,-2.709366704403923354e+00,3.183681718621462764e+01,3.799773847268988902e+01,6.211455363243261196e+00,7.299689649375949330e+01,1.733357975577643373e+01,5.543664018312752262e+01,8.041866347177588636e+01
-3.152209176461626683e+00,-2.455927347051355625e+00,3.774358008511518392e+01,4.079225155111726053e+01,6.197921415230631226e+00,8.224234353603888792e+01,2.312698816517191602e+01,7.759497631953979635e+01,8.790922398741146537e+01
-3.152209176461626683e+00,-2.202487989698787896e+00,4.170362867885911839e+01,4.155122616384323919e+01,6.187044610636447395e+00,9.443421942565112204e+01,2.822288695184760954e+01,1.196394944715657402e+02,1.048227057187101252e+02
-3.152209176461626683e+00,-1.949048632346220167e+00,4.284523340635604427e+01,4.076465090558849624e+01,6.159188169348285058e+00,1.135294735945138314e+02,2.887825097957789922e+01,1.801812289857457756e+02,1.069613650716176352e+02
-3.152209176461626683e+00,-1.695609274993652438e+00,4.165295997916460635e+01,3.950948885599882487e+01,6.102424242819990852e+00,1.460617329102225028e+02,2.516660021783079415e+01,2.378984667905277774e+02,8.362252111328682247e+01
-3.152209176461626683e+00,-1.442169917641084709e+00,3.822241886389312526e+01,3.871886099180574092e+01,6.051123016062414095e+00,1.636277238531878879e+02,1.708462855390354918e+01,2.486474680225919940e+02,5.561405775195947854e+01
-3.152209176461626683e+00,-1.188730560288516980e+00,3.370193005955091792e+01,3.851629235783366312e+01,6.035232719875857299e+00,1.324263789202946100e+02,1.581880595789858468e+01,2.061692283778786532e+02,5.255597449502176488e+01
-3.152209176461626683e+00,-9.352912029359492507e-01,2.961038690627434988e+01,3.818046547873927921e+01,6.036463779558872922e+00,9.898271108298854415e+01,1.555896807374273472e+01,1.714110305917914161e+02,5.196316308090490566e+01
-3.152209176461626683e+00,-6.818518455833815217e-01,2.806602224589790850e+01,3.683211279483566614e+01,6.030808726415608945e+00,1.135292822602550586e+02,1.598514643932594836e+01,1.859441629713367945e+02,5.290260880756427753e+01
-3.152209176461626683e+00,-4.284124882308133486e-01,2.943975453927777508e+01,3.432520427131930774e+01,6.029768687478850531e+00,1.467344226399847571e+02,1.564331256749096433e+01,2.264473277957029609e+02,5.200025686657854607e+01
-3.152209176461626683e+00,-1.749731308782456196e-01,3.213026922400592156e+01,3.160816849761522462e+01,6.048982658987935856e+00,1.483626113322171989e+02,2.228905906933551861e+01,2.475459755736338820e+02,7.210677501255743493e+01
-3.152209176461626683e+00,7.846622647432210940e-02,3.438786101143618623e+01,3.020856522883013895e+01,6.070745953708836851e+00,1.337447915802351304e+02,2.797664381579203408e+01,2.485549881080723935e+02,9.958423085286142395e+01
-3.152209176461626683e+00,3.319055838268898384e-01,3.469498716571096963e+01,3.117807060377799644e+01,6.070506352724994059e+00,1.458701101621316241e+02,2.617777198562784946e+01,2.555920445333774751e+02,8.991889687364772499e+01
-3.152209176461626683e+00,5.853449411794575674e-01,3.517814331934086169e+01,3.425518698439282161e+01,6.056410740527330638e+00,1.612278568810230581e+02,1.818128563517457863e+01,2.446410291150478429e+02,5.929750986355846720e+01
-3.152209176461626683e+00,8.387842985320252964e-01,3.311522207864013012e+01,3.783658278214625170e+01,6.051600250510801970e+00,1.311763530243745492e+02,1.592530364308607460e+01,1.944185723195479909e+02,5.390106161931496587e+01
-3.152209176461626683e+00,1.092223655884593025e+00,3.219779908331237550e+01,3.976028011853213684e+01,6.055018717475979528e+00,9.402472633168588345e+01,1.575244250201189189e+01,1.538741081904218220e+02,5.337375114945628951e+01
-3.152209176461626683e+00,1.345663013237160754e+00,3.217267731910244777e+01,3.837140577918580675e+01,6.051044280242283691e+00,9.035451258485291248e+01,1.594168323830919221e+01,1.498561261201930108e+02,5.375595550764859354e+01
-3.152209176461626683e+00,1.599102370589728483e+00,3.108256807349367179e+01,3.323640181580140052e+01,6.060156877995246383e+00,9.070123652520251767e+01,1.574717078894193456e+01,1.514146407532516321e+02,5.312997698806918834e+01
-3.152209176461626683e+00,1.852541727942296212e+00,2.831537018782077197e+01,2.519248616471395508e+01,6.174461145000740281e+00,8.960675206949366611e+01,2.076457364499129099e+01,1.465450413167072838e+02,6.522923073030557362e+01
-3.152209176461626683e+00,2.105981085294863941e+00,2.447963682774561534e+01,1.586073353676329134e+01,6.526666967635951444e+00,9.513121826990081331e+01,2.769921234288372958e+01,1.481714455719716454e+02,9.856867024201889649e+01
-3.152209176461626683e+00,2.359420442647431670e+00,2.083760657489721524e+01,6.996176922823451605e+00,7.192610321281658337e+00,1.023855682532296925e+02,2.928930377497205129e+01,1.650227399690914751e+02,1.168471985802228090e+02
-3.152209176461626683e+00,2.612859799999999399e+00,1.857641749827916300e+01,0.000000000000000000e+00,8.146944423681693692e+00,1.080918741552252129e+02,2.939871303205587338e+01,1.902355983767238286e+02,1.223721107782621829e+02
-2.904563427442392154e+00,-3.469684776461626541e+00,4.882651801125998503e+00,1.693132346427910306e+01,6.183504901065582260e+00,4.894846405845919435e+01,1.716497806276499105e+01,2.915782192683317930e+01,8.161443620401358601e+01
-2.904563427442392154e+00,-3.216245419109058812e+00,1.074000811825783330e+01,2.003384537907822960e+01,6.212046447077070432e+00,5.068553470314891740e+01,1.743163270423049127e+01,2.969250380407063972e+01,8.242537606109110015e+01
-2.904563427442392154e+00,-2.962806061756491083e+00,1.659736443538967166e+01,2.494082482347494079e+01,6.209905763795742217e+00,5.726082317241537112e+01,1.744105445999471726e+01,3.670359620292205705e+01,8.246689911014858865e+01
-2.904563427442392154e+00,-2.709366704403923354e+00,2.251000688207987466e+01,3.055322382937902148e+01,6.174208985443336850e+00,6.284350656718720529e+01,1.729132722133056532e+01,4.295713868448801520e+01,8.068294894728967392e+01
-2.904563427442392154e+00,-2.455927347051355625e+00,2.787765968948762563e+01,3.528417588978754793e+01,6.126270407599220924e+00,7.037893415625222815e+01,2.197480444878332762e+01,5.625316150515446623e+01,8.258205977386741381e+01
-2.904563427442392154e+00,-2.202487989698787896e+00,3.165612013623812260e+01,3.790997548530867789e+01,6.091010859620891615e+00,8.259360647368741581e+01,2.683285575908614717e+01,8.776391286442778039e+01,9.373718020731507750e+01
-2.904563427442392154e+00,-1.949048632346220167e+00,3.304252555787340384e+01,3.823118117742706090e+01,6.064091293941092253e+00,9.861090243989437454e+01,2.743784933381581936e+01,1.330834528592494053e+02,9.329500792503144169e+01
-2.904563427442392154e+00,-1.695609274993652438e+00,3.220707284978355744e+01,3.703551125830199453e+01,6.035433772048460099e+00,1.157238593721118889e+02,2.391930838344360311e+01,1.724076778568327484e+02,7.291021620935404712e+01
-2.904563427442392154e+00,-1.442169917641084709e+00,2.920293105515009202e+01,3.538710494700990239e+01,6.020143753146530941e+00,1.114464123946524410e+02,1.651618834563142713e+01,1.793131471964033494e+02,5.236738703000602868e+01
-2.904563427442392154e+00,-1.188730560288516980e+00,2.518470837666995621e+01,3.381994308617731804e+01,6.028997022935171479e+00,9.238403066080309145e+01,1.604772811641029406e+01,1.652747091323880113e+02,5.309826707695912518e+01
-2.904563427442392154e+00,-9.352912029359492507e-01,2.162848666491390048e+01,3.209477545618665317e+01,6.041149680051860926e+00,9.005015559735358011e+01,1.574535288176465819e+01,1.621502675934162880e+02,5.222494123179880887e+01
-2.904563427442392154e+00,-6.818518455833815217e-01,2.039447871026679238e+01,2.969476297127221187e+01,6.033872400793148572e+00,8.914741375989198957e+01,1.612504441835330837e+01,1.625631411797937744e+02,5.325618718724256695e+01
-2.904563427442392154e+00,-4.284124882308133486e-01,2.113204287768746070e+01,2.659942365828737820e+01,6.014014222678786048e+00,9.192121978602295940e+01,1.559518828426332782e+01,1.609188492352649291e+02,5.121173224921399481e+01
-2.904563427442392154e+00,-1.749731308782456196e-01,2.228271231585054224e+01,2.364217496396486240e+01,6.001744796429881568e+00,9.906186571961904974e+01,2.130436294345718906e+01,1.571777092852144619e+02,6.284294647157469171e+01
-2.904563427442392154e+00,7.846622647432210940e-02,2.246894313896549633e+01,2.211406852156778768e+01,6.001266653925506844e+00,9.934727731360982261e+01,2.681073373675970828e+01,1.514070060994614835e+02,8.396243412637196002e+01
-2.904563427442392154e+00,3.319055838268898384e-01,2.193499285887197203e+01,2.289813314516959508e+01,6.006411609492266379e+00,1.030419611866786340e+02,2.503518740203221782e+01,1.538062863934103746e+02,7.606044581639771707e+01
-2.904563427442392154e+00,5.853449411794575674e-01,2.207386652790299664e+01,2.577942206929128588e+01,6.019313267260858247e+00,9.706028158261216277e+01,1.749507325068781682e+01,1.512743785255689772e+02,5.429239425399948971e+01
-2.904563427442392154e+00,8.387842985320252964e-01,2.166512225639045042e+01,2.941549648381942461e+01,6.041060281908317897e+00,8.172032806568768137e+01,1.617993227108028620e+01,1.416052865542145014e+02,5.440569897098151841e+01
-2.904563427442392154e+00,1.092223655884593025e+00,2.217749439074017204e+01,3.195730827512034011e+01,6.057467054288697916e+00,8.156706007398105385e+01,1.602132678014653422e+01,1.417497296071789208e+02,5.394821344701601618e+01
-2.904563427442392154e+00,1.345663013237160754e+00,2.295674382672306635e+01,3.189515562186625175e+01,6.054222847074180791e+00,8.064650667325085465e+01,1.620965745607766095e+01,1.414595796243906136e+02,5.438506172561525887e+01
-2.904563427442392154e+00,1.599102370589728483e+00,2.207164144936258410e+01,2.864485872790737631e+01,6.041672592201359215e+00,7.990104012222758456e+01,1.584253442125844558e+01,1.390210001955001644e+02,5.334646336661444366e+01
-2.904563427442392154e+00,1.852541727942296212e+00,1.964681664648633230e+01,2.264448556594993534e+01,6.063181610540941513e+00,8.741016744993385146e+01,1.977484146834951773e+01,1.411299002250727881e+02,5.965834693941416589e+01
-2.904563427442392154e+00,2.105981085294863941e+00,1.604439054643749074e+01,1.505167404056555824e+01,6.183826420514908939e+00,9.488160763185408086e+01,2.646632323902290196e+01,1.486354224442782481e+02,8.611772163063547225e+01
-2.904563427442392154e+00,2.359420442647431670e+00,1.253661852140275457e+01,7.294531395072226587e+00,6.464699509200150018e+00,1.089487455840271792e+02,2.805774910056900495e+01,1.806148906458092256e+02,1.010631864576290440e+02
-2.904563427442392154e+00,2.612859799999999399e+00,1.029101385735659768e+01,6.908576106061445898e-01,6.957552256858833495e+00,1.296650574920656140e+02,2.835846361456808395e+01,2.365029153892117506e+02,1.092052100839074882e+02
-2.656917678423157625e+00,-3.469684776461626541e+00,1.444397407399494959e+00,1.214473364447167114e+01,6.202090581006300063e+00,7.273853019004980069e+01,1.728486989926791750e+01,5.537532262487439993e+01,8.144021895570297431e+01
-2.656917678423157625e+00,-3.216245419109058812e+00,6.601812611708631096e+00,1.433787071465121699e+01,6.207198404701633088e+00,4.417422160508795059e+01,1.751671222575430775e+01,2.243097224197930473e+01,8.266824154271753855e+01
-2.656917678423157625e+00,-2.962806061756491083e+00,1.175922781601776634e+01,1.982755869457378139e+01,6.176362473052161128e+00,5.492395390289902934e+01,1.765366273983853418e+01,3.440577520670900924e+01,8.309930602453262338e+01
-2.656917678423157625e+00,-2.709366704403923354e+00,1.708884055551653347e+01,2.705884320652421593e+01,6.120628188398005598e+00,8.387448996767238896e+01,1.662607411700227189e+01,6.491608739958789442e+01,7.738793716895700925e+01
-2.656917678423157625e+00,-2.455927347051355625e+00,2.209996562034675804e+01,3.365170328960539337e+01,6.070157436821604691e+00,8.237824536976773970e+01,1.831565714016711865e+01,7.456954430247570542e+01,6.717036041122625534e+01
-2.656917678423157625e+00,-2.202487989698787896e+00,2.548379481481605069e+01,3.759552885278117174e+01,6.043672606544036263e+00,7.579716642222217615e+01,2.082203993998681568e+01,8.251010222665978233e+01,6.796227659967421175e+01
-2.656917678423157625e+00,-1.949048632346220167e+00,2.697526891962671414e+01,3.820638633077578561e+01,6.028726671279928340e+00,8.709758932100062623e+01,2.088661981659154776e+01,1.088638469668298114e+02,6.627731901471247511e+01
-2.656917678423157625e+00,-1.695609274993652438e+00,2.637575719266175867e+01,3.622196911443006684e+01,6.011469246802089827e+00,1.119849438606193814e+02,1.915299650867631698e+01,1.474979862331881577e+02,5.688149498255248915e+01
-2.656917678423157625e+00,-1.442169917641084709e+00,2.365336942910253271e+01,3.305015254399563673e+01,6.003500270653314708e+00,1.127223130200466983e+02,1.480945892939953090e+01,1.684153681510643423e+02,4.758205549594553929e+01
-2.656917678423157625e+00,-1.188730560288516980e+00,2.034309381840001407e+01,2.980459171128586604e+01,6.014457977891133567e+00,8.989822430441262213e+01,1.585320771055882538e+01,1.627997191242047847e+02,5.239557977967236724e+01
-2.656917678423157625e+00,-9.352912029359492507e-01,1.733692583031797341e+01,2.684146529791451030e+01,6.026770899124373138e+00,8.781721134426950925e+01,1.596615474274441304e+01,1.606717532489993232e+02,5.298751623859389781e+01
-2.656917678423157625e+00,-6.818518455833815217e-01,1.615417392095034899e+01,2.401799268574268353e+01,6.019687703597897510e+00,8.590491792922426839e+01,1.613692750331889769e+01,1.598839068545140094e+02,5.331833092990915901e+01
-2.656917678423157625e+00,-4.284124882308133486e-01,1.599949358571852542e+01,2.128812318592190422e+01,5.998662319966959089e+00,8.024711991368428698e+01,1.491198617586362474e+01,1.437476460682630091e+02,4.842448876526025003e+01
-2.656917678423157625e+00,-1.749731308782456196e-01,1.549760126491078793e+01,1.905042307322673878e+01,5.983588389343915459e+00,7.637283681821642745e+01,1.787069839994503440e+01,1.123644828735817214e+02,5.093824999796694186e+01
-2.656917678423157625e+00,7.846622647432210940e-02,1.452263968433798347e+01,1.797335994142622440e+01,5.980643066164040178e+00,7.180905425438896827e+01,2.114579115992520286e+01,9.096090137999475189e+01,6.262610203022660471e+01
-2.656917678423157625e+00,3.319055838268898384e-01,1.397924332662636182e+01,1.849954849466212181e+01,5.985088711454864985e+00,8.424707994934192357e+01,2.018894183887179494e+01,1.063821836716395666e+02,5.861589953634246086e+01
-2.656917678423157625e+00,5.853449411794575674e-01,1.431452078415340168e+01,2.045308746251066623e+01,5.999553814229953375e+00,8.885546415475607773e+01,1.565539690592532551e+01,1.310149105679888351e+02,4.823202336594906114e+01
-2.656917678423157625e+00,8.387842985320252964e-01,1.523413895467879442e+01,2.302337952147809119e+01,6.025081779889368327e+00,7.564942811776253961e+01,1.597416109183451027e+01,1.360849269904789480e+02,5.358147151490663873e+01
-2.656917678423157625e+00,1.092223655884593025e+00,1.672832466142005003e+01,2.508694982110591809e+01,6.045834556852861752e+00,7.346107775323815758e+01,1.622131585145757882e+01,1.341448307271302554e+02,5.459170994065509319e+01
-2.656917678423157625e+00,1.345663013237160754e+00,1.743430482928543057e+01,2.563407905033727729e+01,6.045537395077502651e+00,8.116328036693778358e+01,1.636032373752209779e+01,1.419640731920625569e+02,5.476131891345667668e+01
-2.656917678423157625e+00,1.599102370589728483e+00,1.687648581654614688e+01,2.408643348699933995e+01,6.031284998033971334e+00,1.057567336194674681e+02,1.543566659299007604e+01,1.661169221357265258e+02,5.198440016428173749e+01
-2.656917678423157625e+00,1.852541727942296212e+00,1.458712808372767711e+01,2.042570933061597316e+01,6.028634655256361441e+00,1.133615885006288408e+02,1.703228005089365027e+01,1.776332951275788901e+02,5.087789984214197858e+01
-2.656917678423157625e+00,2.105981085294863941e+00,1.132407885627258537e+01,1.516067508219657611e+01,6.060114546259665502e+00,1.015463750079237002e+02,2.096478986395542776e+01,1.715119867468349071e+02,6.267938595381983191e+01
-2.656917678423157625e+00,2.359420442647431670e+00,7.952322659658371151e+00,9.187901301821511879e+00,6.141036748731949935e+00,1.179811713536774960e+02,2.185333465459555669e+01,2.014900133168283389e+02,6.949380553963828788e+01
-2.656917678423157625e+00,2.612859799999999399e+00,5.752297670403059726e+00,3.586243441998703929e+00,6.313693295657093252e+00,1.653353092245711196e+02,2.279940045313652064e+01,2.810936531292173299e+02,7.869070889481021425e+01
-2.409271929403923540e+00,-3.469684776461626541e+00,8.992675610908662520e-01,7.812123729500854097e+00,6.201548185287114379e+00,1.226576622816818372e+02,1.749370503867477566e+01,1.235440517782940901e+02,7.625449221015212231e+01
-2.409271929403923540e+00,-3.216245419109058812e+00,5.865015962304008568e+00,1.007658210451336345e+01,6.168102847102741926e+00,6.749535125329430230e+01,1.723266817348762103e+01,5.055101036686062344e+01,8.056680184614602069e+01
-2.409271929403923540e+00,-2.962806061756491083e+00,1.083076436351714911e+01,1.676361859146436473e+01,6.119436844324165570e+00,8.049062185177672291e+01,1.716822311794285127e+01,6.189393591992998722e+01,8.066969427444659857e+01
-2.409271929403923540e+00,-2.709366704403923354e+00,1.568223637728717712e+01,2.573426318029578397e+01,6.065602974821623583e+00,1.219420667543966488e+02,1.565503681454843132e+01,1.097539562945918874e+02,6.971914593213551825e+01
-2.409271929403923540e+00,-2.455927347051355625e+00,2.035894716586729558e+01,3.392288808369085018e+01,6.035590178916742765e+00,1.007317468447237445e+02,1.435838627740242401e+01,1.101708782657147765e+02,5.416109623600766554e+01
-2.409271929403923540e+00,-2.202487989698787896e+00,2.346664387380941008e+01,3.880262639943339309e+01,6.033450386537316135e+00,7.591119412181635084e+01,1.524379093172167288e+01,9.698913066747888934e+01,5.351139471774857270e+01
-2.409271929403923540e+00,-1.949048632346220167e+00,2.478314147478257823e+01,3.947514056958516449e+01,6.033024148282481569e+00,8.049529599783581091e+01,1.512919450958546186e+01,1.047800651623829538e+02,5.316279240076191570e+01
-2.409271929403923540e+00,-1.695609274993652438e+00,2.428487884915633899e+01,3.675574179723344059e+01,6.017527893113433279e+00,1.091817257489098552e+02,1.498486229380764634e+01,1.352255860593176351e+02,5.186356182791464420e+01
-2.409271929403923540e+00,-1.442169917641084709e+00,2.197182788933117337e+01,3.235386293256033241e+01,6.001636421040901226e+00,1.263389916899664058e+02,1.305347071405330439e+01,1.640065491248188323e+02,4.581700160578857606e+01
-2.409271929403923540e+00,-1.188730560288516980e+00,1.905751447438731105e+01,2.783699778353184229e+01,6.001061756911507672e+00,9.834791605631193079e+01,1.541523471193510630e+01,1.559217284293112016e+02,4.873014157762386134e+01
-2.409271929403923540e+00,-9.352912029359492507e-01,1.636258301939026083e+01,2.405814679542800150e+01,6.005839142307835665e+00,7.850504162808010733e+01,1.682370309046598678e+01,1.400509799541746077e+02,5.293658627881216461e+01
-2.409271929403923540e+00,-6.818518455833815217e-01,1.488488254096720276e+01,2.121815570918715821e+01,6.000005961763676510e+00,7.924793445339724940e+01,1.654000216669884438e+01,1.405273820217436764e+02,5.110671067870076456e+01
-2.409271929403923540e+00,-4.284124882308133486e-01,1.368312667348964418e+01,1.923688910461623891e+01,5.988684363062687588e+00,7.829510174602302186e+01,1.374985694138532466e+01,1.289372246986351342e+02,4.292386049661732272e+01
-2.409271929403923540e+00,-1.749731308782456196e-01,1.217426216026119867e+01,1.802550008433468065e+01,5.986476375395203497e+00,6.533145320186505955e+01,1.375410118544042604e+01,9.259397900900506784e+01,4.390193351938626165e+01
-2.409271929403923540e+00,7.846622647432210940e-02,1.089316519900741831e+01,1.752736845936942700e+01,5.990994487499763821e+00,5.523744098702343308e+01,1.494791092259942822e+01,7.259405111659681609e+01,4.866129590559484797e+01
-2.409271929403923540e+00,3.319055838268898384e-01,1.063640664157477289e+01,1.765914771172447217e+01,5.991616394709604165e+00,8.181736169902035272e+01,1.469271190431470586e+01,1.014611354927778422e+02,4.735654500592859506e+01
-2.409271929403923540e+00,5.853449411794575674e-01,1.150511296193847244e+01,1.829160644634703203e+01,5.994100238844960238e+00,1.087372433119427342e+02,1.288343028071180107e+01,1.379242477765131127e+02,4.294181537218851474e+01
-2.409271929403923540e+00,8.387842985320252964e-01,1.294039595326095160e+01,1.925838821908291720e+01,6.009151971408260628e+00,8.979506490179824141e+01,1.515755961504111404e+01,1.356465430398318972e+02,4.880848272774499463e+01
-2.409271929403923540e+00,1.092223655884593025e+00,1.485375051951933756e+01,2.031335894637504680e+01,6.027177132105340007e+00,7.256652281601989785e+01,1.674493710845288774e+01,1.255402837038483881e+02,5.412445056401362109e+01
-2.409271929403923540e+00,1.345663013237160754e+00,1.578300373848639460e+01,2.105287024623339676e+01,6.031373601620731328e+00,1.002269096405123037e+02,1.676105082998278917e+01,1.579437927796881240e+02,5.418561560488470974e+01
-2.409271929403923540e+00,1.599102370589728483e+00,1.538798256429839029e+01,2.092927218464046746e+01,6.026279646025242798e+00,1.427071723723150853e+02,1.478862398410517365e+01,2.102237841788210631e+02,4.898655487683949161e+01
-2.409271929403923540e+00,1.852541727942296212e+00,1.336251221776053555e+01,1.944319751746297698e+01,6.030383365640707538e+00,1.337614552959037155e+02,1.384254886803349294e+01,2.185577062178890060e+02,4.830871139781355339e+01
-2.409271929403923540e+00,2.105981085294863941e+00,1.025736029688751927e+01,1.643696935510070034e+01,6.046782346890959836e+00,1.055244047687368720e+02,1.554683526430066998e+01,1.979815639706415595e+02,5.362641452891696048e+01
-2.409271929403923540e+00,2.359420442647431670e+00,7.083224544938174105e+00,1.229045664988916542e+01,6.061933643811161510e+00,1.171573224860064784e+02,1.558280470766912096e+01,2.121056996296917418e+02,5.417623005982417084e+01
-2.409271929403923540e+00,2.612859799999999399e+00,5.042546206152895394e+00,7.866139546742033417e+00,6.086198007936900467e+00,1.710687415423785467e+02,1.581840875686435233e+01,2.762517685887760308e+02,5.633900245482521996e+01
-2.161626180384689011e+00,-3.469684776461626541e+00,2.996908912902286115e+00,3.919405023835679458e+00,6.185714330331160582e+00,1.433787704668776541e+02,2.321391344245642685e+01,1.890721052445064174e+02,7.809239850146205697e+01
-2.161626180384689011e+00,-3.216245419109058812e+00,7.477839179989802076e+00,6.834206311942580214e+00,6.114554790117717076e+00,9.653869119150061806e+01,2.217546304094887333e+01,1.004915307322552280e+02,8.074169724735982356e+01
-2.161626180384689011e+00,-2.962806061756491083e+00,1.195876944707731759e+01,1.476806688399938139e+01,6.060838140342705849e+00,1.007546927667639807e+02,2.183986702445732320e+01,9.518010462163664442e+01,8.021341584558959426e+01
-2.161626180384689011e+00,-2.709366704403923354e+00,1.661704016808319651e+01,2.505709562145693781e+01,6.024895385617516474e+00,1.218918751212512461e+02,1.930151452275528712e+01,1.265371739373065907e+02,6.543138739156931649e+01
-2.161626180384689011e+00,-2.455927347051355625e+00,2.088426060042791832e+01,3.426643942808823340e+01,6.023642314785527141e+00,9.518136365179779546e+01,1.506014435277234398e+01,1.176589215391145018e+02,5.214832322582503821e+01
-2.161626180384689011e+00,-2.202487989698787896e+00,2.366372220501608936e+01,3.975984126602179458e+01,6.045790867154996917e+00,7.927118917164708023e+01,1.563353540734180847e+01,1.060189181998245260e+02,5.379827993000699848e+01
-2.161626180384689011e+00,-1.949048632346220167e+00,2.483301459391204702e+01,4.068897123034003016e+01,6.056601928513082100e+00,8.096763030722382837e+01,1.529835504140659630e+01,1.068088621340177440e+02,5.330945770370469461e+01
-2.161626180384689011e+00,-1.695609274993652438e+00,2.437763878906539361e+01,3.791792589457236318e+01,6.038802943037078208e+00,8.705829223974711795e+01,1.581389477710929015e+01,1.130404864229114281e+02,5.446660549080242220e+01
-2.161626180384689011e+00,-1.442169917641084709e+00,2.216880442716360378e+01,3.316447931442689878e+01,6.009974779397968980e+00,1.003723388409906079e+02,1.489347407249035626e+01,1.278687001384042929e+02,5.062899283732173927e+01
-2.161626180384689011e+00,-1.188730560288516980e+00,1.938401461767816869e+01,2.807469902117827587e+01,5.992884754133585012e+00,9.074930950713425659e+01,2.004100813359575639e+01,1.245635306672514560e+02,5.838801154148200823e+01
-2.161626180384689011e+00,-9.352912029359492507e-01,1.652912904097176039e+01,2.374923997790574504e+01,5.987911431204644863e+00,7.784950359000677622e+01,2.377216107959690916e+01,1.112266743696544040e+02,7.099815913397014810e+01
-2.161626180384689011e+00,-6.818518455833815217e-01,1.438052981703875233e+01,2.071372942997459177e+01,5.985541282259510432e+00,7.673724209116204520e+01,2.247855261532373206e+01,1.087957498392506466e+02,6.485235658026427075e+01
-2.161626180384689011e+00,-4.284124882308133486e-01,1.223878710977071549e+01,1.902598467819461803e+01,5.988527353710475509e+00,7.071494351786584787e+01,1.644354361256091579e+01,9.926387775483462406e+01,4.832076638844202421e+01
-2.161626180384689011e+00,-1.749731308782456196e-01,1.040023766501489177e+01,1.835014315947319119e+01,6.002270594880925181e+00,5.798581481783628533e+01,1.481862545429165934e+01,7.933245126894398425e+01,4.759525419535707869e+01
-2.161626180384689011e+00,7.846622647432210940e-02,9.355692788685596284e+00,1.810018619873608259e+01,6.014613579843877567e+00,5.385740885976831294e+01,1.488583161981444469e+01,7.397986742690251560e+01,4.801604404612258037e+01
-2.161626180384689011e+00,3.319055838268898384e-01,9.559285766454916455e+00,1.776316672433767963e+01,6.010475398902824118e+00,6.595362889416333019e+01,1.515578917906522705e+01,8.723963668506360136e+01,4.833067344086649797e+01
-2.161626180384689011e+00,5.853449411794575674e-01,1.101159046087729010e+01,1.724649194122275730e+01,5.998664419928259051e+00,8.327482855988478150e+01,1.434251637187140105e+01,1.023869312638285578e+02,4.647977308976302169e+01
-2.161626180384689011e+00,8.387842985320252964e-01,1.281609158759976097e+01,1.692310058862403821e+01,5.998521878405632002e+00,8.133661842407514087e+01,1.886737903866668731e+01,1.041089863320633242e+02,5.415838527969861360e+01
-2.161626180384689011e+00,1.092223655884593025e+00,1.474635806566170970e+01,1.724984229889105336e+01,6.009083623065140323e+00,7.787143436301289512e+01,2.297430908415259410e+01,1.123533946932205367e+02,6.688726427101515526e+01
-2.161626180384689011e+00,1.345663013237160754e+00,1.573917927322181498e+01,1.824141948963324467e+01,6.017256791169059760e+00,1.077876605084518928e+02,2.281430350522322925e+01,1.615426542967018406e+02,6.606871060940947871e+01
-2.161626180384689011e+00,1.599102370589728483e+00,1.535735158785839083e+01,1.926560213104221475e+01,6.025518737332127728e+00,1.360178689368955816e+02,1.850700305523448819e+01,2.132315264125939791e+02,5.502131338053824550e+01
-2.161626180384689011e+00,1.852541727942296212e+00,1.363126370576328661e+01,1.937419023242273397e+01,6.044743686927882109e+00,1.216401323024943508e+02,1.534018912201150897e+01,2.178987193177886468e+02,5.353454204545399620e+01
-2.161626180384689011e+00,2.105981085294863941e+00,1.081457589515705564e+01,1.793123767538054381e+01,6.067387239919089126e+00,1.094467018138506091e+02,1.585861948504700081e+01,2.086741035231259218e+02,5.560928533931009810e+01
-2.161626180384689011e+00,2.359420442647431670e+00,7.713761441497356763e+00,1.506472387928147327e+01,6.070601984692403974e+00,1.111671443067148175e+02,1.586334144127980750e+01,2.104873032897423002e+02,5.566764697622155467e+01
-2.161626180384689011e+00,2.612859799999999399e+00,6.164828497864721868e+00,1.163422691882715299e+01,6.048938462373588898e+00,1.276870169093281220e+02,1.563778770926250239e+01,2.260673538473338908e+02,5.508070495630204988e+01
-1.913980431365454482e+00,-3.469684776461626541e+00,3.622739815950332343e+00,1.644897243062587222e+00,6.162551636702294999e+00,1.361805367220520111e+02,2.648909055552652347e+01,2.108730414456617837e+02,8.479856972209243793e+01
-1.913980431365454482e+00,-3.216245419109058812e+00,7.975428376851439793e+00,5.347125969684384472e+00,6.077921198220858301e+00,9.606473800950158193e+01,2.598115443500802968e+01,1.190251721419163999e+02,8.366208380410657242e+01
-1.913980431365454482e+00,-2.962806061756491083e+00,1.232811693775254724e+01,1.403765383656082122e+01,6.027832568906934085e+00,8.971556478129384971e+01,2.551106918464682138e+01,9.821784879121298673e+01,8.186783377836009379e+01
-1.913980431365454482e+00,-2.709366704403923354e+00,1.694631402970458112e+01,2.474094219504240755e+01,6.006118929523873717e+00,9.758650816740060918e+01,2.170835150399425117e+01,1.135664717374907013e+02,6.539211105485063058e+01
-1.913980431365454482e+00,-2.455927347051355625e+00,2.108906685664878111e+01,3.408326033216417272e+01,6.019509692062261941e+00,8.467909571908138844e+01,1.541687157395505636e+01,1.081601193430835508e+02,5.226782105034832426e+01
-1.913980431365454482e+00,-2.202487989698787896e+00,2.390352139230872197e+01,3.975255827115233842e+01,6.050966645753053541e+00,7.989269854150566630e+01,1.536634417009914877e+01,1.054162617770093533e+02,5.363283849644350454e+01
-1.913980431365454482e+00,-1.949048632346220167e+00,2.492806945712103683e+01,4.115431526593692979e+01,6.065430729372450536e+00,8.321808801379862075e+01,1.502082939307305764e+01,1.083893975773095804e+02,5.261968611098978243e+01
-1.913980431365454482e+00,-1.695609274993652438e+00,2.450007457592015570e+01,3.906488718652053649e+01,6.046115462868870694e+00,7.831691854410698284e+01,1.552177364282411709e+01,1.035297277126302475e+02,5.404123647685009502e+01
-1.913980431365454482e+00,-1.442169917641084709e+00,2.222253238819613230e+01,3.481343913455839356e+01,6.010881920769600484e+00,7.750913074633598399e+01,1.519008422746637166e+01,1.023039985299618024e+02,5.183636650566607784e+01
-1.913980431365454482e+00,-1.188730560288516980e+00,1.921305413920561023e+01,2.968437478172836563e+01,5.985913880713498614e+00,7.975871234242620744e+01,2.178955676946780429e+01,1.002898750432041766e+02,6.452895604398366913e+01
-1.913980431365454482e+00,-9.352912029359492507e-01,1.577261473181090068e+01,2.476378880438187480e+01,5.977527060638983869e+00,8.038379117956631603e+01,2.643278693684588987e+01,9.378717320735529483e+01,8.165955427091392949e+01
-1.913980431365454482e+00,-6.818518455833815217e-01,1.278142450441854372e+01,2.092503065666551265e+01,5.979056542668931939e+00,7.710535585533804692e+01,2.472657233450081193e+01,8.793272359875876987e+01,7.420160277098513291e+01
-1.913980431365454482e+00,-4.284124882308133486e-01,1.007854958196862682e+01,1.863201439042586571e+01,5.990051538429071343e+00,6.500204677646931373e+01,1.728007689778679179e+01,7.943207853775561489e+01,5.279666829352216695e+01
-1.913980431365454482e+00,-1.749731308782456196e-01,8.266221981530133434e+00,1.767857715538502816e+01,6.010031935745049125e+00,5.529649121328536410e+01,1.485589183556894355e+01,7.498262184563806443e+01,4.832046463436449812e+01
-1.913980431365454482e+00,7.846622647432210940e-02,7.919610805118399988e+00,1.727900976965520385e+01,6.023734602294155138e+00,5.633463315769907354e+01,1.456528894613938085e+01,7.635990543015471133e+01,4.723658295504417026e+01
-1.913980431365454482e+00,3.319055838268898384e-01,8.762579928072813829e+00,1.665360884848360001e+01,6.016723943460287494e+00,5.310833712417104380e+01,1.492581075190629747e+01,7.392906445665445858e+01,4.811504497953046666e+01
-1.913980431365454482e+00,5.853449411794575674e-01,1.073364195315612157e+01,1.568235942232331581e+01,5.999415497219649396e+00,6.329271580672798336e+01,1.452910600982022515e+01,8.319928075404857282e+01,4.709547075288261198e+01
-1.913980431365454482e+00,8.387842985320252964e-01,1.242824883553050341e+01,1.499928930891383061e+01,5.992966094036328073e+00,8.102449820169158556e+01,1.986921576324558458e+01,9.934731147829066344e+01,5.612179666064486838e+01
-1.913980431365454482e+00,1.092223655884593025e+00,1.406333423549701678e+01,1.536564928981078992e+01,5.999351047961400951e+00,8.263602233391020491e+01,2.473497317255499439e+01,1.119495207893344855e+02,7.088237620030150765e+01
-1.913980431365454482e+00,1.345663013237160754e+00,1.503583559210989051e+01,1.685371979763658601e+01,6.008195548157917898e+00,1.000462055942226982e+02,2.450762125119870305e+01,1.510260373151472777e+02,6.974010096858410179e+01
-1.913980431365454482e+00,1.599102370589728483e+00,1.495189048031204493e+01,1.858701891633518244e+01,6.021821255750385404e+00,1.210483261276233407e+02,1.943757218638282325e+01,1.967367499760184728e+02,5.700136517003957692e+01
-1.913980431365454482e+00,1.852541727942296212e+00,1.340077548738374347e+01,1.929497905796415580e+01,6.047588954018079832e+00,1.139440126310794312e+02,1.553133802845226619e+01,2.093436629724047862e+02,5.414222673622531801e+01
-1.913980431365454482e+00,2.105981085294863941e+00,1.088860503320132445e+01,1.822788733044285436e+01,6.074379768706178240e+00,1.123980122276826705e+02,1.556413958438757561e+01,2.106051057222760221e+02,5.494503811469400745e+01
-1.913980431365454482e+00,2.359420442647431670e+00,8.108560054926682525e+00,1.570101398427073036e+01,6.078902325505373128e+00,1.087770611160860028e+02,1.559087660072257009e+01,2.069178030738936229e+02,5.497064344589671947e+01
-1.913980431365454482e+00,2.612859799999999399e+00,6.545454309398820669e+00,1.289207750796458640e+01,6.053824034003817189e+00,1.050928875842174648e+02,1.555859298755227549e+01,2.030063420723606384e+02,5.484681808399245995e+01
-1.666334682346219953e+00,-3.469684776461626541e+00,2.336590455436859060e+00,2.501825322859986045e+00,6.135400638837251286e+00,1.236010624596629270e+02,2.090465606905806339e+01,1.836228942107468072e+02,6.993994965247033235e+01
-1.666334682346219953e+00,-3.216245419109058812e+00,7.133764132476052566e+00,6.843759529679118714e+00,6.069142256885126763e+00,6.936820774871561923e+01,2.044215630654164428e+01,9.596266023735722683e+01,6.959635181617791488e+01
-1.666334682346219953e+00,-2.962806061756491083e+00,1.193093780951525140e+01,1.554531207240870572e+01,6.028463141796322589e+00,6.088285377219396821e+01,2.023978036252210089e+01,7.977468571564475042e+01,6.837875115674648896e+01
-1.666334682346219953e+00,-2.709366704403923354e+00,1.663267582234474418e+01,2.558892607064535696e+01,6.008380401925472292e+00,7.644504549809470006e+01,1.816863001027737212e+01,1.000124896480137551e+02,5.714716302023428796e+01
-1.666334682346219953e+00,-2.455927347051355625e+00,2.105188021960446676e+01,3.405594676357304706e+01,6.014672982288781000e+00,8.158003090582369055e+01,1.474260179304621232e+01,1.067375480401215384e+02,4.980181683334465248e+01
-1.666334682346219953e+00,-2.202487989698787896e+00,2.388840915790737185e+01,3.928949301764350821e+01,6.036591881995331477e+00,8.001257773083622737e+01,1.553482225484500745e+01,1.056098978206932770e+02,5.383849603732179645e+01
-1.666334682346219953e+00,-1.949048632346220167e+00,2.512783868927777675e+01,4.106362072127285501e+01,6.045602477166300837e+00,8.067437450831531009e+01,1.533427476485909580e+01,1.062397347317048002e+02,5.353343842831510102e+01
-1.666334682346219953e+00,-1.695609274993652438e+00,2.444132694579117882e+01,3.993352829254672542e+01,6.026485300640297638e+00,7.923575814196976808e+01,1.562170351223118736e+01,1.048046923727695514e+02,5.405812392574598846e+01
-1.666334682346219953e+00,-1.442169917641084709e+00,2.170290509932763356e+01,3.655646780316146760e+01,5.996011408156865841e+00,7.608297392988446006e+01,1.447260770809554487e+01,1.009694014875207699e+02,4.933020266114044006e+01
-1.666334682346219953e+00,-1.188730560288516980e+00,1.819686962267281416e+01,3.158114787415161118e+01,5.978213285359569973e+00,7.671437199710379673e+01,1.827299301158192435e+01,9.477761140244557225e+01,5.445851561481678260e+01
-1.666334682346219953e+00,-9.352912029359492507e-01,1.412220722318289745e+01,2.594213191951621411e+01,5.975910092123105422e+00,7.670283156986228335e+01,2.114174072194442644e+01,8.770772417415905409e+01,6.475085346896992178e+01
-1.666334682346219953e+00,-6.818518455833815217e-01,1.062210016262986834e+01,2.090390012847365142e+01,5.979088057040803150e+00,7.156352858903103709e+01,2.021363605573775502e+01,8.172193296538759455e+01,6.084065934097436212e+01
-1.666334682346219953e+00,-4.284124882308133486e-01,7.590349072636646710e+00,1.752370478990724223e+01,5.986252141497928392e+00,6.176683500860413290e+01,1.541789771272613940e+01,7.679987476391666235e+01,4.803610509028518294e+01
-1.666334682346219953e+00,-1.749731308782456196e-01,6.288123148064737045e+00,1.597399302584835823e+01,5.999230458672134780e+00,5.402695234779403677e+01,1.457508912942468449e+01,7.414293608016023995e+01,4.722273873832963886e+01
-1.666334682346219953e+00,7.846622647432210940e-02,6.617802508623222835e+00,1.548152393377768021e+01,6.007745879437101699e+00,5.126278442390150758e+01,1.506801427513092762e+01,7.226453063909362129e+01,4.836643457798165002e+01
-1.666334682346219953e+00,3.319055838268898384e-01,8.250679920029073244e+00,1.508008217785118177e+01,6.001421308073089378e+00,6.589364863666355632e+01,1.518276319183170386e+01,8.697982311768859631e+01,4.851161306399493611e+01
-1.666334682346219953e+00,5.853449411794575674e-01,1.023314564891454204e+01,1.450640980884691089e+01,5.990087485051216021e+00,1.071574638186564243e+02,1.348200550661123920e+01,1.283863311472090629e+02,4.410407765917884859e+01
-1.666334682346219953e+00,8.387842985320252964e-01,1.160595503144447349e+01,1.435110974523604455e+01,5.990424851880487012e+00,1.168963555794967419e+02,1.564241458548356967e+01,1.443233649443506010e+02,4.622853016188443576e+01
-1.666334682346219953e+00,1.092223655884593025e+00,1.275206815421943318e+01,1.529020943102659658e+01,5.999886774200463790e+00,8.403614846498243196e+01,1.810806873274897200e+01,1.233024169332105373e+02,5.294972876792783012e+01
-1.666334682346219953e+00,1.345663013237160754e+00,1.351147908142121778e+01,1.715024650324812683e+01,6.005925003771056758e+00,8.686146067060838050e+01,1.802222490243242348e+01,1.358495728709950470e+02,5.274537829505199937e+01
-1.666334682346219953e+00,1.599102370589728483e+00,1.368942631464963711e+01,1.874918582364716713e+01,6.011828247682963422e+00,1.199789651459526851e+02,1.552149982800386141e+01,1.840749361280884671e+02,4.766421210348618587e+01
-1.666334682346219953e+00,1.852541727942296212e+00,1.243047915190965114e+01,1.872382759116817397e+01,6.029441209232501819e+00,1.208770943280835013e+02,1.428176727104277610e+01,2.094625082276722310e+02,5.041706900768304678e+01
-1.666334682346219953e+00,2.105981085294863941e+00,1.015686592732453342e+01,1.663882037680377834e+01,6.053499704831688533e+00,1.071924940453542234e+02,1.594889244816415541e+01,2.067737839782872129e+02,5.579600863496445129e+01
-1.666334682346219953e+00,2.359420442647431670e+00,7.258634666202223862e+00,1.343723838683945360e+01,6.064827615670329131e+00,1.115128352694232490e+02,1.581783056786020047e+01,2.098830359850390153e+02,5.545686404333852693e+01
-1.666334682346219953e+00,2.612859799999999399e+00,5.829361845158534727e+00,1.088859080898691900e+01,6.061478491791077339e+00,1.430197737169324341e+02,1.553167579206134974e+01,2.432845622324487067e+02,5.523125313677591208e+01
-1.418688933326985646e+00,-3.469684776461626541e+00,4.978122069865165145e-01,6.998409731250148980e+00,6.107198896526416121e+00,8.695759052283489154e+01,1.634917567184727361e+01,1.228257099914293775e+02,6.384283950791441242e+01
-1.418688933326985646e+00,-3.216245419109058812e+00,6.292847621820643056e+00,1.177774134805258655e+01,6.076511207453604513e+00,4.244710978664394929e+01,1.627444310299613051e+01,7.156854945122184120e+01,6.412362291414810045e+01
-1.418688933326985646e+00,-2.962806061756491083e+00,1.208788303665476960e+01,1.988294096072149841e+01,6.050817668312286735e+00,4.385619627192556891e+01,1.635674527890754959e+01,7.259971696550699960e+01,6.438426070631437881e+01
-1.418688933326985646e+00,-2.709366704403923354e+00,1.780919407244425656e+01,2.846713034344156767e+01,6.027745010865634079e+00,6.149832727170395685e+01,1.508192917560699797e+01,9.105116226148214764e+01,5.704956000494219381e+01
-1.418688933326985646e+00,-2.455927347051355625e+00,2.285200308601014640e+01,3.528200752034445031e+01,6.016133383575829718e+00,7.809187714990599716e+01,1.522121195508877456e+01,1.056164603678311664e+02,4.975944216992589020e+01
-1.418688933326985646e+00,-2.202487989698787896e+00,2.592246091430727972e+01,3.945102124871573324e+01,6.017751450462233365e+00,8.584440084923006964e+01,1.651430796317472272e+01,1.116744482013464221e+02,5.391193416609944933e+01
-1.418688933326985646e+00,-1.949048632346220167e+00,2.660134501915195671e+01,4.113583988563459570e+01,6.015321003254245014e+00,8.481459611463505155e+01,1.641212103580184944e+01,1.109045370880496648e+02,5.471214272154737301e+01
-1.418688933326985646e+00,-1.695609274993652438e+00,2.499724805399994310e+01,4.064209557310005039e+01,5.997620761027256719e+00,8.240058400308274145e+01,1.624742047128755829e+01,1.091699557984434108e+02,5.296111326193139490e+01
-1.418688933326985646e+00,-1.442169917641084709e+00,2.136654533582119697e+01,3.795201577968600759e+01,5.979887557497678863e+00,8.084586309252125602e+01,1.405177998401224038e+01,1.036717945333863753e+02,4.725692833305629392e+01
-1.418688933326985646e+00,-1.188730560288516980e+00,1.682515753407843562e+01,3.312274658059595822e+01,5.978922681798137795e+00,7.692638321379519084e+01,1.450954016855300033e+01,9.322226158548922115e+01,4.990098538867466260e+01
-1.418688933326985646e+00,-9.352912029359492507e-01,1.190062307931789753e+01,2.698831977802819893e+01,5.987042126759867244e+00,7.278424018323079281e+01,1.562686502393898813e+01,8.667826611189234143e+01,5.379569275729654976e+01
-1.418688933326985646e+00,-6.818518455833815217e-01,7.985523534427463765e+00,2.120710860500275885e+01,5.988109123810429146e+00,6.938108527192898123e+01,1.555568282901234411e+01,8.406699432814698980e+01,5.314749593192698285e+01
-1.418688933326985646e+00,-4.284124882308133486e-01,5.304971875364583589e+00,1.736982042904401169e+01,5.982876712992849733e+00,6.385945142052713663e+01,1.358976794713302105e+01,8.026390284204994430e+01,4.694468462282375754e+01
-1.418688933326985646e+00,-1.749731308782456196e-01,4.812352857693348085e+00,1.593853715871136956e+01,5.981300279943669196e+00,5.944334746555229287e+01,1.398363983535710808e+01,7.394648602122069292e+01,4.570369721422142106e+01
-1.418688933326985646e+00,7.846622647432210940e-02,6.514073993336564783e+00,1.607185136514817714e+01,5.982079544765263712e+00,5.659099625862225480e+01,1.546914390901742387e+01,6.993484958841358434e+01,4.973261847765296295e+01
-1.418688933326985646e+00,3.319055838268898384e-01,8.970746315023840012e+00,1.654237867399842798e+01,5.979237785782315129e+00,8.341205105227294325e+01,1.532559061452437454e+01,9.952029405037171728e+01,4.839618502688811930e+01
-1.418688933326985646e+00,5.853449411794575674e-01,1.091601916221106094e+01,1.684013475890105838e+01,5.979790807128869901e+00,1.264093548218363026e+02,1.295807405635313359e+01,1.515887717789245244e+02,4.174903697172900507e+01
-1.418688933326985646e+00,8.387842985320252964e-01,1.168327438819916253e+01,1.736575411542889924e+01,5.993027293140843703e+00,1.131298226616483475e+02,1.402582012818606039e+01,1.543866057957770579e+02,4.468498309130656310e+01
-1.418688933326985646e+00,1.092223655884593025e+00,1.241923056539780035e+01,1.856877504679778212e+01,6.009058070273954222e+00,7.069765826387532570e+01,1.493416168827641144e+01,1.185059543398003825e+02,4.718346289901315771e+01
-1.418688933326985646e+00,1.345663013237160754e+00,1.295302456180686512e+01,1.998673926036917692e+01,6.010849797976907105e+00,7.023170307018750691e+01,1.489703992808552968e+01,1.166600151992919052e+02,4.703291610139086742e+01
-1.418688933326985646e+00,1.599102370589728483e+00,1.274545969358521091e+01,2.025480655555020348e+01,6.002548081444828654e+00,1.004093252824272895e+02,1.420389207884937122e+01,1.520061140377164008e+02,4.551328324035572592e+01
-1.418688933326985646e+00,1.852541727942296212e+00,1.122336622601199707e+01,1.818816051891190000e+01,6.004093742871654982e+00,1.092595687059609872e+02,1.324204712326619848e+01,1.792358843230767889e+02,4.458519092995422994e+01
-1.418688933326985646e+00,2.105981085294863941e+00,8.674064921269323492e+00,1.398162690699291488e+01,6.021423799838030000e+00,9.951761648076046640e+01,1.607223144855991492e+01,1.850103784845745452e+02,5.267845035524536712e+01
-1.418688933326985646e+00,2.359420442647431670e+00,5.808269666015823951e+00,9.438314118903690542e+00,6.043653746448777397e+00,1.182754570839168196e+02,1.663610009673180201e+01,2.124733818047040756e+02,5.590516703916713936e+01
-1.418688933326985646e+00,2.612859799999999399e+00,4.514420478900676770e+00,6.988385978434052959e+00,6.081291350259975914e+00,1.744519272969246799e+02,1.737421061157445834e+01,2.870898654338300275e+02,6.135182552480986118e+01
-1.171043184307751117e+00,-3.469684776461626541e+00,0.000000000000000000e+00,1.385393997903565833e+01,6.082011476902816405e+00,4.319082256650057161e+01,1.657217304261113000e+01,7.308909450921885309e+01,6.503332121396799437e+01
-1.171043184307751117e+00,-3.216245419109058812e+00,7.624051322671197894e+00,1.899156336616852059e+01,6.084767115884464950e+00,4.188749831451741557e+01,1.660441815157724932e+01,7.266705140131550422e+01,6.502557501621789982e+01
-1.171043184307751117e+00,-2.962806061756491083e+00,1.524810264534239757e+01,2.633841067331832164e+01,6.077105412536777607e+00,4.965331510696313444e+01,1.686917661515479949e+01,8.055400340210219667e+01,6.581422839834444005e+01
-1.171043184307751117e+00,-2.709366704403923354e+00,2.276307248981492748e+01,3.329990970339258638e+01,6.053854968701632977e+00,5.430427352230523752e+01,1.617943944494137654e+01,8.364838715131169522e+01,6.238504053659082871e+01
-1.171043184307751117e+00,-2.455927347051355625e+00,2.858344514403015779e+01,3.826428273022338544e+01,6.026006430788672930e+00,7.615676031626958320e+01,1.975524120732875843e+01,1.043651459915210182e+02,6.237978178596035406e+01
-1.171043184307751117e+00,-2.202487989698787896e+00,3.162782375637892684e+01,4.101856899384529243e+01,6.008110807576683143e+00,9.372655032545404197e+01,2.397404864868749286e+01,1.257776344196246328e+02,7.414494009062592283e+01
-1.171043184307751117e+00,-1.949048632346220167e+00,3.081468454603849594e+01,4.204139807177853072e+01,5.995189857095258645e+00,9.577133722237162772e+01,2.456239060798244722e+01,1.290765450092247875e+02,7.797780496657547644e+01
-1.171043184307751117e+00,-1.695609274993652438e+00,2.750160224798788633e+01,4.149419645040961768e+01,5.980722480805781061e+00,9.381059735950198331e+01,2.307989252350975917e+01,1.216242435636917207e+02,6.959133039043555868e+01
-1.171043184307751117e+00,-1.442169917641084709e+00,2.237788792438967533e+01,3.898038085781718110e+01,5.977116050718882967e+00,8.961440918386628596e+01,1.760013593794232989e+01,1.072907907588028991e+02,5.554770226879970352e+01
-1.171043184307751117e+00,-1.188730560288516980e+00,1.672657774878042147e+01,3.431470371438899747e+01,5.991942124835215822e+00,7.869749816730676173e+01,1.579887637913119036e+01,9.251250558778976085e+01,5.455774190372576982e+01
-1.171043184307751117e+00,-9.352912029359492507e-01,1.109063662809517226e+01,2.842532435505290778e+01,6.007296348569436617e+00,7.354540416740243813e+01,1.610104036260712235e+01,8.797763100731980046e+01,5.517478421068341277e+01
-1.171043184307751117e+00,-6.818518455833815217e-01,7.219066350539657506e+00,2.327210985674446420e+01,6.003414740625711232e+00,7.043013145941159792e+01,1.625587396086943670e+01,8.433541914335792455e+01,5.571650775071228168e+01
-1.171043184307751117e+00,-4.284124882308133486e-01,5.296957176640401777e+00,2.063276248318197759e+01,5.985208807121213503e+00,6.501984352958098157e+01,1.532683537039623367e+01,7.846279796992237721e+01,5.248700618921321137e+01
-1.171043184307751117e+00,-1.749731308782456196e-01,6.545981118430891144e+00,2.082425147693174949e+01,5.970488513269931907e+00,6.845072313211349524e+01,1.884353262581088728e+01,7.572511872779554665e+01,5.730853918654455725e+01
-1.171043184307751117e+00,7.846622647432210940e-02,1.004591336183629835e+01,2.259308088510351809e+01,5.965196133766604625e+00,7.208344006582052543e+01,2.302917534455048809e+01,7.351992522291001819e+01,7.123877129997327984e+01
-1.171043184307751117e+00,3.319055838268898384e-01,1.315993223127461498e+01,2.428797867299817881e+01,5.966142644353108260e+00,8.293375679251496990e+01,2.215580224154812328e+01,9.007757527113750484e+01,6.615164654683734113e+01
-1.171043184307751117e+00,5.853449411794575674e-01,1.533664001928690013e+01,2.516024583284797700e+01,5.977072513066792325e+00,9.018449269950892244e+01,1.624552238788247749e+01,1.187215730824941318e+02,4.750517745413118575e+01
-1.171043184307751117e+00,8.387842985320252964e-01,1.611697359604521296e+01,2.554710467582390265e+01,6.000723407953333144e+00,7.632755034161306185e+01,1.476413678864810031e+01,1.242769754746278181e+02,4.662552701530104571e+01
-1.171043184307751117e+00,1.092223655884593025e+00,1.649829848997652704e+01,2.587701211156036152e+01,6.021445513917392134e+00,6.851997249885303631e+01,1.488814545007547352e+01,1.169237242130299990e+02,4.704503658345550576e+01
-1.171043184307751117e+00,1.345663013237160754e+00,1.614824159608705756e+01,2.565527094947628939e+01,6.019211050372323513e+00,6.871138835593154681e+01,1.484232835764862379e+01,1.153628110511275793e+02,4.684114122367864042e+01
-1.171043184307751117e+00,1.599102370589728483e+00,1.453482455871389689e+01,2.359353264431501884e+01,5.999323348001246892e+00,7.285748573256222471e+01,1.483642341803950337e+01,1.202589316457615212e+02,4.681639257591945125e+01
-1.171043184307751117e+00,1.852541727942296212e+00,1.179436089356988404e+01,1.886743893549737550e+01,5.988000412533265759e+00,8.212217010313963783e+01,1.625969186331076344e+01,1.338581722937277618e+02,4.795812239072147776e+01
-1.171043184307751117e+00,2.105981085294863941e+00,8.580800957352977321e+00,1.233526232251915644e+01,5.999710545643995196e+00,9.103137702015629884e+01,2.247110027857988257e+01,1.541488370391662102e+02,6.564531551950973665e+01
-1.171043184307751117e+00,2.359420442647431670e+00,5.638231909450952095e+00,6.535874476139724720e+00,6.031580719325138062e+00,1.141350792563099503e+02,2.452778196872509398e+01,1.982525315430083879e+02,7.786546506402518730e+01
-1.171043184307751117e+00,2.612859799999999399e+00,4.597103705988114797e+00,4.348850290778045746e+00,6.109944002653218575e+00,1.527551857798402182e+02,2.524842093984647562e+01,2.712568766122346346e+02,8.809935154674880664e+01
-9.233974352885166992e-01,-3.469684776461626541e+00,4.583610231480884423e+00,2.043536516310632578e+01,6.065749374717642972e+00,4.651668010426965338e+01,1.654826494798533432e+01,7.673902718757946673e+01,6.499899171138932275e+01
-9.233974352885166992e-01,-3.216245419109058812e+00,1.435561853044297465e+01,2.602965020369902049e+01,6.084048087812474748e+00,4.869392349085325122e+01,1.656775438648685039e+01,7.913019253207536963e+01,6.506997763136175195e+01
-9.233974352885166992e-01,-2.962806061756491083e+00,2.412762682940505954e+01,3.297005236943641648e+01,6.088929704804824539e+00,5.628897572657842829e+01,1.655140054942791039e+01,8.652397950786999559e+01,6.485801662881959828e+01
-9.233974352885166992e-01,-2.709366704403923354e+00,3.339905420494361010e+01,3.886292543127547106e+01,6.066533576153198659e+00,7.525470328964934197e+01,1.635666597464618022e+01,1.059433940427091727e+02,6.341647556487736637e+01
-9.233974352885166992e-01,-2.455927347051355625e+00,3.960674700630926282e+01,4.248590303824585135e+01,6.029936060400557629e+00,1.049697999954684065e+02,2.179465412960303183e+01,1.444449598795367535e+02,7.123921578777979846e+01
-9.233974352885166992e-01,-2.202487989698787896e+00,4.133745118182255851e+01,4.398198563612550060e+01,6.002611385641047015e+00,1.128511491608387161e+02,2.738802768962829504e+01,1.640093424822111388e+02,9.066557929929186344e+01
-9.233974352885166992e-01,-1.949048632346220167e+00,3.819070188445324732e+01,4.400426292333850142e+01,5.986455832366554652e+00,1.061243723258693876e+02,2.842360907081340926e+01,1.553238034845380753e+02,9.705581588530580461e+01
-9.233974352885166992e-01,-1.695609274993652438e+00,3.249955183919362156e+01,4.274957847456516902e+01,5.976101796005853117e+00,1.008484846025645254e+02,2.613556955265968540e+01,1.360740600712630908e+02,8.321841955302693350e+01
-9.233974352885166992e-01,-1.442169917641084709e+00,2.582830612624211142e+01,3.989682065500983299e+01,5.980510788787900545e+00,9.259171727960782050e+01,1.901264252198373228e+01,1.124740653086413715e+02,6.069958257275872882e+01
-9.233974352885166992e-01,-1.188730560288516980e+00,1.893929979971818511e+01,3.549943227779385779e+01,6.001636502804655215e+00,8.160215486828622033e+01,1.572695839527704820e+01,9.603661313915355890e+01,5.465358596794138180e+01
-9.233974352885166992e-01,-9.352912029359492507e-01,1.309549893983429669e+01,3.079581862932991498e+01,6.017713020250705647e+00,7.679426185784188874e+01,1.566302664793502863e+01,9.113614713196741945e+01,5.394950255867291844e+01
-9.233974352885166992e-01,-6.818518455833815217e-01,9.981350580528577154e+00,2.785787047952089779e+01,6.009655873296370743e+00,7.209890352751415321e+01,1.597908481356872734e+01,8.694091469652050819e+01,5.494457312251520165e+01
-9.233974352885166992e-01,-4.284124882308133486e-01,1.007001583622616536e+01,2.815095140504945448e+01,5.985945401379030528e+00,7.770866526367863969e+01,1.558280230312346148e+01,9.132369776796556948e+01,5.394941769224680428e+01
-9.233974352885166992e-01,-1.749731308782456196e-01,1.385585117386935217e+01,3.128913935741820751e+01,5.967362525376117333e+00,9.017297763698019253e+01,2.121273409105281971e+01,9.760136473114641831e+01,6.669918876883363623e+01
-9.233974352885166992e-01,7.846622647432210940e-02,1.887389119755194855e+01,3.523071062620965677e+01,5.960985987774028771e+00,8.889215139622729112e+01,2.711946615723656961e+01,8.773827446553674747e+01,8.948958650799339409e+01
-9.233974352885166992e-01,3.319055838268898384e-01,2.262892216382759969e+01,3.781577423984253983e+01,5.963591355890408785e+00,8.292399204789933265e+01,2.577078370601173418e+01,8.440531983941812655e+01,8.198662778801499940e+01
-9.233974352885166992e-01,5.853449411794575674e-01,2.527695600882491078e+01,3.823945958341482765e+01,5.977953034716451342e+00,7.683720228742407699e+01,1.772044671068799104e+01,1.015877470937784608e+02,5.320990586899434049e+01
-9.233974352885166992e-01,8.387842985320252964e-01,2.598137496249493950e+01,3.713557368609053810e+01,6.004775680491421852e+00,7.591266417009074985e+01,1.485181065111943433e+01,1.208265872354620853e+02,4.704536514029879868e+01
-9.233974352885166992e-01,1.092223655884593025e+00,2.548940885897194875e+01,3.534632736677394860e+01,6.026153915081748025e+00,8.312984990102114580e+01,1.487390874109593497e+01,1.303149958897083138e+02,4.687233886613321232e+01
-9.233974352885166992e-01,1.345663013237160754e+00,2.343270192601795188e+01,3.274234990392596956e+01,6.021387687696304170e+00,7.893136737968296757e+01,1.501140078172115899e+01,1.264023629840769445e+02,4.729476173540276562e+01
-9.233974352885166992e-01,1.599102370589728483e+00,1.966077403257754241e+01,2.834512160959639004e+01,5.997478869103583854e+00,7.271926562029875640e+01,1.492010230990928754e+01,1.197324612844650886e+02,4.719009373030940679e+01
-9.233974352885166992e-01,1.852541727942296212e+00,1.523565633851390011e+01,2.165519155368474458e+01,5.983045020263379143e+00,7.901224640837600077e+01,1.739254263746815354e+01,1.254807562147425699e+02,5.075549195681535508e+01
-9.233974352885166992e-01,2.105981085294863941e+00,1.116326537023920196e+01,1.387813389970142453e+01,5.993542880145282581e+00,9.073364031666629614e+01,2.513698913981303917e+01,1.436693739076111740e+02,7.517819505685790205e+01
-9.233974352885166992e-01,2.359420442647431670e+00,8.314906131017082203e+00,7.811846806338508031e+00,6.027262698122155093e+00,1.038922609221800286e+02,2.774003716199293024e+01,1.755712932161903552e+02,9.127734202517888207e+01
-9.233974352885166992e-01,2.612859799999999399e+00,8.023286801556276160e+00,6.354578112796161804e+00,6.120024498361694043e+00,1.177657266195069781e+02,2.823262987928810830e+01,2.170821639320794816e+02,1.006324255768163454e+02
-6.757516862692822812e-01,-3.469684776461626541e+00,1.526759630677858226e+01,2.416347301904988853e+01,6.072911699795266571e+00,9.310645820534668360e+01,1.626286659805710144e+01,1.262229484210571968e+02,6.385521799725751180e+01
-6.757516862692822812e-01,-3.216245419109058812e+00,2.669774707718120865e+01,3.041098833161595394e+01,6.072941983306491487e+00,6.011988958614404055e+01,1.642203983847286608e+01,9.045095750773775478e+01,6.474762016514753782e+01
-6.757516862692822812e-01,-2.962806061756491083e+00,3.812789784758381018e+01,3.759611689520806976e+01,6.074560460948172924e+00,8.301403182785020363e+01,1.637665618220695052e+01,1.141959968490109105e+02,6.445590460985239645e+01
-6.757516862692822812e-01,-2.709366704403923354e+00,4.839646811177316010e+01,4.340945867293612537e+01,6.051251815124057742e+00,1.478090704893805309e+02,1.651443384637333978e+01,1.897846357897186635e+02,6.194432817426161364e+01
-6.757516862692822812e-01,-2.455927347051355625e+00,5.329325837966369761e+01,4.668812233206972451e+01,6.016821456837507576e+00,1.783284192802631765e+02,2.154018687282020750e+01,2.430240735983601894e+02,6.687261783512811064e+01
-6.757516862692822812e-01,-2.202487989698787896e+00,5.189671980492049386e+01,4.755940740225832997e+01,5.995045338641172172e+00,1.513918887716941981e+02,2.605894516284899609e+01,2.260559320475484810e+02,8.187517911759152867e+01
-6.757516862692822812e-01,-1.949048632346220167e+00,4.544227284984545179e+01,4.667350811251435516e+01,5.984386648489658178e+00,1.180605994866010491e+02,2.666090473328176458e+01,1.827003247496854215e+02,8.605608811163807559e+01
-6.757516862692822812e-01,-1.695609274993652438e+00,3.747382593469468759e+01,4.441109737967508408e+01,5.975955674085947855e+00,1.029238819441790724e+02,2.502561519966543813e+01,1.508223588897662637e+02,7.504497147047729300e+01
-6.757516862692822812e-01,-1.442169917641084709e+00,2.964826375880947396e+01,4.091515615817206708e+01,5.977740364728086675e+00,9.156847173907675597e+01,1.889264659329883145e+01,1.218682836189166494e+02,5.656878669564584783e+01
-6.757516862692822812e-01,-1.188730560288516980e+00,2.275204635246086227e+01,3.684940946023107244e+01,5.993616225563801692e+00,8.302069350423059291e+01,1.571478241368893514e+01,1.000159847018356487e+02,5.360588303294700552e+01
-6.757516862692822812e-01,-9.352912029359492507e-01,1.791997257182068992e+01,3.386780191127309081e+01,6.005344489967654020e+00,7.818797042340224834e+01,1.580506268355387789e+01,9.222308642037005200e+01,5.469871193342930837e+01
-6.757516862692822812e-01,-6.818518455833815217e-01,1.706667070832066457e+01,3.392680983471927902e+01,5.997105589251472857e+00,8.916365386841452789e+01,1.602734689892579922e+01,1.043541783099674944e+02,5.500174753199755884e+01
-6.757516862692822812e-01,-4.284124882308133486e-01,2.030921106661952180e+01,3.776890349944824266e+01,5.978575275967937586e+00,1.239276963608398887e+02,1.546763841379206461e+01,1.374366978642825075e+02,5.252467322601220445e+01
-6.757516862692822812e-01,-1.749731308782456196e-01,2.611356407757125098e+01,4.395439694748165493e+01,5.967775639958113665e+00,1.301203856783708659e+02,2.089638757244736311e+01,1.452353692469023372e+02,6.282240923213933570e+01
-6.757516862692822812e-01,7.846622647432210940e-02,3.159455041488575944e+01,4.953380626811031107e+01,5.966190712498359083e+00,1.022649875288221892e+02,2.606231676621417037e+01,1.132716868448845275e+02,8.203932200954740495e+01
-6.757516862692822812e-01,3.319055838268898384e-01,3.578967947259198468e+01,5.197594900799140305e+01,5.967448231549763449e+00,9.052300537085149301e+01,2.516931251741356945e+01,1.011987763109752336e+02,7.628761197981967257e+01
-6.757516862692822812e-01,5.853449411794575674e-01,3.848162819032930315e+01,5.073658071075533371e+01,5.976460766794164492e+00,9.835142578608896713e+01,1.849701644641441334e+01,1.301706658079426404e+02,5.174005335153709240e+01
-6.757516862692822812e-01,8.387842985320252964e-01,3.835157598115561939e+01,4.714343850329260022e+01,5.997965462844364382e+00,9.941496924659543311e+01,1.490696550721309421e+01,1.517069368756077097e+02,4.519409251838970221e+01
-6.757516862692822812e-01,1.092223655884593025e+00,3.614315268427914418e+01,4.284087213991642784e+01,6.016395724175250592e+00,9.142861245597117659e+01,1.437148688255650342e+01,1.418881547392936966e+02,4.480818838579482843e+01
-6.757516862692822812e-01,1.345663013237160754e+00,3.165970478837138913e+01,3.834115543493044242e+01,6.012426954650506694e+00,8.402981673796972473e+01,1.451936453374872471e+01,1.291369284526034846e+02,4.503880489343602278e+01
-6.757516862692822812e-01,1.599102370589728483e+00,2.543065577091902441e+01,3.301625210426118429e+01,5.993722347708439813e+00,8.523408145332966512e+01,1.389483047500905499e+01,1.343387731745287681e+02,4.285925969613874287e+01
-6.757516862692822812e-01,1.852541727942296212e+00,1.997474005649831952e+01,2.641144759152666666e+01,5.986208451968333399e+00,9.130236897534621221e+01,1.586045080505896188e+01,1.452456953990385955e+02,4.422573587316605881e+01
-6.757516862692822812e-01,2.105981085294863941e+00,1.608688958713853623e+01,1.951958515010755946e+01,5.999324868271846078e+00,9.605363038803464804e+01,2.133133363027513596e+01,1.524020095164985662e+02,6.034247648125541019e+01
-6.757516862692822812e-01,2.359420442647431670e+00,1.406682706462176036e+01,1.475147484387434815e+01,6.025085616655545095e+00,9.848274132074220688e+01,2.306376258282344693e+01,1.625721778504363044e+02,7.082737073145354145e+01
-6.757516862692822812e-01,2.612859799999999399e+00,1.546160372217616796e+01,1.455603401177631895e+01,6.096088859353569589e+00,1.007973953112782226e+02,2.425548974129129931e+01,1.766461657451051224e+02,7.924484629054421703e+01
-4.281059372500477522e-01,-3.469684776461626541e+00,3.042605107044231616e+01,2.391993184805028250e+01,6.116808449615782628e+00,1.257831390474815407e+02,1.954873705494727432e+01,1.741578831828441594e+02,6.774380355057235192e+01
-4.281059372500477522e-01,-3.216245419109058812e+00,4.204704803253430612e+01,3.094107144695408351e+01,6.061230996184017172e+00,8.867960442094670270e+01,1.883360981200062412e+01,1.228528836976821879e+02,6.693966766742985897e+01
-4.281059372500477522e-01,-2.962806061756491083e+00,5.366804499462629963e+01,3.890991207208844571e+01,6.042105148042287155e+00,1.258851580894116751e+02,1.899629708625960589e+01,1.676931032204265648e+02,6.635207110199776537e+01
-4.281059372500477522e-01,-2.709366704403923354e+00,6.219875799975955033e+01,4.552119095378930069e+01,6.017591309756178397e+00,2.086171878704175811e+02,1.877676341498220225e+01,2.751209367338916536e+02,5.966547915095169685e+01
-4.281059372500477522e-01,-2.455927347051355625e+00,6.357511839599700920e+01,4.942866765499093162e+01,5.996126762909113062e+00,2.333247029737105152e+02,1.917680216821339556e+01,3.178553288199864255e+02,5.477176196375858552e+01
-4.281059372500477522e-01,-2.202487989698787896e+00,5.780538067379920619e+01,5.046651473213023564e+01,5.991337831281371429e+00,1.809760427752942746e+02,1.966820960597884138e+01,2.616206653471600703e+02,5.891337359396182904e+01
-4.281059372500477522e-01,-1.949048632346220167e+00,4.915554350642834436e+01,4.912816818748342484e+01,5.990750465957129123e+00,1.279705695928388991e+02,1.953326549214818186e+01,1.972316366706097028e+02,5.984447855091026724e+01
-4.281059372500477522e-01,-1.695609274993652438e+00,4.053917348131015785e+01,4.601233812688769831e+01,5.981078942217547656e+00,1.085304191511798706e+02,1.912726451944512007e+01,1.683619109349133680e+02,5.533570003867383491e+01
-4.281059372500477522e-01,-1.442169917641084709e+00,3.310099767442785890e+01,4.186338145139143307e+01,5.972808772922817866e+00,9.414562156504825907e+01,1.694798612893206524e+01,1.395673607005932411e+02,4.674368431549446257e+01
-4.281059372500477522e-01,-1.188730560288516980e+00,2.755944563367386380e+01,3.803201451764016383e+01,5.976813447745808361e+00,8.178222884126716963e+01,1.645642925508435894e+01,1.053649629407999271e+02,5.075979560572984184e+01
-4.281059372500477522e-01,-9.352912029359492507e-01,2.492353337689500847e+01,3.650588448147300369e+01,5.982307961309595079e+00,7.829955731863594792e+01,1.697411423693005261e+01,9.125297694446530272e+01,5.613567190659174599e+01
-4.281059372500477522e-01,-6.818518455833815217e-01,2.727316901342722844e+01,3.894431017392071226e+01,5.977267552850578980e+00,1.057731551251565065e+02,1.667950580405474881e+01,1.201141483612338163e+02,5.368921105574585084e+01
-4.281059372500477522e-01,-4.284124882308133486e-01,3.316080303373148297e+01,4.525385738126624346e+01,5.970203567406435319e+00,1.503070773663788486e+02,1.533151200858722518e+01,1.716860477211624811e+02,4.573158348586829192e+01
-4.281059372500477522e-01,-1.749731308782456196e-01,3.937357902293901191e+01,5.303304729005958507e+01,5.973096930743316157e+00,1.458900012936597363e+02,1.721042198793704614e+01,1.799110464333014647e+02,4.722009821764113013e+01
-4.281059372500477522e-01,7.846622647432210940e-02,4.482094639639932154e+01,5.871722060066440463e+01,5.979045740411133458e+00,1.111768303983470076e+02,1.953083037035664304e+01,1.462138665660557706e+02,5.591290154147363722e+01
-4.281059372500477522e-01,3.319055838268898384e-01,4.841223426335056956e+01,5.977032308071193256e+01,5.977216075908807547e+00,1.117594037127161357e+02,1.936018512690203863e+01,1.448380117612578033e+02,5.400348197864583000e+01
-4.281059372500477522e-01,5.853449411794575674e-01,4.986837458450369809e+01,5.621196015078839991e+01,5.975523963096159186e+00,1.455117601329763488e+02,1.764441305038656793e+01,1.908519205880648428e+02,4.464732324578543654e+01
-4.281059372500477522e-01,8.387842985320252964e-01,4.817541606919580488e+01,5.024582769331664167e+01,5.985841934165848421e+00,1.460200697117152799e+02,1.884620005855590108e+01,2.087445792672901348e+02,4.922502357554046171e+01
-4.281059372500477522e-01,1.092223655884593025e+00,4.387174706240232069e+01,4.438874779092202516e+01,5.999125304330143571e+00,1.134088760969939784e+02,2.081890149172231830e+01,1.725803182181512625e+02,5.794518935337241317e+01
-4.281059372500477522e-01,1.345663013237160754e+00,3.680216435487929516e+01,3.975412285173206328e+01,5.999739631384121807e+00,9.505727338577182195e+01,1.995368683371985341e+01,1.444889491550841285e+02,5.531609104257906750e+01
-4.281059372500477522e-01,1.599102370589728483e+00,2.968482127257318481e+01,3.586631260792091780e+01,5.993644194705996853e+00,9.604738097465032354e+01,1.540134661844689568e+01,1.516541778551823825e+02,4.415658812361900942e+01
-4.281059372500477522e-01,1.852541727942296212e+00,2.494482016003539471e+01,3.191689472679081518e+01,5.998788236266807239e+00,9.937351552424819090e+01,1.390826930721838650e+01,1.621580272370138687e+02,4.366069654559486679e+01
-4.281059372500477522e-01,2.105981085294863941e+00,2.249794210260794003e+01,2.813823204513050769e+01,6.015651889678790276e+00,9.974606292094478022e+01,1.509944582701758797e+01,1.624656220605513113e+02,4.761919694581408180e+01
-4.281059372500477522e-01,2.359420442647431670e+00,2.214386948857276138e+01,2.602955653506887757e+01,6.028258057536214132e+00,9.998637149606787489e+01,1.548126798885531485e+01,1.639835827658354788e+02,4.949854759290152373e+01
-4.281059372500477522e-01,2.612859799999999399e+00,2.582769049089928970e+01,2.730399552529979701e+01,6.056155024422061217e+00,1.003045466994747414e+02,1.675689974237058166e+01,1.669728566787603654e+02,5.333472484386447121e+01
-1.804601882308135563e-01,-3.469684776461626541e+00,4.948980704847934931e+01,2.053163857587469465e+01,6.178144090880872241e+00,1.212622988821748606e+02,2.680967323250481016e+01,1.817212257277537901e+02,9.416080264436509140e+01
-1.804601882308135563e-01,-3.216245419109058812e+00,5.706015704501471930e+01,2.818359730408610631e+01,6.057939993238437459e+00,1.051672275377806329e+02,2.618453115963586697e+01,1.449135325816743602e+02,9.013418425921578603e+01
-1.804601882308135563e-01,-2.962806061756491083e+00,6.463050704155011772e+01,3.695222413626379421e+01,6.013578121895491790e+00,1.342192708848649545e+02,2.579270147542494129e+01,1.854274138366622253e+02,8.485060024489953889e+01
-1.804601882308135563e-01,-2.709366704403923354e+00,6.780864398669947946e+01,4.457654051016197627e+01,5.989626000347536561e+00,1.924971206608599346e+02,2.324019196181186331e+01,2.685889126752383618e+02,6.836967131982640922e+01
-1.804601882308135563e-01,-2.455927347051355625e+00,6.199311226961492594e+01,4.950303563381476124e+01,5.984063951543559412e+00,2.098909525374196221e+02,1.703341027481303982e+01,2.899788641223528884e+02,5.144203061801056975e+01
-1.804601882308135563e-01,-2.202487989698787896e+00,5.440974486322909343e+01,5.121310488812196127e+01,5.996214192306955404e+00,1.656672362580949311e+02,1.570310768503283327e+01,2.368662060077737408e+02,5.134340747603601329e+01
-1.804601882308135563e-01,-1.949048632346220167e+00,4.679990299561789868e+01,4.997565873156145244e+01,6.003873118946806642e+00,1.247196818175596036e+02,1.565875844415966078e+01,1.920526395316261983e+02,5.151879799762804879e+01
-1.804601882308135563e-01,-1.695609274993652438e+00,4.005699500921600986e+01,4.651456729639721743e+01,5.992368466066705146e+00,1.144039296692951098e+02,1.565772357320054908e+01,1.806728573179169928e+02,5.106793348004768518e+01
-1.804601882308135563e-01,-1.442169917641084709e+00,3.477361392091282255e+01,4.200667092441563000e+01,5.975137095813503940e+00,1.012990505182125673e+02,1.584793105583237960e+01,1.590674195288716248e+02,4.732661975053091652e+01
-1.804601882308135563e-01,-1.188730560288516980e+00,3.208545224385348149e+01,3.823151710942420323e+01,5.968720231469899495e+00,8.744129031756185100e+01,2.147672684803395526e+01,1.213404914448939280e+02,6.062241525838220468e+01
-1.804601882308135563e-01,-9.352912029359492507e-01,3.314833846478196477e+01,3.725411703558256704e+01,5.969069060836212692e+00,8.537258396403568383e+01,2.416619557474575331e+01,1.020896387412730206e+02,7.434350180781760287e+01
-1.804601882308135563e-01,-6.818518455833815217e-01,3.811707594240898800e+01,4.035689427619854541e+01,5.967423656068119087e+00,1.054708993608842746e+02,2.300832038094193166e+01,1.253834925660142261e+02,6.704833100364069765e+01
-1.804601882308135563e-01,-4.284124882308133486e-01,4.393141878124463062e+01,4.684700702075042500e+01,5.970066805589914871e+00,1.324200126481690631e+02,1.692563448034372087e+01,1.678947526913062234e+02,4.611691007273026344e+01
-1.804601882308135563e-01,-1.749731308782456196e-01,4.910265712584872233e+01,5.389117239973620599e+01,5.983352879850018624e+00,1.377122076110457556e+02,1.321951879337185787e+01,1.858447927851809141e+02,3.932694241257684098e+01
-1.804601882308135563e-01,7.846622647432210940e-02,5.362981629579155651e+01,5.792914531706537673e+01,5.994754736999694522e+00,1.314509378093601981e+02,1.336867751752630262e+01,1.799782285187557704e+02,4.044005606416432386e+01
-1.804601882308135563e-01,3.319055838268898384e-01,5.528692149904608755e+01,5.686487282737562055e+01,5.990599772046945048e+00,1.415457287087515397e+02,1.343590005696909273e+01,1.892548198326237525e+02,4.062227754114665856e+01
-1.804601882308135563e-01,5.853449411794575674e-01,5.404419984161447132e+01,5.139445699004409107e+01,5.979863354303980749e+00,1.794557209967199469e+02,1.352980897322939313e+01,2.295104011438125440e+02,3.959309418731575647e+01
-1.804601882308135563e-01,8.387842985320252964e-01,4.960501996270001257e+01,4.440583310561032704e+01,5.979260610905902773e+00,1.809339619967378212e+02,2.009785546606016027e+01,2.427659002364881076e+02,5.610035958022487534e+01
-1.804601882308135563e-01,1.092223655884593025e+00,4.256522752947178390e+01,3.894233867206185096e+01,5.987065599918679482e+00,1.361354498130026514e+02,2.630081216313626413e+01,2.004736087493365631e+02,8.004445336579956916e+01
-1.804601882308135563e-01,1.345663013237160754e+00,3.569676773608414067e+01,3.635887859368722275e+01,5.992897304753160626e+00,1.069897518181455496e+02,2.511815807857600547e+01,1.640155583010117937e+02,7.564208961520165531e+01
-1.804601882308135563e-01,1.599102370589728483e+00,3.107771152764366462e+01,3.601078177128056268e+01,6.000024041257502994e+00,1.033264163025916815e+02,1.765947000941724099e+01,1.634053935891084848e+02,5.312129265386387544e+01
-1.804601882308135563e-01,1.852541727942296212e+00,2.881238664523369764e+01,3.644311757324157952e+01,6.016953825088175556e+00,1.043839777019453123e+02,1.516535225109376128e+01,1.695460601285311384e+02,4.981695814342631223e+01
-1.804601882308135563e-01,2.105981085294863941e+00,2.901504052389966404e+01,3.687272485847370262e+01,6.036721710546657071e+00,1.054732805577233137e+02,1.530847039884260496e+01,1.710004040100544387e+02,5.031364487926952478e+01
-1.804601882308135563e-01,2.359420442647431670e+00,3.119127011973013808e+01,3.773667052027667523e+01,6.038110060463920625e+00,1.087496437497922841e+02,1.533498543617527865e+01,1.739562661321841404e+02,5.016243888609857038e+01
-1.804601882308135563e-01,2.612859799999999399e+00,3.702890957872224931e+01,4.004857353687020805e+01,6.026764396180471550e+00,1.084229830145504820e+02,1.531364093000290794e+01,1.730249164614806432e+02,4.987675116023084598e+01
6.718556078842088941e-02,-3.469684776461626541e+00,6.486718558695663717e+01,1.612700401115671411e+01,6.205927886440251839e+00,1.035686558810307929e+02,2.903901631030898756e+01,1.490036176744404202e+02,1.100633370812339251e+02
6.718556078842088941e-02,-3.216245419109058812e+00,6.307385138279792614e+01,2.391915795929617161e+01,6.056587244486866695e+00,9.758440222019250143e+01,2.884629962824773486e+01,1.226876157285216209e+02,1.069838254199042495e+02
6.718556078842088941e-02,-2.962806061756491083e+00,6.128051717863921510e+01,3.280568994773966551e+01,6.000761371908009068e+00,1.107676679587042941e+02,2.833220453342615741e+01,1.425647891548659629e+02,9.916093876240137206e+01
6.718556078842088941e-02,-2.709366704403923354e+00,5.835881726457314755e+01,4.074999835333528608e+01,5.979024042260026484e+00,1.381343345212893325e+02,2.431424595402623723e+01,1.917325737640531145e+02,7.486182334135543215e+01
6.718556078842088941e-02,-2.455927347051355625e+00,5.232257916546707577e+01,4.621370959715295612e+01,5.982797695826646667e+00,1.453043372124571988e+02,1.669532132622630627e+01,2.106753504482864798e+02,5.245621244407021067e+01
6.718556078842088941e-02,-2.202487989698787896e+00,4.627240190962280053e+01,4.851114775363657827e+01,6.002718636327659674e+00,1.275251346283507132e+02,1.578934528537902793e+01,1.943208973374393338e+02,5.165520202770606772e+01
6.718556078842088941e-02,-1.949048632346220167e+00,4.099544581638340901e+01,4.773770698744101537e+01,6.013557231165683525e+00,1.162209318449040722e+02,1.558590498534406343e+01,1.827983773416132465e+02,5.099945655739772121e+01
6.718556078842088941e-02,-1.695609274993652438e+00,3.690793494160864441e+01,4.457822193567608338e+01,6.001963955695829966e+00,1.141297599026254375e+02,1.596747114560769809e+01,1.816692312438204624e+02,5.211602550720848370e+01
6.718556078842088941e-02,-1.442169917641084709e+00,3.483669583409856330e+01,4.026031321475693403e+01,5.981953689474228675e+00,1.062243381833018958e+02,1.606371135940837291e+01,1.686424957382941443e+02,5.052778207066356231e+01
6.718556078842088941e-02,-1.188730560288516980e+00,3.585832846976195754e+01,3.651743783688198164e+01,5.971310076096290054e+00,9.786584406082958765e+01,2.354100383972893695e+01,1.421772288521519556e+02,7.022245703305590325e+01
6.718556078842088941e-02,-9.352912029359492507e-01,3.979883973864077973e+01,3.515422226324790245e+01,5.969535733537169264e+00,9.640858675690090251e+01,2.782702483684542827e+01,1.259016453078085078e+02,9.054058490412954541e+01
6.718556078842088941e-02,-6.818518455833815217e-01,4.492424630563984067e+01,3.710024907915340009e+01,5.969775921211274650e+00,1.055971438573082253e+02,2.578679021540748195e+01,1.366836425671469044e+02,7.947948982019396169e+01
6.718556078842088941e-02,-4.284124882308133486e-01,4.897588130418773744e+01,4.151917408512872498e+01,5.976107117644617439e+00,1.198621688942414920e+02,1.731292577506882679e+01,1.610729020928494606e+02,4.987104744899166064e+01
6.718556078842088941e-02,-1.749731308782456196e-01,5.191060420361164063e+01,4.587139306966400909e+01,5.992046812867725336e+00,1.315150285914056667e+02,1.321117053842810307e+01,1.796167993253458235e+02,4.036662918218856078e+01
6.718556078842088941e-02,7.846622647432210940e-02,5.332492333395549622e+01,4.727039388547655108e+01,6.004726331590943822e+00,1.375091025159196647e+02,1.305098476261116325e+01,1.860647703870214116e+02,3.981636976717057763e+01
6.718556078842088941e-02,3.319055838268898384e-01,5.221000408754704836e+01,4.436754514196491073e+01,6.000606803993992600e+00,1.373866744769493380e+02,1.329995363098726102e+01,1.867525201931991603e+02,4.037328529870750060e+01
6.718556078842088941e-02,5.853449411794575674e-01,4.878107118619712423e+01,3.836773994409577426e+01,5.987201234415613804e+00,1.510572290331859335e+02,1.317200480061973700e+01,2.003887142080262436e+02,4.012731196203173312e+01
6.718556078842088941e-02,8.387842985320252964e-01,4.226453657785417306e+01,3.232206256671906885e+01,5.981082840257986533e+00,1.514010814531224014e+02,1.945326878493004585e+01,2.017766380233199470e+02,5.626296147306646134e+01
6.718556078842088941e-02,1.092223655884593025e+00,3.538174408778573365e+01,2.917966904241529846e+01,5.984541523416314845e+00,1.191915306782749298e+02,2.681100163274261661e+01,1.675102333809319646e+02,8.401071209167042753e+01
6.718556078842088941e-02,1.345663013237160754e+00,3.149230906580711675e+01,3.004690753176237195e+01,5.991548985919773251e+00,9.838399353341569054e+01,2.570135053561061866e+01,1.449201311462930448e+02,7.950329576339720461e+01
6.718556078842088941e-02,1.599102370589728483e+00,3.063200574397071207e+01,3.386199449399737205e+01,6.004424397712763373e+00,1.006192090310621552e+02,1.755329920225041818e+01,1.568099090855838256e+02,5.365195264826441957e+01
6.718556078842088941e-02,1.852541727942296212e+00,3.168762922922525149e+01,3.851503819421941444e+01,6.026708257262185064e+00,1.075611155752831536e+02,1.492052392254226767e+01,1.718865285358911024e+02,4.935672364282318370e+01
6.718556078842088941e-02,2.105981085294863941e+00,3.430427654318718567e+01,4.238238149837616220e+01,6.047971887353448928e+00,1.124558222407767687e+02,1.485592411914333866e+01,1.770559919879170252e+02,4.902021938457574635e+01
6.718556078842088941e-02,2.359420442647431670e+00,3.870028899880837514e+01,4.513287517011121963e+01,6.044564462696113694e+00,1.151382083875052444e+02,1.486822791317903913e+01,1.799429960564028477e+02,4.911872381932906251e+01
6.718556078842088941e-02,2.612859799999999399e+00,4.595853447280171622e+01,4.742557308098548674e+01,6.016030245123972442e+00,1.156565454325419751e+02,1.511952562487712726e+01,1.808558639265676504e+02,4.963279854451997863e+01
3.148313098076553351e-01,-3.469684776461626541e+00,5.421800769898943884e+01,1.292538538099233847e+01,6.171432086901637248e+00,8.228752029891739994e+01,2.727242652077848106e+01,9.540960327914420702e+01,9.823965632670828541e+01
3.148313098076553351e-01,-3.216245419109058812e+00,5.046585008074808343e+01,2.013403096702950279e+01,6.047507761966728346e+00,7.149856417876480918e+01,2.644357292786719782e+01,6.696083373562368024e+01,9.432749904870763658e+01
3.148313098076553351e-01,-2.962806061756491083e+00,4.671369246250674223e+01,2.797003175145346177e+01,6.000454162274396097e+00,8.072263999929376155e+01,2.595702681681116530e+01,7.890904407568461920e+01,8.888559113415425372e+01
3.148313098076553351e-01,-2.709366704403923354e+00,4.307158692013111079e+01,3.488045992865863809e+01,5.981354347909465297e+00,1.089641688369571284e+02,2.266242128763070340e+01,1.303931651702082206e+02,6.944779711314950532e+01
3.148313098076553351e-01,-2.455927347051355625e+00,3.890040299153022829e+01,3.971313452276808675e+01,5.985154112621021483e+00,1.165729971658564637e+02,1.609628798625766422e+01,1.702761632646864598e+02,5.086289903804997437e+01
3.148313098076553351e-01,-2.202487989698787896e+00,3.564422698549184076e+01,4.195500806965901575e+01,6.003250552082204372e+00,1.103910168262414118e+02,1.594178984315516523e+01,1.793722097211610844e+02,5.216343717653197132e+01
3.148313098076553351e-01,-1.949048632346220167e+00,3.330826795832248877e+01,4.167147948688125325e+01,6.013102030019343403e+00,1.115587936782424379e+02,1.572193657705937753e+01,1.785524844126251196e+02,5.152314102008077157e+01
3.148313098076553351e-01,-1.695609274993652438e+00,3.227416174447181163e+01,3.935487189929790475e+01,6.003043772806828215e+00,1.087747100960871194e+02,1.600599667344957666e+01,1.762980822711454039e+02,5.236239682538352014e+01
3.148313098076553351e-01,-1.442169917641084709e+00,3.295453527113348002e+01,3.587253428171879932e+01,5.985566257825469805e+00,1.055133595782959333e+02,1.576684024137297513e+01,1.686946981411770707e+02,4.936408223229600623e+01
3.148313098076553351e-01,-1.188730560288516980e+00,3.596281578573506010e+01,3.243409708878516540e+01,5.976767230177365775e+00,1.030914371851031319e+02,2.227970865008002121e+01,1.535875491491347020e+02,6.362758872123220755e+01
3.148313098076553351e-01,-9.352912029359492507e-01,4.004275010083686936e+01,3.029856377519263333e+01,5.976357918857504004e+00,1.010083885667520889e+02,2.599384309537622428e+01,1.439602824330609394e+02,7.980717716925458660e+01
3.148313098076553351e-01,-6.818518455833815217e-01,4.275714248039929544e+01,3.013179507282529812e+01,5.977305630382304891e+00,1.062364380914335271e+02,2.429429349062871424e+01,1.509397587750339653e+02,7.087260097297065897e+01
3.148313098076553351e-01,-4.284124882308133486e-01,4.453666538834721678e+01,3.140168605223061604e+01,5.982107980460165564e+00,1.177479216535380431e+02,1.656293051872890842e+01,1.645485405889440926e+02,4.663369197212845307e+01
3.148313098076553351e-01,-1.749731308782456196e-01,4.470475677090296074e+01,3.244723349714968208e+01,5.994591624521595108e+00,1.234163061864771720e+02,1.306842810891944495e+01,1.717466157022726350e+02,4.015463691048118733e+01
3.148313098076553351e-01,7.846622647432210940e-02,4.333837221637115533e+01,3.147095937757603679e+01,6.005448322348876822e+00,1.218036088307602540e+02,1.301003537310352876e+01,1.700954090667308947e+02,3.991722557872800081e+01
3.148313098076553351e-01,3.319055838268898384e-01,4.048833191036246149e+01,2.789868482825022511e+01,6.003322187102257956e+00,1.168869376315816453e+02,1.321039479954099427e+01,1.656049689766383608e+02,4.030834803578217418e+01
3.148313098076553351e-01,5.853449411794575674e-01,3.529427122375476245e+01,2.306564520914525929e+01,5.993140624107672565e+00,1.161907581135309329e+02,1.287669930614964109e+01,1.633200622032532010e+02,3.966109598216679188e+01
3.148313098076553351e-01,8.387842985320252964e-01,2.955766882718886635e+01,1.957434861485216970e+01,5.987744614562471313e+00,1.063206723350407970e+02,1.778494132725213817e+01,1.396481277633862703e+02,5.027413867891129229e+01
3.148313098076553351e-01,1.092223655884593025e+00,2.624752091786587727e+01,1.968644395818137127e+01,5.988767275547771440e+00,7.491244071964504769e+01,2.365993866900726772e+01,9.609995632506623053e+01,6.985839979100880726e+01
3.148313098076553351e-01,1.345663013237160754e+00,2.627380889539861286e+01,2.389363695211886807e+01,5.991425562209842681e+00,6.926915005463619934e+01,2.279702323501357952e+01,9.473638892535890932e+01,6.645288770748881291e+01
3.148313098076553351e-01,1.599102370589728483e+00,2.866514024373056557e+01,3.067824920119801391e+01,5.999415748261991865e+00,9.320753807213912978e+01,1.651511775148889782e+01,1.415561183755330035e+02,4.911241775434995560e+01
3.148313098076553351e-01,1.852541727942296212e+00,3.180759409436541674e+01,3.755344683662860916e+01,6.018292426140278373e+00,1.090384436182331029e+02,1.521894588583134222e+01,1.753815724580966275e+02,4.986576512694375651e+01
3.148313098076553351e-01,2.105981085294863941e+00,3.603495647850311911e+01,4.255689129664824577e+01,6.039060548228420977e+00,1.120037600143219265e+02,1.520189496565890863e+01,1.784417884924598070e+02,5.008594719458373135e+01
3.148313098076553351e-01,2.359420442647431670e+00,4.141844906021776751e+01,4.516914031635951687e+01,6.038512931935770212e+00,1.206897582344781199e+02,1.510692323920860503e+01,1.852732095284933393e+02,4.945434033728054146e+01
3.148313098076553351e-01,2.612859799999999399e+00,4.665972597324245896e+01,4.618680709813543217e+01,6.021451230427040002e+00,1.399081342581971512e+02,1.535935811006762286e+01,2.078145426357131953e+02,5.039021448336715281e+01
5.624770588268898086e-01,-3.469684776461626541e+00,3.693409769867227510e+01,1.225673554809145571e+01,6.102654154233926320e+00,5.351938706705299609e+01,2.089390892043475390e+01,4.289662617579313064e+01,7.204859342718278015e+01
5.624770588268898086e-01,-3.216245419109058812e+00,3.418645891661919478e+01,1.823758976244516816e+01,6.037290181385406740e+00,3.611874118528044164e+01,1.881914498546841230e+01,1.600057045062280281e+01,6.797416380641159606e+01
5.624770588268898086e-01,-2.962806061756491083e+00,3.143882013456611801e+01,2.391817940672899567e+01,6.010197606288723904e+00,4.895639064277440866e+01,1.852506839900376789e+01,3.002265026358098510e+01,6.702557877087801330e+01
5.624770588268898086e-01,-2.709366704403923354e+00,2.899060329630713184e+01,2.845121993980683328e+01,5.992989367282341107e+00,9.772026348221396574e+01,1.737361636018455968e+01,9.304276413131093193e+01,5.926300942946551231e+01
5.624770588268898086e-01,-2.455927347051355625e+00,2.718909111565126935e+01,3.140876904168453621e+01,5.990122502874608124e+00,1.172326509175777005e+02,1.425053631435154422e+01,1.515318125533524380e+02,4.763023085653082944e+01
5.624770588268898086e-01,-2.202487989698787896e+00,2.634343627542734723e+01,3.276960255796484489e+01,5.999993422364018336e+00,1.034362268477346731e+02,1.554552378361747422e+01,1.687460637932602197e+02,5.081467982908550596e+01
5.624770588268898086e-01,-1.949048632346220167e+00,2.623005929821145088e+01,3.272234135731287097e+01,6.006186164918311476e+00,1.016739168258179120e+02,1.575168983820298507e+01,1.690533281119252251e+02,5.184470879349314032e+01
5.624770588268898086e-01,-1.695609274993652438e+00,2.684099262109976891e+01,3.148303729626786662e+01,5.998779887481386908e+00,1.029807184529221900e+02,1.570840723353812685e+01,1.700867671701127222e+02,5.123899686574681311e+01
5.624770588268898086e-01,-1.442169917641084709e+00,2.910994985741580976e+01,2.929829123306535621e+01,5.987989148969901976e+00,1.029126383993573484e+02,1.412598030298580198e+01,1.650391315225441531e+02,4.392074017394223517e+01
5.624770588268898086e-01,-1.188730560288516980e+00,3.172572543423911284e+01,2.658271483295084181e+01,5.986313197624286708e+00,1.006060559048148377e+02,1.638349352768494782e+01,1.528205347649724786e+02,4.495691734203427359e+01
5.624770588268898086e-01,-9.352912029359492507e-01,3.353796809913272625e+01,2.393841642901224986e+01,5.990131867995057924e+00,9.814131803300514889e+01,1.778026739573898496e+01,1.490773985479243038e+02,5.053880739317933291e+01
5.624770588268898086e-01,-6.818518455833815217e-01,3.403594189005639237e+01,2.187899522528368834e+01,5.990256538635681416e+00,1.007943172584673306e+02,1.738016970359109337e+01,1.561010795094861123e+02,4.780936276702748700e+01
5.624770588268898086e-01,-4.284124882308133486e-01,3.367082219426951895e+01,2.042236622057225759e+01,5.989233572443178666e+00,1.076210308560383027e+02,1.373220159723262768e+01,1.622852473298556220e+02,3.887897356090473977e+01
5.624770588268898086e-01,-1.749731308782456196e-01,3.212627410418087948e+01,1.898562073478478851e+01,5.994121440285832492e+00,1.131055703584993921e+02,1.294987471188327177e+01,1.632306455548993824e+02,3.941217851864072941e+01
5.624770588268898086e-01,7.846622647432210940e-02,2.992217394147174403e+01,1.685895426005208719e+01,6.000906672768969941e+00,1.124130185008792608e+02,1.333891478212594350e+01,1.606107964883095747e+02,4.068805546202529655e+01
5.624770588268898086e-01,3.319055838268898384e-01,2.625795825689148799e+01,1.400335620136957004e+01,6.001142017478499291e+00,1.095050458359102663e+02,1.344952627557184499e+01,1.605274951101864076e+02,4.057493637210242809e+01
5.624770588268898086e-01,5.853449411794575674e-01,2.128554706096978677e+01,1.149386481350575195e+01,5.997382810257420260e+00,1.060787638838410771e+02,1.247181582612892825e+01,1.494660931493366149e+02,3.901743471455285572e+01
5.624770588268898086e-01,8.387842985320252964e-01,1.824036435344943641e+01,1.108714217280157754e+01,5.997518119825453908e+00,7.780259094885991544e+01,1.358457582008777820e+01,9.835300411731770964e+01,4.216233793974544852e+01
5.624770588268898086e-01,1.092223655884593025e+00,1.870812455133430063e+01,1.408087890639490070e+01,5.999196248884229199e+00,2.912118818812562893e+01,1.577005659407168991e+01,4.008635843908363938e+01,4.841306277351073817e+01
5.624770588268898086e-01,1.345663013237160754e+00,2.150684608908063922e+01,2.027376979247583222e+01,5.995418152980472648e+00,3.373907046701356194e+01,1.537045026596713804e+01,4.927901190835611089e+01,4.683114634922271335e+01
5.624770588268898086e-01,1.599102370589728483e+00,2.548813297662207589e+01,2.784410416478840489e+01,5.991456390232143825e+00,8.099105089031732518e+01,1.287802544417995598e+01,1.146865029416110247e+02,4.098679843432721270e+01
5.624770588268898086e-01,1.852541727942296212e+00,2.969348852969676145e+01,3.430284206070791697e+01,5.999547017044188912e+00,1.039469288418716246e+02,1.369361363029636891e+01,1.599055678846603996e+02,4.527950648271245626e+01
5.624770588268898086e-01,2.105981085294863941e+00,3.382011093563301074e+01,3.788453907064649684e+01,6.017343199986806113e+00,1.064141221454271147e+02,1.489988966362555800e+01,1.697569228132958870e+02,4.900616766815997494e+01
5.624770588268898086e-01,2.359420442647431670e+00,3.716338097122036288e+01,3.844707099697097874e+01,6.026245713708307861e+00,1.350840055903089763e+02,1.492769658993363002e+01,2.000682355245690189e+02,4.908919406537006580e+01
5.624770588268898086e-01,2.612859799999999399e+00,3.801340109101798248e+01,3.734597239682352665e+01,6.042783478425485022e+00,1.791189962311347870e+02,1.560432237034898861e+01,2.568319007318359581e+02,5.183795134440405405e+01
8.101228078461242266e-01,-3.469684776461626541e+00,2.247698462418059506e+01,1.425293504932869837e+01,6.047709141378766695e+00,3.072564691400967263e+01,1.631700264163689340e+01,1.242451905239175858e+01,6.134700725884786721e+01
8.101228078461242266e-01,-3.216245419109058812e+00,2.145083280985572571e+01,1.880841721920751297e+01,6.037459417637734305e+00,2.019780273375528168e+01,1.605567219642448507e+01,0.000000000000000000e+00,6.213102220754566929e+01
8.101228078461242266e-01,-2.962806061756491083e+00,2.042468099553084926e+01,2.191652156408417795e+01,6.028871753498571628e+00,2.622666701092066432e+01,1.609121086882687734e+01,6.236686201770680782e+00,6.242571490588302652e+01
8.101228078461242266e-01,-2.709366704403923354e+00,2.007686868419510873e+01,2.350485141264562117e+01,6.012494901133265124e+00,5.946345781620794924e+01,1.568423966126764135e+01,4.139538891404521337e+01,6.055982338830958867e+01
8.101228078461242266e-01,-2.455927347051355625e+00,2.065428464460675073e+01,2.399674692518055963e+01,6.000726147847789349e+00,8.566420224843182041e+01,1.395808438101302151e+01,9.217298684724863733e+01,5.074544378747555129e+01
8.101228078461242266e-01,-2.202487989698787896e+00,2.135840087415670752e+01,2.398760715698608692e+01,5.999928494793580036e+00,8.430355530722766844e+01,1.664994366614008925e+01,1.264811179224736861e+02,5.088570945225253439e+01
8.101228078461242266e-01,-1.949048632346220167e+00,2.215519134580755889e+01,2.385358300945517840e+01,6.001203340041779910e+00,9.043001500117091496e+01,1.770305085047274574e+01,1.478867681853515990e+02,5.356613533241144154e+01
8.101228078461242266e-01,-1.695609274993652438e+00,2.311495903475806557e+01,2.353215583509063435e+01,5.997307119468072045e+00,9.956632325687517948e+01,1.683255988295739058e+01,1.612286688559345862e+02,4.958068088941327289e+01
8.101228078461242266e-01,-1.442169917641084709e+00,2.449710138533112058e+01,2.263744007490913646e+01,5.996412314498422269e+00,9.975189046162013540e+01,1.295460664538760120e+01,1.576749967713931539e+02,3.892046266494348572e+01
8.101228078461242266e-01,-1.188730560288516980e+00,2.495619361935005642e+01,2.083934010754001065e+01,6.005563279624088757e+00,9.454368735363104292e+01,1.243767238502307571e+01,1.475045368523997809e+02,3.820761307355130754e+01
8.101228078461242266e-01,-9.352912029359492507e-01,2.470240727844258188e+01,1.820619277105924994e+01,6.014675254975829333e+00,9.526043771487653089e+01,1.291349511515285364e+01,1.487386892620128265e+02,3.959667436268074425e+01
8.101228078461242266e-01,-6.818518455833815217e-01,2.391492012636107134e+01,1.521220891622488125e+01,6.011597950561405668e+00,9.634017626967650472e+01,1.297298829970432799e+01,1.509246017152377419e+02,3.952845967584988074e+01
8.101228078461242266e-01,-4.284124882308133486e-01,2.261099866709868778e+01,1.240125840521704959e+01,6.001184503585623276e+00,9.159541663004938528e+01,1.141675082549315867e+01,1.455686547515537654e+02,3.615970334113118412e+01
8.101228078461242266e-01,-1.749731308782456196e-01,2.082336672626770735e+01,1.003949243237639166e+01,5.995710766706805472e+00,9.252284669335392664e+01,1.198444530550140996e+01,1.411908999043511983e+02,3.715254415502436558e+01
8.101228078461242266e-01,7.846622647432210940e-02,1.828307776961717224e+01,8.130667762415214384e+00,5.996452453264797811e+00,9.181815712491238912e+01,1.355457986406527482e+01,1.370745696681096604e+02,4.077643130540997163e+01
8.101228078461242266e-01,3.319055838268898384e-01,1.488239912102179296e+01,6.811154686284680793e+00,5.997747075131155015e+00,8.325166532857167567e+01,1.354928103662610361e+01,1.290634047472591703e+02,4.056822927544192225e+01
8.101228078461242266e-01,5.853449411794575674e-01,1.223687389335431597e+01,6.701529848548489099e+00,6.000671257594291319e+00,6.732881854799279608e+01,1.166656564790298312e+01,1.013777727627512490e+02,3.834013391274372395e+01
8.101228078461242266e-01,8.387842985320252964e-01,1.244196081025038048e+01,8.729149497018624970e+00,6.008763135004347333e+00,3.284344313138285543e+01,1.276478536615557147e+01,5.051533506407416496e+01,4.202748591626418317e+01
8.101228078461242266e-01,1.092223655884593025e+00,1.526815085723141863e+01,1.338687337093597307e+01,6.014765850701563998e+00,9.622873328119112557e-01,1.347380982415437423e+01,1.658043461166013799e+01,4.376195987090559925e+01
8.101228078461242266e-01,1.345663013237160754e+00,1.908189835582663463e+01,1.998071714178240654e+01,6.007371235269575394e+00,8.640745995258313883e+00,1.346441674009633438e+01,2.431732792339838056e+01,4.371055112562287093e+01
8.101228078461242266e-01,1.599102370589728483e+00,2.318385673497973798e+01,2.658013850370571163e+01,5.991861454080863680e+00,4.052828476670180180e+01,1.255863526763710070e+01,5.948352258352618094e+01,4.125701218816335114e+01
8.101228078461242266e-01,1.852541727942296212e+00,2.650290175885743338e+01,3.090834688926952367e+01,5.988117302542963039e+00,6.978081439462235380e+01,1.470863166140201628e+01,1.004902674649874399e+02,4.342094159733357372e+01
8.101228078461242266e-01,2.105981085294863941e+00,2.866890459411885317e+01,3.166250036974361137e+01,6.003529688956493082e+00,9.299126951085065684e+01,1.889737658904223494e+01,1.405302141625461445e+02,5.457495708348258034e+01
8.101228078461242266e-01,2.359420442647431670e+00,2.874117807332106977e+01,2.936132878238004196e+01,6.025219488399922163e+00,1.348913282417635173e+02,1.989413023909895273e+01,2.046293534024442806e+02,6.063399040520158678e+01
8.101228078461242266e-01,2.612859799999999399e+00,2.675762246460714877e+01,2.611364666182907968e+01,6.075475084261815262e+00,1.769065452672203662e+02,2.147322563931466632e+01,2.768769508973849724e+02,7.073791302704356099e+01
1.057768556865358756e+00,-3.469684776461626541e+00,1.655048489576410731e+01,1.811672325298513897e+01,6.021411929596806267e+00,2.571659545794148016e+01,1.598685690123762093e+01,6.592230475257196076e+00,6.128400587433093705e+01
1.057768556865358756e+00,-3.216245419109058812e+00,1.759611776253055382e+01,2.169292932075723002e+01,6.042106628703876936e+00,2.341580025419122535e+01,1.634629882459940831e+01,3.572671196323085496e+00,6.267706533610034825e+01
1.057768556865358756e+00,-2.962806061756491083e+00,1.864175062929699678e+01,2.284250546269595361e+01,6.045335053180048490e+00,2.114686593639947887e+01,1.601450142325613513e+01,1.747680199917681421e+00,6.188185500261937477e+01
1.057768556865358756e+00,-2.709366704403923354e+00,2.010688049189081639e+01,2.213056571569632069e+01,6.030112865602405670e+00,2.511521928454112640e+01,1.634958603136748323e+01,5.085426600308323941e+00,6.287333657016916533e+01
1.057768556865358756e+00,-2.455927347051355625e+00,2.191684493242485487e+01,2.066329778827184782e+01,6.013623769571982081e+00,4.659401655076601401e+01,1.603773172542388181e+01,3.816611848747140812e+01,5.764104825789942055e+01
1.057768556865358756e+00,-2.202487989698787896e+00,2.310207549642264624e+01,1.949893349110516283e+01,6.007040396428281248e+00,6.539029748253439323e+01,2.160717352340864039e+01,8.707147660146799240e+01,6.117268142765280459e+01
1.057768556865358756e+00,-1.949048632346220167e+00,2.365136534604315699e+01,1.911921131075996527e+01,6.005376687536162272e+00,8.322536509151838402e+01,2.381140971793623606e+01,1.288537520496280706e+02,6.567767514663502482e+01
1.057768556865358756e+00,-1.695609274993652438e+00,2.373421115508592649e+01,1.923617778069910855e+01,6.003278618007124479e+00,9.420060151708165108e+01,2.181567948927837008e+01,1.490010004259907532e+02,5.772804422536692215e+01
1.057768556865358756e+00,-1.442169917641084709e+00,2.308848447059849462e+01,1.905554934861993388e+01,6.008724922367323806e+00,9.499980633588614864e+01,1.503381367872758112e+01,1.486882449008689377e+02,4.216374774834489614e+01
1.057768556865358756e+00,-1.188730560288516980e+00,2.164150962907564235e+01,1.785366239220729767e+01,6.025172278522732405e+00,9.289300402018457703e+01,1.290301763062972817e+01,1.461882700477113985e+02,3.954325844751218710e+01
1.057768556865358756e+00,-9.352912029359492507e-01,2.010017509329509267e+01,1.549583049643024424e+01,6.037063893403320947e+00,9.395543256022872924e+01,1.265542589196333800e+01,1.469999405782115787e+02,3.896490325769260465e+01
1.057768556865358756e+00,-6.818518455833815217e-01,1.878460748511466605e+01,1.252984211642342416e+01,6.030295868450873620e+00,8.978667271818378026e+01,1.317792446868296175e+01,1.423203498084579905e+02,4.011074952956442274e+01
1.057768556865358756e+00,-4.284124882308133486e-01,1.743774122307472041e+01,9.796146288753334375e+00,6.012651885744174862e+00,8.336534023426293061e+01,1.245427785464369208e+01,1.356892191583375222e+02,3.844626899086080840e+01
1.057768556865358756e+00,-1.749731308782456196e-01,1.598104576728899318e+01,7.896776979599053448e+00,6.000112480507780788e+00,7.853937683412968340e+01,1.476028422552587216e+01,1.239576303118501102e+02,4.032866102806146102e+01
1.057768556865358756e+00,7.846622647432210940e-02,1.360783609136505312e+01,6.993410033227519307e+00,5.996085795077237712e+00,6.794379538393401674e+01,1.818648715531669779e+01,1.046803322845278785e+02,4.729517724397518208e+01
1.057768556865358756e+00,3.319055838268898384e-01,1.197273119950888898e+01,7.088630050248866610e+00,5.996151819260177263e+00,5.245330269809494439e+01,1.777548236943729520e+01,8.236586199936392916e+01,4.691086384209864235e+01
1.057768556865358756e+00,5.853449411794575674e-01,1.217801901953169974e+01,8.439109102647307736e+00,6.001652213185289853e+00,2.502326922449502433e+01,1.357997899781384099e+01,4.584387461493174953e+01,4.155101591471694178e+01
1.057768556865358756e+00,8.387842985320252964e-01,1.435485416191818864e+01,1.155556185089062637e+01,6.014960787343825110e+00,0.000000000000000000e+00,1.338324468620536223e+01,1.599845875711389453e+01,4.360550467711595246e+01
1.057768556865358756e+00,1.092223655884593025e+00,1.796595036527096312e+01,1.661753035458514205e+01,6.026040844950508735e+00,2.611504130015134706e+00,1.320170653601472210e+01,1.910507892325779267e+01,4.301538253730578987e+01
1.057768556865358756e+00,1.345663013237160754e+00,2.162251014956597572e+01,2.277097236789268209e+01,6.019692697368025591e+00,6.094496269741938477e+00,1.340430764315916612e+01,2.227470280745168907e+01,4.353161470903430086e+01
1.057768556865358756e+00,1.599102370589728483e+00,2.464826801378305632e+01,2.806102055144128826e+01,6.000406779451192385e+00,7.393615234600929398e+00,1.321561232657637852e+01,2.294626925630220171e+01,4.334895273158873863e+01
1.057768556865358756e+00,1.852541727942296212e+00,2.605650397627548287e+01,3.033386087891540228e+01,5.993961839537230496e+00,3.931904941285273480e+01,1.767087603165334286e+01,5.759747791153425567e+01,5.048554256488760927e+01
1.057768556865358756e+00,2.105981085294863941e+00,2.572006806767199549e+01,2.862287909371480055e+01,6.014563528595371800e+00,8.046753262019116448e+01,2.504249869973402909e+01,1.193963356325530043e+02,7.335345264868514903e+01
1.057768556865358756e+00,2.359420442647431670e+00,2.372825926325679191e+01,2.402509245242526958e+01,6.048426236730874983e+00,1.157005000570526931e+02,2.684058228988735095e+01,1.908574341565506529e+02,8.596965858563881113e+01
1.057768556865358756e+00,2.612859799999999399e+00,2.089169211806548176e+01,1.934761729914953321e+01,6.108071429497710980e+00,1.371693660920983007e+02,2.740949569930050700e+01,2.466338220862307935e+02,9.587480254907229948e+01
1.305414305884593063e+00,-3.469684776461626541e+00,1.986451915835583648e+01,2.260021716521032431e+01,6.015410081532196251e+00,3.744786688324644786e+01,1.603544387961418138e+01,2.065088090031952106e+01,6.069615895030079145e+01
1.305414305884593063e+00,-3.216245419109058812e+00,2.251297565218742136e+01,2.615155366996350494e+01,6.035938272388959192e+00,2.484296143797251943e+01,1.617914611269646841e+01,4.708629042836093959e+00,6.235174452396543643e+01
1.305414305884593063e+00,-2.962806061756491083e+00,2.516143214601900624e+01,2.681823325795539859e+01,6.044691053990095320e+00,2.978891491035369654e+01,1.597557119149018412e+01,1.010064725581256084e+01,6.185263267177140989e+01
1.305414305884593063e+00,-2.709366704403923354e+00,2.777617705862336805e+01,2.549626918043031765e+01,6.033600802702226318e+00,5.298851809604138907e+01,1.604444930889703969e+01,3.362920198375118730e+01,6.158303843816279510e+01
1.305414305884593063e+00,-2.455927347051355625e+00,2.990079564859659556e+01,2.356234759258495615e+01,6.021959739380017496e+00,6.796143173750209598e+01,1.455760049324571881e+01,6.842434562228420702e+01,5.272104523728309999e+01
1.305414305884593063e+00,-2.202487989698787896e+00,3.098383405404055679e+01,2.215444272018703487e+01,6.020648544196766316e+00,7.051454461118726158e+01,1.873248818502135649e+01,1.040211472951511382e+02,5.349455901792824619e+01
1.305414305884593063e+00,-1.949048632346220167e+00,3.109364500221133554e+01,2.165200781899602589e+01,6.020884648865010291e+00,8.026482306660368238e+01,2.033631051761162212e+01,1.326621685441612328e+02,5.699950893138267816e+01
1.305414305884593063e+00,-1.695609274993652438e+00,3.018250200516816761e+01,2.161420754214032058e+01,6.015583708001422281e+00,8.471983736662849651e+01,1.892046894987509376e+01,1.426661040954233499e+02,5.143083285954078576e+01
1.305414305884593063e+00,-1.442169917641084709e+00,2.794237405386467188e+01,2.119754766210280650e+01,6.015291397618328872e+00,8.793025318981614191e+01,1.367164716134251101e+01,1.437145495686201855e+02,3.978583870026507441e+01
1.305414305884593063e+00,-1.188730560288516980e+00,2.539868168810547289e+01,1.980063563233034074e+01,6.026801108166037757e+00,9.590623512212485480e+01,1.272090129508994139e+01,1.490341628308613906e+02,3.895859594996178288e+01
1.305414305884593063e+00,-9.352912029359492507e-01,2.294671540290296363e+01,1.751888669092022610e+01,6.035737778065773718e+00,9.596895244624280963e+01,1.265132925993015434e+01,1.487773124301469068e+02,3.898299014534585893e+01
1.305414305884593063e+00,-6.818518455833815217e-01,2.161287840521437786e+01,1.508521894937348407e+01,6.028580151193693837e+00,9.717171852843944180e+01,1.317783501575614302e+01,1.521438130071338435e+02,3.981662338802870948e+01
1.305414305884593063e+00,-4.284124882308133486e-01,2.044554410855409898e+01,1.333588993745706830e+01,6.013675224328369318e+00,1.111409240706086052e+02,1.216101549922230340e+01,1.630846060957168504e+02,3.816821526728877245e+01
1.305414305884593063e+00,-1.749731308782456196e-01,1.930078473892216451e+01,1.263846447028390685e+01,6.005046042979765630e+00,9.493716658951095155e+01,1.380025013340214635e+01,1.412614837365425728e+02,3.997463624658929859e+01
1.305414305884593063e+00,7.846622647432210940e-02,1.791873931930380337e+01,1.279037591389851514e+01,6.002238142786515240e+00,6.158165244259325277e+01,1.645881253923857557e+01,1.024200698901019280e+02,4.533622118935072365e+01
1.305414305884593063e+00,3.319055838268898384e-01,1.803307194349542186e+01,1.349332249074268475e+01,5.999337810707354279e+00,4.842923368749529800e+01,1.599616583808881209e+01,8.210791480489915273e+01,4.441631841356239363e+01
1.305414305884593063e+00,5.853449411794575674e-01,1.996778078875015439e+01,1.493154220251290099e+01,6.000176772324178565e+00,2.872935818460587143e+01,1.262108654974875321e+01,5.354637863741476167e+01,3.937295902667248271e+01
1.305414305884593063e+00,8.387842985320252964e-01,2.290212831010621741e+01,1.778809290048866387e+01,6.010971750154929794e+00,8.255313334313228779e+00,1.315280401632697505e+01,2.484123329797614588e+01,4.278259862201532826e+01
1.305414305884593063e+00,1.092223655884593025e+00,2.666635701110625334e+01,2.250284119620573620e+01,6.023324636734685988e+00,8.640054323180834217e+00,1.310767469863651868e+01,2.404382133986311487e+01,4.295229128905014448e+01
1.305414305884593063e+00,1.345663013237160754e+00,2.957489831165966265e+01,2.835423344440732762e+01,6.021209476264404614e+00,1.927102746200750971e+01,1.335261280479970658e+01,3.553167649945424955e+01,4.345442626719106016e+01
1.305414305884593063e+00,1.599102370589728483e+00,3.119812055107014359e+01,3.329669679445851216e+01,6.009330193560233901e+00,4.235251813084516925e+01,1.299174211769116738e+01,5.868094770030603513e+01,4.214666269111909003e+01
1.305414305884593063e+00,1.852541727942296212e+00,3.086594001341022775e+01,3.498256992502410867e+01,6.015128227590097687e+00,7.160334720482285320e+01,1.693555084173005199e+01,9.869521781833495311e+01,4.730527443697477707e+01
1.305414305884593063e+00,2.105981085294863941e+00,2.869342278024973680e+01,3.239650233944030333e+01,6.050608255709655658e+00,9.019714152335365043e+01,2.360981089401680677e+01,1.414669766080171769e+02,7.011475981848164452e+01
1.305414305884593063e+00,2.359420442647431670e+00,2.567125305389767220e+01,2.689640206015610602e+01,6.092235339999800381e+00,1.022610505252334434e+02,2.516568345008100849e+01,1.806821089896546368e+02,8.225853044906664024e+01
1.305414305884593063e+00,2.612859799999999399e+00,2.313821252466556544e+01,2.178035011400925214e+01,6.132371294793942162e+00,1.065994819875000701e+02,2.544613318227888854e+01,2.045381843549944278e+02,8.824434659386869839e+01
1.553060054903827591e+00,-3.469684776461626541e+00,3.213253729686246629e+01,2.641385732527760410e+01,6.075348456472460690e+00,6.399448572628406851e+01,1.845628541893225361e+01,5.829584550588570835e+01,6.384346670269195556e+01
1.553060054903827591e+00,-3.216245419109058812e+00,3.517025316828639347e+01,3.096421459354223771e+01,6.036704236558373182e+00,4.399307300003522414e+01,1.717219384199168886e+01,2.658959915488304659e+01,6.423280067747863598e+01
1.553060054903827591e+00,-2.962806061756491083e+00,3.820796903971032066e+01,3.285560112047278380e+01,6.032366115934061135e+00,5.512817045084636902e+01,1.714705557803520009e+01,3.992815408705320124e+01,6.381498420314569842e+01
1.553060054903827591e+00,-2.709366704403923354e+00,4.121036693570574982e+01,3.294939527669248491e+01,6.025102590462874552e+00,9.573824829685372606e+01,1.545631013090528683e+01,9.479701317908305214e+01,5.596521826016309831e+01
1.553060054903827591e+00,-2.455927347051355625e+00,4.334564295415023594e+01,3.239568841773507302e+01,6.025048895576947672e+00,1.003006159940628095e+02,1.214133504633287863e+01,1.358337172544144664e+02,4.365770741405231092e+01
1.553060054903827591e+00,-2.202487989698787896e+00,4.417868769758210590e+01,3.195555791226615838e+01,6.035995183012276222e+00,8.404321834220428400e+01,1.376111166530873930e+01,1.471836233753112708e+02,4.529335061865728562e+01
1.553060054903827591e+00,-1.949048632346220167e+00,4.391089207372799308e+01,3.166150458189895289e+01,6.041209630265631958e+00,8.572712839152971753e+01,1.381436075281381726e+01,1.518026228832506490e+02,4.590038048696708017e+01
1.553060054903827591e+00,-1.695609274993652438e+00,4.263102909423213305e+01,3.098888420437197055e+01,6.029720333896187334e+00,8.342356067576596956e+01,1.386496645473868838e+01,1.503197834211492818e+02,4.542944842407295880e+01
1.553060054903827591e+00,-1.442169917641084709e+00,4.028745081339947376e+01,2.940570323554402421e+01,6.014899055550877449e+00,8.500067234527392657e+01,1.146611541688862523e+01,1.491597030801758876e+02,3.859151126057906112e+01
1.553060054903827591e+00,-1.188730560288516980e+00,3.753270380159922581e+01,2.692824203312648024e+01,6.011547948644493822e+00,9.646196754414221175e+01,1.251384587589162045e+01,1.530122429698221822e+02,3.837553605440146498e+01
1.553060054903827591e+00,-9.352912029359492507e-01,3.498327451647713815e+01,2.427628600938533054e+01,6.013125738613389615e+00,9.998818847278431576e+01,1.356016462656340593e+01,1.523794740585520913e+02,4.123368368568817743e+01
1.553060054903827591e+00,-6.818518455833815217e-01,3.339900810000222009e+01,2.246218066688652470e+01,6.009157130456308060e+00,1.156815453160437528e+02,1.327832765430192552e+01,1.672062498449188581e+02,4.024284975208057347e+01
1.553060054903827591e+00,-4.284124882308133486e-01,3.208706391337843655e+01,2.207001563441644976e+01,6.005320275124902629e+00,1.374935584185588482e+02,1.155319218746926069e+01,1.859627626972966823e+02,3.765443718978841758e+01
1.553060054903827591e+00,-1.749731308782456196e-01,3.087187127415646515e+01,2.279803842599176278e+01,6.008788890823923978e+00,1.052567600659068319e+02,1.298833216828724169e+01,1.565061144628620582e+02,4.056829949415529768e+01
1.553060054903827591e+00,7.846622647432210940e-02,3.039867896897714772e+01,2.372825210214705294e+01,6.012064795227757052e+00,6.865388088658966126e+01,1.362815189184012077e+01,1.212579738925263939e+02,4.229648315637994216e+01
1.553060054903827591e+00,3.319055838268898384e-01,3.133154278273005744e+01,2.421486964982159407e+01,6.006672816286077854e+00,6.812241920136720807e+01,1.350764550822365706e+01,1.193649350552311290e+02,4.172203690231716422e+01
1.553060054903827591e+00,5.853449411794575674e-01,3.395348775365418703e+01,2.466271287898325681e+01,5.999696328970344439e+00,5.753482697121853562e+01,1.196552066465491393e+01,9.967349904426747287e+01,3.796351625417495512e+01
1.553060054903827591e+00,8.387842985320252964e-01,3.720046718492953630e+01,2.639711693837944040e+01,6.003248130621965828e+00,3.607078445106660070e+01,1.397409818086043920e+01,5.633114635235354228e+01,4.348431880852361076e+01
1.553060054903827591e+00,1.092223655884593025e+00,4.050753218443050230e+01,3.052001138198011176e+01,6.013356608536534864e+00,2.400207667786582988e+01,1.523373432410850725e+01,3.408797696924989395e+01,4.876385017682478207e+01
1.553060054903827591e+00,1.345663013237160754e+00,4.257248024873489101e+01,3.659937883500151656e+01,6.016769867983215114e+00,4.595432569510882104e+01,1.514150567676558623e+01,6.127359716686315494e+01,4.749479910591117005e+01
1.553060054903827591e+00,1.599102370589728483e+00,4.312836862239835511e+01,4.238348021550609701e+01,6.019828406511345875e+00,9.410284771764287370e+01,1.369721438426571858e+01,1.232848768324286368e+02,4.102728557654646124e+01
1.553060054903827591e+00,1.852541727942296212e+00,4.170566937084774395e+01,4.503581957411915937e+01,6.045759532314270324e+00,1.094010614845183227e+02,1.370368177696215106e+01,1.652751382086066201e+02,4.527046064195478436e+01
1.553060054903827591e+00,2.105981085294863941e+00,3.873535309785754066e+01,4.314455682394600444e+01,6.095594424913700848e+00,9.942226912950516748e+01,1.645014863591434207e+01,1.750648188419694691e+02,5.958061306378645128e+01
1.553060054903827591e+00,2.359420442647431670e+00,3.549675951690583275e+01,3.801964604094609967e+01,6.136043064724493235e+00,9.632172677715112741e+01,1.695663734541552969e+01,1.798246461426750216e+02,6.405047249696310985e+01
1.553060054903827591e+00,2.612859799999999399e+00,3.354479166435798732e+01,3.322384598793451005e+01,6.145307114150369010e+00,9.373324016086905885e+01,1.706762654422065495e+01,1.818816535065856499e+02,6.557062768815981713e+01
1.800705803923062120e+00,-3.469684776461626541e+00,4.519754063046083559e+01,2.851390500481920753e+01,6.371197389054968241e+00,8.885577884908235546e+01,2.543146261044622847e+01,1.065153948926257783e+02,8.723623095350349388e+01
1.800705803923062120e+00,-3.216245419109058812e+00,4.873897815285771173e+01,3.463786343721312733e+01,6.145135540312967493e+00,7.712971606973492555e+01,2.401488367256018464e+01,7.814415736245881305e+01,8.285610735762278978e+01
1.800705803923062120e+00,-2.962806061756491083e+00,5.228041567525460209e+01,3.892409498788401834e+01,6.056863197653185260e+00,8.380545566980254080e+01,2.340678858981731381e+01,8.838575268658868822e+01,7.796883676759001958e+01
1.800705803923062120e+00,-2.709366704403923354e+00,5.545806299720442212e+01,4.190291176836763043e+01,6.026040521646857329e+00,1.072602450267539780e+02,1.974246378018958126e+01,1.367150508676749041e+02,5.955176490987596338e+01
1.800705803923062120e+00,-2.455927347051355625e+00,5.741099049669924170e+01,4.410151294116258214e+01,6.028528901598225964e+00,1.065461851819065373e+02,1.402050111218394868e+01,1.681290120514858302e+02,4.517843628222951935e+01
1.800705803923062120e+00,-2.202487989698787896e+00,5.813407058296427010e+01,4.555544618912790611e+01,6.046640740933495906e+00,9.743101041630914949e+01,1.433727963244080428e+01,1.694419831164597952e+02,4.722694733644130594e+01
1.800705803923062120e+00,-1.949048632346220167e+00,5.791236520753828643e+01,4.577845666373559652e+01,6.055032605634919740e+00,9.939233586141995147e+01,1.377983410076189585e+01,1.675649398362982367e+02,4.602614403027016721e+01
1.800705803923062120e+00,-1.695609274993652438e+00,5.681512958819567416e+01,4.422336155589346163e+01,6.040639087620429670e+00,9.734366955862131476e+01,1.435823706022367752e+01,1.665684900718845824e+02,4.744748520023325256e+01
1.800705803923062120e+00,-1.442169917641084709e+00,5.471469653046838744e+01,4.092199745383641130e+01,6.016736125829236670e+00,9.711721824133572056e+01,1.351410442919635280e+01,1.648180528856549643e+02,4.334855323802119642e+01
1.800705803923062120e+00,-1.188730560288516980e+00,5.225995183648862508e+01,3.682743711726561742e+01,6.002323057946044038e+00,1.002401069615796132e+02,1.734523910457486906e+01,1.598722278668745389e+02,4.770709475441002212e+01
1.800705803923062120e+00,-9.352912029359492507e-01,4.950978620431267530e+01,3.351945677243111277e+01,5.997936487115139492e+00,9.972832357233282607e+01,2.016780244057969895e+01,1.502142264131310867e+02,5.735913626221289974e+01
1.800705803923062120e+00,-6.818518455833815217e-01,4.749631168724093300e+01,3.234122329885485669e+01,5.996223828949948320e+00,1.078310235956750205e+02,1.890877846813179630e+01,1.546657021702070836e+02,5.231858664089995870e+01
1.800705803923062120e+00,-4.284124882308133486e-01,4.589380584189835588e+01,3.349544804108791141e+01,5.999837099320385114e+00,1.121986986650863827e+02,1.409971852301581485e+01,1.623339009908316370e+02,4.145307414683276193e+01
1.800705803923062120e+00,-1.749731308782456196e-01,4.488460615742393145e+01,3.580451904818528419e+01,6.010833265015366855e+00,9.126274330027311521e+01,1.379391552670643328e+01,1.456256018468999400e+02,4.232307382018649378e+01
1.800705803923062120e+00,7.846622647432210940e-02,4.510208941978169150e+01,3.748580564980784402e+01,6.018290735730430718e+00,8.414319734311244758e+01,1.352547935450423111e+01,1.365391716693097521e+02,4.199021229857413573e+01
1.800705803923062120e+00,3.319055838268898384e-01,4.671407603927150376e+01,3.753304157665024832e+01,6.012980398967346929e+00,9.042456040500833581e+01,1.380987196391813399e+01,1.442270331477616878e+02,4.242398030525969688e+01
1.800705803923062120e+00,5.853449411794575674e-01,4.966001165587971400e+01,3.667592236804102868e+01,6.003780224258203013e+00,8.201329457780087751e+01,1.394519055038168887e+01,1.291968808980204813e+02,4.168697484855195512e+01
1.800705803923062120e+00,8.387842985320252964e-01,5.259128556713210401e+01,3.701953196690647019e+01,6.005602923147092653e+00,6.869702835421321652e+01,1.974613816885777950e+01,9.273440431087837510e+01,5.614846749341652554e+01
1.800705803923062120e+00,1.092223655884593025e+00,5.517219739154715796e+01,4.042298005623069912e+01,6.016586908339916384e+00,6.085525926622113957e+01,2.308174589654778686e+01,7.237341687422274106e+01,7.167488792461790581e+01
1.800705803923062120e+00,1.345663013237160754e+00,5.649801001200948747e+01,4.677821624980333581e+01,6.026202084937953174e+00,7.724745212059647770e+01,2.288637763587167484e+01,1.013576456175575800e+02,6.883059587359235820e+01
1.800705803923062120e+00,1.599102370589728483e+00,5.636515643320049662e+01,5.362673422923853650e+01,6.042261514146622936e+00,1.083497674953250680e+02,1.932985932225514603e+01,1.614474080586265643e+02,5.549412043475527412e+01
1.800705803923062120e+00,1.852541727942296212e+00,5.441788957446679831e+01,5.762728539074578293e+01,6.080531102416794731e+00,1.124209297398429044e+02,1.487046328787877947e+01,1.939193881401823205e+02,5.806721848169542000e+01
1.800705803923062120e+00,2.105981085294863941e+00,5.116334650460608202e+01,5.692476099187615546e+01,6.130263651598268027e+00,1.039001993785408899e+02,1.531920364643209176e+01,1.932980193043303245e+02,6.453985890256433322e+01
1.800705803923062120e+00,2.359420442647431670e+00,4.776557408941189919e+01,5.267395964601382730e+01,6.158419683788451060e+00,1.010637721908955626e+02,1.512131364018386570e+01,1.889398423738913664e+02,6.352494877818627828e+01
1.800705803923062120e+00,2.612859799999999399e+00,4.631611994113737296e+01,4.853776779630334204e+01,6.145232348682823975e+00,9.764253236265552971e+01,1.509043936421269017e+01,1.855519958826922107e+02,6.348440080042736611e+01
2.048351552942296649e+00,-3.469684776461626541e+00,5.583967341940976326e+01,2.832669429336237954e+01,7.128285992042219021e+00,9.957510211722524218e+01,2.893687932617962133e+01,1.409825523811263679e+02,1.125080099018448294e+02
2.048351552942296649e+00,-3.216245419109058812e+00,5.975692117872586095e+01,3.583429553853238758e+01,6.535769692046842216e+00,9.662788838251336188e+01,2.860549493915139152e+01,1.277017350379894225e+02,1.080076681918162933e+02
2.048351552942296649e+00,-2.962806061756491083e+00,6.367416893804200129e+01,4.263781851519070187e+01,6.210374048833672056e+00,9.950936920901686733e+01,2.775441553632175484e+01,1.333576679069898034e+02,9.698979628509191286e+01
2.048351552942296649e+00,-2.709366704403923354e+00,6.717945778480972763e+01,4.879559958715890389e+01,6.069500753710639351e+00,1.076275417972712205e+02,2.241127143693331902e+01,1.573456355364973547e+02,6.805309345101417762e+01
2.048351552942296649e+00,-2.455927347051355625e+00,6.921392921277779919e+01,5.404203389189751761e+01,6.038568013170547921e+00,1.090223219786743414e+02,1.423773468205630977e+01,1.733448398347184707e+02,4.591430455024180901e+01
2.048351552942296649e+00,-2.202487989698787896e+00,7.005969468091711860e+01,5.756752287083054398e+01,6.050534909111820348e+00,1.101476219164476049e+02,1.384270975763336509e+01,1.781531626417510665e+02,4.627902280854213046e+01
2.048351552942296649e+00,-1.949048632346220167e+00,6.999344316496738827e+01,5.834152238313163252e+01,6.058646612660909980e+00,1.121857727495789732e+02,1.348750243041530972e+01,1.804667124518948356e+02,4.543028211027321106e+01
2.048351552942296649e+00,-1.695609274993652438e+00,6.886232540735589680e+01,5.585260488061157957e+01,6.046972908150830328e+00,1.093258738798292171e+02,1.391695566030303155e+01,1.779832305096619507e+02,4.651652278449265765e+01
2.048351552942296649e+00,-1.442169917641084709e+00,6.672499507166273247e+01,5.078826506869063451e+01,6.027271651516688422e+00,1.075282997658923136e+02,1.395996627390965727e+01,1.741450103439794930e+02,4.499649899546743370e+01
2.048351552942296649e+00,-1.188730560288516980e+00,6.407875384886838788e+01,4.510867284778487374e+01,6.015665349487878899e+00,1.050845439528737018e+02,2.148734640780575234e+01,1.659996105364871255e+02,6.198381723455400305e+01
2.048351552942296649e+00,-9.352912029359492507e-01,6.113271705157646352e+01,4.127639850828472845e+01,6.011374457165710616e+00,9.932135843923182961e+01,2.654034170491377509e+01,1.494920934139946951e+02,8.180012314525902184e+01
2.048351552942296649e+00,-6.818518455833815217e-01,5.896547412359957718e+01,4.095526639730178431e+01,6.006851617982028380e+00,9.537083751137092236e+01,2.395757816120127615e+01,1.398511541127566034e+02,7.038610487771467206e+01
2.048351552942296649e+00,-4.284124882308133486e-01,5.748590467691305150e+01,4.395947633568630408e+01,6.005781543997406935e+00,9.431261832589525795e+01,1.541867864039880232e+01,1.436130475534221773e+02,4.504317884983328213e+01
2.048351552942296649e+00,-1.749731308782456196e-01,5.740744192030048509e+01,4.825086666265906388e+01,6.013012854278978914e+00,9.620441682833765640e+01,1.357736624541091608e+01,1.485331453521238245e+02,4.211404761219240100e+01
2.048351552942296649e+00,7.846622647432210940e-02,5.872333505974931711e+01,5.119442363855250733e+01,6.019606409957027893e+00,9.814478436182409382e+01,1.338190743265771587e+01,1.500752642569800912e+02,4.163401034721242411e+01
2.048351552942296649e+00,3.319055838268898384e-01,6.106018168898580711e+01,5.137259167836691631e+01,6.016413013211574068e+00,9.877959800630668497e+01,1.359807651480720558e+01,1.518504194202721180e+02,4.207384399679911269e+01
2.048351552942296649e+00,5.853449411794575674e-01,6.402168839586862248e+01,4.968367555571148841e+01,6.013063632550198712e+00,1.044623688778058295e+02,1.423569746117385648e+01,1.536533948603474471e+02,4.305964279431901787e+01
2.048351552942296649e+00,8.387842985320252964e-01,6.595256127819655489e+01,4.878329028195821593e+01,6.024797249943048882e+00,1.036567093280553138e+02,2.251150330042825587e+01,1.463089706570589215e+02,6.656419432661338931e+01
2.048351552942296649e+00,1.092223655884593025e+00,6.737349551718062912e+01,5.110104807752850320e+01,6.046227135121233331e+00,9.570363207395052996e+01,2.770945563080397633e+01,1.351946642643830785e+02,9.264354458999798680e+01
2.048351552942296649e+00,1.345663013237160754e+00,6.747221053894735121e+01,5.684217700917270122e+01,6.062963501332588656e+00,9.808507233379239665e+01,2.738968182309048416e+01,1.465412125209963961e+02,9.047553435490591767e+01
2.048351552942296649e+00,1.599102370589728483e+00,6.677447978724656252e+01,6.355859723423964169e+01,6.081672705071850871e+00,1.098534140539784403e+02,2.173314743938359683e+01,1.792285339525085703e+02,6.883179620222477979e+01
2.048351552942296649e+00,1.852541727942296212e+00,6.427467458500353814e+01,6.776444348069071566e+01,6.114488422489507968e+00,1.159484603406152132e+02,1.547483358304771173e+01,2.016184545598713953e+02,6.232835412581529511e+01
2.048351552942296649e+00,2.105981085294863941e+00,6.105523293360529635e+01,6.748428655162661016e+01,6.147572596527512978e+00,1.169957884185756427e+02,1.506764701681433394e+01,2.055148169808678631e+02,6.385262230137646355e+01
2.048351552942296649e+00,2.359420442647431670e+00,5.783600593710681892e+01,6.384290912860433309e+01,6.157894634707720805e+00,1.148219354937705958e+02,1.497443260335707649e+01,2.030970500126992988e+02,6.318583184023890453e+01
2.048351552942296649e+00,2.612859799999999399e+00,5.656015455480171283e+01,6.049241097356934915e+01,6.138028083266244828e+00,1.112737569868337744e+02,1.510464161945698436e+01,1.992323587774204725e+02,6.355874782652182375e+01
2.295997301961530734e+00,-3.469684776461626541e+00,5.666051350542602449e+01,2.591067596152504393e+01,8.405098629506879249e+00,1.018337652392992680e+02,2.943613544758569844e+01,1.568494338220163229e+02,1.229843455622293789e+02
2.295997301961530734e+00,-3.216245419109058812e+00,6.183011285967403126e+01,3.390168293557007928e+01,7.330937289699561710e+00,1.027710650913972614e+02,2.938311347281198493e+01,1.583868318001046305e+02,1.196947036144267429e+02
2.295997301961530734e+00,-2.962806061756491083e+00,6.699971221392199539e+01,4.228752103313581756e+01,6.589511576941679216e+00,1.082976473858346367e+02,2.851093424972700063e+01,1.695575538437182672e+02,1.057629733844704845e+02
2.295997301961530734e+00,-2.709366704403923354e+00,7.126713504405813637e+01,5.068273094171308912e+01,6.195532334416327558e+00,1.168940929576390459e+02,2.281628851227758403e+01,1.830667860604103225e+02,7.197613342165091410e+01
2.295997301961530734e+00,-2.455927347051355625e+00,7.395071556935319279e+01,5.810541325115264044e+01,6.063088036996066243e+00,1.181289472918781485e+02,1.438813419204238286e+01,1.859565761249835418e+02,4.658282033094788943e+01
2.295997301961530734e+00,-2.202487989698787896e+00,7.515901018963751312e+01,6.302514757391782041e+01,6.051257460412450939e+00,1.171960436581212548e+02,1.380630608722108654e+01,1.863670727475492299e+02,4.607243881311639200e+01
2.295997301961530734e+00,-1.949048632346220167e+00,7.499575990107929613e+01,6.399306037821133941e+01,6.057982148044446902e+00,1.184252752330942826e+02,1.359278831061505421e+01,1.872800125889909850e+02,4.558469695259341137e+01
2.295997301961530734e+00,-1.695609274993652438e+00,7.382568046429884134e+01,6.059030411509138503e+01,6.052660096529908884e+00,1.138060941445711336e+02,1.391305504275059590e+01,1.824421978305477126e+02,4.633044613655224708e+01
2.295997301961530734e+00,-1.442169917641084709e+00,7.132974500327826206e+01,5.410020783603613381e+01,6.048125898655771771e+00,1.139934685781445864e+02,1.415710791309970595e+01,1.828614381267732938e+02,4.603998413719217808e+01
2.295997301961530734e+00,-1.188730560288516980e+00,6.806313481669386078e+01,4.733220483915556542e+01,6.054566296421250549e+00,1.135492784910004502e+02,2.231969329356165943e+01,1.816003866177383372e+02,6.847470657391106386e+01
2.295997301961530734e+00,-9.352912029359492507e-01,6.439331226886208981e+01,4.346358061397859274e+01,6.057824706586766972e+00,1.044335247698533067e+02,2.787846289917171561e+01,1.636240785370409014e+02,9.270911898847909072e+01
2.295997301961530734e+00,-6.818518455833815217e-01,6.230958519958301167e+01,4.440849812248688977e+01,6.043620009351309719e+00,9.564493217061809105e+01,2.498696669469626741e+01,1.455469467000204986e+02,7.845856271114575975e+01
2.295997301961530734e+00,-4.284124882308133486e-01,6.173223446010037208e+01,4.967216767349509610e+01,6.023857260460975027e+00,9.709967221260376391e+01,1.580869476860844003e+01,1.481232682997154200e+02,4.693977764034545430e+01
2.295997301961530734e+00,-1.749731308782456196e-01,6.325120300544473650e+01,5.652859808310222434e+01,6.017138046929418671e+00,1.062040872372176921e+02,1.376484139429964415e+01,1.595580577311770867e+02,4.227652355200238787e+01
2.295997301961530734e+00,7.846622647432210940e-02,6.652152513568007919e+01,6.160693939555039833e+01,6.019093473201391653e+00,1.077511962199052959e+02,1.358488945682104543e+01,1.614864292435408402e+02,4.191123865893071354e+01
2.295997301961530734e+00,3.319055838268898384e-01,6.991657027338469277e+01,6.298659629588564712e+01,6.018156608381859840e+00,1.240831610574502974e+02,1.367265802972513811e+01,1.766424572618292927e+02,4.214755720228302494e+01
2.295997301961530734e+00,5.853449411794575674e-01,7.225650543290801409e+01,6.139400634413050284e+01,6.025987538230483942e+00,1.543832270793024009e+02,1.455452114442827138e+01,2.134359625632164352e+02,4.383064466551881111e+01
2.295997301961530734e+00,8.387842985320252964e-01,7.223289100856968048e+01,5.957588633838076930e+01,6.059554282980831097e+00,1.479184965500290616e+02,2.298709680957517065e+01,2.247814830003547115e+02,7.154702423498611097e+01
2.295997301961530734e+00,1.092223655884593025e+00,7.195678388896055822e+01,6.020063052994464670e+01,6.102800485589697566e+00,1.194904667923436392e+02,2.848761056290210547e+01,1.996754196819864546e+02,1.024546241175537489e+02
2.295997301961530734e+00,1.345663013237160754e+00,7.094285215035522185e+01,6.379997826542330586e+01,6.126183865904257786e+00,1.065412197624296340e+02,2.809250521361725461e+01,1.803046321698280678e+02,1.002556835942681914e+02
2.295997301961530734e+00,1.599102370589728483e+00,6.957120939342740940e+01,6.833632101382409019e+01,6.133212063792934821e+00,1.093639313554763675e+02,2.195646893000026978e+01,1.866987512640833131e+02,7.387802421127170760e+01
2.295997301961530734e+00,1.852541727942296212e+00,6.699554898832904826e+01,7.079211620510886860e+01,6.144117583101532887e+00,1.167412797284736854e+02,1.533697794874639975e+01,2.019847730448638572e+02,6.221938095526155621e+01
2.295997301961530734e+00,2.105981085294863941e+00,6.367293623504505717e+01,6.960819854611236224e+01,6.154830373990517245e+00,1.195173375282658412e+02,1.487199578514475107e+01,2.073818297449495560e+02,6.292663128695652119e+01
2.295997301961530734e+00,2.359420442647431670e+00,6.024687743881418101e+01,6.610908319057398330e+01,6.152684267132175755e+00,1.148268608841711398e+02,1.494013504819872828e+01,2.024692293491082467e+02,6.319347541201761231e+01
2.295997301961530734e+00,2.612859799999999399e+00,5.894345098945399286e+01,6.381470594191978307e+01,6.139425093094749819e+00,1.108404137334930510e+02,1.495166041935468826e+01,1.984974393787470319e+02,6.318733523652378636e+01
2.543643050980765263e+00,-3.469684776461626541e+00,4.868351788548739023e+01,2.196895771873141712e+01,1.001983041153848575e+01,1.022667703408263975e+02,2.945736793444105928e+01,1.633939747023114535e+02,1.251399074713305026e+02
2.543643050980765263e+00,-3.216245419109058812e+00,5.466230670820337423e+01,2.921047483182701399e+01,8.489030034751142040e+00,1.058429597161567415e+02,2.942245876619632838e+01,1.777616935519366734e+02,1.227454872042047072e+02
2.543643050980765263e+00,-2.962806061756491083e+00,6.064109553091938665e+01,3.763610099036941392e+01,7.246102974110462114e+00,1.209588507853144392e+02,2.860107162134756109e+01,2.072987929617120813e+02,1.094852411776813597e+02
2.543643050980765263e+00,-2.709366704403923354e+00,6.585215653385155576e+01,4.656317566951292974e+01,6.461364367615501259e+00,1.476140785511091451e+02,2.317725383783302817e+01,2.339141533151744454e+02,7.574060068342666341e+01
2.543643050980765263e+00,-2.455927347051355625e+00,6.991889564929925882e+01,5.454259132500646956e+01,6.127958291832282356e+00,1.540191504923296861e+02,1.471611548351828169e+01,2.271553664199815330e+02,4.787408992326682977e+01
2.543643050980765263e+00,-2.202487989698787896e+00,7.194710151889175620e+01,5.961247742663363169e+01,6.054197092787028112e+00,1.278775626884673784e+02,1.413821029305052512e+01,1.961638679335656832e+02,4.657857773650639643e+01
2.543643050980765263e+00,-1.949048632346220167e+00,7.215725978345844283e+01,6.012705485858259635e+01,6.053612144140661400e+00,1.096576788053352516e+02,1.375097493754095090e+01,1.782273500506836115e+02,4.578268640842945558e+01
2.543643050980765263e+00,-1.695609274993652438e+00,7.069879806753111495e+01,5.580818356790450707e+01,6.061484650881112657e+00,1.225886157026422154e+02,1.416316768246221791e+01,1.903844767386587193e+02,4.667871436848599132e+01
2.543643050980765263e+00,-1.442169917641084709e+00,6.739989755990939102e+01,4.837277032636757212e+01,6.091215107150568464e+00,1.482779560450087217e+02,1.443548932783972027e+01,2.208544342559009692e+02,4.717024953439733537e+01
2.543643050980765263e+00,-1.188730560288516980e+00,6.340311263362677607e+01,4.117784792396832927e+01,6.141133240855713993e+00,1.449872005837766551e+02,2.253292222723867511e+01,2.281172298825122198e+02,7.174383323726786443e+01
2.543643050980765263e+00,-9.352912029359492507e-01,5.925958906715406727e+01,3.783107622102306777e+01,6.165485193220395566e+00,1.181274845134295219e+02,2.810091666318701442e+01,1.955828713817504934e+02,9.760533363316727673e+01
2.543643050980765263e+00,-6.818518455833815217e-01,5.704015452216887638e+01,4.038729113793760916e+01,6.131959160402090880e+00,9.821912295339589605e+01,2.608053133314174588e+01,1.573493326378485904e+02,8.608782765972259199e+01
2.543643050980765263e+00,-4.284124882308133486e-01,5.753878569144028177e+01,4.816322604718789080e+01,6.068833724837108257e+00,9.270085933136378742e+01,1.799335904193928215e+01,1.428626235306762737e+02,5.411853647560108982e+01
2.543643050980765263e+00,-1.749731308782456196e-01,6.103671393922442689e+01,5.799831717150573240e+01,6.025840703511394558e+00,9.596428078265199701e+01,1.436577337108689179e+01,1.444149440704966878e+02,4.422560870395861343e+01
2.543643050980765263e+00,7.846622647432210940e-02,6.614600591957494657e+01,6.596771968344455672e+01,6.013271779143159357e+00,1.056145615005147533e+02,1.427613024010728360e+01,1.553674541582109612e+02,4.364048553009101283e+01
2.543643050980765263e+00,3.319055838268898384e-01,7.027612310920676464e+01,6.957518181259638368e+01,6.018528582084511136e+00,1.465614949158653815e+02,1.443547483280648436e+01,2.032971784830399145e+02,4.397338741743776325e+01
2.543643050980765263e+00,5.853449411794575674e-01,7.100611499925942383e+01,6.901821058909899875e+01,6.053732788906210693e+00,1.888725127377382194e+02,1.639939500439073683e+01,2.697955356762574866e+02,5.032214393620396464e+01
2.543643050980765263e+00,8.387842985320252964e-01,6.917436925835713168e+01,6.665921665231053339e+01,6.129522891642452009e+00,1.706810886415302662e+02,2.453031943949682159e+01,2.809065944164996154e+02,8.361651526522622646e+01
2.543643050980765263e+00,1.092223655884593025e+00,6.684578622647696022e+01,6.508614560125988646e+01,6.203844201778027312e+00,1.275680521665227474e+02,2.879472439873392631e+01,2.341685893172467274e+02,1.107975652062166034e+02
2.543643050980765263e+00,1.345663013237160754e+00,6.541624804161712348e+01,6.520663928030126044e+01,6.222518855654509018e+00,1.058085121781795266e+02,2.832342074069981663e+01,1.910033575195813285e+02,1.056539749524361866e+02
2.543643050980765263e+00,1.599102370589728483e+00,6.364880980821413914e+01,6.582106952391677623e+01,6.193733270650968237e+00,1.025599447496292953e+02,2.250020422701191336e+01,1.826084900682403713e+02,7.732940090271769407e+01
2.543643050980765263e+00,1.852541727942296212e+00,6.066677106898319494e+01,6.497998203088627633e+01,6.166141018084206671e+00,1.088483908001099962e+02,1.555352287419071899e+01,1.954220641098083604e+02,6.324808143624365186e+01
2.543643050980765263e+00,2.105981085294863941e+00,5.698604482848445230e+01,6.201800054223622283e+01,6.157267557345282860e+00,1.116108223689204522e+02,1.522234536556627482e+01,1.998400940136199324e+02,6.381223215786479130e+01
2.543643050980765263e+00,2.359420442647431670e+00,5.349172282835743886e+01,5.860959557303249312e+01,6.155228799502731718e+00,1.049953985081011751e+02,1.504956936373070597e+01,1.922969272446398463e+02,6.337371031899949969e+01
2.543643050980765263e+00,2.612859799999999399e+00,5.192952489299268848e+01,5.795848308646509395e+01,6.160327254136750419e+00,1.110183108529331548e+02,1.514784327105586748e+01,1.992452605516552069e+02,6.349195885656412486e+01
2.791288799999999792e+00,-3.469684776461626541e+00,3.434667903417199852e+01,1.764104059739747754e+01,1.172055757294775091e+01,1.023636762673962295e+02,2.945775515871615013e+01,1.658120206101360736e+02,1.254722929480789304e+02
2.791288799999999792e+00,-3.216245419109058812e+00,4.073476843370980305e+01,2.305647586724512621e+01,9.871870468336357618e+00,1.069134490330139755e+02,2.943236943021448582e+01,1.874933755014452288e+02,1.241432443340770817e+02
2.791288799999999792e+00,-2.962806061756491083e+00,4.712285783324763599e+01,3.001420770800928040e+01,8.192204325175941548e+00,1.270360286347232091e+02,2.880851058517395913e+01,2.326113490586438388e+02,1.143343659829521783e+02
2.791288799999999792e+00,-2.709366704403923354e+00,5.325512410122563267e+01,3.772045667463225982e+01,6.967835245377079545e+00,1.661404650946066113e+02,2.446171554128337888e+01,2.774654060799327340e+02,8.498388334231309216e+01
2.791288799999999792e+00,-2.455927347051355625e+00,5.838740049125847520e+01,4.456422560621012963e+01,6.324077662913535569e+00,1.799639839648265820e+02,1.668118033767269637e+01,2.689965901958855170e+02,5.417390230397761286e+01
2.791288799999999792e+00,-2.202487989698787896e+00,6.137025130490434321e+01,4.848630646160745528e+01,6.105200273431304225e+00,1.352001121426667964e+02,1.511619488336362238e+01,2.062497796168172499e+02,4.908064120211908943e+01
2.791288799999999792e+00,-1.949048632346220167e+00,6.182273254805004115e+01,4.787870928827851458e+01,6.068955097228890594e+00,9.866844607671555423e+01,1.498617381694621820e+01,1.665583340851993057e+02,4.868162000962954750e+01
2.791288799999999792e+00,-1.695609274993652438e+00,6.023645170289267980e+01,4.263124664175938960e+01,6.108782745242589129e+00,1.298536950192597033e+02,1.512760968228441527e+01,2.009681382529859661e+02,4.905657141851845893e+01
2.791288799999999792e+00,-1.442169917641084709e+00,5.654436842133702612e+01,3.469061030127431877e+01,6.223113310432654366e+00,1.762831346462723445e+02,1.630697193980128645e+01,2.632453632007716919e+02,5.284752946281652441e+01
2.791288799999999792e+00,-1.188730560288516980e+00,5.200228110149970462e+01,2.761753657634017145e+01,6.372427048146053430e+00,1.665518766516950677e+02,2.388728985891086865e+01,2.726291646688890182e+02,8.067449648472765489e+01
2.791288799999999792e+00,-9.352912029359492507e-01,4.762520233863131125e+01,2.513745783861031668e+01,6.450308483677762439e+00,1.266882235774982632e+02,2.855981900318935374e+01,2.224766729622315324e+02,1.061205173204846801e+02
2.791288799999999792e+00,-6.818518455833815217e-01,4.584106090889366669e+01,2.932542331008062320e+01,6.390653983694335238e+00,1.014638013007498358e+02,2.820252779617981886e+01,1.658762393613243944e+02,1.022744178808499953e+02
2.791288799999999792e+00,-4.284124882308133486e-01,4.681660900221068289e+01,3.943350806375292450e+01,6.242958689430044394e+00,9.114985942407972175e+01,2.493062742025558265e+01,1.335491015597963553e+02,8.235604066402758860e+01
2.791288799999999792e+00,-1.749731308782456196e-01,5.077516543694481754e+01,5.213827688032233709e+01,6.113800914258182395e+00,8.702935979674214195e+01,2.252661110239588638e+01,1.222877370009117186e+02,7.165682811709301347e+01
2.791288799999999792e+00,7.846622647432210940e-02,5.602727232597410989e+01,6.318950288064752385e+01,6.061449337277061922e+00,9.443983417657571522e+01,2.226597113058546284e+01,1.364746725517211416e+02,6.999792244452839896e+01
2.791288799999999792e+00,3.319055838268898384e-01,5.861929250508512723e+01,6.953662451643958775e+01,6.088912639673358385e+00,1.296986097208700528e+02,2.240744103014306532e+01,1.939914912082409728e+02,7.039995886573527173e+01
2.791288799999999792e+00,5.853449411794575674e-01,5.797128673962596679e+01,7.063586829384348675e+01,6.194318967578388957e+00,1.617841616076652258e+02,2.405095213967981138e+01,2.602545358579231447e+02,8.020002968716059399e+01
2.791288799999999792e+00,8.387842985320252964e-01,5.608988514132492753e+01,6.815304215414198552e+01,6.344786784629159015e+00,1.486052459728671806e+02,2.762265118403814768e+01,2.684477742403663569e+02,1.042181619403404937e+02
2.791288799999999792e+00,1.092223655884593025e+00,5.438158555295008512e+01,6.439051099665039146e+01,6.443428973461723608e+00,1.183986282089419575e+02,2.920867272761349298e+01,2.238051430167050739e+02,1.183692817423849988e+02
2.791288799999999792e+00,1.345663013237160754e+00,5.303523581342095383e+01,6.067480727685233433e+01,6.412688677450570474e+00,1.013158980340843698e+02,2.851673260253573972e+01,1.819469127713403225e+02,1.091244454519796108e+02
2.791288799999999792e+00,1.599102370589728483e+00,5.121641547203537925e+01,5.691467434123023850e+01,6.290288592689243785e+00,9.526036007744431799e+01,2.312197972306662308e+01,1.719500063567239181e+02,8.014931296736723709e+01
2.791288799999999792e+00,1.852541727942296212e+00,4.820252853240559432e+01,5.255962018757054466e+01,6.183891686393531373e+00,9.760393872154992323e+01,1.554967284838524755e+01,1.828374311686469582e+02,6.279556683846072929e+01
2.791288799999999792e+00,2.105981085294863941e+00,4.436892441096422601e+01,4.803013061750789348e+01,6.146283425762718799e+00,9.617797636717193654e+01,1.513499491736965297e+01,1.841739566494701137e+02,6.361888687548999144e+01
2.791288799999999792e+00,2.359420442647431670e+00,4.065196047388920420e+01,4.530208920657605631e+01,6.155545392265131532e+00,9.496227006535033865e+01,1.501584675218737175e+01,1.826524192214743323e+02,6.324264322131021032e+01
2.791288799999999792e+00,2.612859799999999399e+00,3.862712266475024592e+01,4.702573848618703778e+01,6.202077863740569796e+00,1.286869514142481989e+02,1.497393004735303101e+01,2.175864023283087363e+02,6.342596451600304874e+01
