theta_ell,theta_sd,theta_sf,theta_w
-1.260071984308961168e+00,-1.181257096460839096e+00,2.249055149860779590e+00,4.063663018079014755e+00
-1.181492053113875951e+00,1.340928692257552290e+00,2.188815290068831576e+00,4.400772371356064916e+00
-1.174657077291825003e+00,8.349455021485721051e-01,2.206915981639497648e+00,4.295445346995127700e+00
-1.425133940004880140e+00,-2.383380923520672656e-02,2.227758142073094305e+00,3.484535105158800050e+00
-1.223759230625663053e+00,-2.984844807407915912e-02,2.243145424433707902e+00,4.126121232585858500e+00
-1.270511533045788122e+00,-5.348795825662460562e-02,2.200067847984135572e+00,3.851678909278969165e+00
-1.349322757351176572e+00,-2.019862246494080527e+00,2.234289552599939999e+00,3.787548265290924476e+00
-1.294698867382720442e+00,-1.207458731097533100e+00,2.242573107621266271e+00,3.604438445537792912e+00
-1.320799161495509244e+00,-6.814230997703316639e-01,2.251291077044576205e+00,3.714756656151827485e+00
-1.221401640467972394e+00,7.854713323943177672e-01,2.190853658412835081e+00,3.946137000106915149e+00
-1.304444315142481159e+00,-1.426841889280843878e+00,2.197620849854901248e+00,3.925313551847634308e+00
-1.346591527094012308e+00,1.507129859486242562e-01,2.264282730352098039e+00,3.659109755755677540e+00
-1.314223190073467551e+00,2.272563330300648721e-01,2.268747878937950713e+00,3.438904673167851200e+00
-1.453390916093619589e+00,-1.821473621686196809e-01,2.312694573980542234e+00,3.473733730384892304e+00
-1.277523775749837887e+00,-1.278874482784762900e+00,2.284877450973282986e+00,3.534701141303755900e+00
-1.284597279855569152e+00,1.198282691557823743e+00,2.148935075830981756e+00,3.881997227998727595e+00
-1.299541457633754504e+00,2.144391049711686481e+00,2.140268128312980522e+00,4.066974565101611816e+00
-1.288063597683190453e+00,-5.222032019457605312e-01,2.255979133286054150e+00,3.868726830706557873e+00
-1.259499025430254049e+00,-1.267943415245756267e+00,2.256496972216752273e+00,3.832055713448024648e+00
-1.413686380340650084e+00,1.256094387041793325e+00,2.244971768758265096e+00,3.639706286241819466e+00
-1.292184879938545139e+00,-1.117456542764281080e+00,2.222106707208733045e+00,3.977351425836099796e+00
-1.362738765588245693e+00,-1.361661404689345600e+00,2.244739779461591311e+00,3.621290141349816860e+00
-1.305258608766354023e+00,-6.981636031558322575e-01,2.209658675507187642e+00,4.007488025997165693e+00
-1.307404486434166069e+00,-4.951531613451217173e-01,2.205654228724749810e+00,3.984899620630503847e+00
-1.306092440018583378e+00,5.586893643001742404e-01,2.286496615888118811e+00,3.925857449855619574e+00
-1.328519621682120677e+00,2.379343550219796821e-01,2.168667523133068986e+00,3.876544649090644779e+00
-1.349647170547304542e+00,7.884969177670175799e-01,2.178024629547647084e+00,3.928987478030079306e+00
-1.218134644858648086e+00,8.336260440978987551e-01,2.226907877264328928e+00,4.112685603596569983e+00
-1.345242750306368196e+00,-1.275938108517702396e+00,2.207329204899633357e+00,3.788373341812519168e+00
-1.227184594880722956e+00,-2.535142855083018620e+00,2.186946304878044423e+00,4.128637243016705760e+00
-1.217896994310436520e+00,-2.346434768065610577e+00,2.212050860562327692e+00,3.940085152815159475e+00
-1.265278853019429439e+00,-2.043564438977263364e+00,2.220037569510632025e+00,4.101612327640125066e+00
-1.310430332301023126e+00,-3.358188999169182676e-01,2.190095821710403179e+00,3.838684965468060373e+00
-1.319211761116253046e+00,-4.257606017576868740e-01,2.235929488899632833e+00,3.664822877073959706e+00
-1.364896371473911074e+00,-1.326654761186280673e+00,2.242344827788829154e+00,3.668454984029485111e+00
-1.361351816364415601e+00,-2.170361290488771466e+00,2.223433476348245730e+00,3.649030552009137729e+00
-1.233978415880131019e+00,-4.133160291533531927e-01,2.215863127875054239e+00,4.083587316058821415e+00
-1.258252400774188429e+00,-1.249476115591588443e-01,2.204921548586407543e+00,3.976753098205979331e+00
-1.324014293857043389e+00,8.750359538777319202e-02,2.243351774473785643e+00,3.685648464524058809e+00
-1.310004633985747402e+00,-7.597337247302153873e-01,2.270462298791460221e+00,3.849264552657290395e+00
-1.233713493386409121e+00,-2.857296898392092999e+00,2.158156760822040443e+00,4.195318825125789353e+00
-1.238502909997116985e+00,-2.673808221268171526e+00,2.158064402758957279e+00,4.022221568895120392e+00
-1.356242260551229428e+00,-3.495935462741861066e+00,2.253547853800531797e+00,3.796413663469718980e+00
-1.324506854166993763e+00,-3.218011589529480965e+00,2.225484590451451528e+00,3.680526091018758272e+00
-1.302292562428859490e+00,-4.655982555123062916e+00,2.285830923141825011e+00,3.834922766345719491e+00
-1.334974458106628514e+00,-3.667694508986413471e+00,2.229645710573665340e+00,3.484433371528170120e+00
-1.289734206230537472e+00,-5.787142848262512018e+00,2.239642369432528923e+00,4.048056971977366914e+00
-1.249343758119612735e+00,-4.919206183917775199e+00,2.236504589540669219e+00,3.731895826680081907e+00
-1.300039060839638605e+00,-3.921241852183766419e+00,2.211721854938005105e+00,3.766206822646779973e+00
-1.351619216535088208e+00,-2.259822830189166076e+00,2.266636103992726525e+00,3.528881827414694694e+00
-1.204572069874520368e+00,6.846880292276474878e-01,2.205455763047969420e+00,4.112520304012083905e+00
-1.208459826032179274e+00,1.730725292890962441e+00,2.176582804909201307e+00,4.144015966818663799e+00
-1.424763878501654313e+00,-2.179470879095016578e+00,2.294248981394352516e+00,3.404876143930119614e+00
-1.269430934150109547e+00,-1.073065775157062696e+00,2.328701706253321291e+00,3.654032308408074581e+00
-1.305986827051371257e+00,-9.895346967142042427e-01,2.303741296527913374e+00,3.797685100897805199e+00
-1.281754165883339347e+00,-9.025693848638478567e-01,2.312993070159412579e+00,3.575898670964956061e+00
-1.361720737055943431e+00,-3.061977894932985222e+00,2.214585775115835986e+00,3.621579778648911230e+00
-1.357776477869860221e+00,-2.695349915488213011e+00,2.212512944501462187e+00,3.501254512618281023e+00
-1.459940577930136429e+00,-3.485371031179016477e-01,2.241939235074242198e+00,3.442704193420003556e+00
-1.422409497856592653e+00,7.096258891954313475e-01,2.244487679437545680e+00,3.278354651846604906e+00
-1.343899182302376927e+00,2.720302506702740319e-01,2.249992216352920682e+00,3.782693159359639790e+00
-1.320131573213905618e+00,1.039491842289530288e+00,2.244817797900906076e+00,3.609487717711179933e+00
-1.295739796422482604e+00,7.565238819451290953e-01,2.189659195424937366e+00,3.796534286798828983e+00
-1.261085054950104922e+00,6.369783401610920048e-01,2.248744180355821687e+00,3.849275621554018922e+00
-1.244952369477820175e+00,8.130170132350160728e-01,2.263500122061352204e+00,3.864720333695581989e+00
-1.405432237745629420e+00,-7.415258364373188416e-01,2.210070567889309778e+00,3.615192544177045608e+00
-1.423213946990844914e+00,6.090360653686175407e-01,2.305357050762142812e+00,3.426410060226086518e+00
-1.327119772685871224e+00,-2.368602778547972409e+00,2.223005784090370529e+00,3.744955149949796169e+00
-1.373454166710822433e+00,4.914067014712599768e-01,2.262899158377461362e+00,3.568860458436267535e+00
-1.152327427032426632e+00,3.903930697847120962e-02,2.174997518509647954e+00,4.248007768309121523e+00
-1.263583728971277020e+00,9.813187092455597504e-01,2.147126017945698351e+00,4.261429175433933736e+00
-1.245892919076266203e+00,7.290359227128974107e-01,2.156323363871094134e+00,3.905496648414461536e+00
-1.300793017032993326e+00,-1.480835746201940140e+00,2.187717293009894259e+00,4.031036256185879019e+00
-1.391305035296556136e+00,-1.404244478776522698e+00,2.180326205651648142e+00,3.573912665532590793e+00
-1.406381267076968422e+00,3.025841313140301692e-01,2.246612647996055756e+00,3.428279676346266847e+00
-1.380892262665325942e+00,1.648027560193208174e+00,2.339242294500954333e+00,3.407986539528570447e+00
-1.407009167704685426e+00,-1.862559772285140136e+00,2.242305161635809174e+00,3.483071909324269910e+00
-1.223467762567536754e+00,1.749372203452244978e+00,2.247997506372829690e+00,3.972441307234555019e+00
-1.215926945182090435e+00,1.368981069780202064e+00,2.213439196758873351e+00,3.925628203282904405e+00
-1.314465069840460743e+00,1.676398748175316644e+00,2.173517048054096179e+00,4.067795861725880258e+00
-1.206509847351062925e+00,-1.076971827660869518e+00,2.235303153404364362e+00,4.108489634728273110e+00
-1.313783368023060616e+00,8.355166469391054340e-01,2.240747766008629238e+00,3.823896873498724869e+00
-1.307290325507628914e+00,8.142014376972185330e-01,2.254638534391211202e+00,3.699003607502530322e+00
-1.357431599412753931e+00,1.217969521395867227e+00,2.231155625269765963e+00,3.778333159778712869e+00
-1.348519236021681333e+00,1.235940372980064872e+00,2.226611776995083947e+00,3.666991424977953606e+00
-1.308073631651219149e+00,-2.533272542695433893e-01,2.217765090280503948e+00,3.850463432053512935e+00
-1.388323815212237466e+00,-5.494694880290676431e-02,2.209077308655154503e+00,3.651947846404739018e+00
-1.334264963688308603e+00,1.688410007357858067e+00,2.191116709685652530e+00,3.686200684308863273e+00
-1.346504799975988043e+00,1.475814470432528003e+00,2.173590131874524545e+00,3.694446950594306056e+00
-1.375788545024100307e+00,-1.349835103422615923e+00,2.339861941757570563e+00,3.666521076844893923e+00
-1.312150716625054114e+00,-1.569456948763477078e+00,2.292686409624250743e+00,3.458202720483671833e+00
-1.438389142717808378e+00,-4.600870066459659680e-01,2.209849420904278272e+00,3.538586396204796092e+00
-1.362946388196391911e+00,1.171893395186118125e+00,2.278640466630255990e+00,3.654820411059140461e+00
-1.357884037100526520e+00,-9.342023524317796257e-01,2.271700809211137262e+00,3.657054991932193300e+00
-1.305773977666768504e+00,8.491262206858621875e-01,2.204670434010030711e+00,3.851790354465130850e+00
-1.339965105115252353e+00,-8.291632836468061374e-01,2.235267375714967475e+00,3.671473030490629785e+00
-1.307250505957115783e+00,1.883193740617670198e+00,2.195222902431143375e+00,4.053873177199048605e+00
-1.288265655237782026e+00,1.622379539135231585e+00,2.232293661161238507e+00,3.666727408421301515e+00
-1.283080744854597555e+00,-6.119271291097649890e-02,2.251780618838948200e+00,3.799832545052966193e+00
-1.323649631540947613e+00,-1.930525305482254206e+00,2.226002496238169037e+00,3.729176401398679896e+00
-1.249477446437580852e+00,2.593114587500266577e+00,2.288309360377215995e+00,3.891147761418079387e+00
-1.287755166936719098e+00,1.395766076105978915e+00,2.246955178992313229e+00,3.931997772754258769e+00
-1.349319283916905254e+00,-1.560261058027070380e+00,2.230753667505986471e+00,3.630860454661357650e+00
-1.293358493854501301e+00,-1.981130796490105039e+00,2.214319292702205733e+00,3.921779043407390919e+00
-1.229823336471334017e+00,5.549319483442849421e-01,2.211441514241774708e+00,4.004250810575405772e+00
-1.323928437451141527e+00,6.928222895627010880e-01,2.157865320423729472e+00,3.806962706459746659e+00
-1.275122517261877864e+00,-2.426847063256455939e-01,2.239392588750284574e+00,4.000338173864310676e+00
-1.237905271869920831e+00,-1.187260849412206776e+00,2.247183941006293040e+00,4.100254524258321709e+00
-1.289561486625441011e+00,-2.761707055834107027e+00,2.213285011197943852e+00,3.929350343204762286e+00
-1.204290316992010279e+00,-5.258073668274075629e+00,2.152778977824065354e+00,4.103303385374830192e+00
-1.438859545898245607e+00,-7.941632076496918380e-01,2.306533443009054718e+00,3.399774338879423041e+00
-1.450671365788873901e+00,-1.096822577618161709e+00,2.319358159137711262e+00,3.306508735288696155e+00
-1.410712712847936423e+00,-9.815692773254252046e-01,2.311787068226746733e+00,3.239876179133198253e+00
-1.162065191552819732e+00,-5.235644618895887170e-01,2.125101390470180540e+00,4.332006835465997518e+00
-1.185317560629416622e+00,8.792638090605826573e-01,2.249022765535892088e+00,4.166457327009793765e+00
-1.153224475057748943e+00,7.917188007211297673e-01,2.274241424911965126e+00,4.397233148352714061e+00
-1.107973732664567779e+00,2.018127542514175587e+00,2.179218454586019593e+00,4.442396368613444224e+00
-1.256449625580187579e+00,-1.739535138485512000e+00,2.209472855071401121e+00,3.942864428919018227e+00
-1.222355318127039903e+00,7.375143982785878904e-01,2.136200442794526033e+00,4.240046557915748693e+00
-1.224989343955252608e+00,1.588965972917855574e+00,2.161585040093831456e+00,4.135664528669544815e+00
-1.284682350983098242e+00,-1.148871545675100303e-01,2.239244668367168956e+00,3.909077557588215512e+00
-1.153740719863212805e+00,4.734224415303422973e-01,2.187271405007908065e+00,4.371688081968311934e+00
-1.127591021650305780e+00,8.158323619897336343e-01,2.193744229757214725e+00,4.538405596590935787e+00
-1.154775965163435503e+00,2.156972527646030535e+00,2.077244924205151388e+00,4.627328030749255028e+00
-1.096929568469630079e+00,-2.412000316883636142e+00,2.283938496699337684e+00,4.465377559265765406e+00
-1.113856627322558523e+00,-2.182527487498266971e+00,2.260886171411310652e+00,4.410935940066768701e+00
-1.417798001708400646e+00,2.041348405014602463e+00,2.195589098014959273e+00,3.455171682801221777e+00
-1.405456466899894341e+00,1.803685892464600427e+00,2.208446297717205908e+00,3.753113615952400561e+00
-1.325005506199719019e+00,1.978137929573910991e+00,2.227225303044452875e+00,3.520042025524746876e+00
-1.370856231351486043e+00,1.564743937377542027e+00,2.225533102410228281e+00,3.647170558979456967e+00
-1.335050642930037057e+00,-4.515319928381045789e-01,2.276841870538598656e+00,3.517449286105821304e+00
-1.382889294645514466e+00,5.734021876374267856e-02,2.250365537122504200e+00,3.720032263614476253e+00
-1.334967600146206079e+00,-1.438144960072198497e-01,2.237878587263538499e+00,3.670974950499475753e+00
-1.370598987305597261e+00,-1.473970793770888188e-01,2.230912743003283794e+00,3.823407656813750943e+00
-1.343205042510790204e+00,2.545250030770784821e-01,2.208249206102548268e+00,3.539039963007047263e+00
-1.418938284929446070e+00,-1.679444253342719406e+00,2.220145988116978053e+00,3.799222954566844113e+00
-1.289227825149157791e+00,-7.926531411108388436e-01,2.176699088234794299e+00,4.322759784567786312e+00
-1.259046634583585567e+00,-3.932857759550485444e-01,2.160585842016923053e+00,4.183911471071937171e+00
-1.213892146231610347e+00,-9.373946672665298130e-02,2.219885008898393686e+00,4.042623324130588891e+00
-1.256631399157983831e+00,2.832125914638763398e-01,2.165454937236870325e+00,4.110476297416234992e+00
-1.333814016297638183e+00,4.213015597332437912e-01,2.220574263594594644e+00,3.579397297121054589e+00
-1.339912416902316883e+00,1.634959523900866074e+00,2.288102921589597827e+00,3.480502096370423182e+00
-1.322886743046743696e+00,-1.355340731794449916e-01,2.191891901690047106e+00,3.780244667216751786e+00
-1.409913438094398952e+00,-9.443439541631921674e-01,2.385444258925183192e+00,3.227645257668346090e+00
-1.381181311068217843e+00,-6.305531918205290465e-01,2.372910425620132990e+00,3.243406651628998105e+00
-1.328560897185250944e+00,2.705719062467344393e-01,2.307628938710185817e+00,3.709856458628317810e+00
-1.371354562292102175e+00,-1.283833530415921853e+00,2.255029078106526974e+00,3.598343403447154643e+00
-1.324743677356514437e+00,-1.371217665417226117e+00,2.260297328013250784e+00,3.567432536264124376e+00
-1.278320913564265249e+00,-2.298080966407461290e+00,2.185019595748804999e+00,4.094529919241958638e+00
-1.276138578676409230e+00,-1.379671605804452472e+00,2.260180714171763139e+00,3.954516529641555866e+00
-1.271534034020507464e+00,2.242107593713399183e+00,2.214058136646914310e+00,3.719653593307501449e+00
-1.342469433664637446e+00,-3.741686176593772117e+00,2.281079769248660405e+00,3.635061848776574678e+00
-1.345958090271956342e+00,-3.375862576305141083e+00,2.286161583743175907e+00,3.710656275931762504e+00
-1.302716433264897056e+00,-1.744500181102675906e+00,2.183814415867523007e+00,3.855963238296964857e+00
-1.138223083384065859e+00,-1.792089831489854346e+00,2.204655908391035979e+00,4.481400834620199447e+00
-1.386012421995439059e+00,-1.529310365740720545e+00,2.218592158017973048e+00,3.505379332303815154e+00
-1.159001908787638424e+00,1.475290916398311225e+00,2.145684091742309452e+00,4.377518274320732594e+00
-1.159892115818401903e+00,2.842093754649565263e+00,2.150081865584738683e+00,4.548834452814407570e+00
-1.087740651600576092e+00,6.002561476069632196e-01,2.138847007885162466e+00,4.582694074244997751e+00
-1.107263651726577924e+00,2.661535802211268953e-01,2.198079573481383164e+00,4.445123489779314596e+00
-1.253459296920576227e+00,-8.472623931231888506e-01,2.144336868970228238e+00,3.972437686307869420e+00
-1.405912687299403219e+00,5.858133264351568226e-01,2.346156316703493339e+00,3.403505414170299836e+00
-1.516058883410980496e+00,2.217456919670152682e-01,2.272463944913408085e+00,3.260105133846872949e+00
-1.383545320898723396e+00,6.339700951649696048e-01,2.335293594100710468e+00,3.472808021034602177e+00
-1.373392822003917324e+00,-2.686616255851458579e+00,2.206031216812359474e+00,3.519618631143485832e+00
-1.401458647549905345e+00,-2.576984239976445323e+00,2.294187109543706082e+00,3.270401544119701409e+00
-1.469949624778960962e+00,1.899519753507598718e+00,2.383080253868613774e+00,2.807541601519027541e+00
-1.202733711397845129e+00,-2.699949123612359614e+00,2.132702198199623922e+00,4.300190076549045948e+00
-1.358017093831344280e+00,-2.359792009252076550e+00,2.200880291618676043e+00,3.654568215469766734e+00
-1.228955623379232698e+00,2.874668538000879625e-01,2.250007871199138698e+00,4.041166937294829786e+00
-1.183113455359768196e+00,2.394142254714831664e-02,2.259443284589790490e+00,4.159295395354771330e+00
-1.275334921957912648e+00,-8.317283773193080432e-01,2.220619363925726564e+00,4.016209344223526934e+00
-1.259935565527101842e+00,-1.255695189154966807e+00,2.201180272984282649e+00,4.058357305491229639e+00
-1.316658972186787846e+00,-1.572823915779909321e+00,2.176855851023991040e+00,3.830089803540582594e+00
-1.249409069946146644e+00,-1.400317051024012605e-01,2.211064443509053401e+00,3.976223028324636033e+00
-1.415525452521575911e+00,4.110224343614766740e-01,2.237922783726687292e+00,3.481233839388626183e+00
-1.283772806988503712e+00,-1.229838609826415352e+00,2.227581588043763716e+00,3.933484294146191829e+00
-1.248927759832659579e+00,1.534720543594384479e+00,2.184236568972342862e+00,4.112439275222085300e+00
-1.262863975043134968e+00,-1.082645232953736159e-01,2.165663729618226618e+00,4.006663353299579455e+00
-1.259208994547939664e+00,-7.171738358886429188e-01,2.238795170267998458e+00,4.105541878154758351e+00
-1.225564175064366434e+00,-4.532373458095197982e-01,2.237516519883077759e+00,3.939021774981568580e+00
-1.213198443819933692e+00,-4.764662721373721932e-01,2.240108785658033952e+00,3.915583537867615149e+00
-1.419508566803842964e+00,-2.825065837800702084e+00,2.210001834467365533e+00,3.610031483929857288e+00
-1.371895458424801761e+00,3.349001825166897373e-02,2.342391612638095477e+00,3.381650986773655720e+00
-1.438878979287972149e+00,9.125790599263445824e-01,2.302818493250400333e+00,3.319065228943416379e+00
-1.302627061072161307e+00,2.869387285372822505e-01,2.229204740050334088e+00,4.065768613734025649e+00
-1.342438675536641535e+00,-2.935287365573713725e+00,2.255439825182819380e+00,3.737566468928373187e+00
-1.245742136205839623e+00,4.904553763554841961e-01,2.210448041753701798e+00,4.035325150763604540e+00
-1.249058371997577188e+00,8.463483987270796760e-01,2.212810932909143879e+00,3.839884033699351829e+00
-1.260845998469660501e+00,9.208522039866188225e-01,2.207529258640898551e+00,3.823039768281237816e+00
-1.289516997585767877e+00,1.356237351137205005e-01,2.192364985216804563e+00,4.028126273620943998e+00
-1.310054211695104387e+00,4.921031398768028198e-01,2.229613320122951325e+00,3.694841410756432243e+00
-1.340447109177169693e+00,5.147307579936334365e-01,2.221302415156701571e+00,3.802575678747034171e+00
-1.275295679192976372e+00,1.041742030144323650e+00,2.194232766890289454e+00,3.760334910274194087e+00
-1.286718849007822296e+00,-4.758475735933931361e-02,2.173686914816997273e+00,4.162291012899844489e+00
-1.372000983438777633e+00,-4.866186633622393565e-01,2.167664291768889306e+00,3.492736462966226085e+00
-1.397866183959285191e+00,1.581401801743396174e+00,2.228808741697101858e+00,3.346674668889996873e+00
-1.221125410301462821e+00,-5.932640464225704680e-01,2.247412425940547465e+00,4.004758875899988801e+00
-1.226885609617223816e+00,-8.572482524110316415e-01,2.240820453741473539e+00,4.153042590157107306e+00
-1.221646259556136593e+00,-1.881356497561926577e+00,2.168768823889533515e+00,4.232817683692431387e+00
-1.295850269020868195e+00,-1.319333702316519918e+00,2.246741798733186801e+00,3.872226972200559114e+00
-1.268017926082915414e+00,-1.561225862091943917e+00,2.244977579745018659e+00,3.596951422385792352e+00
-1.291282011181607459e+00,-2.222816922865269884e+00,2.271258502569101889e+00,3.881835976225233686e+00
-1.289994925695496786e+00,2.815668779215737549e-01,2.208176288904254214e+00,4.009750868981569738e+00
-1.403290770601268944e+00,3.223725859125644022e-01,2.291294419180824882e+00,3.537516806072000808e+00
-1.284307234117852303e+00,-4.559680901115642504e-01,2.259838637101629022e+00,3.690192184027115463e+00
-1.316573714280872220e+00,-9.814344654530824386e-01,2.207911013077031637e+00,3.961970320392945943e+00
-1.344755962056084053e+00,6.565609568387689166e-01,2.294026936762433078e+00,3.499066520930604440e+00
-1.361261440046543481e+00,1.241522576450847515e+00,2.284418332431737753e+00,3.628563562792092689e+00
-1.401078711666175147e+00,9.259483094021367933e-01,2.380320236616187746e+00,3.418387904951680323e+00
-1.317622172245431100e+00,-1.606208635503779680e+00,2.164118376683792810e+00,4.032850217742781851e+00
-1.294868482773134932e+00,-1.416948871722000236e+00,2.171898665283493290e+00,3.946352221328012888e+00
-1.260888693482295819e+00,-1.863501494402203251e+00,2.239336008590807836e+00,3.735274600447887838e+00
-1.269658031587714619e+00,2.384297989558926467e+00,2.170898021189124005e+00,4.252554306621489033e+00
-1.281811339895395196e+00,-3.080773238659237911e+00,2.298650441040068770e+00,3.814130093601824534e+00
-1.337419513726326947e+00,-1.669873131022927115e+00,2.181075799344285304e+00,3.718480306172378569e+00
-1.366010615771479308e+00,-3.173046000614041517e+00,2.217210991034466616e+00,3.924879725101748651e+00
-1.298732402888302273e+00,-2.708121747588643657e+00,2.216929931531987918e+00,3.900975454036231582e+00
-1.351146989762102235e+00,-2.827650428969721741e+00,2.212417012671493044e+00,3.663841719689135967e+00
-1.317890073828795972e+00,-4.877234545845942293e+00,2.212170481135725009e+00,3.764752062794180176e+00
-1.329446463122712752e+00,-4.365316235234280917e+00,2.296149090357900491e+00,3.742412168959922791e+00
-1.274527112743681911e+00,1.052093229909057293e+00,2.165970061541565350e+00,3.936218860324843583e+00
-1.354363764392357616e+00,1.871557388166303681e+00,2.173217155772129594e+00,3.781270547267890692e+00
-1.231411571633454383e+00,-2.886168439739456915e+00,2.242432483461263892e+00,4.167266733351588925e+00
-1.197494503333730531e+00,-1.136095847708238793e+00,2.225579626477378614e+00,4.078536704020590875e+00
-1.331191840537679250e+00,1.370774222620602334e+00,2.205391581593600936e+00,3.827136084462811283e+00
-1.286451062079609464e+00,2.238827515692283665e+00,2.205049023509284112e+00,3.821427568230623351e+00
-1.389012455804143453e+00,-2.336149942428507487e+00,2.282275088727144130e+00,3.515294042857042722e+00
-1.373025429968918187e+00,8.269502446890234504e-01,2.273711979052928989e+00,3.480810016033613952e+00
-1.414190774263582417e+00,2.090160394509125386e+00,2.285750157744736111e+00,3.412577168364716584e+00
-1.422874706579793314e+00,1.721814687815171219e+00,2.292922141629734512e+00,3.406690395741289290e+00
-1.437175342079941354e+00,1.916716084543572673e+00,2.285333414646664618e+00,3.260030004989331154e+00
-1.167227255173069800e+00,-2.398048362419634039e+00,2.175131661376346948e+00,4.297174580705600988e+00
-1.374739041956116736e+00,-1.273034175993626782e+00,2.237831053331527098e+00,3.700660232532741567e+00
-1.387799581612756628e+00,-9.724274516639888066e-01,2.237638794823557653e+00,3.659263598744903145e+00
-1.387799581612756628e+00,-9.724274516639888066e-01,2.237638794823557653e+00,3.659263598744903145e+00
-1.350126113534104944e+00,-7.511383265887707772e-01,2.157201562740947764e+00,3.902597122217742687e+00
-1.313010631153156860e+00,-1.330248244395578316e+00,2.230707303264908514e+00,3.629493110637118214e+00
-1.365425987310782574e+00,-2.821544949434386051e+00,2.262961919022670632e+00,3.682015085577700297e+00
-1.300926404625208477e+00,1.706789559464736872e+00,2.262535809755465976e+00,3.916189708467587405e+00
-1.255652526558427073e+00,6.844613840591865506e-01,2.253071348167854815e+00,3.816610640415040390e+00
-1.237539932363281636e+00,1.949276967959311602e+00,2.246043733173487045e+00,3.964364287673900478e+00
-1.247808752123583664e+00,-4.333494295922262207e-01,2.254882364305228926e+00,3.953226016264894227e+00
-1.273704763122808892e+00,4.863637049330399309e-01,2.213576729160604106e+00,4.033253877941630705e+00
-1.269749332538393505e+00,5.821128266295130804e-02,2.259283938298373595e+00,3.846827562044454307e+00
-1.327321937370287808e+00,1.102385148683064475e+00,2.244387580301471008e+00,3.681606649397084485e+00
-1.339217934928676357e+00,1.018813099868691285e+00,2.244920272722770171e+00,3.672920721394398402e+00
-1.216177889558681002e+00,7.542861254793601367e-01,2.224132118950342907e+00,4.010458204070640242e+00
-1.277483464449807204e+00,4.394920330214382442e-01,2.249892303981763764e+00,4.037402812659484752e+00
-1.220358915995610527e+00,9.319144175072224812e-01,2.161345700708734441e+00,4.193924461529691783e+00
-1.247369980026778791e+00,1.620152240968275814e+00,2.156409372388112367e+00,4.131221636769002892e+00
-1.222601024168554984e+00,1.684008683799594008e+00,2.143679237796269010e+00,4.127665043426416602e+00
-1.340549330625907531e+00,7.929916928381972596e-01,2.181565503059557987e+00,3.699523427714231705e+00
-1.227945799076019417e+00,-1.302654809257122737e-02,2.242917243214127776e+00,4.148168348839784692e+00
-1.340468956453286120e+00,4.700299128139872051e-01,2.243676107083055538e+00,3.670868312654550714e+00
-1.294862830057306180e+00,2.204079664125059956e+00,2.257548662187958577e+00,3.836088031134323284e+00
-1.374304300191348194e+00,-1.550438300322884100e+00,2.254270577637045303e+00,3.538040508388940797e+00
-1.306761575985274426e+00,-1.294506558872874802e+00,2.150863838726982280e+00,3.876931553043488243e+00
-1.250267849251675223e+00,-6.349760580043957159e-01,2.244215706523448706e+00,3.938504970269856909e+00
-1.433414333350003567e+00,3.020953886413734191e-01,2.244418753295458480e+00,3.413849745028930016e+00
-1.240338001234215559e+00,-7.027795673487718942e-02,2.162485672985968499e+00,4.130895089989368607e+00
-1.405909252047069735e+00,6.972578067907996280e-01,2.350585892898837681e+00,3.330167775091590343e+00
-1.400668074595827983e+00,-1.189698989527014916e-01,2.307636254026232514e+00,3.326309214444543194e+00
-1.413215412721647857e+00,3.958259923470806574e-01,2.302264793568676193e+00,3.359877206994321686e+00
-1.206842075033952799e+00,-4.549760129403397357e-01,2.170933485793506534e+00,4.319925519255596313e+00
-1.209036121416202647e+00,-2.244841632333133052e+00,2.185287933882688716e+00,4.155010030280611666e+00
-1.341152876566717778e+00,-2.041332509240366466e+00,2.144256309254891413e+00,3.719914685889033290e+00
-1.237658467839122922e+00,-1.685761068848463662e-01,2.234072688820872177e+00,3.976782230214868541e+00
-1.219475286993747742e+00,1.193686477337496804e-01,2.183726252392699685e+00,4.177938474159169857e+00
-1.328070461196544594e+00,-2.479806366026292785e+00,2.240454145824525956e+00,3.681434459247040714e+00
-1.350467839176513252e+00,-1.994830588565390306e+00,2.240972914315676245e+00,3.780929448948763483e+00
-1.369185816331468297e+00,4.562370611925060659e-01,2.246176547330580586e+00,3.608620482270748386e+00
-1.385043920752170310e+00,-1.669167876691366903e+00,2.253580782661225079e+00,3.653735003206528997e+00
-1.247896084226226776e+00,1.890317654002967585e+00,2.220576239297419985e+00,4.058323064892173093e+00
-1.293466499556134908e+00,-1.628054309175192671e+00,2.203349929822170594e+00,3.816193404532650213e+00
-1.294183996668173187e+00,-8.192650628110561550e-01,2.168701521508348939e+00,4.093250213742928523e+00
-1.333833779167331146e+00,-1.679991384916184272e+00,2.179743251278628779e+00,3.881192981837522815e+00
-1.391512651549722035e+00,3.367875513891342432e-01,2.376107341138813389e+00,3.191006881977706655e+00
-1.459513227374353850e+00,-1.541588042731184549e-01,2.401599979259366524e+00,3.224755153388420226e+00
-1.435261460312023285e+00,6.034301643643165125e-01,2.368186483487745519e+00,2.809847832424442249e+00
-1.449056562297992290e+00,1.910241044929748888e+00,2.311373592984100167e+00,3.140430961389679254e+00
-1.460652861192193619e+00,1.598314019879470305e+00,2.319387223516728103e+00,3.364217783943415085e+00
-1.474793987177215326e+00,5.472655121101658304e-01,2.225598748586206987e+00,3.212250458713075130e+00
-1.252820888881148065e+00,-9.817660612967678002e-01,2.112073904152733217e+00,4.174376899337773672e+00
-1.262156052987433608e+00,-1.404787635555900138e+00,2.307441406479577850e+00,3.744464609533221022e+00
-1.247326263849531269e+00,-2.566790018412930863e+00,2.232116168296109926e+00,4.111702945590841374e+00
-1.205411142258508095e+00,-1.941389679945887847e+00,2.259173432009047744e+00,3.989926683649912764e+00
-1.342619987434932494e+00,-1.545895970604997949e-01,2.224931799033198931e+00,3.823879143113684709e+00
-1.190120937408830848e+00,-9.853593750721796329e-01,2.114824134730522776e+00,4.259650737356129646e+00
-1.332482051477447804e+00,-7.764172636031069219e-02,2.198373966439750138e+00,3.745439377341620357e+00
-1.350261165927559848e+00,1.330428692383246181e-01,2.198779167860449579e+00,3.907442679226394322e+00
-1.344028717210091539e+00,-7.041066209365776096e-01,2.271021595195513942e+00,3.857974642858671643e+00
-1.276674934043681597e+00,4.266317785052466394e-01,2.182032588908151993e+00,3.758204405392943759e+00
-1.344239574101733892e+00,-6.536936345611144006e-02,2.201042801755674017e+00,3.928691486729283255e+00
-1.275762547420836279e+00,-1.015003836667758952e+00,2.226818999603387361e+00,3.712023617009421184e+00
-1.279087079994001730e+00,-1.564489510828126928e+00,2.243582702623721392e+00,3.793186467850650168e+00
-1.471078291549301031e+00,8.536891479782218184e-01,2.250748584543456943e+00,3.190586962443983765e+00
-1.183577907330102041e+00,-2.926612779572902667e+00,2.196579571205242942e+00,4.211804990015245664e+00
-1.234213181348690735e+00,-3.859487859061498050e+00,2.211018193550962074e+00,4.126805284306671595e+00
-1.274153941115798272e+00,2.392169095720944050e+00,2.237239630203783580e+00,3.965513902731021112e+00
-1.255120964445579190e+00,2.141789709442213585e+00,2.237996860758934226e+00,3.954510289534794332e+00
-1.212555300825929994e+00,6.365510106873721874e-01,2.257411321880307131e+00,4.133654086630773605e+00
-1.366280013679083138e+00,-7.777976611237402693e-01,2.222423265935203673e+00,3.547949667125183115e+00
-1.224030738234383797e+00,6.182838859622425964e-01,2.206887204037820904e+00,4.228297811983739329e+00
-1.108301241783547608e+00,-1.166961570962058659e+00,2.085233604179038025e+00,4.770925882288514330e+00
-1.292817492698423498e+00,1.373370671494622774e+00,2.248114347574182048e+00,3.825906263800697538e+00
-1.346938381616418878e+00,4.929046433863903953e-02,2.228173754057249045e+00,3.451572588036870393e+00
-1.376303991141540006e+00,6.351192620583200332e-01,2.248858984386980620e+00,3.615118191598087449e+00
-1.313561270577831896e+00,-1.263759926915170695e+00,2.249310742350742576e+00,3.583255920808457340e+00
-1.189300585539359245e+00,8.808020185133573765e-01,2.242980889604700323e+00,3.946246549689808703e+00
-1.340110320748122863e+00,-1.334010277113632847e+00,2.203187687438934450e+00,3.424615384432071696e+00
-1.338885670334896361e+00,-1.364109076297709500e+00,2.211924969483280545e+00,3.581765053903647633e+00
-1.367832862003296235e+00,-3.077450321824554136e-01,2.325244941324144499e+00,3.431060020199648175e+00
-1.237751326051283796e+00,3.204355150241692818e-01,2.140677792693765902e+00,4.111306318357894618e+00
-1.162493674799252696e+00,1.015127173155241147e+00,2.268727959087881718e+00,4.359093000816881336e+00
-1.091416838974358372e+00,-6.107854669450412111e-01,2.237983027774248956e+00,4.502349639179540119e+00
-1.088783532198394299e+00,1.585653503836523592e+00,2.159833463178754354e+00,4.629424102040364808e+00
-1.090607497720076813e+00,1.324512894072813252e+00,2.154871865679026666e+00,4.656744952751235900e+00
-1.345655332362731826e+00,-1.069365672668124434e+00,2.242239574926057966e+00,3.660923332577546763e+00
-1.310066721186256888e+00,1.198342267966311603e+00,2.230730329864642592e+00,3.791120505646015104e+00
-1.382025552967350190e+00,-9.958328648305525554e-01,2.258925805480369142e+00,3.520177152596185355e+00
-1.333538699497280877e+00,-1.788195704638085415e+00,2.239919348152006773e+00,3.636980317963896869e+00
-1.267699762625782878e+00,-2.998423288835403877e+00,2.201486203504805506e+00,4.044962128833242687e+00
-1.292204748516154966e+00,1.215114035240033363e+00,2.239483802829514314e+00,3.846986477453647968e+00
-1.232623689122116062e+00,-4.273526953885275148e+00,2.204639247904365718e+00,4.059951231446566666e+00
-1.250831024077464715e+00,-3.039407648149543117e+00,2.200409529949514997e+00,4.106329915538324826e+00
-1.186056562775343215e+00,1.874810586022093828e+00,2.170268133036110658e+00,4.221442899896556078e+00
-1.179743476015870263e+00,1.631200145350461428e+00,2.182980806771442239e+00,4.050743486101809232e+00
-1.179887680167795994e+00,5.237752109898045072e-01,2.231649982713265423e+00,4.546895305167458545e+00
-1.450973344613222027e+00,-2.775723764430515050e+00,2.282461204007626865e+00,3.347754053665916718e+00
-1.015541360360783907e+00,-2.591496681232989818e-01,2.183360704032165422e+00,4.894536018926063825e+00
-1.035324167581849641e+00,-6.514822777183700842e-01,2.182363006525690707e+00,4.812949595891659271e+00
-1.084390108187802682e+00,-3.559700387061466742e+00,2.188280196293046043e+00,4.576862270321490733e+00
-1.050735246256896183e+00,-2.599781744442372755e+00,2.119556999266724251e+00,4.786849527428340245e+00
-1.397273642659701443e+00,2.659227205677976436e-01,2.288486589681546501e+00,3.375435315538506398e+00
-1.311809650400093785e+00,-3.362882309513893997e+00,2.213002304952155441e+00,3.856342689159177439e+00
-1.327798718031217851e+00,-2.675708745739021843e+00,2.151775999221246405e+00,3.901386084340670468e+00
-1.325640094011288683e+00,-2.741615497316347128e+00,2.142208016503659884e+00,3.807974895528341452e+00
-1.256987591122523451e+00,6.473318293876847429e-01,2.207845138936222806e+00,3.785037510653822324e+00
-1.296815956371046630e+00,7.335240668633075112e-01,2.227264267482639948e+00,3.947917049754591012e+00
-1.335951059831178789e+00,2.568509880768282128e-01,2.232910121409039217e+00,3.584100557729882564e+00
-1.261082321397867689e+00,3.650530731606713708e-01,2.178921493982214130e+00,3.941135088022781563e+00
-1.291657011133572563e+00,4.782056610036197752e-01,2.234362465053437941e+00,3.972539798514127529e+00
-1.290268048316614458e+00,4.364088471539995240e-01,2.271835141696369575e+00,3.670775159209862970e+00
-1.279962529056797971e+00,-3.859031070873513714e-01,2.241353587330064290e+00,4.060033954795169819e+00
-1.307026906386221432e+00,-2.898616621623088196e+00,2.213665234583939601e+00,3.904911042614593430e+00
-1.286022798909403519e+00,-2.369387380853706926e+00,2.267719264660558398e+00,3.948285817240581697e+00
-1.186032331820821017e+00,-1.626513741652389600e+00,2.186588747937449728e+00,4.144344573553651045e+00
-1.292944829388353423e+00,1.583585471089264729e+00,2.187411354778895589e+00,4.065315894418099596e+00
-1.307503416489965486e+00,-2.721389236004296830e-01,2.195867522914788594e+00,3.725332487774524637e+00
-1.335689938646818176e+00,-2.559371938472411734e-01,2.271015654879975809e+00,3.652821572261996774e+00
-1.235003562943247202e+00,1.165243383510799813e+00,2.232986710909951711e+00,4.026357202262597745e+00
-1.223623430637519327e+00,7.033567068701404024e-01,2.254799334965592372e+00,4.221749578363260369e+00
-1.384660937976295747e+00,-1.527639135720514796e+00,2.137733603588738429e+00,3.830165081305601404e+00
-1.418667014855470754e+00,-1.304795644454239012e+00,2.167696318519649168e+00,3.766600096945965870e+00
-1.264262694267195952e+00,7.249932022790612773e-01,2.174487407676223505e+00,4.091346636283423877e+00
-1.359287079651065211e+00,-4.972222502826009749e-01,2.283088741313907821e+00,3.529611948926636877e+00
-1.180364384635283148e+00,-1.382686994419615178e-01,2.199781915930645759e+00,4.242425556015764876e+00
-1.165728676831177868e+00,2.428974808768924465e-01,2.254501124658908839e+00,4.299345966341411085e+00
-1.192710090152479863e+00,1.789560768213143804e+00,2.261449200981761276e+00,4.137537486618208860e+00
-1.222028387345315714e+00,1.456108178805786357e+00,2.237987835566039418e+00,4.094901624209372315e+00
-1.275261893292035209e+00,1.484457660246705668e+00,2.210159744657337999e+00,3.846231628849757112e+00
-1.229175857421197726e+00,-1.497009911730385667e+00,2.223458659446967633e+00,4.019623627850511305e+00
-1.301040824817716546e+00,2.109705867143140789e+00,2.152760157697119592e+00,4.040861598761021689e+00
-1.337953265530643421e+00,6.374253781060318369e-01,2.240758078053548985e+00,3.728437090003012599e+00
-1.244231195939052848e+00,4.182643493807958190e-02,2.217581090279495903e+00,3.987834713904623296e+00
-1.253932071359896927e+00,2.903268753269171443e-01,2.206348545394269944e+00,3.897468411362193574e+00
-1.329133457859381195e+00,-8.830471423053261049e-01,2.251872752185764881e+00,3.641762206137905800e+00
-1.412473469496500211e+00,1.061517830100783710e+00,2.269294250058878859e+00,3.444227372189391900e+00
-1.293005401036113611e+00,2.345390271401629478e-01,2.144885350090477871e+00,3.961389312154187436e+00
-1.323705917263372500e+00,3.470822258015985318e-01,2.180139175937632956e+00,3.771427826678306783e+00
-1.333577773813151568e+00,1.478011310211140295e-01,2.176912946932248794e+00,3.799178864450105664e+00
-1.296815647037458552e+00,-6.966816381766096633e-01,2.201773274963449989e+00,3.903979171677130378e+00
-1.293494756015617808e+00,-3.061104603824636450e-01,2.216857364058114843e+00,3.904215592811694613e+00
-1.287253477576632887e+00,-5.085481721948035272e-01,2.218967032461256039e+00,3.856129887172993875e+00
-1.300631285838944384e+00,-1.395821922488197142e+00,2.198295679707135797e+00,3.804057694425270419e+00
-1.234677090393474064e+00,1.411079662896618014e+00,2.232660679839014506e+00,3.973033375845036907e+00
-1.279903939228484999e+00,1.435670042431702820e+00,2.249426088169336868e+00,3.967810516860013959e+00
-1.241207987876111307e+00,2.831135261361108046e+00,2.236533906062374566e+00,3.829091237192411512e+00
-1.254943458569445447e+00,-5.264337933573260742e+00,2.213146162267267236e+00,3.951817990679295622e+00
-1.317166867918947215e+00,-4.428703661383821100e+00,2.208883880157039847e+00,3.937823183820740258e+00
-1.337645625839435581e+00,-2.486378501516167017e+00,2.166543878411111734e+00,3.877028215484905616e+00
-1.279446309166528906e+00,-2.097138573081993584e+00,2.158530797973425841e+00,3.813809812708321978e+00
-1.315096050180617926e+00,-1.390503698896130791e+00,2.184362896386352393e+00,4.029610458091588576e+00
-1.313075919912209955e+00,-1.616925373952267764e+00,2.179473215009721354e+00,3.996174613448698398e+00
-1.330280007205610904e+00,-2.398869036802264265e+00,2.280726481378845261e+00,3.665550569366212041e+00
-1.304611143263694872e+00,-5.995656305971985844e-01,2.298152127185691729e+00,3.714764033536456900e+00
-1.371869280279136349e+00,-1.476193956716381539e+00,2.293426709426234389e+00,3.474311821946302725e+00
-1.379453922485353701e+00,-1.248993627199741052e+00,2.310022056375642396e+00,3.371098814042531977e+00
-1.341691972513547659e+00,9.374319033673690349e-01,2.175099570630215862e+00,3.896987983234684982e+00
-1.311524059618184523e+00,2.266148102840761958e+00,2.181638810954223295e+00,3.740078625991224204e+00
-1.292644879926436063e+00,2.226272289726856979e+00,2.176108890331672097e+00,3.630727032460274284e+00
-1.408967788387635034e+00,2.381041781591475281e-01,2.228982575132313126e+00,3.805495861411166469e+00
-1.316769728084510094e+00,-4.941269144034610150e-01,2.230285441129468804e+00,3.440409655585663806e+00
-1.348508337828255632e+00,-1.613152768961122474e-01,2.223226318350279840e+00,3.599652307120565720e+00
-1.336690611436068599e+00,2.078348578925118595e+00,2.174576969442159058e+00,3.657727621252367722e+00
-1.244382422910347286e+00,-1.713660761461249793e+00,2.250111117765229984e+00,3.777136960522587739e+00
-1.372066403587690608e+00,2.751736861717279381e-01,2.210857317736114602e+00,3.804623419811114626e+00
-1.345161205061511378e+00,6.171289887648552241e-01,2.270809123700594956e+00,3.630084665751778683e+00
-1.249009137280933768e+00,-4.424911415493278932e-01,2.173877570648094615e+00,4.045903618975573046e+00
-1.343940741735085487e+00,-4.775960541474419396e-01,2.290299399112208700e+00,3.588181514463611776e+00
-1.344555611302522546e+00,1.249441581221388820e+00,2.204400762388575075e+00,3.707126094110389403e+00
-1.294745557060872576e+00,2.432678843881139752e+00,2.199017219569063819e+00,3.687250203513606106e+00
-1.325238373944860992e+00,1.474726635413865061e+00,2.193760497118755648e+00,3.743187741959173476e+00
-1.318716658032441424e+00,2.224155577393234218e+00,2.166543438382968922e+00,3.919736861474687029e+00
-1.310249882196872218e+00,1.084803397603794961e+00,2.167323829061426732e+00,3.784583983453244205e+00
-1.274534749707064041e+00,1.049402260135184228e+00,2.146865408204484460e+00,3.792573417358808818e+00
-1.382472070651371787e+00,3.668863065313827665e-01,2.161874095329964884e+00,4.013698063857079390e+00
-1.239626959602504686e+00,1.928703461147171394e+00,2.223139667983864864e+00,4.010623320860328356e+00
-1.310270759986045253e+00,-2.742961713065641405e+00,2.274677316097042823e+00,3.704429043277063904e+00
-1.232912605049538035e+00,8.908307002709042743e-01,2.227551150737962171e+00,4.280685852739162911e+00
-1.221810910474987244e+00,2.073824096160174490e-01,2.200937643643638975e+00,3.993277574159161514e+00
-1.440446499403509772e+00,-1.969589739182819876e-03,2.281308447846220666e+00,3.403288995519851312e+00
-1.207359984379476003e+00,-2.263598550292695855e+00,2.206890639226853246e+00,3.931050194605302917e+00
-1.405294822935562626e+00,-1.144883808349148602e+00,2.198678022610496274e+00,3.340646556702608905e+00
-1.189561560162524900e+00,2.352226020812303808e+00,2.178800526254572212e+00,4.258523736356900180e+00
-1.300402698265478385e+00,-5.889687988764009674e-01,2.103540761503222445e+00,4.017143151883791674e+00
-1.302416061884935417e+00,-5.017407343653158547e-01,2.123375182769042357e+00,3.940891331267845299e+00
-1.315603332632807598e+00,-3.225612588498127931e-01,2.145206703030425377e+00,4.064738241427310328e+00
-1.195913093402689364e+00,-4.468443537970283042e-01,2.268883946589244527e+00,4.202718494698776119e+00
-1.269736281562781288e+00,-7.446932680259426007e-01,2.146446034245300005e+00,4.143610754119164241e+00
-1.102290133498402103e+00,-2.451751644200286684e+00,2.097091185439641681e+00,4.610001546488028623e+00
-1.224048582404168029e+00,-2.335962550633961410e+00,2.154698269042323755e+00,4.428645285773840534e+00
-1.208950073963837246e+00,-2.845391632795742254e+00,2.150162915075358061e+00,4.390487968178297784e+00
-1.233779844014958993e+00,2.343109238366974711e+00,2.237722932737391535e+00,4.162627184145746284e+00
-1.258242499864171471e+00,9.953881799597988911e-01,2.275710025076214116e+00,3.790418751484587734e+00
-1.258242499864171471e+00,9.953881799597988911e-01,2.275710025076214116e+00,3.790418751484587734e+00
-1.343216123427585007e+00,7.865224797349539276e-01,2.302737428258266661e+00,3.463900717852372413e+00
-1.440710008097231931e+00,-9.990824242283489198e-01,2.304101609518514060e+00,3.291689017164852071e+00
-1.444967055849699866e+00,-1.002979850817229401e+00,2.309123038855135146e+00,3.360902313291680432e+00
-1.433850267450156091e+00,-7.946275227343311265e-01,2.320745550183783035e+00,3.261880169390209083e+00
-1.273032078874261286e+00,1.647423544820983965e+00,2.181553569310996643e+00,3.973155135001180227e+00
-1.273411575818455432e+00,1.522910318336426316e+00,2.137846500337979183e+00,4.076916671311606954e+00
-1.275886571219968735e+00,-1.489507173100061088e+00,2.286754677947687941e+00,3.958913619363597203e+00
-1.277684294121335107e+00,-7.077739052295802802e-01,2.139241283854055542e+00,3.998445927316645054e+00
-1.281076224151792786e+00,-8.590348099221799538e-01,2.145553617424324155e+00,4.032235323837390695e+00
-1.305051209551559177e+00,-8.427324857311133677e-01,2.178015019293578991e+00,3.845963685417878253e+00
-1.339839408671472665e+00,-1.099993148636381646e+00,2.188662184061528126e+00,3.984737567851738937e+00
-1.286209406839946334e+00,-1.914423255938195512e+00,2.206126335060672794e+00,3.810646535953270408e+00
-1.373945133988916822e+00,7.298867519069702769e-01,2.287478335619888004e+00,3.411346844247629129e+00
-1.333960027267484749e+00,-1.361162811201107159e+00,2.221226016438786921e+00,3.803599045243410526e+00
-1.267211094653869718e+00,-2.813639098083414725e-01,2.212524665575469562e+00,3.879704101840379948e+00
-1.538426682182967520e+00,1.868265105021160943e+00,2.313992078931103258e+00,2.935607125207715384e+00
-1.568174621735382912e+00,-1.718753593088842013e+00,2.333359948609939671e+00,2.570663650985671733e+00
-1.429809680327158272e+00,-1.342385391552282980e+00,2.343125752173104814e+00,3.102882033832077280e+00
-1.382001594891733021e+00,1.885588526661779785e+00,2.235260882320209586e+00,3.685476487406972979e+00
-1.349924739096395099e+00,8.845023724993030800e-01,2.256587793548644250e+00,3.598704577832255502e+00
-1.251106444799111372e+00,1.351628481716003138e+00,2.246353687565262991e+00,3.848371240821546024e+00
-1.351058548383296642e+00,6.097963911728895292e-01,2.239284832395424640e+00,3.621251440976817726e+00
-1.229742633910925642e+00,-2.056703621601348342e+00,2.184881457895512913e+00,4.115696752177426809e+00
-1.226679468723089972e+00,-2.514661810943367826e+00,2.243413501937776999e+00,4.037783960783634107e+00
-1.148067234393830516e+00,-3.067584830241978366e+00,2.236221413634662980e+00,4.387684589448599404e+00
-1.437435356922852625e+00,1.747960930537722168e+00,2.313175040569765084e+00,3.205606686196920574e+00
-1.540107905265633903e+00,4.963397601480815657e-01,2.297884969202221406e+00,3.081774083396313646e+00
-1.162774139748551372e+00,3.115690715580259895e-01,2.205385049737153658e+00,4.278577796518674425e+00
-1.422461950911262596e+00,-1.312129238633599870e+00,2.222627910468724544e+00,3.514109113827530440e+00
-1.425808554785114479e+00,-4.545719185476340685e-01,2.194725785905848436e+00,3.328507905266005373e+00
-1.252752667067220882e+00,-2.080877922454397844e+00,2.293481314487110012e+00,3.785427709917471795e+00
-1.200178049287929261e+00,-5.486836513117888670e-01,2.308079802540824232e+00,4.053306920841575511e+00
-1.211365896472429649e+00,-7.037959158072458754e-01,2.277722862119513803e+00,4.094844848465325704e+00
-1.264733619908787743e+00,7.951258515545558403e-01,2.184295585989688870e+00,3.998091681071209713e+00
-1.253781616203556437e+00,1.201070185795785061e+00,2.170000125015035142e+00,3.883425953373243367e+00
-1.289244814231029101e+00,-3.141427674962347649e-01,2.252653482941980201e+00,4.003805395269760758e+00
-1.296874833386767456e+00,-8.864998482156163373e-01,2.266367517014367117e+00,3.927211859412817585e+00
-1.267605942183129608e+00,-1.268310177972308050e+00,2.269378862370095451e+00,3.721402212081189376e+00
-1.292531252276148068e+00,-1.169589858790702319e+00,2.279882033136833464e+00,3.663250565559504679e+00
-1.268333442076903905e+00,-2.610281973440700565e+00,2.319105372472230364e+00,3.772661678205504021e+00
-1.318869535264238113e+00,-2.188107697370841986e+00,2.277149150325839422e+00,3.798482048675738909e+00
-1.396134572215697478e+00,-3.308217657479198603e+00,2.181532626803897923e+00,3.675809158051274839e+00
-1.379861042697949847e+00,-3.281216478400294623e+00,2.189403432572050612e+00,3.629082759308740247e+00
-1.374273375671869690e+00,2.004547921038398517e+00,2.344245357433371257e+00,3.423534561815482657e+00
-1.392016659417953939e+00,1.387972856872430327e+00,2.335733853770252999e+00,3.520083199487354708e+00
-1.299270554532696131e+00,-1.269844871816781406e+00,2.165509227719028207e+00,3.680315354601547462e+00
-1.311395078201473385e+00,-8.187855838715732970e-01,2.186474551221351259e+00,3.859487670269442727e+00
-1.238617131001586991e+00,5.652413284785977599e-01,2.234538707994069284e+00,4.033665049229472999e+00
-1.222680050342302760e+00,7.208987752985639430e-01,2.235189727732262543e+00,4.100584907245083066e+00
-1.411154281211804085e+00,-5.288817271576561341e-01,2.255080729835912567e+00,3.411399403440098510e+00
-1.272226048904846474e+00,1.107226630594347672e+00,2.236337062781275087e+00,3.934085142371033683e+00
-1.298693567917983405e+00,4.241752836835405160e-01,2.213956052926253193e+00,3.921276741312498260e+00
-1.313326882580791999e+00,3.141152393156855793e-01,2.236678512238061689e+00,3.657213797683941614e+00
-1.403260988185246250e+00,2.935800469503351273e-01,2.253915677746928470e+00,3.478536117015940121e+00
-1.310221673617882665e+00,-1.101652840499531827e+00,2.154016997490632690e+00,3.758755827617466849e+00
-1.372966810663238224e+00,-9.290705282331941373e-01,2.148878219711849447e+00,3.827490299397013462e+00
-1.252582300828763318e+00,8.619990670342858596e-03,2.148802716172218741e+00,4.304574637136261650e+00
-1.192741640718614216e+00,1.827123044295525300e+00,2.222117547179421226e+00,4.319167157634758780e+00
-1.206651311535450688e+00,1.695468461252906955e+00,2.220045515019068993e+00,4.366066945880422878e+00
-1.383326478393365422e+00,-7.936758768483058724e-01,2.275939414320328869e+00,3.703092479968292494e+00
-1.305899112977223719e+00,1.105792695448724938e+00,2.221122890106837833e+00,3.597852963684571304e+00
-1.346606049352407242e+00,8.235891008727622697e-01,2.252487998503916788e+00,3.702303251146970897e+00
-1.330310832787920949e+00,-1.055688700510600153e+00,2.222770211055842715e+00,3.675699771373505342e+00
-1.218547476054688383e+00,-1.466950378060995819e+00,2.234689279459632694e+00,4.249840578310291939e+00
-1.225536037241142351e+00,-6.909193299116032083e-01,2.115412336585415609e+00,4.262441978537216514e+00
-1.256937385358274817e+00,5.681162601388527467e-01,2.209424467173675577e+00,4.023747905456825258e+00
-1.397153298783192943e+00,9.088833673018515968e-01,2.292067299934587243e+00,3.439013168390474995e+00
-1.325554687631455897e+00,-3.406272337956557816e+00,2.219444699072411264e+00,3.766137934667359133e+00
-1.313113655810135061e+00,1.467254965151371326e+00,2.251329189984075274e+00,3.744934589171136530e+00
-1.319832639104132399e+00,6.321231530596833625e-01,2.246845171987475798e+00,3.753404473332392133e+00
-1.348740686102510189e+00,-9.072282095610509356e-02,2.169424016874122785e+00,3.763902095933939762e+00
-1.339822436152584784e+00,-2.143524767724958036e-01,2.175568256723769966e+00,3.740870569794839007e+00
-1.396148598217498149e+00,2.381636938861493302e+00,2.204914080934941012e+00,3.585142048071139342e+00
-1.338901311881673051e+00,1.499203154693760309e+00,2.232555903376218787e+00,3.616835370586815479e+00
-1.286884748702799897e+00,-8.473563406186322977e-01,2.235814144209000265e+00,3.951814990411349537e+00
-1.223846625581332948e+00,-9.823797498378019633e-01,2.313546831521515745e+00,3.910946229521722106e+00
-1.258401666413062836e+00,-1.039892718260639226e+00,2.261286157214040582e+00,3.977921371374282700e+00
-1.334586868304464380e+00,-3.334021528060451267e+00,2.237524173867780686e+00,3.617258623624318492e+00
-1.377747176311783228e+00,4.005836666026457715e-01,2.178062626148580705e+00,3.771291750991285330e+00
-1.421457830853196214e+00,1.402225573037030548e+00,2.176941188464461607e+00,3.360391887721749793e+00
-1.405528919961894774e+00,1.391500549255440200e+00,2.186793234525401974e+00,3.602968239735443223e+00
-1.336079574897803823e+00,7.096240974452359129e-01,2.266785159702686681e+00,3.380996256993543003e+00
-1.456540755923012798e+00,7.842049151652367156e-01,2.232133077096048801e+00,3.502063123881987039e+00
-1.394087955582449689e+00,-1.087696958567887062e+00,2.249244914067507484e+00,3.579379212862122905e+00
-1.378355367780660368e+00,-1.079870378596039515e+00,2.257201690949652395e+00,3.427563081826961344e+00
-1.343467581091898122e+00,2.044446073353354709e+00,2.236888676615811367e+00,3.774673207581482171e+00
-1.278771319030401532e+00,-2.245463335917742276e-01,2.212547132146716056e+00,4.019689551859072729e+00
-1.303432882808694515e+00,-1.574984646921443687e+00,2.163110649731799562e+00,3.838795738442937200e+00
-1.303732278972598024e+00,-1.714580287935092651e+00,2.177433340357108005e+00,3.833921184338392241e+00
-1.244283495787434246e+00,-3.887014936961034284e+00,2.202683851596948017e+00,3.986855678759848587e+00
-1.247731340601895056e+00,-3.871215661988634427e+00,2.204505152946722113e+00,3.993036321357866125e+00
-1.257826848617165316e+00,-3.067396299436611962e+00,2.165459515115209843e+00,4.084442783812273881e+00
-1.306821123128167672e+00,5.046986177742407431e-02,2.185353950007765444e+00,3.932538495282391189e+00
-1.276910026953599342e+00,2.106636126336046411e-01,2.170627773197764121e+00,3.847172271844596647e+00
-1.349987967829892499e+00,1.580763928746798053e+00,2.161656133281997239e+00,3.832067899775883468e+00
-1.373303173340169048e+00,1.485218490500785915e+00,2.128851017471113050e+00,3.645322852121098300e+00
-1.397022677960380488e+00,2.878728975247168975e-02,2.173770023590195777e+00,3.608559096196490401e+00
-1.191999918915514600e+00,-1.454809546731945291e+00,2.231666202763494145e+00,4.297702136409458085e+00
-1.234627156858225661e+00,-1.537645384836231477e+00,2.147873919691567490e+00,4.245713219734239097e+00
-1.361034492115225092e+00,-1.320963359632509881e-02,2.227258680022262016e+00,3.480877382335120451e+00
-1.409371346095682043e+00,3.689403856427885264e-01,2.242682831009867428e+00,3.671730333470260899e+00
-1.344131399729097120e+00,-3.102868532876570384e-01,2.256898001648779406e+00,3.722744223338847025e+00
-1.369387331013049103e+00,1.313050642839795001e+00,2.286819898521787131e+00,3.603210838689054452e+00
-1.384641835209722505e+00,-5.350456394908563729e-01,2.331264809029513163e+00,3.404872698443686563e+00
-1.375273675059026868e+00,-1.278746086606835863e+00,2.312954518726622499e+00,3.529578571252766750e+00
-1.521826101017703659e+00,2.193195535612714742e-01,2.366968542391601815e+00,3.020777463694451992e+00
-1.488667739768178233e+00,-1.182920372543122323e+00,2.415269141649786899e+00,2.743436043712090822e+00
-1.336684262120245048e+00,-3.020465807664855618e+00,2.207629245227539450e+00,3.638306469303103086e+00
-1.319968202404015356e+00,1.231559520614647685e+00,2.234624397017505260e+00,3.667626418752232720e+00
-1.287127649030495480e+00,-2.469123363990580966e+00,2.248254640929900017e+00,3.787855143334825314e+00
-1.357860653411021357e+00,-2.885708863455954454e+00,2.261976589597233911e+00,3.634235233694778078e+00
-1.305705819769403142e+00,-3.977762662943710836e+00,2.235136490733428349e+00,3.765683978235685458e+00
-1.284458678858077185e+00,-3.304764939519903244e+00,2.183610921271603722e+00,3.876972580840361449e+00
-1.323262009514456716e+00,-3.852231893085816594e+00,2.243351907219468089e+00,3.635365397908684404e+00
-1.340034489443063803e+00,-2.352547004426929433e+00,2.197343802810259650e+00,3.872545925592353111e+00
-1.321653065012677875e+00,-3.565562790285766059e+00,2.254580598727635277e+00,3.608788780567402821e+00
-1.361077799255283605e+00,-1.241006957520542464e+00,2.282815447315044821e+00,3.379483847146645292e+00
-1.274941626409658024e+00,-3.020188180603228467e+00,2.261370196901097529e+00,3.937597230548343319e+00
-1.213045669492285983e+00,9.841422806074653362e-01,2.219256152677457461e+00,4.131738967646928273e+00
-1.489958443757213091e+00,-3.216853898986811178e-01,2.290375908024341989e+00,3.121141886824651213e+00
-1.573699367971369556e+00,2.455867404472671656e-01,2.206731535706294878e+00,3.100560321794887386e+00
-1.379137480648314540e+00,-3.822473300873953095e-01,2.231583034731716708e+00,3.486951586788716639e+00
-1.243341967437376017e+00,5.957959156620915575e-01,2.225642680180898392e+00,4.112565221124293124e+00
-1.220044565829027539e+00,9.681266793817340233e-01,2.189402641255674631e+00,3.878284521102503213e+00
-1.371766160236120635e+00,-1.731863423397828949e+00,2.226120821362056024e+00,3.872664300263846560e+00
-1.337641104291941829e+00,-1.067811567943291129e+00,2.171141565279694596e+00,3.757027883304462357e+00
-1.349965470181009097e+00,-1.603853542348586014e+00,2.161749951202025510e+00,3.930221850053666088e+00
-1.259803164698374722e+00,1.290719504487030100e+00,2.244523569448163780e+00,4.045930913201819301e+00
-1.270178751549742246e+00,5.816646440418407060e-01,2.236670330692638320e+00,3.951734398999291908e+00
-1.270197928451400671e+00,1.623711372693355859e+00,2.241716450104746183e+00,3.781146243907132831e+00
-1.384417527602142650e+00,1.126448440946863805e+00,2.239994973692891911e+00,3.657110702554104975e+00
-1.326929136666943787e+00,-1.353639574866247530e+00,2.198212755527424012e+00,3.758005148003086049e+00
-1.372969782131801209e+00,-1.970091661724706178e+00,2.203555831584369962e+00,3.892381560973065202e+00
-1.379028069266157619e+00,-5.248453387254199409e-01,2.249786827968614400e+00,3.790228353547578699e+00
-1.297434826446766998e+00,-5.758600666398843160e-01,2.278311354392019705e+00,3.697289155137772010e+00
-1.267091327427221303e+00,-2.548792180746873304e-01,2.305097839566736972e+00,3.904356616082442333e+00
-1.301422843116216255e+00,1.004143917369207051e+00,2.187458673887308080e+00,3.813517316492974540e+00
-1.384723413324263186e+00,-1.687455083873054207e+00,2.229360326154866900e+00,3.855942171665670326e+00
-1.376931814948243460e+00,-1.641652223222196838e+00,2.216193847833004771e+00,3.884776926399131192e+00
-1.380608009274177483e+00,-1.913249525214414160e+00,2.206052188032150863e+00,3.863257126276834708e+00
-1.377121230409930508e+00,-1.868916085959824835e+00,2.206332312275873342e+00,3.834658755136287400e+00
-1.432320319187650126e+00,2.198626965349905760e-01,2.353959256117494458e+00,3.363334193266512173e+00
-1.340333752270201018e+00,1.367925753737993411e+00,2.210026950454224259e+00,3.759199743357366064e+00
-1.305489464319810056e+00,2.280006414170762774e+00,2.182540335192351133e+00,3.794781738181673081e+00
-1.336513957971657618e+00,-3.420989084424327586e+00,2.226558979939092353e+00,3.711663633587447109e+00
-1.343909188958676504e+00,-3.156860675524178816e+00,2.229232811113502688e+00,3.718666418362083892e+00
-1.342636085728070583e+00,-2.918989417762621219e+00,2.219390620277715609e+00,3.852789618780787073e+00
-1.247207362445081680e+00,-9.099324073908889865e-01,2.213007752324255062e+00,3.906900876311900639e+00
-1.473375187928215757e+00,4.862917187549314346e-01,2.254083061224644968e+00,3.398551541185041547e+00
-1.458196882252464466e+00,-1.220198919839884655e-01,2.260664849015544764e+00,3.209996280151734549e+00
-1.316051941371460865e+00,-1.739609448904736233e+00,2.276769678175215361e+00,3.623641521271845356e+00
-1.344768516035360184e+00,5.664008578827690599e-01,2.302693675189337430e+00,3.587344579498418007e+00
-1.322112933913956123e+00,-1.728253080107708950e+00,2.274241597471518883e+00,3.675069209525340330e+00
-1.377867985254379590e+00,-3.506659006920726185e+00,2.262391262618614896e+00,3.571145575252919979e+00
-1.341612493227878344e+00,-3.760176732032990632e+00,2.245874839173860327e+00,3.491443018133822296e+00
-1.280379461862257706e+00,-8.054754045157418441e-01,2.227220255974088126e+00,3.938075075514263279e+00
-1.218872088848719670e+00,-2.069796640322711045e+00,2.217788520576331912e+00,3.853968337897046403e+00
-1.314068035797625322e+00,-5.019901839681792488e+00,2.232659208136405393e+00,3.978200526419907845e+00
-1.315871567471774251e+00,-2.729255831136314203e+00,2.188484976873618315e+00,3.732634347725953816e+00
-1.229085422588222176e+00,-2.498204669920029541e+00,2.162230797286053274e+00,4.156175503030628882e+00
-1.198143453717148921e+00,-1.189062977678294608e-01,2.188236657272056185e+00,4.006248133409946455e+00
-1.324913945042294650e+00,-8.539869076047574836e-01,2.212697938554811117e+00,3.961029270874409036e+00
-1.221203244444087233e+00,-6.305196932240375585e-01,2.191700295363034456e+00,4.130456931364804518e+00
-1.368571351769705347e+00,-1.729057009676138623e+00,2.200312742954932066e+00,3.615710040264060066e+00
-1.376583598658685403e+00,-2.059514266384039338e+00,2.278084715173578800e+00,3.776152461626085532e+00
-1.280801220997621614e+00,8.053880398154179554e-01,2.203037071723719542e+00,3.717085055614949063e+00
-1.290295526906301893e+00,4.035729073585673232e-01,2.263705307302114722e+00,4.010286523039241047e+00
-1.429059053647538491e+00,-1.257648691704190025e+00,2.232013533976124009e+00,3.525952815412217944e+00
-1.263324247722359850e+00,1.890680755747486952e-02,2.261966765326289153e+00,4.075040054730967753e+00
-1.180668970919972249e+00,7.331605802419092210e-01,2.150408207985026188e+00,4.379691879008553279e+00
-1.140454332162841977e+00,5.576771058846433649e-01,2.203737561420109792e+00,4.319489913681231030e+00
-1.349258867574544496e+00,4.462386527968283945e-01,2.238058385229928060e+00,3.561303325032210143e+00
-1.325926360914150948e+00,-5.748658551380994575e-02,2.238870191113693231e+00,3.783195805005525436e+00
-1.295177615238516600e+00,-3.537763947870055103e-01,2.247367778905863922e+00,3.580725842927975577e+00
-1.341944874799510856e+00,-1.449645317345735318e+00,2.253812922175411515e+00,3.798771167882610822e+00
-1.367790802300880015e+00,-1.360729117304134261e+00,2.245928508766903420e+00,3.785537917115316731e+00
-1.274941189387886364e+00,2.269476145189409877e+00,2.256466858218746374e+00,4.137276667712519007e+00
-1.239892339661886389e+00,-4.824711207493074250e-01,2.197327924908660801e+00,3.874405725755590613e+00
-1.291221577222677164e+00,1.245549111216137650e-02,2.147678161549211762e+00,4.082797474509600733e+00
-1.347590661944334078e+00,-2.249644262709903586e+00,2.273723175056583390e+00,3.721033872801975395e+00
-1.461435320451333730e+00,4.287553622349282723e-02,2.321348771306628755e+00,3.110328890895940113e+00
-1.358403984685509158e+00,9.403204395483637512e-01,2.299482790446489844e+00,3.487586594716345800e+00
-1.344195449595647185e+00,-7.283402966181251603e-01,2.267812992820306572e+00,3.558324782335986480e+00
-1.254379459549278542e+00,-1.266009626957611989e+00,2.213137670988026606e+00,3.989169427311491489e+00
-1.260115551835857106e+00,-1.032082751110196650e+00,2.240052567364950953e+00,3.986452816743073502e+00
-1.351963090343713869e+00,-3.300189136362855269e+00,2.239018585386562954e+00,3.613893644936485128e+00
-1.351099124108046778e+00,-3.448004058185573317e+00,2.268163542570618585e+00,3.604491673570850985e+00
-1.328734722099165211e+00,-3.058738067007150896e+00,2.237310044052063240e+00,3.744848520945647241e+00
-1.201673972883893660e+00,-7.815344679332344446e-01,2.243059190798147196e+00,4.222977011340296016e+00
-1.319715906363977620e+00,-3.196653184171918127e+00,2.241051148052340736e+00,3.856689854421731845e+00
-1.264581542009082682e+00,-2.454795921854157736e+00,2.240492974381426361e+00,3.855820478718530619e+00
-1.366534824489797684e+00,-1.680000366091347841e+00,2.281768241046517431e+00,3.598902083422153897e+00
-1.277004173935752496e+00,-2.704229154788069245e-01,2.198870883542795251e+00,4.013571645334740090e+00
-1.249074973363572205e+00,7.758583034842376769e-01,2.191100241686151584e+00,3.821332011070414314e+00
-1.227800735841641400e+00,4.601758894489725304e-01,2.233236098433570849e+00,3.878489182441443361e+00
-1.262429763173831265e+00,2.286178256151912280e-01,2.213502268668727346e+00,3.958714080962961734e+00
-1.261545410146024837e+00,3.069869590672776316e-01,2.178538494260721770e+00,3.976306276366701198e+00
-1.280940943743086313e+00,-9.421919317473702316e-02,2.186485985771811524e+00,4.065689839392462090e+00
-1.226677199115887351e+00,9.883958820297503167e-02,2.207876237255670393e+00,3.975204178324330595e+00
-1.390174867592824715e+00,-2.808705417027279605e+00,2.230698081827382939e+00,3.664242539068077953e+00
-1.326001000633891147e+00,-2.541485646789973352e+00,2.248096483808789792e+00,3.555011412722079989e+00
-1.382174869477911017e+00,-1.502173994060397311e+00,2.300663683417264238e+00,3.467499948998390202e+00
-1.346564817884344345e+00,3.387219271079904837e-01,2.292152879068638072e+00,3.620703951877324744e+00
-1.402787415844338081e+00,1.119468282934806158e+00,2.171170838783934354e+00,3.631774226953170981e+00
-1.226265973740670479e+00,7.330179975504133028e-01,2.237654563747750736e+00,3.990355580054367746e+00
-1.266399527747520848e+00,-1.405028113656261457e+00,2.237324892587924108e+00,3.788460754550308618e+00
-1.377672287389346995e+00,1.506844512864548680e+00,2.211685319082608903e+00,3.777626914826360149e+00
-1.171867168460011266e+00,-8.628676856320003363e-01,2.220675250967252268e+00,4.113607755559779200e+00
-1.314785740667799852e+00,-3.244238000558506307e+00,2.172222551964373416e+00,4.058907818247359245e+00
-1.290642985295168854e+00,-3.018219262396315106e+00,2.166408988568633287e+00,3.928632315942691466e+00
-1.342275908775790283e+00,-3.076649395340855797e-01,2.271053348616670409e+00,3.527031154305535932e+00
-1.451992200348535267e+00,2.304111939851249680e-01,2.281541703320060677e+00,3.300193691647641980e+00
-1.315624503218157937e+00,1.154926537034109524e+00,2.208280716653163722e+00,3.891161702918756404e+00
-1.409975296750230367e+00,1.293656698643826486e+00,2.197244971175385420e+00,3.677902331706541350e+00
-1.317841105560399351e+00,-3.074536768250262675e+00,2.311233068687255976e+00,3.495627113895376059e+00
-1.438902496281409205e+00,8.501953674355268165e-01,2.233376815956975125e+00,3.506626703760936881e+00
-1.398537178055068164e+00,2.331556320386113379e-02,2.244719549596956742e+00,3.542838722742675195e+00
-1.343765924355455166e+00,-4.297066301236851515e-01,2.226479595748413587e+00,3.556231259919810928e+00
-1.368103417782385867e+00,2.624077328104763573e-01,2.246762613211400694e+00,3.707941501630457992e+00
-1.328109103700195082e+00,9.702562855262585328e-01,2.293802126221959004e+00,3.508519429327923156e+00
-1.309376975537391852e+00,-1.300208914074507005e+00,2.173265353996836957e+00,3.961640018403495223e+00
-1.272604114238074402e+00,-3.340930128834859181e-01,2.204081445095291247e+00,3.861084081288782777e+00
-1.310345217300796783e+00,9.717397559406990570e-01,2.208206373895369889e+00,3.936110892550521267e+00
-1.307602693336461508e+00,4.440582142372223595e-02,2.250471081224988623e+00,3.672600101901014824e+00
-1.387075509398390638e+00,1.235921485524524410e+00,2.236381873962766775e+00,3.594415592658881220e+00
-1.292107093760246350e+00,-3.644136243719002355e+00,2.245426513349868092e+00,3.838538914594172180e+00
-1.302016957052988255e+00,-1.297634602529059711e+00,2.250095696426793968e+00,3.832860798158515880e+00
-1.286994961009910954e+00,-2.819095695942648860e-01,2.139888128217765306e+00,3.963886409527958676e+00
-1.250621235113152929e+00,-3.898313035020155581e-01,2.133383808257590442e+00,3.939922015945033440e+00
-1.160376446481149681e+00,-5.373824371776290132e-01,2.236270995784734872e+00,4.445483760935537099e+00
-1.329796595708453655e+00,-5.835619843803176998e-01,2.158510288828061174e+00,3.782301611313548140e+00
-1.239864442757683038e+00,2.020598157613395784e+00,2.222161228373161102e+00,4.053584263001145160e+00
-1.222582536449539514e+00,-1.985387597299648199e-02,2.203694763834918469e+00,4.115607676120607294e+00
-1.209641741305709894e+00,-1.112412644187731198e-01,2.206258605961483710e+00,3.894709371260415498e+00
-1.329497750271594114e+00,-3.993164755986195469e-01,2.172935721559673183e+00,3.801913797956863128e+00
-1.307195109113302944e+00,-4.169293661074534585e-01,2.268084566906916066e+00,3.812620935485617313e+00
-1.285066987823434870e+00,1.419922754663281328e+00,2.208959673750422681e+00,3.816817955082739910e+00
-1.270568986137401213e+00,7.986642000359978066e-01,2.200775721581245570e+00,3.961242658071085110e+00
-1.382136931857595785e+00,4.053127970548274228e-01,2.257994921415850342e+00,3.664521986943072296e+00
-1.385660908141361114e+00,6.796477174554077516e-01,2.257744351210617229e+00,3.581525678046513228e+00
-1.298688048114731153e+00,2.996377593319901611e-01,2.219798915662237526e+00,3.857756615193885352e+00
-1.302009264194671889e+00,6.138869534029138819e-01,2.287658041795008312e+00,3.795408707957680150e+00
-1.406302370022361581e+00,-7.456844369657339433e-01,2.192230982283700058e+00,3.449929850690798716e+00
-1.249379729978798315e+00,-8.473569929938884471e-02,2.283630585815973113e+00,4.020622896278677416e+00
-1.315916809101663976e+00,-6.375333431633090076e-01,2.281770001403390591e+00,3.550580488284077241e+00
-1.228434504589001497e+00,1.763183072538419660e+00,2.168761079231274813e+00,4.129692297356731601e+00
-1.209442440863633728e+00,3.882341562917726585e-01,2.152386690680250236e+00,4.290118328182166429e+00
-1.412744030846638577e+00,2.999057289258493242e-01,2.298916494791689136e+00,3.338979322997712273e+00
-1.269149980554461266e+00,5.628241816332282266e-01,2.202326379849091964e+00,3.980676153912722004e+00
-1.321651432692990680e+00,5.935250390299899870e-01,2.299838576521841205e+00,3.860946927742870738e+00
-1.383833997327939436e+00,6.549187046330122719e-01,2.221023831586930619e+00,3.434677119399020206e+00
-1.167926995977397020e+00,-4.071628477696120352e-01,2.208266417101280688e+00,4.461588937201026894e+00
-1.169606558945055941e+00,1.897437479901510793e+00,2.175975034032086697e+00,4.308366152471967858e+00
-1.240158730035748169e+00,1.110726507536215824e+00,2.168560553272592895e+00,4.052400086591815942e+00
-1.238454465461830800e+00,1.361825532738383471e+00,2.172719952085495176e+00,4.045157943224114483e+00
-1.257334108723428434e+00,-1.675733685361667780e-01,2.175885801140152065e+00,4.126746060669778338e+00
-1.264727667385539212e+00,1.870738168851959760e+00,2.167292362690423690e+00,4.064991974496706462e+00
-1.314421584517121211e+00,1.270602492632620706e+00,2.214376081793943740e+00,3.768145924274868275e+00
-1.293337312117619264e+00,-8.164728610603639858e-01,2.257205599630855986e+00,3.884066392628857667e+00
-1.281101601345711050e+00,-4.394071479361998378e-01,2.213844835009561418e+00,3.819201801342810398e+00
-1.227342523188098999e+00,-2.169646170108379568e+00,2.251745672290359934e+00,4.140364291480962855e+00
-1.272646949464103949e+00,-1.311352665352126134e+00,2.226630950496877759e+00,4.007954988576270416e+00
-1.250002476585144073e+00,-1.418101297859537757e+00,2.240988088760768715e+00,4.040857916913248360e+00
-1.319045076080923362e+00,-1.911535907164148007e-01,2.223013769435525866e+00,3.640045116951995841e+00
-1.291722313979165371e+00,-1.149253373304883891e-01,2.160111006742476913e+00,3.865464467440270280e+00
-1.326422585253808295e+00,-1.217709158695994276e+00,2.185534629660519368e+00,3.925730109096672305e+00
-1.265944092174488889e+00,-5.716620166987907981e-01,2.252459447946167259e+00,3.795960915733153751e+00
-1.395387601261308230e+00,-6.556529243294770826e-01,2.185731926140027870e+00,3.760045274734743259e+00
-1.414810111557515793e+00,-1.138082780542750028e+00,2.172500611890423095e+00,3.387447810574771179e+00
-1.391562536482391366e+00,1.390773768194480287e+00,2.475312095650423316e+00,2.987674517093326099e+00
-1.383298619486910797e+00,1.119492349581843182e+00,2.440829771101177936e+00,3.090027692772945755e+00
-1.470509625386408281e+00,-1.269395562687367085e-01,2.436985331257564891e+00,3.237737972998209202e+00
-1.458847919559169481e+00,1.800626415901221689e-01,2.419051139535220774e+00,3.150750843167589910e+00
-1.427005329135319966e+00,-1.891031884552952236e-01,2.420863791176650626e+00,2.911370060671772730e+00
-1.439508652588184834e+00,-1.247471172281501839e-01,2.378412411743197286e+00,3.145127183106367852e+00
-1.300584785186732262e+00,7.495256699985469728e-01,2.151579739057128737e+00,3.923855970145595062e+00
-1.238038732535955644e+00,6.411159800916306495e-02,2.280399922713757022e+00,3.824292065237176352e+00
-1.184334439617866552e+00,8.121099310128339355e-03,2.246136616571795752e+00,4.399942152147059637e+00
-1.328430803673499527e+00,-3.353375405363352879e+00,2.191501230387771670e+00,3.945602473683176736e+00
-1.320741965866801149e+00,-2.815302980536554589e+00,2.177364483634126380e+00,3.641917858663107133e+00
-1.379004869577261871e+00,-2.468331427015110435e+00,2.187934682030744593e+00,3.809879507029846568e+00
-1.299352069023711698e+00,-1.517481821676180065e+00,2.211172656346406917e+00,3.780146445184896731e+00
-1.294158228986117321e+00,-2.185718134282852887e+00,2.193526231643714741e+00,3.730578826091666578e+00
-1.341215026545795608e+00,1.219758736830149015e+00,2.275233960217668550e+00,3.562014096239570105e+00
-1.443463574006558447e+00,-4.929638380794719721e-01,2.270893651483782971e+00,3.254346047563472677e+00
-1.219362847076026934e+00,7.753396472085898328e-01,2.196362672283295847e+00,4.268831378163562285e+00
-1.216619570171679099e+00,8.243312088794896297e-01,2.189579012463415353e+00,4.410027966981027170e+00
-1.177635475909323493e+00,7.311271693108198910e-01,2.181237874147246014e+00,4.336070043561107035e+00
-1.311095911620291377e+00,9.232596501423440127e-01,2.169768994626307457e+00,4.010681831398964725e+00
-1.102305834652405503e+00,-1.069178462621082515e+00,2.202534719443877798e+00,4.582530774146237995e+00
-1.134986108257821202e+00,-2.388332590612728623e+00,2.224278163551676180e+00,4.698292520144797813e+00
-1.276518509307007498e+00,1.342384854614494527e+00,2.139059244197929477e+00,4.296063291993087674e+00
-1.312974922099586106e+00,-1.542503209537421371e+00,2.298009474305331867e+00,3.395348710021035998e+00
-1.432357228789596482e+00,1.565387688052644499e+00,2.300184203751125533e+00,3.555710513944990936e+00
-1.335793175589699233e+00,-9.425647860857587768e-01,2.239511304549407278e+00,3.562651299701377727e+00
-1.275430987677181660e+00,1.520600121752854861e+00,2.186639280730789281e+00,4.102898228649725532e+00
-1.317715998945992562e+00,-2.219151409073496950e+00,2.194587749607031846e+00,3.959575561038876312e+00
-1.218039084981244358e+00,-2.220070785941804736e+00,2.207436450756002699e+00,3.956074681335008059e+00
-1.441140331516553852e+00,-1.435255741375991434e-01,2.281932263381782455e+00,3.516704126808931186e+00
-1.431499168499905439e+00,3.371925936604882601e-01,2.263865290230039129e+00,3.413177630117136818e+00
-1.208072234878656559e+00,-3.470132673851812344e-01,2.201264268845934069e+00,4.189553713969261572e+00
-1.255832904447482301e+00,-1.240163944484934611e+00,2.166376239592100017e+00,4.108818226336905077e+00
-1.196640426491756504e+00,-1.022138244254892303e+00,2.220852937774035585e+00,4.255699567772370351e+00
-1.318715623581894647e+00,1.005291212904903420e+00,2.239749085903921966e+00,3.788644019538124574e+00
-1.289603062404760081e+00,2.860730916354908282e-01,2.260930339765288455e+00,3.752217019482847249e+00
-1.249969528529285778e+00,2.224361075147240074e-01,2.223134661176821680e+00,4.003260734289317391e+00
-1.253406487612432452e+00,-1.083615619971376898e+00,2.204038576218647627e+00,3.902484130406392637e+00
-1.289519310127532181e+00,-1.542778466641840929e+00,2.215891757840786624e+00,3.841458858145737842e+00
-1.300882323999119183e+00,-1.571596218701633463e+00,2.158958937903668218e+00,3.895527404574866459e+00
-1.250758811713337026e+00,4.373586693093645672e-01,2.265675558896724784e+00,3.820412408309434849e+00
-1.377522685532381663e+00,2.280215524243028313e-01,2.190644094421257293e+00,3.732111733009800147e+00
-1.397909054503833515e+00,-3.794036829299207714e-02,2.194053267062033186e+00,3.777298414748146982e+00
-1.267927183695097160e+00,3.938386237334943196e-01,2.243796538257066597e+00,3.955047679128919302e+00
-1.266894794339544994e+00,2.209061004704930831e-01,2.258890990588808823e+00,3.861015185907985092e+00
-1.291615865522525608e+00,1.701783057725199999e+00,2.303664413663918609e+00,3.834388744010630568e+00
-1.305452510533184896e+00,6.804809807612244299e-01,2.298613257940012478e+00,3.600026593058644142e+00
-1.300956200243918115e+00,4.756254105099556595e-01,2.297204666201589696e+00,3.690023977612985284e+00
-1.359123089954194397e+00,-1.364433559141588148e+00,2.218759926701982188e+00,3.651235412858883755e+00
-1.346335311120043787e+00,-2.462045174073302256e+00,2.207773046730247213e+00,3.652248266951517053e+00
-1.282489122104989665e+00,-3.245286428040037308e+00,2.224539052804387573e+00,3.869166640093772980e+00
-1.312972427525060271e+00,1.309969916742861340e+00,2.199321604176118772e+00,3.986121279667559136e+00
-1.280406659264017977e+00,1.383209220411741880e+00,2.180624565089203326e+00,3.790371845858333533e+00
-1.301124074642997508e+00,1.305094295568194562e+00,2.173037613820242520e+00,3.977301439003300576e+00
-1.334928696479299681e+00,1.040415025426869366e+00,2.278758190356379831e+00,3.527562795275466012e+00
-1.360943883654568642e+00,7.690575722546639792e-01,2.271847281115793926e+00,3.656226081246604309e+00
-1.353144071682477634e+00,1.464570623244534131e+00,2.234409376994480390e+00,3.580802099733523036e+00
-1.310401995980473133e+00,-3.344690438660821163e-01,2.216464199039798633e+00,3.861861882731114637e+00
-1.347706555060562916e+00,-1.142667921437274581e+00,2.268311577185228689e+00,3.452487994949352768e+00
-1.360964003477270312e+00,-9.797298392336553086e-01,2.274172500384115114e+00,3.561476182084553077e+00
-1.362844738858533189e+00,4.130858492733239795e-01,2.291816602488731647e+00,3.516044591825817189e+00
-1.397073316788127739e+00,4.324943145824831081e-01,2.296828770857590740e+00,3.633684790725657088e+00
-1.191743147929815061e+00,-1.092184777350797137e-02,2.215281117144234369e+00,4.302407455501699118e+00
-1.171213791028288265e+00,-3.096401737103609553e-01,2.238180468083403429e+00,4.225840375500149015e+00
-1.173064200685348002e+00,-2.550343102163217801e-01,2.239406497268842777e+00,4.288140169820716885e+00
-1.237228232318153154e+00,1.808309853544740609e+00,2.152627711911045072e+00,4.251405979439025096e+00
-1.331333245719483527e+00,1.316052898330957177e+00,2.211260674630361578e+00,3.708749216242178015e+00
-1.370939875188628587e+00,-9.012420750032564820e-01,2.191332710337459133e+00,3.827821306041781835e+00
-1.354554933768065128e+00,1.017711191454505393e+00,2.320217983659669692e+00,3.671090107718043782e+00
-1.354950182428502625e+00,-1.473564113643974993e+00,2.141801533594212881e+00,4.027466848229583896e+00
-1.290609537380049021e+00,-1.908277678332352956e+00,2.130867541632630591e+00,3.900138991711083580e+00
-1.114756317020419107e+00,4.829075184150100064e-04,2.221767177653259040e+00,4.513347514193213783e+00
-1.187508051428662004e+00,1.190869095746553086e+00,2.224207542525507009e+00,4.283313586042949872e+00
-1.234936415051569369e+00,-1.138047514449982422e+00,2.195012880832499125e+00,4.208305590066641066e+00
-1.300659545558919383e+00,1.535133525284317457e+00,2.249533626685852106e+00,3.761401408471108265e+00
-1.259691151894231975e+00,-1.500019991264522012e+00,2.238634682080901772e+00,4.025288681738540930e+00
-1.376580267670121538e+00,1.525881216477658286e+00,2.230893833796751213e+00,3.563790150875884688e+00
-1.410756097119053587e+00,1.305184700038905410e+00,2.206826584763188936e+00,3.505590120775605278e+00
-1.403255904978297997e+00,7.139651331256031686e-01,2.172699327291536697e+00,3.573661969257587057e+00
-1.279623776087497333e+00,4.998010605379195614e-01,2.275436746134408494e+00,3.597862819470782458e+00
-1.386508751712757670e+00,5.855299416755677111e-02,2.287678189208576907e+00,3.661571429737870087e+00
-1.424106425701985534e+00,-7.675280259597709598e-02,2.294706008365862360e+00,3.198029455495753570e+00
-1.275588392939961624e+00,-5.951850094455495288e-01,2.226510427713749962e+00,3.699919312364356117e+00
-1.296177332792136205e+00,-7.288210163562631738e-01,2.234621083159575861e+00,3.899950917186368216e+00
-1.395573305257594710e+00,8.889427460672763015e-01,2.266641716362913783e+00,3.545004756634866361e+00
-1.443012742250800340e+00,4.333386807407432206e-01,2.282673773232006376e+00,3.374300923086893000e+00
-1.399273506775448705e+00,-1.208986916655317989e+00,2.314750082541389808e+00,3.453510272712383866e+00
-1.359364609967583570e+00,8.067139715775392128e-01,2.196299244967748532e+00,3.664160011001235340e+00
-1.342622216291589066e+00,7.025595277294399699e-01,2.282474178211863602e+00,3.597356150987831569e+00
-1.304121169808577951e+00,4.878764603481101081e-01,2.252468000231476530e+00,3.538908670350642716e+00
-1.329521011839538636e+00,7.978998062184990969e-01,2.248537211385090551e+00,3.564869338978251534e+00
-1.178119815805013459e+00,1.367775268376171027e+00,2.288263409395689951e+00,4.026706018787714392e+00
-1.257809238431095045e+00,-2.628319978822839076e+00,2.235847820946492259e+00,3.989678795084010243e+00
-1.422933195029732811e+00,-4.983429846292097842e-01,2.228111108486719782e+00,3.388141190240084644e+00
-1.453665765644382990e+00,-1.367647974661165833e-01,2.209902009365024345e+00,3.316053552302815621e+00
-1.122228515965625784e+00,4.178001578759532042e-01,2.227229266573007127e+00,4.432808653251353093e+00
-1.363543179194103283e+00,-9.060278391248446361e-01,2.292777181025494215e+00,3.481859271983925197e+00
-1.340598803201235478e+00,-1.420944940691177827e+00,2.227587263409112950e+00,3.564482495659953898e+00
-1.311553532214456252e+00,2.201345499945987605e+00,2.234277998113213926e+00,3.750663870280664280e+00
-1.245730571960475208e+00,-9.646347425415235932e-01,2.156766753595760200e+00,4.006510321676613806e+00
-1.319554203397732550e+00,-2.680021627504624582e-01,2.142538810026741736e+00,4.005356639563885324e+00
-1.219665713878460789e+00,-1.745750680924568421e+00,2.280048131250165255e+00,4.106304442735284610e+00
-1.326793150755197548e+00,-2.537791455050196987e+00,2.168090983273174732e+00,3.816904552743647372e+00
-1.336225169009976232e+00,-2.165102122523387074e+00,2.157349107342303896e+00,3.783085985911391447e+00
-1.365255946343014504e+00,-2.493554093216032275e+00,2.154369309662880649e+00,3.766711995052236528e+00
-1.271496969427940771e+00,-1.808877569282516529e+00,2.168331611467292586e+00,3.851491071802913613e+00
-1.296058951341307441e+00,1.747536342372892237e+00,2.259754988047057545e+00,3.631648435091326732e+00
-1.366432199151377480e+00,5.642183967947334011e-01,2.230839883436806836e+00,3.797547502464041269e+00
-1.333609698731348381e+00,2.238203873124889220e+00,2.268874394196565003e+00,3.678134719583610490e+00
-1.309345671137747136e+00,1.320706554883204653e+00,2.261813784081441181e+00,3.615006520309308247e+00
-1.272004077520868748e+00,4.641034447503046834e-01,2.203859686990298883e+00,3.874125322299893259e+00
-1.283750488487833019e+00,5.145505968739615410e-01,2.174824807944852889e+00,3.891835182418969197e+00
-1.334237006580038409e+00,4.582472608531388270e-01,2.287699413980972984e+00,3.562282521345008224e+00
-1.335491764327219277e+00,9.658931913074294551e-01,2.298304777664382126e+00,3.555370256488036507e+00
-1.383764841510533472e+00,6.141846123805198010e-01,2.291967364428519893e+00,3.707367734498629996e+00
-1.304727220817966549e+00,2.457561515625254489e-01,2.279003020749204911e+00,3.570647603024418970e+00
-1.370804564420174732e+00,5.869180777323808329e-02,2.303434812594025605e+00,3.713552218721019926e+00
-1.306325934218391716e+00,-8.089023090110565584e-04,2.243483779892134322e+00,3.935550369354176237e+00
-1.300735426196414135e+00,1.245541903310632526e+00,2.242535657986455710e+00,3.971570649214093862e+00
-1.340378469576590570e+00,3.448380486921547305e-01,2.225519118324612133e+00,3.788396387311121050e+00
-1.313628916035269878e+00,-3.165093687838656855e+00,2.201199985600208464e+00,3.837543639743367319e+00
-1.275093339306764051e+00,-2.376995549423294829e+00,2.233938105441864774e+00,3.849434444819292978e+00
-1.259125748944689649e+00,-1.560357333771144273e+00,2.178131953114367469e+00,3.983642292064359047e+00
-1.307515078696569244e+00,1.985102393677438348e+00,2.236701455727280408e+00,3.780496537318738248e+00
-1.282470293400063355e+00,-1.550102462273834636e+00,2.194955972857155491e+00,4.074813020018304144e+00
-1.529185499307045726e+00,-3.075255287586321495e-01,2.212453501964108948e+00,3.193072151166011619e+00
-1.502457535303611591e+00,-8.039801979880481508e-02,2.202201498935464130e+00,3.266429332986797274e+00
-1.174554111086391961e+00,-9.734929147345257050e-01,2.245174208715112751e+00,4.271456906439126122e+00
-1.224050150060366660e+00,9.825991121875702339e-01,2.129146052204315964e+00,4.176988203157089075e+00
-1.386287335849761382e+00,-8.862102814724442945e-01,2.273381154493741008e+00,3.354209124020096855e+00
-1.300176142080946118e+00,1.452516401539943880e-01,2.250054423431478767e+00,3.719686144006730810e+00
-1.378957847531987468e+00,-8.727816453161246768e-01,2.223936217630683831e+00,3.687906035011843553e+00
-1.291192316789836259e+00,-2.348950424173224860e+00,2.219266427845721701e+00,3.729304284600196695e+00
-1.313521108536119586e+00,-2.801957695841671647e+00,2.211457779257811396e+00,3.780973375628273292e+00
-1.361661356956939350e+00,1.552846132143316238e-01,2.291483709393759671e+00,3.616150090049918830e+00
-1.274084433420120899e+00,-1.429627674827656181e+00,2.248418744938260883e+00,4.029666929968210631e+00
-1.289995924330705535e+00,-1.209185582870098585e+00,2.217420368083944826e+00,3.801966531683292683e+00
-1.411729697456913790e+00,-1.296080810650114268e-01,2.203952619023361592e+00,3.529942443577815503e+00
-1.353040840371794173e+00,-5.184102271617562208e-01,2.229146765904478134e+00,3.617589047082945708e+00
-1.440794740366030391e+00,8.311203703984121338e-01,2.204020841779746664e+00,3.448718991175132587e+00
-1.425615212950622768e+00,-1.199952606222333129e-01,2.196902021847158881e+00,3.582615511995835167e+00
-1.425615212950622768e+00,-1.199952606222333129e-01,2.196902021847158881e+00,3.582615511995835167e+00
-1.269549305794600569e+00,2.139630915286857005e-01,2.195560354295864602e+00,3.925433031251728266e+00
-1.328573092084934126e+00,-1.585409112898726436e+00,2.209613685457010313e+00,3.661194878608014402e+00
-1.340743678760726976e+00,-3.625011981737157996e+00,2.300089459035881134e+00,3.630859121670975576e+00
-1.380930346045019075e+00,-9.015702592632901524e-02,2.217085898613802897e+00,3.673566090852830257e+00
-1.348286139365926006e+00,-1.638507863249285101e+00,2.205855352680101689e+00,3.733727430047506513e+00
-1.341873929472864324e+00,1.943838936699792130e-01,2.324107220009796304e+00,3.782149928248092152e+00
-1.366016412800021174e+00,-2.635121213243555971e+00,2.186034670331643781e+00,3.752107767708551922e+00
-1.331557620588413648e+00,-2.666980794872152449e-01,2.308987523238739126e+00,3.524049550422689414e+00
-1.345610162090057349e+00,6.895314779041126219e-01,2.180109240321231656e+00,3.651030895463854620e+00
-1.256759002634069367e+00,1.534725586063262481e+00,2.245389372196869626e+00,4.052506475816531228e+00
-1.243926053654113906e+00,1.443021419550891027e+00,2.262841416986312471e+00,3.991150360827202981e+00
-1.232320680400136981e+00,2.157006871178166030e+00,2.247630286825076151e+00,4.028161158704532951e+00
-1.256550154999024782e+00,2.125954755985668410e+00,2.250671220594937516e+00,3.987255268131332908e+00
-1.253905562256357964e+00,1.818415480665304562e+00,2.246186342789441071e+00,3.775870935336791412e+00
-1.289492846337781939e+00,-2.883762183077624441e-01,2.276670235054412128e+00,3.766847957325442753e+00
-1.210424536374993920e+00,8.781133856543178462e-01,2.234437891734253778e+00,3.983029875469321190e+00
-1.316722654210345622e+00,-1.442933120556546989e+00,2.304609006061180576e+00,3.827162731829127029e+00
-1.235712726584552446e+00,-4.492865280116587479e-01,2.305997077966432940e+00,3.775557438267305610e+00
-1.242994449753805686e+00,-3.693766439888560571e-01,2.294038590078131712e+00,3.795939027899095208e+00
-1.269355778013253389e+00,7.172961271541159478e-01,2.247634821567449759e+00,4.019479957856519903e+00
-1.331942258467020634e+00,-7.050277897811294547e-01,2.361898800452400859e+00,3.619206144284632831e+00
-1.329121031592784163e+00,7.870150598432446021e-01,2.319512440404813969e+00,3.525414518544816023e+00
-1.276146464232797317e+00,8.573380642971508703e-01,2.158528966194681598e+00,4.009639972548665554e+00
-1.346424085569540852e+00,-7.975635868233283965e-01,2.247764246973645630e+00,3.662793115159237001e+00
-1.253808559547360479e+00,-4.152869256898479300e-01,2.201836927670625776e+00,4.038088263642038100e+00
-1.250427376545605762e+00,3.258105417092706513e-01,2.256008693932488374e+00,4.041555877472166713e+00
-1.381665099039022904e+00,-3.100554159659444919e-01,2.265896098001716652e+00,3.514660937710417876e+00
-1.322416248403785799e+00,-1.955292146713599521e+00,2.248600307249197794e+00,3.705732479154991932e+00
-1.261206743327385027e+00,-2.524839267802592158e-02,2.193682681163475312e+00,3.919387465955940009e+00
-1.246055156207652281e+00,-7.606510864953046624e-01,2.180398762591073236e+00,3.954065417381269487e+00
-1.300778359433205855e+00,-1.381300267849793872e+00,2.158832446564666885e+00,3.889772625824301500e+00
-1.353453110176566110e+00,-2.053446307868950438e+00,2.216448620935118186e+00,3.663078117150622592e+00
-1.199720949763933620e+00,-4.604713828764461780e-02,2.174131816417047336e+00,4.235841510115326614e+00
-1.192350212742656845e+00,1.735331857010973700e+00,2.173218225624277800e+00,4.293485530440059428e+00
-1.376933694705637645e+00,-4.613339770812567409e+00,2.280951759557120706e+00,3.475204892278236812e+00
-1.480853437223146107e+00,5.881055583111889362e-01,2.298748363565006780e+00,3.204820981839070271e+00
-1.376703508533870135e+00,1.595926546404125457e+00,2.219133077898302719e+00,3.656019584064369443e+00
-1.318587760728746172e+00,1.123140894394824674e+00,2.136317239264829748e+00,3.905485847378427522e+00
-1.237659557101170149e+00,-1.050340960892674147e+00,2.285715471615214156e+00,3.972616282712205571e+00
-1.205296991217419400e+00,1.619524545514200886e+00,2.110314607467514758e+00,4.194354043813019572e+00
-1.200943970995924648e+00,1.256168035097916302e+00,2.095056261424896871e+00,4.375343406738938512e+00
-1.084034980277440274e+00,1.237826306667986431e+00,2.133187644604286337e+00,4.577899247599363619e+00
-1.349851982137248774e+00,1.480841313274446458e+00,2.217109230896890271e+00,3.571591472021702351e+00
-1.383003662100954045e+00,1.331063994454771748e+00,2.269079325577213702e+00,3.623317887199389631e+00
-1.335851385980521000e+00,-1.378403773040656866e+00,2.237976978564331976e+00,3.602091004952591824e+00
-1.332781284389200849e+00,-1.536923057593027053e+00,2.145266006701355810e+00,3.786015548912245787e+00
-1.334525462407755159e+00,-1.426352972903938365e+00,2.146760597235432222e+00,3.816982857243958360e+00
-1.351434310586900001e+00,-3.570163420339907301e+00,2.303892875631852188e+00,3.641338889793147793e+00
-1.418635069956264649e+00,1.903809984135389710e+00,2.257720215527368790e+00,3.307695890068416134e+00
-1.418776375856034555e+00,2.360833097672056624e+00,2.272485891473444930e+00,3.491912831191430477e+00
-1.386990328421884966e+00,-2.897659509456467219e-01,2.232728535054964158e+00,3.397295495485777472e+00
-1.420204895756056240e+00,1.700542592245023910e+00,2.238428454488410324e+00,3.413834320576229153e+00
-1.391488429356624090e+00,1.897874955551472897e+00,2.254380531599536663e+00,3.524972051890085556e+00
-1.181607177011893661e+00,-8.161229331921573404e-01,2.164612503926920617e+00,4.223112688877757925e+00
-1.201443104099476855e+00,-1.509744879077299373e+00,2.170761302450952002e+00,4.273894403890872162e+00
-1.312172668057743019e+00,1.321380646575529116e+00,2.212333083375554121e+00,3.964676561831302681e+00
-1.276641289384186528e+00,1.099954527962086814e+00,2.222582088313516113e+00,3.810362977768447568e+00
-1.269007455828191189e+00,-2.050630388378922309e+00,2.237697758916639135e+00,3.880289907855368536e+00
-1.248491620687966819e+00,1.848490290324492413e+00,2.218925391284814808e+00,3.903146871644154192e+00
-1.229577370290366956e+00,-2.104872534646107241e+00,2.245275490523967576e+00,3.877164374951475256e+00
-1.258987330251464698e+00,-2.845218757951819555e+00,2.256955426880262738e+00,3.787778821297735909e+00
-1.272289043686345877e+00,1.321583929559835280e-01,2.150130638367538261e+00,3.994344470943348213e+00
-1.453357366509891557e+00,3.873306738089574153e-01,2.274192080005938088e+00,3.209509885104678606e+00
-1.281698254025041006e+00,6.968763752122089095e-01,2.208142350732724246e+00,3.931938077868495807e+00
-1.240971637663606852e+00,5.053272770337433606e-01,2.200369771223050996e+00,4.096856161992105783e+00
-1.228690277004302889e+00,-1.161406342586074114e+00,2.198046690163281358e+00,4.055781983156077963e+00
-1.329185340369691826e+00,1.403342291902668793e+00,2.179637671404326404e+00,3.839503688238442347e+00
-1.281834896442785032e+00,8.312660403610696580e-01,2.164359182026380335e+00,4.082407607346313583e+00
-1.378178990076203592e+00,-1.903795165330584460e+00,2.233714553123763213e+00,3.448105408721896303e+00
-1.178860964095402863e+00,1.046773602244819967e+00,2.198395976783718453e+00,4.253152447287934734e+00
-1.274206478781842566e+00,-1.634877945501876262e+00,2.252207555240258952e+00,4.002830798409121371e+00
-1.271200091002216093e+00,1.504587964349510809e+00,2.187264489592642747e+00,3.975983544962578886e+00
-1.428748732167254953e+00,1.417519298898462843e+00,2.230031034053061134e+00,3.343541332922770337e+00
-1.457844458506939223e+00,1.899443054967488775e+00,2.231876329088489097e+00,3.281389403083373235e+00
-1.459376324384496604e+00,2.499971018187356897e+00,2.237112871681142590e+00,3.345440648096685177e+00
-1.393457087565497687e+00,2.133194699772898772e+00,2.248888769693737633e+00,3.438801040718890256e+00
-1.285601683478970525e+00,-1.691999817898120373e+00,2.196305152058398047e+00,3.929660249894096236e+00
-1.273928209103536657e+00,-1.192913006638436579e+00,2.223804779718132174e+00,3.846604500856267705e+00
-1.338498594846464274e+00,-1.505162000058916316e+00,2.232875460791524436e+00,3.928449532419416190e+00
-1.299978296908206987e+00,-1.733735164879200985e+00,2.226347673194069454e+00,3.794877669881285609e+00
-1.286513564017138567e+00,-1.789163653819873190e+00,2.232347878838543576e+00,3.655714894951521465e+00
-1.341695453353774159e+00,-1.699543925379836118e+00,2.251688522130458114e+00,3.854780413696074159e+00
-1.281053812613762055e+00,-1.985540300437406591e+00,2.247815023991520889e+00,3.759515749936897411e+00
-1.193190764691638206e+00,-3.218557474757777759e-01,2.276885085370517370e+00,4.272065664209184987e+00
-1.205613314075945741e+00,-7.000686998869958266e-01,2.191975279889313288e+00,4.339646669462299933e+00
-1.259125485267703182e+00,-2.695979044480368625e+00,2.190761811434614792e+00,3.935396861374435229e+00
-1.239120934901168258e+00,1.064322886692147474e+00,2.256139339939261745e+00,4.092433700056277601e+00
-1.223981729393529339e+00,1.202917893902595736e+00,2.282503468631915222e+00,3.937146468190617199e+00
-1.414305627895291018e+00,1.339652517996205106e+00,2.212705989747091539e+00,3.310118999289652031e+00
-1.382906836107055559e+00,2.307524757362716117e-01,2.209277590830538873e+00,3.573966618992865829e+00
-1.381682640875669499e+00,2.152545223772001914e-01,2.214864306077652056e+00,3.662464073069715109e+00
-1.286060311767028841e+00,6.668823681658061497e-01,2.244583868554753003e+00,3.856991434256882734e+00
-1.294494671758139370e+00,1.783316169515423821e+00,2.363941818229343461e+00,3.654011111358927089e+00
-1.252013797430621356e+00,1.269642038612678991e+00,2.377709308131799926e+00,3.782465106731853766e+00
-1.384874385205830283e+00,-2.110531972397968747e+00,2.195035946002862559e+00,3.614483543701357604e+00
-1.334542734493108451e+00,-2.574304952018609427e+00,2.225075319624093328e+00,3.652621350315107929e+00
-1.321995967989416876e+00,-1.866805177963325013e+00,2.240546234123355962e+00,3.659814113913890665e+00
-1.215845968863033422e+00,2.797493141641904657e-01,2.188348623733612275e+00,3.953727630118584635e+00
-1.319059873428432006e+00,-1.057804895521946342e+00,2.276972234131602324e+00,3.815446048341407437e+00
-1.303799758687068655e+00,1.300746491043447417e-02,2.286013985423897665e+00,3.766720849587344766e+00
-1.349629382050711035e+00,-3.690128187602692122e+00,2.199722391825521317e+00,3.718529277262343946e+00
-1.232529338085612380e+00,-6.238547598895506363e-01,2.208141224460257401e+00,4.032219712442565829e+00
-1.478238199096036265e+00,6.096742686983691595e-01,2.187106029116077988e+00,3.430678990071374557e+00
-1.144460598513183713e+00,-1.020678427662682908e-01,2.236539867556257111e+00,4.344138306374854430e+00
-1.323000270301384784e+00,-1.721613794889359506e-01,2.123230972212755141e+00,3.933701149851748013e+00
-1.350033179177735798e+00,3.540850667620325520e-01,2.180070806806134964e+00,3.728003684233156090e+00
-1.128989089878567942e+00,2.200081253299504824e-01,2.178798364278935473e+00,4.467726998525288096e+00
-1.251833450439480577e+00,1.495097478859442219e+00,2.211136588019811278e+00,4.109933167061868176e+00
-1.405825754884308276e+00,-4.633447549572664581e-01,2.263981602297253204e+00,3.551248363967726807e+00
-1.284554756944805698e+00,-9.409339484879470916e-01,2.196468252577843394e+00,3.801665367386622751e+00
-1.316528089911539912e+00,1.685450883329571825e+00,2.248885246429264573e+00,3.715302285976981089e+00
-1.201339463150267184e+00,-9.147357922169498945e-01,2.173639042312771164e+00,4.192302497397422556e+00
-1.282114957981610903e+00,7.906448320555191644e-01,2.223762428023100757e+00,3.829794529432653416e+00
-1.379764726974493039e+00,-1.217738870493269454e+00,2.278876353313734615e+00,3.409141011753666906e+00
-1.221709387411171965e+00,-1.237470726773124419e+00,2.181448398903526265e+00,4.078072763993394467e+00
-1.306309011412264631e+00,-9.860380815981384384e-01,2.180333399543307404e+00,3.975917172146159917e+00
-1.237045927515473931e+00,-6.219869497533099256e-01,2.212745032594313432e+00,3.966021806624435264e+00
-1.335174286442787128e+00,1.493719084318309687e+00,2.225360717843173575e+00,3.822858408198310798e+00
-1.308224884556366652e+00,1.327010958442284894e+00,2.267601934742073944e+00,3.608974902085822389e+00
-1.235841091801451519e+00,4.318855714321829797e-01,2.321812701773788845e+00,3.719864063681139310e+00
-1.276151188271204884e+00,2.881066252838151431e-01,2.315009793601734867e+00,3.836231105158316002e+00
-1.373980097286118029e+00,1.199637011892607408e+00,2.249145524508514793e+00,3.470229671400143268e+00
-1.281207708406920665e+00,8.362723919921815074e-01,2.289162289392990601e+00,3.737686326716793683e+00
-1.304544577573628850e+00,4.202862077336830815e-01,2.220728634647398003e+00,3.800018611222633957e+00
-1.273090986495546195e+00,1.075829626442998954e+00,2.231434909750206863e+00,3.817664971315288369e+00
-1.309827646983375837e+00,1.442665546370033525e+00,2.249594610564968455e+00,3.691762189539951056e+00
-1.190761200753099436e+00,-2.491011169246727164e+00,2.154474435133672650e+00,4.293611027528587698e+00
-1.285787352516849946e+00,-2.074828924157265497e+00,2.182709416477324638e+00,3.819462626465079946e+00
-1.352496019821801676e+00,-2.972663908456699922e+00,2.260937872699424922e+00,3.549144312837579918e+00
-1.385000072529768422e+00,-2.335193571437160553e+00,2.261736837369898279e+00,3.606706748943883767e+00
-1.281163259176925751e+00,-1.108188786286062211e+00,2.257515402365394053e+00,3.759565343672426341e+00
-1.376081853083516604e+00,7.122355980477630411e-01,2.144744739997044292e+00,3.839862985159269826e+00
-1.127298733516092666e+00,2.812778436756357414e-01,2.187011194685407389e+00,4.669129983545504459e+00
-1.224024429923371793e+00,2.534379614992036678e-01,2.159122357378301604e+00,4.341150899743955627e+00
-1.241633021068794474e+00,4.321221979767927435e-01,2.159914226981698437e+00,4.208356985873652256e+00
-1.283909492444641476e+00,3.382269370981375034e-01,2.241295210366131663e+00,3.838463841630408879e+00
-1.351986203771372352e+00,1.746140346060870208e+00,2.221295076220669795e+00,3.699995061863977419e+00
-1.371650469401232364e+00,1.869080515442784085e+00,2.167248615169425463e+00,3.674424830035117662e+00
-1.388799730483999850e+00,2.892568567162422610e+00,2.178884244339066800e+00,3.817951306492668895e+00
-1.384347013804248849e+00,1.639229819281760259e+00,2.171744115859142177e+00,3.720976755014715920e+00
-1.303662879528080243e+00,-4.020340481865690707e-01,2.268686566628423495e+00,3.771226236933745035e+00
-1.358821725524280932e+00,1.844607903507113900e+00,2.255640126413621882e+00,3.396426737663186479e+00
-1.344308783977900879e+00,8.127196685748503402e-01,2.266831110987708620e+00,3.828949485229020677e+00
-1.375483813012967849e+00,5.562511804306282670e-01,2.263601209862577068e+00,3.728785522543008213e+00
-1.301554007945033842e+00,6.507980657052022666e-01,2.246368730215431597e+00,3.941035287976729862e+00
-1.436761076041936258e+00,1.969738387667003543e-01,2.258783132288431528e+00,3.407388543837972072e+00
-1.205628961083639705e+00,-1.944544313398724356e+00,2.197114572668585009e+00,4.295906304447575152e+00
-1.422548677262261085e+00,1.862487498366341310e+00,2.220549897070973167e+00,3.529972216905684412e+00
-1.226559137886524375e+00,-2.317788212440718087e+00,2.187415063077803090e+00,3.973084253893240714e+00
-1.288560555132223451e+00,-6.808553221863402616e-01,2.230697576953963424e+00,3.814608064345753835e+00
-1.296680782806719945e+00,-1.516710278035710235e+00,2.181252067749019474e+00,3.985184158931534437e+00
-1.251005095909666798e+00,1.482002690793401412e+00,2.260665906473803499e+00,3.872715356172355960e+00
-1.348519050368500505e+00,5.391726551496853759e-01,2.272816331345919760e+00,3.851216499074639810e+00
-1.222986878780159437e+00,2.129617068270786007e+00,2.317101611337768485e+00,3.899496207484189902e+00
-1.295848505123620154e+00,2.509292745636146904e-01,2.323825298001991779e+00,3.737021022009434645e+00
-1.325109397428963165e+00,-6.220704693060012669e-02,2.273632495197677628e+00,3.640396408187191568e+00
-1.255153988872301341e+00,-8.184916553320653598e-01,2.190204973327739779e+00,4.120519493098013797e+00
-1.366909789817285503e+00,-4.077556111086574342e-01,2.229395853387870385e+00,3.722899628562380769e+00
-1.290185402488790434e+00,1.263759704420187813e+00,2.253764353527997866e+00,3.941604627059610788e+00
-1.216393876710449851e+00,2.804559520577032394e-01,2.187859503432249220e+00,4.061086574353109491e+00
-1.258840152389768097e+00,-1.025841376204819910e-01,2.148912532960622013e+00,4.295710922779782948e+00
-1.197593571193668049e+00,4.876359636511587992e-01,2.255769794443768017e+00,3.937398600530730874e+00
