x,y,reference,fixed_mean,fixed_std,map_mean,map_std,hmc_mean,hmc_std
-3.152209176461626683e+00,-3.438167376461628066e+00,1.327078769550745818e+01,4.556304115896455187e+01,6.496587050921285744e+00,1.061523891654469480e+02,1.942124929858934834e+01,7.824775885672666220e+01,2.986404756859241161e+01
-3.152209176461626683e+00,-3.185942727442393707e+00,1.940189344668677407e+01,4.864711367472341408e+01,6.622382751215668328e+00,3.779815636460445205e+01,1.951373920579729315e+01,4.119742523900535502e+01,3.058387035887682970e+01
-3.152209176461626683e+00,-2.933718078423159348e+00,2.553299919786610062e+01,5.261131801832425481e+01,6.695315327739032263e+00,3.786170863192458569e+01,1.935305320833558085e+01,3.276753718529812431e+01,2.981386654752745358e+01
-3.152209176461626683e+00,-2.681493429403924544e+00,3.159312477506313499e+01,5.625639584339887733e+01,6.661836371855081929e+00,4.097005087471207219e+01,2.168454165337356798e+01,3.991665013283611785e+01,3.283512813734049729e+01
-3.152209176461626683e+00,-2.429268780384690185e+00,3.734152183545513992e+01,5.846391545613823837e+01,6.568707099518745096e+00,5.583359699082834737e+01,3.370639535190014158e+01,4.918050755517957384e+01,4.514883100965602125e+01
-3.152209176461626683e+00,-2.177044131365455826e+00,4.106748951675082537e+01,5.880532742454624895e+01,6.473543420641363788e+00,6.145568915073774718e+01,3.638905739069522127e+01,5.255218669726734504e+01,5.033349219399789831e+01
-3.152209176461626683e+00,-1.924819482346221244e+00,4.187093558799988102e+01,5.772658588016929571e+01,6.380269830292482069e+00,6.317220335763830974e+01,3.643651248199982007e+01,5.528088838685744122e+01,5.077930453013961909e+01
-3.152209176461626683e+00,-1.672594833326986663e+00,4.055727645641454160e+01,5.614804699427668311e+01,6.288108506449608726e+00,7.849434353680695153e+01,3.568855820324220929e+01,7.007693282363794651e+01,4.841417816653601136e+01
-3.152209176461626683e+00,-1.420370184307752304e+00,3.694637545140358270e+01,5.475452754527486832e+01,6.238107522984879694e+00,1.072162487276487468e+02,2.589191212099778383e+01,8.823727970045857205e+01,3.482532574208877918e+01
-3.152209176461626683e+00,-1.168145535288517944e+00,3.235872684566742663e+01,5.351295592123324241e+01,6.247656560190254282e+00,7.534144965319478615e+01,1.845542739153226819e+01,6.267850053321953396e+01,2.818197533965928514e+01
-3.152209176461626683e+00,-9.159208862692833630e-01,2.848907185095328387e+01,5.180521397657867055e+01,6.264909058943464615e+00,3.104999076945807701e+01,1.817283269984219984e+01,2.635238436877352441e+01,2.784562779060717830e+01
-3.152209176461626683e+00,-6.636962372500488927e-01,2.712332242194188225e+01,4.908922801278004044e+01,6.246865438568025120e+00,4.516130859366433015e+01,1.872288648191534932e+01,4.156040975690100936e+01,2.891158138773371533e+01
-3.152209176461626683e+00,-4.114715882308144224e-01,2.867438356353806128e+01,4.557185270280115219e+01,6.221524169307032004e+00,9.676918298955899900e+01,1.978181644617299639e+01,7.221943117264777356e+01,2.937668842598070640e+01
-3.152209176461626683e+00,-1.592469392115799520e-01,3.139256071181020147e+01,4.234294142081216705e+01,6.228750447926096001e+00,8.603162797493068581e+01,3.322292598210110270e+01,7.065820851064174235e+01,4.440033107747236585e+01
-3.152209176461626683e+00,9.297770980765451831e-02,3.352075343529384099e+01,4.081446184345031725e+01,6.252322300672432220e+00,6.718124674435436816e+01,3.637115494866052501e+01,6.029368207399929247e+01,5.054349420798018855e+01
-3.152209176461626683e+00,3.452023588268889887e-01,3.380616768445995746e+01,4.182058551669342705e+01,6.259371106928723449e+00,8.223729218627740067e+01,3.574227346873455957e+01,7.011679635247341480e+01,4.896454900660836529e+01
-3.152209176461626683e+00,5.974270078461234590e-01,3.426005841137801156e+01,4.497360914943965327e+01,6.261148246660807715e+00,1.229116771795199838e+02,2.677178477468913798e+01,9.133014150708594059e+01,3.650799086836038043e+01
-3.152209176461626683e+00,8.496516568653579293e-01,3.213102673494897488e+01,4.868164763370941728e+01,6.282413060279055550e+00,8.788228405844535018e+01,1.861678349836209279e+01,7.063642588187876470e+01,2.988695095327527440e+01
-3.152209176461626683e+00,1.101876305884592400e+00,3.124379288560164625e+01,5.079523603947700394e+01,6.302801182935035662e+00,3.260849749521679541e+01,1.819980120841035998e+01,2.752319220995491023e+01,3.006428216742441961e+01
-3.152209176461626683e+00,1.354100954903826981e+00,3.122728082795093485e+01,4.949314770811906783e+01,6.286094938531282317e+00,2.443854992946680227e+01,1.871378107079986819e+01,1.971492976021597343e+01,3.123197930848344228e+01
-3.152209176461626683e+00,1.606325603923061340e+00,3.009887863775719552e+01,4.395788882355236638e+01,6.270682048534124142e+00,2.014930303536419842e+01,1.923012938759886836e+01,2.367541024369877078e+01,3.145139992742580759e+01
-3.152209176461626683e+00,1.858550252942295700e+00,2.730023968281918911e+01,3.459543121392289322e+01,6.405073735396801915e+00,4.006804196252237205e+01,3.179974886456099270e+01,3.662576067914660882e+01,4.283342049384948780e+01
-3.152209176461626683e+00,2.110774901961530503e+00,2.346841468113343510e+01,2.282433016886307087e+01,6.858920621913734195e+00,5.794378799072347874e+01,3.629556618349068486e+01,4.795410628093011951e+01,5.007413763199549095e+01
-3.152209176461626683e+00,2.362999550980764862e+00,1.987128895349329127e+01,1.061899669528247614e+01,7.681243808142968810e+00,6.153469879697590983e+01,3.644198644868097858e+01,5.135061229521338078e+01,5.087802916820233179e+01
-3.152209176461626683e+00,2.615224199999999222e+00,1.762985733932490717e+01,0.000000000000000000e+00,8.794398903003573409e+00,6.173162484803090422e+01,3.644245798096554267e+01,5.178854679732613420e+01,5.091057837820844867e+01
-2.905508764942392297e+00,-3.438167376461628066e+00,4.713223632293694010e+00,3.806050519103973784e+01,6.609643187196890146e+00,2.432857648884368018e+01,1.940032116363947168e+01,2.749802083397702290e+01,3.058452898028082245e+01
-2.905508764942392297e+00,-3.185942727442393707e+00,1.054365840188305725e+01,4.116877542325119066e+01,6.693826972015294530e+00,2.120388829936621278e+01,1.960687059558939538e+01,1.736284459821601445e+01,3.087033182586096203e+01
-2.905508764942392297e+00,-2.933718078423159348e+00,1.637409317147241694e+01,4.611340200782660759e+01,6.676879851271947608e+00,2.828728440783453379e+01,1.960345211258276521e+01,2.693261053604890165e+01,3.079755096879101828e+01
-2.905508764942392297e+00,-2.681493429403924544e+00,2.224563843221041637e+01,5.126864119974925416e+01,6.563515973278143179e+00,4.468745993797811877e+01,2.110687688847050580e+01,3.377488896229343140e+01,3.242362678177205026e+01
-2.905508764942392297e+00,-2.429268780384690185e+00,2.746544817115963966e+01,5.491625367155256754e+01,6.423796830202233465e+00,6.858277563701442148e+01,3.338288074651243420e+01,5.219367632421683822e+01,4.407724760166002653e+01
-2.905508764942392297e+00,-2.177044131365455826e+00,3.106381497742806630e+01,5.610129667610249271e+01,6.319730944105714343e+00,6.466584593150601279e+01,3.625775840124293836e+01,5.543513275091974180e+01,4.943725417584746396e+01
-2.905508764942392297e+00,-1.924819482346221244e+00,3.211678270993191120e+01,5.502011881937323778e+01,6.253185294371976788e+00,5.948359226654897469e+01,3.630445798741560992e+01,5.100001266758400220e+01,4.977453226357287264e+01
-2.905508764942392297e+00,-1.672594833326986663e+00,3.119817455247858362e+01,5.269011969888060776e+01,6.210333989135819799e+00,6.329913458437566476e+01,3.553330601773945574e+01,5.467858909004127099e+01,4.678606808769017533e+01
-2.905508764942392297e+00,-1.420370184307752304e+00,2.796257535616336654e+01,5.016145469931416301e+01,6.208424679116354206e+00,4.917681957171697604e+01,2.555430400103179878e+01,4.367153988485078031e+01,3.348216039512188757e+01
-2.905508764942392297e+00,-1.168145535288517944e+00,2.395834358709833722e+01,4.785972708207555115e+01,6.248154842264700193e+00,2.403993628002280047e+01,1.837476333297853515e+01,2.056384381605699829e+01,2.885615523540361593e+01
-2.905508764942392297e+00,-9.159208862692833630e-01,2.058109532383008045e+01,4.552406745933240018e+01,6.277639422293627369e+00,2.515587501241759583e+01,1.837696313004980908e+01,1.820352187006020728e+01,2.839160226222057659e+01
-2.905508764942392297e+00,-6.636962372500488927e-01,1.947631340726531235e+01,4.272266074871413366e+01,6.254470338906951810e+00,1.721882180650641203e+01,1.854450828055614764e+01,1.233698214746180355e+01,2.928915153403289295e+01
-2.905508764942392297e+00,-4.114715882308144224e-01,2.032081227753989339e+01,3.948085274399090849e+01,6.200898319880200127e+00,1.981540401907858495e+01,1.976139630338294850e+01,2.330867454043033149e+01,2.949801232355332559e+01
-2.905508764942392297e+00,-1.592469392115799520e-01,2.144294153265562741e+01,3.649998292685222623e+01,6.164495544498509894e+00,4.563376773216094762e+01,3.310801522080512882e+01,4.519937097901030398e+01,4.329769940850761856e+01
-2.905508764942392297e+00,9.297770980765451831e-02,2.156143338662069908e+01,3.479620134715605673e+01,6.158062937701607176e+00,5.988905849642871715e+01,3.634472197220814849e+01,5.211278658892864257e+01,4.969612832031552330e+01
-2.905508764942392297e+00,3.452023588268889887e-01,2.105143584651913358e+01,3.503678109263717033e+01,6.171657480124682849e+00,6.113688598062226731e+01,3.558837356846603228e+01,5.158758658219517912e+01,4.763099014782644502e+01
-2.905508764942392297e+00,5.974270078461234590e-01,2.120566170555479246e+01,3.704427948527518311e+01,6.208637830355793419e+00,4.421795323774455255e+01,2.564520152272836029e+01,3.926552959613541560e+01,3.563328686507111343e+01
-2.905508764942392297e+00,8.496516568653579293e-01,2.078334836698211419e+01,3.977222866382180655e+01,6.266459039182278978e+00,1.115460608447136792e+01,1.879341074718244897e+01,1.384193972130049843e+01,3.216932216976690029e+01
-2.905508764942392297e+00,1.101876305884592400e+00,2.131790800451733503e+01,4.171636408688482334e+01,6.308726132699951528e+00,1.439986030380759985e+01,1.857024129770450216e+01,1.046877165112029928e+01,3.118363423940808588e+01
-2.905508764942392297e+00,1.354100954903826981e+00,2.205874750448631971e+01,4.148717858076133780e+01,6.299158699632026348e+00,1.295129550304540089e+01,1.877368819959616530e+01,1.141220287529560551e+01,3.175420504842259817e+01
-2.905508764942392297e+00,1.606325603923061340e+00,2.112263435465086658e+01,3.826367369292620424e+01,6.258523804878829644e+00,1.399130005399467791e+01,1.884752045574499135e+01,1.067824099452376174e+01,3.155366886380853231e+01
-2.905508764942392297e+00,1.858550252942295700e+00,1.866946290432146682e+01,3.200020209110834912e+01,6.272493488611668333e+00,3.561461242324131149e+01,3.108375406169770727e+01,3.061576627383501759e+01,4.181314920128015444e+01
-2.905508764942392297e+00,2.110774901961530503e+00,1.507079225054033600e+01,2.340710351964025904e+01,6.441182360479991154e+00,5.656294833792779997e+01,3.623311399924986631e+01,4.628568741388153995e+01,4.952878449422625806e+01
-2.905508764942392297e+00,2.362999550980764862e+00,1.160053789732852714e+01,1.377713430517928828e+01,6.824761018855681094e+00,6.163948866795070103e+01,3.640839224135282137e+01,5.040521566622528837e+01,5.041495021532045229e+01
-2.905508764942392297e+00,2.615224199999999222e+00,9.378526853377071149e+00,4.707602892934119154e+00,7.456516906625267005e+00,6.172236400029994741e+01,3.641411782311000422e+01,5.079566209537405541e+01,5.055176329767886045e+01
-2.658808353423157911e+00,-3.438167376461628066e+00,1.165421479493695678e+00,3.167517419180990146e+01,6.669533948437565307e+00,7.093559482497857971e+01,1.954936985265283411e+01,5.416004516423800652e+01,3.024802326297643162e+01
-2.658808353423157911e+00,-3.185942727442393707e+00,6.300828507023775948e+00,3.491660176943696570e+01,6.669854566117987993e+00,1.830874347635005961e+01,1.970964833900604773e+01,2.012356305896529207e+01,3.104079110819204246e+01
-2.658808353423157911e+00,-2.933718078423159348e+00,1.143623553455385533e+01,4.086381259202516958e+01,6.577601622338341336e+00,2.320153094412683004e+01,1.990996774014260851e+01,2.005216512038904142e+01,3.107364364705325599e+01
-2.658808353423157911e+00,-2.681493429403924544e+00,1.676760030471014318e+01,4.748409952043857629e+01,6.432650829128323977e+00,4.875266794706274709e+01,2.141773515383373550e+01,4.394517521636792878e+01,3.096640746639562991e+01
-2.658808353423157911e+00,-2.429268780384690185e+00,2.162908013044065925e+01,5.250675928390319314e+01,6.311713224521750654e+00,9.794457549632983273e+01,3.123808663994272194e+01,7.617813053156621095e+01,3.993600085239170738e+01
-2.658808353423157911e+00,-2.177044131365455826e+00,2.484769026438006634e+01,5.449142655810055658e+01,6.250861807760940358e+00,7.285560395947348411e+01,3.210661356713576708e+01,6.342495101551801895e+01,4.197479274584934217e+01
-2.658808353423157911e+00,-1.924819482346221244e+00,2.607078589918285516e+01,5.339007371443722150e+01,6.220746968026385382e+00,4.602937364999047531e+01,3.205311328571041685e+01,4.089758328397594056e+01,4.230376601090258504e+01
-2.658808353423157911e+00,-1.672594833326986663e+00,2.536804813695230010e+01,5.029079627348573922e+01,6.193107445648630360e+00,7.392193331520073230e+01,3.161325598493456468e+01,5.572901026091307131e+01,4.066352179170353054e+01
-2.658808353423157911e+00,-1.420370184307752304e+00,2.245882360746209727e+01,4.659176526535748053e+01,6.186513289529665727e+00,6.286711554755103748e+01,2.396631169007019935e+01,4.620485960279032156e+01,3.148135474801870615e+01
-2.658808353423157911e+00,-1.168145535288517944e+00,1.916095772362285743e+01,4.321341582942477544e+01,6.213228246886279393e+00,2.174936229959558887e+01,1.858454096381487020e+01,1.739309840951888475e+01,2.852205387750704091e+01
-2.658808353423157911e+00,-9.159208862692833630e-01,1.628435990614763540e+01,4.034492412485451496e+01,6.235636532415207434e+00,1.942256418591830425e+01,1.848803299995515559e+01,1.311601606638201645e+01,2.883738737730756441e+01
-2.658808353423157911e+00,-6.636962372500488927e-01,1.521513057305059036e+01,3.775884951848365745e+01,6.216780224366139862e+00,2.661189667180235574e+01,1.885126939463873086e+01,2.336376747746477633e+01,2.911857534841941586e+01
-2.658808353423157911e+00,-4.114715882308144224e-01,1.506242755959527990e+01,3.531360548649399789e+01,6.173036066392475263e+00,7.036511618078637298e+01,1.970770053579786207e+01,5.495327040910413530e+01,2.884242024785282510e+01
-2.658808353423157911e+00,-1.592469392115799520e-01,1.456320629758202578e+01,3.321302996950726083e+01,6.143439798490786252e+00,6.934619918901699975e+01,3.208912855854298130e+01,6.153552001906541591e+01,4.066255082874454985e+01
-2.658808353423157911e+00,9.297770980765451831e-02,1.357122176903607169e+01,3.187933206495313243e+01,6.137173988205645969e+00,6.450340062968305688e+01,3.473702249384042773e+01,5.610870077573434145e+01,4.524223168767186110e+01
-2.658808353423157911e+00,3.452023588268889887e-01,1.308284409082568267e+01,3.162262932056501086e+01,6.145458944412533597e+00,6.559288236542600714e+01,3.420187279603897679e+01,5.438225395184659305e+01,4.386825091081408345e+01
-2.658808353423157911e+00,5.974270078461234590e-01,1.344196580808836927e+01,3.238986752737946517e+01,6.175151574971001978e+00,6.433047174689501446e+01,2.528528825858286311e+01,4.866004833601022028e+01,3.410147009040044708e+01
-2.658808353423157911e+00,8.496516568653579293e-01,1.438642412118250036e+01,3.373361985816245578e+01,6.228230425584347252e+00,2.840804042460899836e+01,1.896252690366747728e+01,2.463463343114664994e+01,3.147001478568282806e+01
-2.658808353423157911e+00,1.101876305884592400e+00,1.588286891968447989e+01,3.494813178755703120e+01,6.272648556553773957e+00,6.502747899009136745e+00,1.890434533360203062e+01,4.540070068627443334e+00,3.172231177917504041e+01
-2.658808353423157911e+00,1.354100954903826981e+00,1.653515279381363712e+01,3.525133343795459950e+01,6.274502630316468377e+00,9.699755133501867022e+00,1.910442742042623365e+01,1.043727022909941837e+01,3.221540352244205963e+01
-2.658808353423157911e+00,1.606325603923061340e+00,1.591717818107047044e+01,3.395399680778791662e+01,6.245972854021121456e+00,3.891585584452627700e+01,1.882374874402302112e+01,3.454344670383074600e+01,3.063196969121054991e+01
-2.658808353423157911e+00,1.858550252942295700e+00,1.360172226411338414e+01,3.063108348315563489e+01,6.236242948476017567e+00,5.334075912662331120e+01,3.011447666991612238e+01,4.728997491061914360e+01,3.869579426964511271e+01
-2.658808353423157911e+00,2.110774901961530503e+00,1.033729255665757663e+01,2.530094121554247977e+01,6.282766714805986474e+00,5.663489364182322561e+01,3.426319507901403227e+01,4.749014243757746812e+01,4.444231928226492556e+01
-2.658808353423157911e+00,2.362999550980764862e+00,6.999245443556269208e+00,1.854638467467157170e+01,6.398798701572832037e+00,6.127156291849532010e+01,3.438231775780511867e+01,4.711840220131626467e+01,4.509898147566059379e+01
-2.658808353423157911e+00,2.615224199999999222e+00,4.821967798937105698e+00,1.147235175202285973e+01,6.637136726272330201e+00,5.992494606535082369e+01,3.462395803558351304e+01,4.690962596035591758e+01,4.623704502887605372e+01
-2.412107941903923081e+00,-3.438167376461628066e+00,5.834201046269242852e-01,2.631470749602749493e+01,6.635977735857361282e+00,1.268917662633212444e+02,2.451470129148250976e+01,8.946327979736270208e+01,3.592315983041957139e+01
-2.412107941903923081e+00,-3.185942727442393707e+00,5.525597528831591276e+00,2.969966181649806458e+01,6.555859110888250463e+00,4.088021928592891641e+01,2.315562473144174405e+01,3.848169523606313192e+01,3.365143210674937535e+01
-2.412107941903923081e+00,-2.933718078423159348e+00,1.046777495303625471e+01,3.651397807476359958e+01,6.432271442256904947e+00,2.903139898617189374e+01,2.318875589044715468e+01,2.366135474739801126e+01,3.402625631405021522e+01
-2.412107941903923081e+00,-2.681493429403924544e+00,1.530618196488038052e+01,4.441985144212401337e+01,6.310627217022025448e+00,6.309113870008218328e+01,2.529417049286969643e+01,5.635411779198756221e+01,3.396790739037930962e+01
-2.412107941903923081e+00,-2.429268780384690185e+00,1.983950265411602132e+01,5.074392194870506501e+01,6.254313851977715721e+00,1.185964527444672285e+02,2.101605242967454501e+01,8.690932309816193424e+01,3.012521554500392540e+01
-2.412107941903923081e+00,-2.177044131365455826e+00,2.279037028293176093e+01,5.367417596077211783e+01,6.259930584413254451e+00,6.302691723474683272e+01,1.860106923641470900e+01,5.417709690662533717e+01,2.897994735277556444e+01
-2.412107941903923081e+00,-1.924819482346221244e+00,2.386516661523839744e+01,5.292082629683136474e+01,6.262747505015179961e+00,2.342037470505484009e+01,1.836868175895086708e+01,2.173504088835368364e+01,2.947024789166801284e+01
-2.412107941903923081e+00,-1.672594833326986663e+00,2.328031030507589350e+01,4.952235167248409198e+01,6.226800429105114887e+00,6.860457139319916564e+01,1.851539996837335167e+01,5.359349922812249645e+01,2.901730145584174281e+01
-2.412107941903923081e+00,-1.420370184307752304e+00,2.080126117804018193e+01,4.504870861366089230e+01,6.185045295301519808e+00,8.633755679330630528e+01,1.843647510889483243e+01,6.437417778677583158e+01,2.723809097780450728e+01
-2.412107941903923081e+00,-1.168145535288517944e+00,1.788743220048947791e+01,4.078765092420508154e+01,6.173593359713348327e+00,3.134369538077990569e+01,2.241039324135094901e+01,2.968320888549014214e+01,3.176449682017837972e+01
-2.412107941903923081e+00,-9.159208862692833630e-01,1.529189043581284757e+01,3.737119965491638141e+01,6.176350269098862533e+00,2.591091415084630967e+01,2.278353220456330774e+01,1.650132454501066803e+01,3.336582708985120149e+01
-2.412107941903923081e+00,-6.636962372500488927e-01,1.389464233943720117e+01,3.488103580214260546e+01,6.165945690692369752e+00,5.958923659306006471e+01,2.287273745103434663e+01,4.735414820379570955e+01,3.219743188460713412e+01
-2.412107941903923081e+00,-4.114715882308144224e-01,1.265871478797644123e+01,3.314921789562231424e+01,6.153382300425473517e+00,1.161130304155038289e+02,2.106390901238266267e+01,8.468097287243784876e+01,2.996105211296857362e+01
-2.412107941903923081e+00,-1.592469392115799520e-01,1.119764509954256582e+01,3.197292250319515006e+01,6.159359160004112432e+00,8.442197354384649088e+01,2.251940864118321528e+01,7.289924720409665326e+01,3.186629441445442268e+01
-2.412107941903923081e+00,9.297770980765451831e-02,9.933583254309281685e+00,3.118171074033944024e+01,6.170736779598049004e+00,7.245112975670679134e+01,2.287005730889322308e+01,6.274932256133989483e+01,3.260583458696251569e+01
-2.412107941903923081e+00,3.452023588268889887e-01,9.749966201717086278e+00,3.065749347422297433e+01,6.167453963589715649e+00,7.653829022202421584e+01,2.312075067106805548e+01,6.577191878773695066e+01,3.227603199834354797e+01
-2.412107941903923081e+00,5.974270078461234590e-01,1.064894655291664272e+01,3.037172295718573878e+01,6.165130221346972306e+00,1.071522214954166543e+02,2.119894986847153007e+01,8.005463906978323507e+01,2.945537243210406331e+01
-2.412107941903923081e+00,8.496516568653579293e-01,1.210610656189845002e+01,3.038154735866328338e+01,6.187443517293577777e+00,8.420991456730146751e+01,2.113459824875889481e+01,6.447184050186019988e+01,3.119467370001834894e+01
-2.412107941903923081e+00,1.101876305884592400e+00,1.400302984004174078e+01,3.070750255958637354e+01,6.219645516802574825e+00,1.905002789140289110e+01,2.129975288617643159e+01,2.059693483585266449e+01,3.393461743613547554e+01
-2.412107941903923081e+00,1.354100954903826981e+00,1.486793618623315005e+01,3.114070333256540835e+01,6.232939322049075415e+00,4.990583685586426554e+01,2.146621899808905454e+01,3.660359727653440132e+01,3.309729096961425654e+01
-2.412107941903923081e+00,1.606325603923061340e+00,1.443091050616180482e+01,3.115303840495289478e+01,6.234538942206262924e+00,1.115365544730436795e+02,2.142130722988289548e+01,7.625728696798134365e+01,3.066288841557458511e+01
-2.412107941903923081e+00,1.858550252942295700e+00,1.236781338057535606e+01,3.005334919136771532e+01,6.253708607660219521e+00,7.749442095456920754e+01,2.198904136405754528e+01,6.413468767442120111e+01,3.011608122589743530e+01
-2.412107941903923081e+00,2.110774901961530503e+00,9.263883037570016299e+00,2.735043689325084415e+01,6.288378965869197756e+00,5.266994430391238780e+01,2.189680028023041203e+01,4.527024830055668758e+01,3.079608450378442441e+01
-2.412107941903923081e+00,2.362999550980764862e+00,6.116776196081646688e+00,2.310702099622130845e+01,6.304626895719392721e+00,5.455231447719829418e+01,2.186960449016349628e+01,4.265390317876748583e+01,3.086524298118909826e+01
-2.412107941903923081e+00,2.615224199999999222e+00,4.095959372345930660e+00,1.804936705152067589e+01,6.321307831837936320e+00,5.139501196247891812e+01,2.265927071821022309e+01,4.208914322173470879e+01,3.257126913021936332e+01
-2.165407530384688695e+00,-3.438167376461628066e+00,2.603208413851945568e+00,2.204417381666735309e+01,6.540852119980014479e+00,9.093744129871110715e+01,3.507371419218869590e+01,7.493054426022300163e+01,4.837141615935894379e+01
-2.165407530384688695e+00,-3.185942727442393707e+00,7.067659027988695719e+00,2.550579569819365133e+01,6.408454341472380911e+00,6.008301079743930728e+01,3.472710441504148093e+01,4.966354374844407005e+01,4.621396196078979557e+01
-2.165407530384688695e+00,-2.933718078423159348e+00,1.153210964212544809e+01,3.289534299075239687e+01,6.294451447665950994e+00,5.067077602449549545e+01,3.471108773867273101e+01,3.878074094740391331e+01,4.649857059809044557e+01
-2.165407530384688695e+00,-2.681493429403924544e+00,1.618135605138823863e+01,4.172665848512679077e+01,6.228228935538147937e+00,5.723348234998974959e+01,3.300770517959166028e+01,4.735178217441941229e+01,4.266714722928568193e+01
-2.165407530384688695e+00,-2.429268780384690185e+00,2.031480549213691589e+01,4.914821183679487149e+01,6.245946917998815628e+00,5.301414946464981881e+01,2.025831774393927276e+01,4.546921730171576570e+01,3.037683077861111158e+01
-2.165407530384688695e+00,-2.177044131365455826e+00,2.293894108319510750e+01,5.315097619799507811e+01,6.310212824737756243e+00,2.414490262921998465e+01,1.796612978663917204e+01,2.535171710658807598e+01,2.987892500639811999e+01
-2.165407530384688695e+00,-1.924819482346221244e+00,2.389097162710283229e+01,5.322052679230728245e+01,6.334878695900135526e+00,2.205731926497327322e+01,1.751362875749848058e+01,1.797699402449178052e+01,2.895767701151699214e+01
-2.165407530384688695e+00,-1.672594833326986663e+00,2.337236343092622803e+01,5.017799985873352853e+01,6.282820799373663334e+00,2.646218479568233306e+01,1.797626225551640644e+01,2.730177185411015017e+01,2.984204247419956602e+01
-2.165407530384688695e+00,-1.420370184307752304e+00,2.098429322401695529e+01,4.549022833388698928e+01,6.200573272245479828e+00,4.479628705539067823e+01,2.086093900569380111e+01,3.953503149208076906e+01,3.118404964339317686e+01
-2.165407530384688695e+00,-1.168145535288517944e+00,1.823240107956900857e+01,4.057035518709017197e+01,6.147291973474219517e+00,4.513662648261427535e+01,3.302960285940654472e+01,3.663195602866561984e+01,4.338400481648346130e+01
-2.165407530384688695e+00,-9.159208862692833630e-01,1.543632132698982673e+01,3.640479027787569066e+01,6.129812743140701237e+00,5.064509634453828824e+01,3.471956251441859109e+01,3.577543071578189426e+01,4.662496841311213558e+01
-2.165407530384688695e+00,-6.636962372500488927e-01,1.332608721192498535e+01,3.348482999211410061e+01,6.131006671664314567e+00,6.680463501508980073e+01,3.428376035132147592e+01,5.317497635683236012e+01,4.442421787439879921e+01
-2.165407530384688695e+00,-4.114715882308144224e-01,1.119958158349429489e+01,3.184818915731466404e+01,6.154176230109703383e+00,8.307927888736296040e+01,2.637107003919620851e+01,6.894255717933373262e+01,3.487943534735963169e+01
-2.165407530384688695e+00,-1.592469392115799520e-01,9.417345015515284246e+00,3.114271796098273626e+01,6.198439288017986826e+00,7.370369805340101266e+01,1.914976925200150504e+01,6.542719565330656906e+01,3.010369513965718724e+01
-2.165407530384688695e+00,9.297770980765451831e-02,8.412506651848296713e+00,3.078882672912186536e+01,6.227907467690271481e+00,7.504851775450055129e+01,1.916505046493524134e+01,6.546410315102465916e+01,3.022071153911481645e+01
-2.165407530384688695e+00,3.452023588268889887e-01,8.689550160488430208e+00,3.028930238812245079e+01,6.212535848964732210e+00,7.355795698629997048e+01,1.958658797077860214e+01,6.506544861552382031e+01,3.062703210549253185e+01
-2.165407530384688695e+00,5.974270078461234590e-01,1.016982030935238868e+01,2.953693018380454305e+01,6.175900703320666985e+00,8.161062777376267263e+01,2.157786541332912122e+01,7.034120431864303669e+01,3.095510040801347529e+01
-2.165407530384688695e+00,8.496516568653579293e-01,1.197036000659646504e+01,2.886034121426928323e+01,6.161923592947648132e+00,7.815840164939406520e+01,3.247989648777475225e+01,6.375619905084015215e+01,4.149310002008540010e+01
-2.165407530384688695e+00,1.101876305884592400e+00,1.389655339573554649e+01,2.870929589847446550e+01,6.174967975123250241e+00,5.184521061652954899e+01,3.404412127031690005e+01,4.162726291380875665e+01,4.547603184848286162e+01
-2.165407530384688695e+00,1.354100954903826981e+00,1.481795823998727535e+01,2.919333781699697283e+01,6.194909455280283694e+00,6.767389304615485912e+01,3.403524611579194925e+01,5.271810165079702415e+01,4.484839717658996250e+01
-2.165407530384688695e+00,1.606325603923061340e+00,1.439851517298453309e+01,2.984844618836837071e+01,6.226782922699388045e+00,8.964802028143424195e+01,3.153434245269946601e+01,7.082332120819768306e+01,4.013555455253251125e+01
-2.165407530384688695e+00,1.858550252942295700e+00,1.264533177539485465e+01,2.984527810769441203e+01,6.286252613040746340e+00,6.301653236961793425e+01,1.987771530926755403e+01,5.508262908105806588e+01,2.943434509316469416e+01
-2.165407530384688695e+00,2.110774901961530503e+00,9.807964277450409440e+00,2.850612259607714805e+01,6.347792713796915010e+00,5.309941267084268191e+01,1.904306145147676332e+01,4.388175382505347955e+01,2.893669383088627711e+01
-2.165407530384688695e+00,2.362999550980764862e+00,6.745338561778139841e+00,2.576533503052723972e+01,6.350993239002330704e+00,5.186405453667197207e+01,1.887734586735943410e+01,4.472410327548722364e+01,2.903700845400308239e+01
-2.165407530384688695e+00,2.615224199999999222e+00,5.213334373761989937e+00,2.226764593047013818e+01,6.285640109009846377e+00,4.919536489841246407e+01,1.868970563369549964e+01,4.042275578673056202e+01,2.855590080382381757e+01
-1.918707118865454309e+00,-3.438167376461628066e+00,3.244561135064046198e+00,1.939105082862715790e+01,6.444043326792184168e+00,7.111581575922645015e+01,3.631653841680814310e+01,6.584198675991798666e+01,5.089639939917769595e+01
-1.918707118865454309e+00,-3.185942727442393707e+00,7.572503875988756405e+00,2.288481099056639323e+01,6.301336114088581297e+00,6.237328810356950015e+01,3.629717744091241372e+01,5.301071796774284195e+01,4.961400341338267594e+01
-1.918707118865454309e+00,-2.933718078423159348e+00,1.190044661691346839e+01,3.047831521412172151e+01,6.212216960754677331e+00,5.861701932436798046e+01,3.626309929925388076e+01,4.583879980402738852e+01,4.954521596887023804e+01
-1.918707118865454309e+00,-2.681493429403924544e+00,1.652291036808037461e+01,3.969603856648291185e+01,6.187781218672188999e+00,5.122721858466518086e+01,3.390730457761749506e+01,3.789927634067470308e+01,4.463665670513509554e+01
-1.918707118865454309e+00,-2.429268780384690185e+00,2.050831099216068765e+01,4.775502444134826874e+01,6.243043347129885845e+00,2.940636412772448693e+01,2.022010838264879240e+01,2.110650381035618040e+01,3.076604078604634651e+01
-1.918707118865454309e+00,-2.177044131365455826e+00,2.321081144801321727e+01,5.266302596146624637e+01,6.329449346303235302e+00,2.416199489348234408e+01,1.756557980616236136e+01,1.883294503148871257e+01,2.888347040705338742e+01
-1.918707118865454309e+00,-1.924819482346221244e+00,2.399091206654739850e+01,5.374681032119860902e+01,6.359853773703808777e+00,2.775257514376500012e+01,1.732608976247875532e+01,2.254648182579126825e+01,2.828940827343223674e+01
-1.918707118865454309e+00,-1.672594833326986663e+00,2.350769919190492274e+01,5.148751536312829558e+01,6.299464439492979295e+00,1.974851065624454804e+01,1.761661206234140309e+01,1.429435921186904324e+01,2.954233021099824796e+01
-1.918707118865454309e+00,-1.420370184307752304e+00,2.105643594613525593e+01,4.699840113698064670e+01,6.199571088579542533e+00,2.459909040453817397e+01,2.096167732526389216e+01,2.777970458771704898e+01,3.126506346338549136e+01
-1.918707118865454309e+00,-1.168145535288517944e+00,1.804158611657978994e+01,4.156771525684962398e+01,6.129441468590390407e+00,5.110951850653394501e+01,3.422749571605382357e+01,4.701296193941296764e+01,4.500116107816197086e+01
-1.918707118865454309e+00,-9.159208862692833630e-01,1.463606094535967195e+01,3.641035571166412410e+01,6.106968185277166228e+00,5.969353396396003575e+01,3.627084703534873711e+01,4.955694802029842094e+01,4.927964665962313973e+01
-1.918707118865454309e+00,-6.636962372500488927e-01,1.167827165898452080e+01,3.248476020407815668e+01,6.117930192306668680e+00,6.227524082590206689e+01,3.570427716759056125e+01,5.216252558909002346e+01,4.721454346505176858e+01
-1.918707118865454309e+00,-4.114715882308144224e-01,9.044158797856294285e+00,3.025035477957499097e+01,6.158383614704415088e+00,6.810751621138940948e+01,2.690705360430203186e+01,5.917392943659253035e+01,3.550104886906557766e+01
-1.918707118865454309e+00,-1.592469392115799520e-01,7.314393460153866933e+00,2.949369703806087273e+01,6.216647353391313580e+00,7.369259689975156391e+01,1.896564951117710507e+01,6.400051161407054678e+01,3.028518774573678485e+01
-1.918707118865454309e+00,9.297770980765451831e-02,7.033843351254026821e+00,2.947597018314900197e+01,6.250480658764496766e+00,7.394766858735981430e+01,1.893987594451548517e+01,6.548876469474613771e+01,2.988476604800791137e+01
-1.918707118865454309e+00,3.452023588268889887e-01,7.929511055232968175e+00,2.943236514340787835e+01,6.229651500037608258e+00,7.498409167041663181e+01,1.927187865408613732e+01,6.527206685616927473e+01,3.051127849103049172e+01
-1.918707118865454309e+00,5.974270078461234590e-01,9.917910938727434456e+00,2.908689621497683220e+01,6.180747847713581322e+00,7.193955140782999536e+01,2.189333255402081591e+01,6.300174179898995419e+01,3.143654173391898610e+01
-1.918707118865454309e+00,8.496516568653579293e-01,1.158249090423412575e+01,2.874870380561424099e+01,6.152441787046329935e+00,6.452873285356845656e+01,3.428689265923195251e+01,5.481738256521862240e+01,4.440548953269845356e+01
-1.918707118865454309e+00,1.101876305884592400e+00,1.321597060395804846e+01,2.888835968482726457e+01,6.154947382163181935e+00,5.979664482846103368e+01,3.623235572273181049e+01,4.709658458119747593e+01,4.923200289182713618e+01
-1.918707118865454309e+00,1.354100954903826981e+00,1.414731003409675303e+01,2.956142693061565296e+01,6.173072244395361174e+00,6.192467143814486263e+01,3.619566381676075650e+01,5.007715566681040542e+01,4.880455983752701599e+01
-1.918707118865454309e+00,1.606325603923061340e+00,1.401815399437092857e+01,3.019716400960169267e+01,6.213620655260440273e+00,6.380622321240068828e+01,3.287634502470836395e+01,5.337994231164107362e+01,4.207788444162716246e+01
-1.918707118865454309e+00,1.858550252942295700e+00,1.243080981724724232e+01,2.995352455041347639e+01,6.288908815933769603e+00,5.800814750390247809e+01,1.962915019999899613e+01,4.867610294934161175e+01,2.964926500775279194e+01
-1.918707118865454309e+00,2.110774901961530503e+00,9.912673725564731697e+00,2.835304713143068511e+01,6.366019587504305299e+00,5.556256298591779341e+01,1.855217999423114605e+01,4.747337468007845729e+01,2.837369336041676959e+01
-1.918707118865454309e+00,2.362999550980764862e+00,7.155518902646765156e+00,2.569379719963740172e+01,6.377539465898415472e+00,5.123625570811503849e+01,1.861917532049157131e+01,4.303681708816449714e+01,2.857784314607363640e+01
-1.918707118865454309e+00,2.615224199999999222e+00,5.612554354080715235e+00,2.293651675784394683e+01,6.306365370674040349e+00,4.696061193517050469e+01,1.841273525005316358e+01,4.173129421379103121e+01,2.836802791525616030e+01
-1.672006707346219923e+00,-3.438167376461628066e+00,2.037963447110943349e+00,1.915327077766107777e+01,6.381128596105289930e+00,9.100262473404987418e+01,3.262250931484193472e+01,7.834158879027631883e+01,4.434422422712790279e+01
-1.672006707346219923e+00,-3.185942727442393707e+00,6.799335126136978324e+00,2.277763025761419158e+01,6.269600749525269912e+00,5.681139848688113148e+01,3.233333465695636022e+01,4.756179123221286886e+01,4.303591225705041978e+01
-1.672006707346219923e+00,-2.933718078423159348e+00,1.156070680516301152e+01,3.025887750655283526e+01,6.202021550633647351e+00,4.857259501818595027e+01,3.242574091497421307e+01,3.958107106423190658e+01,4.361960173779005601e+01
-1.672006707346219923e+00,-2.681493429403924544e+00,1.624567151278930055e+01,3.923803615311499016e+01,6.182274733028427782e+00,4.515856515785817038e+01,3.203585138953270928e+01,3.561911165951396185e+01,4.186428953191785496e+01
-1.672006707346219923e+00,-2.429268780384690185e+00,2.045411922584250775e+01,4.720865444749642847e+01,6.222065379745660429e+00,2.877936867384906350e+01,2.009882619105460577e+01,2.308340148745875098e+01,3.087350197094959015e+01
-1.672006707346219923e+00,-2.177044131365455826e+00,2.319578560297916425e+01,5.241579237121550250e+01,6.286684509250325625e+00,2.196681818102908323e+01,1.787117614383161879e+01,1.928191454729545029e+01,2.949360622278948085e+01
-1.672006707346219923e+00,-1.924819482346221244e+00,2.416812226687914134e+01,5.416807598541981861e+01,6.305832267354383625e+00,2.164871985665195098e+01,1.744906676402126777e+01,1.815507603640059386e+01,2.905947613953885877e+01
-1.672006707346219923e+00,-1.672594833326986663e+00,2.341394676610224579e+01,5.261932586189004724e+01,6.250676032308410512e+00,4.144954749546752737e+01,1.785591293233846599e+01,3.894505902083557203e+01,2.946839932652963157e+01
-1.672006707346219923e+00,-1.420370184307752304e+00,2.051587226023037402e+01,4.842987370731270858e+01,6.168963994478160906e+00,1.006406353562093727e+02,2.063181905050733533e+01,8.231184491730384423e+01,2.947293534804096993e+01
-1.672006707346219923e+00,-1.168145535288517944e+00,1.697384567886954088e+01,4.261560095132062997e+01,6.121451987722289267e+00,1.089097796036146377e+02,3.128682810447543616e+01,8.885993128467471536e+01,4.034450393435513149e+01
-1.672006707346219923e+00,-9.159208862692833630e-01,1.295466033639930359e+01,3.650007126417858672e+01,6.115072456190532968e+00,6.490979500003041380e+01,3.235564576950023508e+01,5.865879593929243185e+01,4.222974749269037886e+01
-1.672006707346219923e+00,-6.636962372500488927e-01,9.509697972233512431e+00,3.147187028757343796e+01,6.127012020385272706e+00,5.460902689352508332e+01,3.211898806626586378e+01,4.577619015881121101e+01,4.119758370767411293e+01
-1.672006707346219923e+00,-4.114715882308144224e-01,6.602189498324857908e+00,2.847615695288641291e+01,6.152998375260262165e+00,5.708776803731274185e+01,2.563006113848261691e+01,5.123838189551951672e+01,3.362686830370424218e+01
-1.672006707346219923e+00,-1.592469392115799520e-01,5.367841318489352531e+00,2.758088627029337658e+01,6.191084128370681228e+00,6.741400961032105954e+01,1.892864715434189904e+01,5.902722156937208808e+01,2.959224816984150408e+01
-1.672006707346219923e+00,9.297770980765451831e-02,5.773928620000516432e+00,2.804973387409427232e+01,6.212921672583194166e+00,7.202461716823573568e+01,1.905008002432614944e+01,6.256974020056674135e+01,3.034808206025765642e+01
-1.672006707346219923e+00,3.452023588268889887e-01,7.426688325527969425e+00,2.894712996294401819e+01,6.196284903599007521e+00,7.088431509629376137e+01,1.935176735788180125e+01,6.209351789859061910e+01,3.032927409445182576e+01
-1.672006707346219923e+00,5.974270078461234590e-01,9.413397438752378221e+00,2.978267490155940322e+01,6.164403966489253150e+00,6.238465529633212014e+01,2.118077370324100883e+01,5.572996521572888895e+01,3.011537654440525458e+01
-1.672006707346219923e+00,8.496516568653579293e-01,1.074585185846222934e+01,3.063070515257368243e+01,6.154122486702654271e+00,5.070950767751659782e+01,3.078410774448862242e+01,4.418811950729875804e+01,3.936634391768492947e+01
-1.672006707346219923e+00,1.101876305884592400e+00,1.189707380731329067e+01,3.165395177838490781e+01,6.163720788958609198e+00,5.080370742358306302e+01,3.196465803056052124e+01,3.817944982072207694e+01,4.241263215663764896e+01
-1.672006707346219923e+00,1.354100954903826981e+00,1.264322468063658178e+01,3.254360404630165249e+01,6.172952629426312399e+00,5.227445794458378003e+01,3.203545594857099843e+01,3.948717949195381749e+01,4.225700056934890370e+01
-1.672006707346219923e+00,1.606325603923061340e+00,1.277531278258444480e+01,3.247873919933317666e+01,6.192878899814249216e+00,4.819254852614646722e+01,3.040628395302855935e+01,4.157128834790159999e+01,3.851674797783279303e+01
-1.672006707346219923e+00,1.858550252942295700e+00,1.147926486672872493e+01,3.071393248673848575e+01,6.247253214084327766e+00,4.829942650691896944e+01,1.984296488597324171e+01,4.383390328187115870e+01,2.910639984167759309e+01
-1.672006707346219923e+00,2.110774901961530503e+00,9.191393395683457257e+00,2.730510625735246322e+01,6.314835732067071383e+00,5.247039537887584970e+01,1.907633330854283571e+01,4.272291640933660517e+01,2.921859002947463324e+01
-1.672006707346219923e+00,2.362999550980764862e+00,6.329464994155093116e+00,2.333831257562724204e+01,6.336898764340139323e+00,4.954375285270714357e+01,1.882317394612192629e+01,4.526937248986546081e+01,2.915847558212951540e+01
-1.672006707346219923e+00,2.615224199999999222e+00,4.912850719613521377e+00,2.043783337965987812e+01,6.307716659772498069e+00,9.467882849013500390e+01,1.863865408164902959e+01,7.715115461616912285e+01,2.866599065908645372e+01
-1.425306295826985314e+00,-3.438167376461628066e+00,3.233917199833129530e-01,2.178178673633738072e+01,6.348594136314849479e+00,7.878239318930343416e+01,2.031388761128021159e+01,6.614179635159054271e+01,3.150058205976529280e+01
-1.425306295826985314e+00,-3.185942727442393707e+00,6.051527674599102902e+00,2.584238372092568170e+01,6.295133975041423469e+00,1.771837767542535858e+01,2.014231843795703014e+01,2.169864164964986841e+01,3.327258315468272087e+01
-1.425306295826985314e+00,-2.933718078423159348e+00,1.177966362921488752e+01,3.309007979204488947e+01,6.248123201521777581e+00,1.629528791220457151e+01,2.028798341196691624e+01,2.147873945779348759e+01,3.317930012847929078e+01
-1.425306295826985314e+00,-2.681493429403924544e+00,1.740957517927555642e+01,4.130278766943615665e+01,6.210972217359420178e+00,3.037822217474877107e+01,2.520514559743925531e+01,2.682651874098510447e+01,3.604595450814913704e+01
-1.425306295826985314e+00,-2.429268780384690185e+00,2.223919291982065971e+01,4.836918093964186482e+01,6.203713332371275868e+00,3.697627874586660823e+01,2.636479258911077750e+01,2.612109078425371678e+01,3.683432192463143906e+01
-1.425306295826985314e+00,-2.177044131365455826e+00,2.511155065768367578e+01,5.295520930429211148e+01,6.219939464059220491e+00,3.799722685923124033e+01,2.424600159519127729e+01,2.696798736711600242e+01,3.444253242414672656e+01
-1.425306295826985314e+00,-1.924819482346221244e+00,2.549823542472668336e+01,5.455511609794302785e+01,6.217671146608951815e+00,4.031366627708104033e+01,2.420194406258147524e+01,3.228416612860424806e+01,3.352427273006351527e+01
-1.425306295826985314e+00,-1.672594833326986663e+00,2.384489060065983779e+01,5.317393732156551778e+01,6.178567644239269185e+00,8.658652955130962425e+01,2.418060312388356081e+01,6.872052058069117209e+01,3.314089656185655031e+01
-1.425306295826985314e+00,-1.420370184307752304e+00,2.007179868296166347e+01,4.913112276779156673e+01,6.141936517079080282e+00,1.735225625624007364e+02,2.383823886409504311e+01,1.186368090623301725e+02,3.347110902433363577e+01
-1.425306295826985314e+00,-1.168145535288517944e+00,1.552681354622028564e+01,4.318496785571824148e+01,6.144514258167552256e+00,1.507310058864694611e+02,2.003559991357903414e+01,1.074761374626987021e+02,3.020448490723266133e+01
-1.425306295826985314e+00,-9.159208862692833630e-01,1.069414976116505045e+01,3.667841766734727571e+01,6.164797970817301298e+00,5.726939711950672063e+01,1.996353858819417582e+01,5.209348686839448561e+01,2.964193362214788863e+01
-1.425306295826985314e+00,-6.636962372500488927e-01,6.859079281906389269e+00,3.126716974990040399e+01,6.165708955504636712e+00,4.406991853166709916e+01,1.996501612760258126e+01,3.507718409354317401e+01,2.946566229576230356e+01
-1.425306295826985314e+00,-4.114715882308144224e-01,4.334320163448695418e+00,2.820881394332809577e+01,6.152000924613906463e+00,4.073609742614196705e+01,2.205329815284821038e+01,4.097766634133441244e+01,3.066062180532622250e+01
-1.425306295826985314e+00,-1.592469392115799520e-01,3.925712397885815719e+00,2.773675296500823606e+01,6.147246570755528161e+00,5.821803129069898119e+01,2.529425066005193656e+01,5.113011498327799131e+01,3.410744718956442512e+01
-1.425306295826985314e+00,9.297770980765451831e-02,5.678670871474583492e+00,2.909054767426096078e+01,6.147912564629554488e+00,6.650816880639125372e+01,2.557409441662191441e+01,5.757504277509055868e+01,3.463741877383463219e+01
-1.425306295826985314e+00,3.452023588268889887e-01,8.098359242078281284e+00,3.120204830217335257e+01,6.141330141405230592e+00,6.282008251783128827e+01,2.544744453350038427e+01,5.424198983907638194e+01,3.427134669237860720e+01
-1.425306295826985314e+00,5.974270078461234590e-01,1.000796987319126607e+01,3.340607725631070934e+01,6.142418686602303168e+00,5.148418893123964324e+01,2.211374226198415371e+01,4.388251281949850124e+01,3.005696730663957084e+01
-1.425306295826985314e+00,8.496516568653579293e-01,1.073772062960788531e+01,3.552783805054332333e+01,6.168215894969335089e+00,3.736284226899283567e+01,1.918014437660542271e+01,3.379022296658259705e+01,2.899635067510832442e+01
-1.425306295826985314e+00,1.101876305884592400e+00,1.146270689476681248e+01,3.734792262019709597e+01,6.196250788767081019e+00,3.721533457340514417e+01,1.932984491153435158e+01,3.056582955122353695e+01,2.980979399192946033e+01
-1.425306295826985314e+00,1.354100954903826981e+00,1.200629247740386063e+01,3.810737184916888509e+01,6.194567256645021835e+00,3.987021637042543887e+01,1.955442284360862004e+01,2.979145559722606151e+01,2.996890217752046581e+01
-1.425306295826985314e+00,1.606325603923061340e+00,1.178165546973661115e+01,3.670637416124736774e+01,6.178203986734009057e+00,3.434619043466035748e+01,2.041806261489912799e+01,3.313870471051376398e+01,2.962532613049038233e+01
-1.425306295826985314e+00,1.858550252942295700e+00,1.025184370294731195e+01,3.256552510981919113e+01,6.190764924495878674e+00,4.170259353339865527e+01,2.357342709092683819e+01,4.012329734200840647e+01,3.195108136741572835e+01
-1.425306295826985314e+00,2.110774901961530503e+00,7.711041758688780945e+00,2.642829132119459246e+01,6.235185109103244194e+00,4.854037626499253122e+01,2.309464707928806249e+01,4.166847796889922506e+01,3.213475687522340962e+01
-1.425306295826985314e+00,2.362999550980764862e+00,4.882816896940755491e+00,2.034936033883673190e+01,6.271823738319564079e+00,6.247282551173020693e+01,2.309961230425685486e+01,5.910910327489703775e+01,3.223093154803415672e+01
-1.425306295826985314e+00,2.615224199999999222e+00,3.603625106749659412e+00,1.675543952502812317e+01,6.317489769535296951e+00,1.389409386424531476e+02,2.403798753611625827e+01,1.039762600663656542e+02,3.601351208488655686e+01
-1.178605884307750928e+00,-3.438167376461628066e+00,0.000000000000000000e+00,2.676119980542898702e+01,6.323917133412865432e+00,6.356648317201120335e+00,1.995497619713650650e+01,1.964209732087778093e+01,3.327182325311564171e+01
-1.178605884307750928e+00,-3.185942727442393707e+00,7.523276413980180877e+00,3.172627605366142234e+01,6.333110975922758179e+00,0.000000000000000000e+00,1.977042924741760999e+01,1.319810498584715930e+01,3.300499361236206397e+01
-1.178605884307750928e+00,-2.933718078423159348e+00,1.504655282796036175e+01,3.889255697096405129e+01,6.312312868565912005e+00,7.413480642014292243e+00,2.009600360583963052e+01,1.956783983901505053e+01,3.331525995162983378e+01
-1.178605884307750928e+00,-2.681493429403924544e+00,2.233940398340272537e+01,4.611556764072383885e+01,6.259771555229563411e+00,2.878417452425094325e+01,2.359032373640127389e+01,2.307999440396276114e+01,3.580051263635029102e+01
-1.178605884307750928e+00,-2.429268780384690185e+00,2.790066139105433152e+01,5.168486334227964107e+01,6.206126819859944632e+00,5.704968463585541372e+01,3.419537925605961703e+01,3.713620975753885034e+01,4.540167413853494338e+01
-1.178605884307750928e+00,-2.177044131365455826e+00,3.064349518058741495e+01,5.478552856944770610e+01,6.175285664033396849e+00,5.821360514355269089e+01,3.526804717141085632e+01,4.301641853462250964e+01,4.724956657629464019e+01
-1.178605884307750928e+00,-1.924819482346221244e+00,2.947923281637267579e+01,5.530283999470475464e+01,6.154301572364523132e+00,5.805953536890159938e+01,3.527117767071474930e+01,4.719697442896746509e+01,4.709008335944277945e+01
-1.178605884307750928e+00,-1.672594833326986663e+00,2.611632492867918032e+01,5.337751170439150883e+01,6.135147576705089811e+00,7.684718982920490760e+01,3.507131474209636224e+01,6.377485356140705619e+01,4.612876926249512621e+01
-1.178605884307750928e+00,-1.420370184307752304e+00,2.093481465038904332e+01,4.926617900199107680e+01,6.146286744355656140e+00,1.060555920833097048e+02,2.961916817533989388e+01,8.221016789818331461e+01,3.863890283379443957e+01
-1.178605884307750928e+00,-1.168145535288517944e+00,1.529607346007305679e+01,4.362431714437570918e+01,6.196913449580873312e+00,8.076716157626702852e+01,1.930709717162893924e+01,6.715724521272044001e+01,2.945551483684420901e+01
-1.178605884307750928e+00,-9.159208862692833630e-01,9.826729561554568448e+00,3.775869600442410956e+01,6.237174921955457307e+00,4.366832475495593258e+01,1.947234216742409174e+01,3.802385929669687670e+01,3.007762325464586795e+01
-1.178605884307750928e+00,-6.636962372500488927e-01,6.057868971894944110e+00,3.332698429132415185e+01,6.220260853868363249e+00,4.329038623068831271e+01,1.961109951310003652e+01,3.376673314020468553e+01,2.977411120134716782e+01
-1.178605884307750928e+00,-4.114715882308144224e-01,4.369783050024656390e+00,3.152271280962577293e+01,6.164269969411178884e+00,3.665593041387340634e+01,2.331488311771888178e+01,3.576099427837948497e+01,3.283991757252548638e+01
-1.178605884307750928e+00,-1.592469392115799520e-01,5.667583312677565210e+00,3.240253988974382082e+01,6.118353424367006355e+00,5.383843717401848039e+01,3.415459916703882470e+01,4.523314166522032309e+01,4.448046741822842876e+01
-1.178605884307750928e+00,9.297770980765451831e-02,9.168403936737496096e+00,3.499098549575228390e+01,6.099943171709504952e+00,6.208050049179156815e+01,3.546399377834666922e+01,5.260625936265127933e+01,4.728442517999017980e+01
-1.178605884307750928e+00,3.452023588268889887e-01,1.218423317698357522e+01,3.808571249013857596e+01,6.102286224543080451e+00,5.965252428900696202e+01,3.485915498220850850e+01,5.004434589907150155e+01,4.552239473017848326e+01
-1.178605884307750928e+00,5.974270078461234590e-01,1.431068676694564701e+01,4.099639325526095490e+01,6.131990438121048825e+00,4.825257651467171627e+01,2.604904694157315959e+01,3.914998893800588320e+01,3.448317800073787254e+01
-1.178605884307750928e+00,8.496516568653579293e-01,1.502530245344109261e+01,4.352566847298385255e+01,6.189297860009515873e+00,4.021919758316183646e+01,1.891804365125162590e+01,3.126521338652890947e+01,2.907101798068465115e+01
-1.178605884307750928e+00,1.101876305884592400e+00,1.538992798188083100e+01,4.530419084113600547e+01,6.234045640394092480e+00,4.447302620728544298e+01,1.889168497694531013e+01,3.585166513417052414e+01,2.905818452542315100e+01
-1.178605884307750928e+00,1.354100954903826981e+00,1.504022167440027680e+01,4.530740615977447305e+01,6.223880005429707651e+00,4.139712337912743578e+01,1.915016397187338626e+01,3.467810630204536437e+01,2.959444163056688382e+01
-1.178605884307750928e+00,1.606325603923061340e+00,1.344563912548590245e+01,4.225594267981250596e+01,6.176891411300575285e+00,4.312849457659641672e+01,1.983262058031698771e+01,3.433228763821942664e+01,2.918698278795630685e+01
-1.178605884307750928e+00,1.858550252942295700e+00,1.075182063941315036e+01,3.572925944399685250e+01,6.153591061884800872e+00,5.057929097390584872e+01,3.197768843555780904e+01,4.240574791547021505e+01,4.081686745595199284e+01
-1.178605884307750928e+00,2.110774901961530503e+00,7.565222143529759080e+00,2.705080225099618474e+01,6.178165606862568104e+00,5.519277078171340634e+01,3.474677714295327746e+01,4.717927914343763973e+01,4.591678417525229605e+01
-1.178605884307750928e+00,2.362999550980764862e+00,4.671568539027756373e+00,1.907779174421739299e+01,6.229403109811543438e+00,6.368186364461239179e+01,3.481523966698880912e+01,5.899289331705347195e+01,4.647520696172318821e+01
-1.178605884307750928e+00,2.615224199999999222e+00,3.635693244421725812e+00,1.488161143320894553e+01,6.348411485082391614e+00,9.214789321501530139e+01,3.509411807900740854e+01,7.972676992604965562e+01,4.871596972021072958e+01
-9.319054727885164313e-01,-3.438167376461628066e+00,4.547505439015273154e+00,3.247367929000620279e+01,6.293209850347031953e+00,2.055126613945049030e+00,1.995170087151192106e+01,1.285238209205750337e+01,3.317579221384219323e+01
-9.319054727885164313e-01,-3.185942727442393707e+00,1.420909765879005882e+01,3.882221948805590728e+01,6.340413197213297991e+00,1.645356353566728558e+01,1.990370544142271569e+01,2.723920281244254582e+01,3.285327061931471349e+01
-9.319054727885164313e-01,-2.933718078423159348e+00,2.387068987856483915e+01,4.629483630859567711e+01,6.343910377942266088e+00,2.059140384487852771e+01,1.995251742378671622e+01,3.605603995744088763e+01,3.318945371288100432e+01
-9.319054727885164313e-01,-2.681493429403924544e+00,3.279902036397157872e+01,5.272878191889458321e+01,6.287100680621518833e+00,8.817036164567070955e+01,2.390211318633068416e+01,5.643009587300232965e+01,3.377450562986633997e+01
-9.319054727885164313e-01,-2.429268780384690185e+00,3.861237331381848037e+01,5.672032249866424536e+01,6.209072884970613160e+00,9.363280869941554840e+01,3.475916346024492753e+01,6.546877595397906191e+01,4.715326059520347002e+01
-9.319054727885164313e-01,-2.177044131365455826e+00,4.000232180255869707e+01,5.795140197184991848e+01,6.155224137480992397e+00,6.706682834731302023e+01,3.640367510008145757e+01,5.685621774081236168e+01,5.052501440120724396e+01
-9.319054727885164313e-01,-1.924819482346221244e+00,3.653845093603575833e+01,5.681589290756619448e+01,6.128527271678906096e+00,6.162725400861297231e+01,3.642725660975654733e+01,5.222771253964661042e+01,5.050041906390963220e+01
-9.319054727885164313e-01,-1.672594833326986663e+00,3.079372665041966428e+01,5.385093182662149047e+01,6.123224830840606536e+00,6.219512488255180926e+01,3.610744733122191974e+01,5.245724657744283093e+01,4.900126039533815003e+01
-9.319054727885164313e-01,-1.420370184307752304e+00,2.417977233599519948e+01,4.956042540297130472e+01,6.158778377004184179e+00,5.977818271813774231e+01,2.936356240848339283e+01,5.120750950782630895e+01,3.967941570390579642e+01
-9.319054727885164313e-01,-1.168145535288517944e+00,1.732729868506411464e+01,4.470074186305873809e+01,6.229260624184335349e+00,5.277932459054585479e+01,1.920370066658948360e+01,4.500780930791588474e+01,2.949656642489754788e+01
-9.319054727885164313e-01,-9.159208862692833630e-01,1.171008200776187813e+01,4.051232570799948007e+01,6.273135037243164014e+00,4.999388891262546508e+01,1.921373489813444735e+01,3.999383858960194971e+01,2.925749256399489440e+01
-9.319054727885164313e-01,-6.636962372500488927e-01,8.719496900895578051e+00,3.837474066850791132e+01,6.243416664664749760e+00,4.502224775200753015e+01,1.943678615015954492e+01,3.697146948134302136e+01,2.953245288105838995e+01
-9.319054727885164313e-01,-4.114715882308144224e-01,9.049423943446122109e+00,3.899735710184813797e+01,6.167756252224206648e+00,4.704062678623084537e+01,2.333788178050690476e+01,3.690349315992605739e+01,3.280368613972151337e+01
-9.319054727885164313e-01,-1.592469392115799520e-01,1.283209301306477279e+01,4.187242993737254437e+01,6.106082060756577334e+00,5.758010015148923344e+01,3.491012359469896609e+01,4.566736651859007168e+01,4.646106033522339374e+01
-9.319054727885164313e-01,9.297770980765451831e-02,1.779671308074979663e+01,4.559800618973076780e+01,6.081138376821480840e+00,6.248396327732321254e+01,3.640838626110148368e+01,5.439718130441352173e+01,5.037549476658314518e+01
-9.319054727885164313e-01,3.452023588268889887e-01,2.142572087981470830e+01,4.886166497410613374e+01,6.086448160765352888e+00,6.940790135362637159e+01,3.569921672969037019e+01,6.205114272287525523e+01,4.838582904989209510e+01
-9.319054727885164313e-01,5.974270078461234590e-01,2.401760263209882851e+01,5.118470371150851861e+01,6.126348086358977874e+00,7.862305699461647635e+01,2.630196224991369292e+01,6.770982985891529893e+01,3.507955725502597488e+01
-9.319054727885164313e-01,8.496516568653579293e-01,2.464056104321677765e+01,5.272419273381547100e+01,6.195668157430580969e+00,5.899503074154796423e+01,1.888078989842671618e+01,5.477977411305872835e+01,2.910582573383928207e+01
-9.319054727885164313e-01,1.101876305884592400e+00,2.414206853027015498e+01,5.337991421004062431e+01,6.246903869519809582e+00,5.086778207217525960e+01,1.883606119034958581e+01,4.267906544886354681e+01,2.896489873557357342e+01
-9.319054727885164313e-01,1.354100954903826981e+00,2.208841415129205643e+01,5.220689632883477316e+01,6.233610437570434648e+00,4.901011102233071881e+01,1.904307895944143070e+01,4.276246308801995610e+01,2.928960692371652996e+01
-9.319054727885164313e-01,1.606325603923061340e+00,1.839710910994076443e+01,4.790026050797587232e+01,6.176129262559509669e+00,5.043868228515424335e+01,1.986987943657557665e+01,3.969391063728020441e+01,2.932786736641661562e+01
-9.319054727885164313e-01,1.858550252942295700e+00,1.404333936688888507e+01,4.008637016127204333e+01,6.141264164623812860e+00,5.686910205482796243e+01,3.296726314207526798e+01,4.412579742065011601e+01,4.270302469428888514e+01
-9.319054727885164313e-01,2.110774901961530503e+00,1.000982195057167878e+01,3.030936663082184168e+01,6.158761847739659956e+00,5.982237720024279781e+01,3.631844232046528020e+01,4.913173361134531802e+01,4.954884524807810209e+01
-9.319054727885164313e-01,2.362999550980764862e+00,7.202502010518478492e+00,2.174874119909327419e+01,6.213107633235824601e+00,6.166472600985339625e+01,3.639618074206749299e+01,5.281795583447012632e+01,5.022179253130695997e+01
-9.319054727885164313e-01,2.615224199999999222e+00,6.887967768183310469e+00,1.770424267471776147e+01,6.361043637332159051e+00,6.497848312727094822e+01,3.641320973280221551e+01,5.725209482584379828e+01,5.065134587887725104e+01
-6.852050612692819342e-01,-3.438167376461628066e+00,1.526796742604096480e+01,3.674426801923891617e+01,6.273714710977248643e+00,1.695558185803923834e+01,2.052306521837609310e+01,2.625267051849556310e+01,3.337937589499473745e+01
-6.852050612692819342e-01,-3.185942727442393707e+00,2.658997179303052505e+01,4.475981726740269551e+01,6.303615247556849432e+00,2.305759433784874091e+01,2.016373627440814076e+01,2.483044601363987169e+01,3.361548339687684717e+01
-6.852050612692819342e-01,-2.933718078423159348e+00,3.791197616002010307e+01,5.299141190461023143e+01,6.311954770627782096e+00,9.709382270174592122e+01,2.040687907962585257e+01,5.951523366401065118e+01,3.067684075471931848e+01
-6.852050612692819342e-01,-2.681493429403924544e+00,4.762106490358051758e+01,5.918833300447022339e+01,6.259958080425218618e+00,1.947952906818641168e+02,2.613615264740285937e+01,1.082040502780142788e+02,4.057434646142937140e+01
-6.852050612692819342e-01,-2.429268780384690185e+00,5.196646377112253390e+01,6.210884738971526531e+01,6.188168712606187505e+00,1.330717958723708989e+02,3.516683524084211143e+01,1.001032019041341528e+02,5.396289508021425263e+01
-6.852050612692819342e-01,-2.177044131365455826e+00,5.025343275578768498e+01,6.179100729339097597e+01,6.144716558655216154e+00,7.791133156180404740e+01,3.624028070623030828e+01,7.297860920356052361e+01,5.147365504993071283e+01
-6.852050612692819342e-01,-1.924819482346221244e+00,4.357199425208185062e+01,5.909834103838238661e+01,6.126763162284200703e+00,6.168618456111397563e+01,3.622868597822952808e+01,5.615273304390341735e+01,4.934452497772677049e+01
-6.852050612692819342e-01,-1.672594833326986663e+00,3.562428535278505137e+01,5.506813293762479589e+01,6.121366596127669979e+00,5.986650115316346898e+01,3.602113104941039978e+01,5.072425350126621879e+01,4.827948156151098402e+01
-6.852050612692819342e-01,-1.420370184307752304e+00,2.793924090601054999e+01,5.063794410885884645e+01,6.146733482694213713e+00,5.781308124057969877e+01,3.040687345287754084e+01,4.868328599033470994e+01,4.012131720826302228e+01
-6.852050612692819342e-01,-1.168145535288517944e+00,2.113558788422534818e+01,4.680482043187294039e+01,6.202294467185708982e+00,5.494032261905314840e+01,1.930699312615436014e+01,4.659439736715712854e+01,2.956518899137457979e+01
-6.852050612692819342e-01,-9.159208862692833630e-01,1.660462286523576481e+01,4.472722419324509247e+01,6.235254666904465282e+00,5.210292260444749957e+01,1.921043021253384708e+01,4.329487290547398004e+01,2.921340168469604492e+01
-6.852050612692819342e-01,-6.636962372500488927e-01,1.586150455572905216e+01,4.532532153023839783e+01,6.206116905989698118e+00,5.164631400389818339e+01,1.927487418498660432e+01,4.244957145078052463e+01,2.919969482781048953e+01
-6.852050612692819342e-01,-4.114715882308144224e-01,1.929789250228330744e+01,4.857066856406981969e+01,6.143699264334751220e+00,5.232535320398595502e+01,2.381045874604944501e+01,4.472985075733422633e+01,3.344762849400602533e+01
-6.852050612692819342e-01,-1.592469392115799520e-01,2.503028955503213737e+01,5.319455171885147138e+01,6.099566524558369451e+00,5.860457494965885417e+01,3.496088096084240249e+01,5.200591577852742375e+01,4.638249922095922528e+01
-6.852050612692819342e-01,9.297770980765451831e-02,3.043052622258380424e+01,5.731647977460943366e+01,6.084071049984578039e+00,6.932415365183717881e+01,3.625488688201045306e+01,6.808796974761044396e+01,5.098600084490075091e+01
-6.852050612692819342e-01,3.452023588268889887e-01,3.449758817749734874e+01,5.962329562805734895e+01,6.085723943688700288e+00,9.232787602706389407e+01,3.575534909889121593e+01,8.820551406362798730e+01,5.188455914172715921e+01
-6.852050612692819342e-01,5.974270078461234590e-01,3.714077711564262074e+01,6.009033108105995780e+01,6.114179762775735938e+00,1.424009134565167187e+02,2.780778256497113077e+01,1.101110520560771135e+02,3.991436108008023353e+01
-6.852050612692819342e-01,8.496516568653579293e-01,3.690356560375406048e+01,5.956234490870974696e+01,6.172632394468098305e+00,1.252131658311484159e+02,1.913038606501011429e+01,9.792316794068577224e+01,2.926301539227750226e+01
-6.852050612692819342e-01,1.101876305884592400e+00,3.469608271781430631e+01,5.857352144309061259e+01,6.219178469201019688e+00,6.322719565929892838e+01,1.903615536861171975e+01,5.798011503483478890e+01,2.841628814803672753e+01
-6.852050612692819342e-01,1.354100954903826981e+00,3.024899190095534252e+01,5.655697023703123705e+01,6.210524059592983370e+00,5.815429196856590011e+01,1.927390969436157064e+01,4.782587297481060773e+01,2.907452243742966047e+01
-6.852050612692819342e-01,1.606325603923061340e+00,2.411917088544921128e+01,5.228220354650875379e+01,6.166848963909075110e+00,4.963505500364856005e+01,2.090783472283607836e+01,4.331474410791669527e+01,2.992148335260596070e+01
-6.852050612692819342e-01,1.858550252942295700e+00,1.875565654989487996e+01,4.522235894045752502e+01,6.148071301547374468e+00,5.117184695200147360e+01,3.225242772942623759e+01,4.310856087067266174e+01,4.087228261171893706e+01
-6.852050612692819342e-01,2.110774901961530503e+00,1.488453804131820135e+01,3.665408050286941943e+01,6.172078974632856152e+00,5.571722848014151452e+01,3.466384586887572539e+01,4.631302644956534920e+01,4.562018068689149430e+01
-6.852050612692819342e-01,2.362999550980764862e+00,1.288285520061131706e+01,2.945843714426814586e+01,6.213206349948656282e+00,5.863725370634428913e+01,3.473351949614441736e+01,4.702884341668853097e+01,4.616455907801898206e+01
-6.852050612692819342e-01,2.615224199999999222e+00,1.421613487734199310e+01,2.664711910774440184e+01,6.327869044802948650e+00,5.979816341265600244e+01,3.546087889021468698e+01,4.864649542582946395e+01,4.779526053565425769e+01
-4.385046497500475482e-01,-3.438167376461628066e+00,3.023528675458446102e+01,3.782792794162196515e+01,6.300421993389901942e+00,4.674368526590491513e+01,3.286276383108825883e+01,3.943645353236604478e+01,4.458762430769391472e+01
-4.385046497500475482e-01,-3.185942727442393707e+00,4.185104140277476859e+01,4.741840044555851819e+01,6.252044717032272381e+00,6.410802930162483904e+01,3.240607193709942635e+01,3.909252534129166889e+01,4.399014529913470994e+01
-4.385046497500475482e-01,-2.933718078423159348e+00,5.346679605096508681e+01,5.666486980321110423e+01,6.237273346802797214e+00,1.250789791296253384e+02,3.268945594070158478e+01,7.323642977385901531e+01,4.395502894630288893e+01
-4.385046497500475482e-01,-2.681493429403924544e+00,6.127053417165711835e+01,6.324220288010928925e+01,6.194738727942420198e+00,1.651400883096310395e+02,3.413419769053089681e+01,1.131761797446103230e+02,5.477168893475637645e+01
-4.385046497500475482e-01,-2.429268780384690185e+00,6.215884375350780999e+01,6.594887075466863280e+01,6.154949367832876383e+00,1.490601447915300071e+02,3.395377966153427707e+01,1.206404757375510997e+02,5.633661894608287213e+01
-4.385046497500475482e-01,-2.177044131365455826e+00,5.615752964941793834e+01,6.497338850390406151e+01,6.147163748366192060e+00,1.105836128867401271e+02,3.116307600008794410e+01,9.795856904258860709e+01,4.366142308993870103e+01
-4.385046497500475482e-01,-1.924819482346221244e+00,4.740531850120973445e+01,6.145360245993924764e+01,6.145879222628263250e+00,6.058100105560828297e+01,3.064716008924676416e+01,6.185413423486332363e+01,3.948434651602275380e+01
-4.385046497500475482e-01,-1.672594833326986663e+00,3.880565251341512578e+01,5.681164707547281978e+01,6.128511398165360724e+00,5.544423246894133683e+01,3.109563100067646602e+01,5.012028013949520755e+01,3.999632839200903334e+01
-4.385046497500475482e-01,-1.420370184307752304e+00,3.151835427613374563e+01,5.238427493320250505e+01,6.120605325624835835e+00,5.214902624442974854e+01,3.122029426420794351e+01,4.765058410726474847e+01,3.960414830459757241e+01
-4.385046497500475482e-01,-1.168145535288517944e+00,2.604128017842741727e+01,4.940493821249856410e+01,6.140647277744069932e+00,5.495187776367882293e+01,2.751367453913482564e+01,4.718665247625282433e+01,3.597239905866798182e+01
-4.385046497500475482e-01,-9.159208862692833630e-01,2.370835167884224148e+01,4.893609555855709914e+01,6.156255816817916227e+00,5.905051633133651734e+01,2.601333712143914312e+01,4.907333055332590988e+01,3.488650264586136984e+01
-4.385046497500475482e-01,-6.636962372500488927e-01,2.616898914706213830e+01,5.143095191605152650e+01,6.138253209596398641e+00,6.213909445516046759e+01,2.682288900533312770e+01,5.259370494451046341e+01,3.535416907554697019e+01
-4.385046497500475482e-01,-4.114715882308144224e-01,3.215822637619788793e+01,5.617737721481807966e+01,6.109664413162001040e+00,6.669114358221231953e+01,2.987896287445294519e+01,5.256138562899686661e+01,3.849240720715204844e+01
-4.385046497500475482e-01,-1.592469392115799520e-01,3.828901835944355980e+01,6.129364481949323817e+01,6.102239296924244272e+00,6.510288500393768629e+01,3.230761237406223785e+01,5.959571872162401718e+01,4.151043525916179533e+01
-4.385046497500475482e-01,9.297770980765451831e-02,4.369286263363724743e+01,6.462974763717920723e+01,6.105326286331773211e+00,9.797923507524846798e+01,3.125190460192995090e+01,9.671666441387992563e+01,4.529082107009076452e+01
-4.385046497500475482e-01,3.452023588268889887e-01,4.721871307028239073e+01,6.506831746168518293e+01,6.099643517254420111e+00,1.214045562405377439e+02,3.206585642249438450e+01,1.202357056440893643e+02,4.880306255974532803e+01
-4.385046497500475482e-01,5.974270078461234590e-01,4.865106688085273845e+01,6.317428197704521153e+01,6.102756431470295340e+00,1.063884770455111664e+02,3.133255814138281536e+01,1.084291734846065367e+02,4.410365938366606287e+01
-4.385046497500475482e-01,8.496516568653579293e-01,4.691962204089892907e+01,6.056825361066239566e+01,6.134375114956407415e+00,1.022579132432090887e+02,3.080938525713209231e+01,8.992310289933448075e+01,4.040026112969404437e+01
-4.385046497500475482e-01,1.101876305884592400e+00,4.265237454646162973e+01,5.850059417999636935e+01,6.168982859191284085e+00,6.610375502425989680e+01,3.067071759767260275e+01,6.213946489809011098e+01,4.125167696181360810e+01
-4.385046497500475482e-01,1.354100954903826981e+00,3.558096103302693791e+01,5.685419207020004251e+01,6.172426696158020754e+00,6.044827023244001651e+01,3.063749181819999023e+01,5.116706344736056877e+01,4.062590094900865267e+01
-4.385046497500475482e-01,1.606325603923061340e+00,2.847841375784872398e+01,5.445565103703665955e+01,6.160838623750795939e+00,5.092737080909475367e+01,2.726629856527754470e+01,4.530645937558089287e+01,3.506186991933166297e+01
-4.385046497500475482e-01,1.858550252942295700e+00,2.376192009528309868e+01,5.041884041711819009e+01,6.176562176303727725e+00,4.484049499040520459e+01,2.247237778148492993e+01,4.145201783833379494e+01,3.089773599201600263e+01
-4.385046497500475482e-01,2.110774901961530503e+00,2.124651529779348991e+01,4.533683529443533189e+01,6.216192444825026087e+00,4.862705122881055786e+01,2.239173615085642410e+01,4.190052252891193518e+01,3.146734499663780227e+01
-4.385046497500475482e-01,2.362999550980764862e+00,2.086476359594377428e+01,4.127859642253133643e+01,6.235381636003515915e+00,5.138002346489282246e+01,2.239750106872686430e+01,4.159098695141243951e+01,3.168924327951359388e+01
-4.385046497500475482e-01,2.615224199999999222e+00,2.447351221121872911e+01,4.055815386636049880e+01,6.274515342596750145e+00,5.391928574208154856e+01,2.720669478301471500e+01,4.397341220835487263e+01,3.743477074367160640e+01
-1.918042382308137173e-01,-3.438167376461628066e+00,4.850589225280003802e+01,3.530527600265122601e+01,6.368355703636650489e+00,6.049603797951419182e+01,3.634614727656332178e+01,4.889467678624519209e+01,5.029128578658669113e+01
-1.918042382308137173e-01,-3.185942727442393707e+00,5.646439207935738125e+01,4.592690529345509276e+01,6.223211228147296659e+00,6.617855891679383262e+01,3.631496426958679535e+01,5.064315370406166750e+01,5.012203974171895737e+01
-1.918042382308137173e-01,-2.933718078423159348e+00,6.442289190591472448e+01,5.599750831024812214e+01,6.171634913050350946e+00,7.977472209772233214e+01,3.631674590121059509e+01,6.462559877138821207e+01,5.075973489934722238e+01
-1.918042382308137173e-01,-2.681493429403924544e+00,6.661881560460682294e+01,6.324158604817353080e+01,6.138279169338109575e+00,1.028592183795475279e+02,3.578236908099723479e+01,9.005247970436025184e+01,5.298722753997707002e+01
-1.918042382308137173e-01,-2.429268780384690185e+00,6.067993307554559124e+01,6.647090086886964855e+01,6.136714992729395135e+00,1.516607060099457840e+02,2.743842341265316165e+01,1.185453211739128392e+02,4.264856000439620232e+01
-1.918042382308137173e-01,-2.177044131365455826e+00,5.295711896014739750e+01,6.584680475969162217e+01,6.167507090855576024e+00,1.245029938919990400e+02,1.862537395073499624e+01,1.026242014170758239e+02,2.952968522468585277e+01
-1.918042382308137173e-01,-1.924819482346221244e+00,4.538626341786127227e+01,6.251141017264490074e+01,6.181410225973390737e+00,6.010924353448567103e+01,1.850703361740407260e+01,5.883831621892009167e+01,2.848750728045274272e+01
-1.918042382308137173e-01,-1.672594833326986663e+00,3.859205148951654962e+01,5.798488983310835465e+01,6.150610309988199909e+00,5.528659545394259567e+01,1.868194651196940370e+01,4.907685143644854264e+01,2.831673497726621136e+01
-1.918042382308137173e-01,-1.420370184307752304e+00,3.346876424839186370e+01,5.375847157742191484e+01,6.110034305252152187e+00,4.690306614415002429e+01,2.494180073309538770e+01,4.604597984807306688e+01,3.436138807714547738e+01
-1.918042382308137173e-01,-1.168145535288517944e+00,3.082910718380634663e+01,5.114160333237941813e+01,6.096399429488662314e+00,5.589970346067394047e+01,3.479239902054849409e+01,4.746016196205604132e+01,4.529699548431255351e+01
-1.918042382308137173e-01,-9.159208862692833630e-01,3.218740337457106904e+01,5.107100487753541529e+01,6.096704665502738152e+00,6.208774805063713842e+01,3.561793743618691366e+01,5.204451390667296806e+01,4.725614907272996845e+01
-1.918042382308137173e-01,-6.636962372500488927e-01,3.717740052654531269e+01,5.368422254078450351e+01,6.090500747368464474e+00,7.090647148425949808e+01,3.555841008559515615e+01,5.595862987850320991e+01,4.699731104097945433e+01
-1.918042382308137173e-01,-4.114715882308144224e-01,4.299934543499676920e+01,5.793048322695449315e+01,6.093147155418767724e+00,9.397619155012790770e+01,3.073637206352822560e+01,5.701532218944648633e+01,3.993548043969590111e+01
-1.918042382308137173e-01,-1.592469392115799520e-01,4.816424565339237063e+01,6.177886832934291306e+01,6.117999223408005172e+00,8.004011779064705934e+01,1.874812392575835673e+01,6.402332731986351178e+01,2.945917689333532508e+01
-1.918042382308137173e-01,9.297770980765451831e-02,5.268891836343769342e+01,6.323256910636973771e+01,6.137738932130296199e+00,1.196271392654052761e+02,1.762918532589738874e+01,1.065693576876197994e+02,3.101784331861267319e+01
-1.918042382308137173e-01,3.452023588268889887e-01,5.429124186306641775e+01,6.158619257009650028e+01,6.126161951530980865e+00,1.534987991820179332e+02,1.800199347600720046e+01,1.371076497560047471e+02,3.184413294887712809e+01
-1.918042382308137173e-01,5.974270078461234590e-01,5.304803701711266228e+01,5.793841367705590528e+01,6.104648369253706797e+00,9.711162133924162276e+01,1.968766550370756718e+01,1.112201316458726694e+02,3.252799998275176563e+01
-1.918042382308137173e-01,8.496516568653579293e-01,4.856966218937211011e+01,5.443575801525639690e+01,6.107109768032238151e+00,8.207849706391759526e+01,3.227005923264069764e+01,7.879414028369350831e+01,4.337300897988565396e+01
-1.918042382308137173e-01,1.101876305884592400e+00,4.157309486289783251e+01,5.276045213787710964e+01,6.127572324782776469e+00,6.557537931789116215e+01,3.606185125005985981e+01,5.906442829651135895e+01,4.900450624057896931e+01
-1.918042382308137173e-01,1.354100954903826981e+00,3.470196718260299207e+01,5.304869794010755868e+01,6.144073273933508439e+00,6.032393172571777029e+01,3.566753960952900115e+01,5.179700639703035137e+01,4.770935390977899004e+01
-1.918042382308137173e-01,1.606325603923061340e+00,3.001149803732031529e+01,5.408263082427674817e+01,6.166996087682788286e+00,5.430572263296904367e+01,2.727242331019133204e+01,4.719836709517141315e+01,3.664390927228262029e+01
-1.918042382308137173e-01,1.858550252942295700e+00,2.771725267064760345e+01,5.452742140903956169e+01,6.218472505845359599e+00,5.066874881880721659e+01,1.818080253556348325e+01,4.356017167840030879e+01,2.814994481328120912e+01
-1.918042382308137173e-01,2.110774901961530503e+00,2.783276463176504834e+01,5.414075165041913351e+01,6.274898070530247729e+00,5.191724616015510207e+01,1.816980122948953991e+01,4.438053241633880930e+01,2.850305163792929264e+01
-1.918042382308137173e-01,2.362999550980764862e+00,2.994237658439505978e+01,5.397957844941606709e+01,6.274865433134255710e+00,5.305531795151340901e+01,1.852205357399699182e+01,4.674041855791877254e+01,2.857270644785836922e+01
-1.918042382308137173e-01,2.615224199999999222e+00,3.568378972316347131e+01,5.551119046537542090e+01,6.237793144431106107e+00,5.506643951930166025e+01,2.219608606832506581e+01,4.740848105442051974e+01,3.179432134093774565e+01
5.489617328842075206e-02,-3.438167376461628066e+00,6.323285994161446411e+01,3.038226474391376541e+01,6.413364674997155568e+00,6.130524855829016673e+01,3.644088512681613423e+01,5.039287947059359141e+01,5.089236685992527498e+01
5.489617328842075206e-02,-3.185942727442393707e+00,6.191215916017235088e+01,4.111741705495842325e+01,6.217079983960516643e+00,6.152499653902710008e+01,3.643952584531543692e+01,5.036887064459965302e+01,5.084154088712143960e+01
5.489617328842075206e-02,-2.933718078423159348e+00,6.059145837873025187e+01,5.126980216193715023e+01,6.142865500588929883e+00,6.277011507837572424e+01,3.643307455182870314e+01,5.481808719966146271e+01,5.064156023612490287e+01
5.489617328842075206e-02,-2.681493429403924544e+00,5.739337453047251358e+01,5.883132218897480925e+01,6.115053047402862596e+00,6.909691922218345894e+01,3.558830304303666026e+01,6.631029578918889911e+01,4.817969995368321889e+01
5.489617328842075206e-02,-2.429268780384690185e+00,5.132488279439702694e+01,6.273246967444356414e+01,6.136531149412496333e+00,8.044143412345221122e+01,2.542013126365477049e+01,7.759437705132980057e+01,3.530704772796029545e+01
5.489617328842075206e-02,-2.177044131365455826e+00,4.517925473602070952e+01,6.304825210585852346e+01,6.188644138481795842e+00,7.033436837425779231e+01,1.857828103821567112e+01,6.548539392334595277e+01,2.822192166980686068e+01
5.489617328842075206e-02,-1.924819482346221244e+00,3.994744385711015866e+01,6.070596439629616725e+01,6.210411290243861515e+00,5.774245553189114588e+01,1.837537071621568074e+01,4.911942017254742154e+01,2.808561650935618204e+01
5.489617328842075206e-02,-1.672594833326986663e+00,3.583705521450755782e+01,5.699878255575549701e+01,6.173333530724759655e+00,5.555546358670793694e+01,1.877691593724073016e+01,4.804837919180167205e+01,2.874803162919547006e+01
5.489617328842075206e-02,-1.420370184307752304e+00,3.389254501422807664e+01,5.322779412375257380e+01,6.116483135980287145e+00,5.157519868050695067e+01,2.378547966218119925e+01,4.527589903260258097e+01,3.281371679836171040e+01
5.489617328842075206e-02,-1.168145535288517944e+00,3.492864046449177806e+01,5.052036359919384267e+01,6.085089559879468979e+00,5.794122820130762364e+01,3.511355423736495140e+01,4.756221877496987815e+01,4.687279485189530703e+01
5.489617328842075206e-02,-9.159208862692833630e-01,3.898843265088315491e+01,4.962536766014000023e+01,6.077319781134722376e+00,6.191088590725162533e+01,3.642022238323591665e+01,5.117340640847712052e+01,5.033233386854104197e+01
5.489617328842075206e-02,-6.636962372500488927e-01,4.406963394319258498e+01,5.057319198947425321e+01,6.077480912317758666e+00,7.004550392060365027e+01,3.614543836059374371e+01,5.478425743737048492e+01,4.902871201706635418e+01
5.489617328842075206e-02,-4.114715882308144224e-01,4.811770561532065926e+01,5.243719990605950443e+01,6.095189473042978534e+00,9.373087213467826473e+01,2.931770593490172416e+01,6.097068718794301390e+01,3.894145213974073982e+01
5.489617328842075206e-02,-1.592469392115799520e-01,5.109526986145796457e+01,5.361327262120448722e+01,6.134635994640142975e+00,9.134160629779648843e+01,1.720335312031883745e+01,7.167306190709280145e+01,2.870761865235754229e+01
5.489617328842075206e-02,9.297770980765451831e-02,5.258653669352578675e+01,5.271788665392978146e+01,6.163065526175332209e+00,9.014346246488184988e+01,1.679854758447032026e+01,8.064004571584504788e+01,2.823590089172807538e+01
5.489617328842075206e-02,3.452023588268889887e-01,5.148953941227684084e+01,4.959522721758457919e+01,6.151002803876889580e+00,1.078097546613714997e+02,1.718457580212542979e+01,9.763838357584717187e+01,2.868419490273871375e+01
5.489617328842075206e-02,5.974270078461234590e-01,4.803140750318057428e+01,4.562996439339895005e+01,6.117395458862079138e+00,1.497321707745196591e+02,1.769235811713550177e+01,1.175241671199586051e+02,2.994228055045138603e+01
5.489617328842075206e-02,8.496516568653579293e-01,4.147910705888403982e+01,4.298557038983835810e+01,6.100686507757283827e+00,1.236549422420413293e+02,3.134550021876273362e+01,9.447117799660192361e+01,4.382392943317722001e+01
5.489617328842075206e-02,1.101876305884592400e+00,3.463666073127156153e+01,4.324378851882011077e+01,6.108262306940489772e+00,7.255441269038487917e+01,3.627623725344186312e+01,6.298241184945050009e+01,5.009985016989512019e+01
5.489617328842075206e-02,1.354100954903826981e+00,3.075411022218049339e+01,4.644944097152620088e+01,6.129002681096658023e+00,6.189858949037075320e+01,3.583913389789442050e+01,5.238444909907670421e+01,4.844423377286994281e+01
5.489617328842075206e-02,1.606325603923061340e+00,2.975223842586334300e+01,5.125964271326301969e+01,6.170580410635724711e+00,5.818154835293480431e+01,2.705632364028475578e+01,4.799833324249175348e+01,3.640301912055974753e+01
5.489617328842075206e-02,1.858550252942295700e+00,3.067643597021133672e+01,5.601001557374092954e+01,6.242173785081315707e+00,5.540213382219162952e+01,1.788190151555006580e+01,4.798732429529687948e+01,2.784727393753341218e+01
5.489617328842075206e-02,2.110774901961530503e+00,3.319051752708961089e+01,5.981712149180202687e+01,6.308194268846523123e+00,5.765143818449891455e+01,1.798215233835073690e+01,5.111876554492203439e+01,2.782616319750353640e+01
5.489617328842075206e-02,2.362999550980764862e+00,3.751948993571210167e+01,6.290332415014017897e+01,6.298347115805281504e+00,6.275675554502481646e+01,1.797007968956980051e+01,5.429640362323097236e+01,2.768467202164815788e+01
5.489617328842075206e-02,2.615224199999999222e+00,4.471196910439708461e+01,6.602755465579991778e+01,6.221514309864383030e+00,6.009666842317717794e+01,2.128519379140328738e+01,5.521268759822512351e+01,3.141501220903158398e+01
3.015965848076552214e-01,-3.438167376461628066e+00,5.370308273943800259e+01,2.540189735185822428e+01,6.384056532325338651e+00,5.580065127473244502e+01,3.619460157327596050e+01,4.473537182707459436e+01,5.005463228910087281e+01
3.015965848076552214e-01,-3.185942727442393707e+00,4.993703489854337363e+01,3.519034013106829661e+01,6.212703714368843499e+00,5.290463548512994407e+01,3.602040062228840611e+01,4.079993929545596387e+01,4.979905910364880128e+01
3.015965848076552214e-01,-2.933718078423159348e+00,4.617098705764875888e+01,4.427113790007388161e+01,6.145051117935775409e+00,5.384714267675911969e+01,3.599813097953083485e+01,4.790721745831865519e+01,4.901439127692159303e+01
3.015965848076552214e-01,-2.681493429403924544e+00,4.247328480223244185e+01,5.115569290963549065e+01,6.118301921061522819e+00,6.548602178517097627e+01,3.527427283418560222e+01,6.219347108666738677e+01,4.639468436403150520e+01
3.015965848076552214e-01,-2.429268780384690185e+00,3.827873972260626090e+01,5.510765652555028282e+01,6.139288754639519397e+00,5.902539000873869668e+01,2.555511707389865705e+01,5.655765480786639898e+01,3.430127965673360535e+01
3.015965848076552214e-01,-2.177044131365455826e+00,3.495586643168033447e+01,5.621001311629913744e+01,6.189664262733539424e+00,5.335088802540488473e+01,1.844227485185955473e+01,4.503089644160009897e+01,2.843024131490310324e+01
3.015965848076552214e-01,-1.924819482346221244e+00,3.261818385516205865e+01,5.510646546411317104e+01,6.211537319699357518e+00,5.235373193393374436e+01,1.837269127970988336e+01,4.583343121460327296e+01,2.828837915154044680e+01
3.015965848076552214e-01,-1.672594833326986663e+00,3.158809143430211108e+01,5.264611641037936351e+01,6.177491719219304400e+00,5.076539696741895114e+01,1.855590254461311872e+01,4.338708505825920980e+01,2.853403439708831968e+01
3.015965848076552214e-01,-1.420370184307752304e+00,3.239380419753901919e+01,4.964751751329185936e+01,6.123473379091709745e+00,5.287852262829569838e+01,2.369542473432440843e+01,4.293312058441633638e+01,3.272939123018056051e+01
3.015965848076552214e-01,-1.168145535288517944e+00,3.542783106039090057e+01,4.680250892886579095e+01,6.092988061500618002e+00,5.583178088718575793e+01,3.504624124180120504e+01,4.509041116312848629e+01,4.653713085327675003e+01
3.015965848076552214e-01,-9.159208862692833630e-01,3.960281237171471957e+01,4.457770267502473871e+01,6.086001390394502053e+00,5.966199155231844031e+01,3.633198429991385581e+01,4.681047578280610111e+01,4.993333324422587083e+01
3.015965848076552214e-01,-6.636962372500488927e-01,4.239669829391110056e+01,4.303472333871741284e+01,6.087006091158840171e+00,6.734409422283056301e+01,3.607510156949487623e+01,5.445787397203401525e+01,4.845020547391148824e+01
3.015965848076552214e-01,-4.114715882308144224e-01,4.416548943556718143e+01,4.171888555594614445e+01,6.103071146913364053e+00,7.489814878041002544e+01,2.947462117142440263e+01,5.957705876964270431e+01,3.845042252685757234e+01
3.015965848076552214e-01,-1.592469392115799520e-01,4.442031737323659968e+01,3.987362483271954261e+01,6.139194334688943044e+00,7.827747557941438572e+01,1.685241132288223653e+01,6.807903598147780144e+01,2.825453993145974607e+01
3.015965848076552214e-01,9.297770980765451831e-02,4.298546252255215450e+01,3.701978622448132228e+01,6.167767865176190689e+00,8.117005573554763487e+01,1.679558003306848590e+01,7.007088459313131068e+01,2.806729512511727265e+01
3.015965848076552214e-01,3.452023588268889887e-01,4.010818165659908630e+01,3.354382454038477590e+01,6.160590272408522416e+00,7.096283781908795163e+01,1.690966430326347592e+01,6.046560693304883927e+01,2.828274746058204414e+01
3.015965848076552214e-01,5.974270078461234590e-01,3.486622921211235138e+01,3.077453281577527378e+01,6.130503764057796623e+00,8.990736535964560971e+01,1.731052580784562878e+01,7.891237812554058451e+01,2.919148488392886875e+01
3.015965848076552214e-01,8.496516568653579293e-01,2.909442064705771358e+01,3.034352372557168565e+01,6.110427235939275725e+00,9.062544042110009457e+01,3.084992152168651813e+01,7.964179398067474835e+01,4.146455165226270623e+01
3.015965848076552214e-01,1.101876305884592400e+00,2.569487610305203162e+01,3.320523159888671216e+01,6.109572952474584540e+00,6.009164894116184996e+01,3.552681118062427146e+01,5.648378261673055789e+01,4.738049106521186360e+01
3.015965848076552214e-01,1.354100954903826981e+00,2.568302494146715986e+01,3.901983441746688186e+01,6.121711054915699890e+00,6.673137139536058271e+01,3.515371044525110023e+01,5.590677269631947155e+01,4.629677224615991804e+01
3.015965848076552214e-01,1.606325603923061340e+00,2.796942313017492765e+01,4.635412687623556849e+01,6.156709366037433462e+00,6.245829704329770493e+01,2.688877607324767283e+01,5.324455713514624478e+01,3.583898003987538772e+01
3.015965848076552214e-01,1.858550252942295700e+00,3.103283368681976384e+01,5.352911472400501225e+01,6.223814424450023530e+00,5.294394853281086455e+01,1.816656500889631687e+01,4.789509167420046509e+01,2.835757460321547541e+01
3.015965848076552214e-01,2.110774901961530503e+00,3.521148517811904810e+01,5.947560861668534926e+01,6.287588049501200871e+00,6.036371965493981406e+01,1.809342123897373256e+01,5.031829567800082970e+01,2.827690329649582068e+01
3.015965848076552214e-01,2.362999550980764862e+00,4.062777984362469397e+01,6.402449257993544052e+01,6.280057552765242690e+00,6.863455830440284444e+01,1.835881542341947892e+01,6.528248886387072503e+01,2.822464114985528383e+01
3.015965848076552214e-01,2.615224199999999222e+00,4.610997374577998187e+01,6.754964645565337378e+01,6.217152633436419329e+00,9.075531016397454209e+01,2.169394131702206607e+01,8.198562628588162227e+01,3.222791198821482084e+01
5.482969963268896629e-01,-3.438167376461628066e+00,3.668008666710419163e+01,2.278310461676937848e+01,6.307468548512656703e+00,3.554926531029339287e+01,3.126875202631454442e+01,3.026659164540408398e+01,4.343703871172828457e+01
5.482969963268896629e-01,-3.185942727442393707e+00,3.386613267856125731e+01,3.074448698823198356e+01,6.215030144128264489e+00,2.473183014134068003e+01,2.884703494194127060e+01,1.940693610843602102e+01,4.120625844320585429e+01
5.482969963268896629e-01,-2.933718078423159348e+00,3.105217869001832298e+01,3.757438346802882734e+01,6.173375318314461957e+00,3.214814284856316817e+01,2.872247136526745948e+01,3.463097135408658289e+01,3.942428029613799367e+01
5.482969963268896629e-01,-2.681493429403924544e+00,2.855380506400218721e+01,4.250622058637327427e+01,6.142011554043692811e+00,9.475346543337232674e+01,2.874121786335989981e+01,7.590209380965352182e+01,3.819010170419439731e+01
5.482969963268896629e-01,-2.429268780384690185e+00,2.671225699678859300e+01,4.537343563522381373e+01,6.142518231574828569e+00,9.299971552634501393e+01,2.388141038056806664e+01,7.105908460315804120e+01,3.237163065013435670e+01
5.482969963268896629e-01,-2.177044131365455826e+00,2.582482248711297501e+01,4.646288878264567757e+01,6.172211616087897035e+00,4.607869578527321153e+01,1.830870700124001971e+01,4.024582741893951976e+01,2.787478748608265633e+01
5.482969963268896629e-01,-1.924819482346221244e+00,2.565609092958572646e+01,4.622852177399090579e+01,6.187838393835279227e+00,4.445536633569632556e+01,1.833967214598780515e+01,3.636953363519840821e+01,2.826406218512560287e+01
5.482969963268896629e-01,-1.672594833326986663e+00,2.631503717981332002e+01,4.504690641299566778e+01,6.165154487171993658e+00,4.313930637382627964e+01,1.852168317219810234e+01,3.642367099870345726e+01,2.810848723129666382e+01
5.482969963268896629e-01,-1.420370184307752304e+00,2.868556578841976190e+01,4.313402390366900363e+01,6.132207371322054179e+00,3.683392062818397505e+01,2.300050836039546809e+01,3.691269339558322571e+01,3.172371690254138699e+01
5.482969963268896629e-01,-1.168145535288517944e+00,3.137312743206621590e+01,4.060251931665607117e+01,6.121372856374234672e+00,3.651165638557551318e+01,3.204408065697365515e+01,3.321344774825018220e+01,4.182793191177363212e+01
5.482969963268896629e-01,-9.159208862692833630e-01,3.312646423348996905e+01,3.754244111856223753e+01,6.123773778766893550e+00,4.482599981540715817e+01,3.275985832434372469e+01,3.256391999153295558e+01,4.391041456235270601e+01
5.482969963268896629e-01,-6.636962372500488927e-01,3.372007193883892739e+01,3.404294600553384953e+01,6.119589605551104761e+00,8.276423756294664713e+01,3.275720771811277388e+01,6.240892870930344571e+01,4.268638340830251821e+01
5.482969963268896629e-01,-4.114715882308144224e-01,3.331700634305907727e+01,3.019348109087331977e+01,6.118224146699198229e+00,1.016874381021795273e+02,2.816475501614471355e+01,7.482162410293781818e+01,3.729909512560212193e+01
5.482969963268896629e-01,-1.592469392115799520e-01,3.184910455236462568e+01,2.616506713376566040e+01,6.134857393373783552e+00,7.052630986897216303e+01,1.709367056404932228e+01,5.505546574101456514e+01,2.876344470972297174e+01
5.482969963268896629e-01,9.297770980765451831e-02,2.961589044472000509e+01,2.238147985549858276e+01,6.154608245386571141e+00,6.393519592950818264e+01,1.707560680422042765e+01,5.449276097883901571e+01,2.889722841347941440e+01
5.482969963268896629e-01,3.452023588268889887e-01,2.589779751526927143e+01,1.962635161134221562e+01,6.154343128932151075e+00,6.110321246719797728e+01,1.724128848037438644e+01,4.714126481462446350e+01,2.934631356374372402e+01
5.482969963268896629e-01,5.974270078461234590e-01,2.086479142821702126e+01,1.888875386534618883e+01,6.140368146885983869e+00,6.886781220396778735e+01,1.663402844444248174e+01,5.450607226798657479e+01,2.723668269306860878e+01
5.482969963268896629e-01,8.496516568653579293e-01,1.784086441489978014e+01,2.092618030227913550e+01,6.133695002153535469e+00,8.331207308939926293e+01,2.408584083012423349e+01,6.220730154335743833e+01,3.184094898017187347e+01
5.482969963268896629e-01,1.101876305884592400e+00,1.819925935439030340e+01,2.579088961059551366e+01,6.134023419153879608e+00,3.142925075266973067e+01,2.624302950826007219e+01,3.481750731081753258e+01,3.613223100588954395e+01
5.482969963268896629e-01,1.354100954903826981e+00,2.094543978401258855e+01,3.266857858005005255e+01,6.131059085865448566e+00,7.732848673909086301e+01,2.625018231692626713e+01,5.963043586609070701e+01,3.531870809598714800e+01
5.482969963268896629e-01,1.606325603923061340e+00,2.487610925830620090e+01,4.018988076717414515e+01,6.138648096975365398e+00,9.971512723219956342e+01,2.290561183406715884e+01,7.466438754499120023e+01,3.087496087644936793e+01
5.482969963268896629e-01,1.858550252942295700e+00,2.902803483615850055e+01,4.703519487799985654e+01,6.178612565312793237e+00,5.658809520047344677e+01,1.802370053993707089e+01,5.061808837404564798e+01,2.752837632165606152e+01
5.482969963268896629e-01,2.110774901961530503e+00,3.320504252659563349e+01,5.244567762963379209e+01,6.229867678482812643e+00,5.375022124966830006e+01,1.825763489835014042e+01,4.769807931187472150e+01,2.804122744293383107e+01
5.482969963268896629e-01,2.362999550980764862e+00,3.667375485350207498e+01,5.634349150563593867e+01,6.237495932060836523e+00,9.941100840228926927e+01,1.834226789023887250e+01,8.690277059153288519e+01,2.849348865324987656e+01
5.482969963268896629e-01,2.615224199999999222e+00,3.770842275561039969e+01,5.906028695288182462e+01,6.233080174564856080e+00,1.536593097743793805e+02,2.340339961134675661e+01,1.159391370069047156e+02,3.681010594383304380e+01
7.949974078461241600e-01,-3.438167376461628066e+00,2.195164943807388980e+01,2.389045419601370668e+01,6.248600826635738237e+00,2.482404459365056937e+01,2.166776186525979853e+01,1.332612944763808116e+01,3.434673363665706347e+01
7.949974078461241600e-01,-3.185942727442393707e+00,2.079513471175835804e+01,2.962469806538217654e+01,6.241651315825111013e+00,1.339208123196254974e+01,1.907160360126526655e+01,4.527541421999472959e+00,3.226093967539801355e+01
7.949974078461241600e-01,-2.933718078423159348e+00,1.963861998544282272e+01,3.349564188776616902e+01,6.226000853184422645e+00,1.742319553465699755e+01,1.876429944074013889e+01,1.106670915973448643e+01,3.187812475666859058e+01
7.949974078461241600e-01,-2.681493429403924544e+00,1.935336564792265079e+01,3.553297644174926972e+01,6.184597588880725638e+00,7.899760291713835159e+01,1.878594877467705260e+01,4.882876441223029218e+01,3.055675899595747680e+01
7.949974078461241600e-01,-2.429268780384690185e+00,1.981899088973720424e+01,3.627816242670724023e+01,6.155161649025926884e+00,9.492226420058113945e+01,2.320022316192283185e+01,6.464948784440012730e+01,3.152487353396415060e+01
7.949974078461241600e-01,-2.177044131365455826e+00,2.052909554205669806e+01,3.639536219976525899e+01,6.154845248717266237e+00,5.278107624157907196e+01,2.621397931776516188e+01,4.184227623803346319e+01,3.465853909204308536e+01
7.949974078461241600e-01,-1.924819482346221244e+00,2.130663782175406951e+01,3.631940903387067010e+01,6.159953666245655768e+00,4.821993358408376906e+01,2.627069389770817409e+01,3.647433169513181639e+01,3.516433617162271474e+01
7.949974078461241600e-01,-1.672594833326986663e+00,2.236636097925015321e+01,3.609238883696843914e+01,6.153025932419345700e+00,4.030250505169986752e+01,2.608996534233365949e+01,3.526006381899551911e+01,3.438826978135947599e+01
7.949974078461241600e-01,-1.420370184307752304e+00,2.383067514538512555e+01,3.541848891027166246e+01,6.153818251029572473e+00,2.135687723025847617e+01,2.262748313380316745e+01,2.624118088152463457e+01,3.130024868920763836e+01
7.949974078461241600e-01,-1.168145535288517944e+00,2.435943045579911015e+01,3.386724389063874696e+01,6.176404888912233382e+00,1.226861893647694046e+01,2.045870447829454264e+01,1.432809783912171042e+01,3.247629363132963221e+01
7.949974078461241600e-01,-9.159208862692833630e-01,2.411175485576230670e+01,3.112090434413858020e+01,6.193412820566708277e+00,1.060387853008933234e+01,2.006152884627083566e+01,1.193809652079898598e+01,3.388414334210665402e+01
7.949974078461241600e-01,-6.636962372500488927e-01,2.338351949536969698e+01,2.717942393025441561e+01,6.177825644521802495e+00,7.326809407630955207e+01,2.062289756473303726e+01,5.320312958714904283e+01,3.172520342553614370e+01
7.949974078461241600e-01,-4.114715882308144224e-01,2.201453517331753318e+01,2.246768271328164701e+01,6.146835665096197943e+00,1.220203839177169698e+02,2.105797744887197709e+01,8.366635399507276816e+01,2.997313303527951689e+01
7.949974078461241600e-01,-1.592469392115799520e-01,2.022485507411209227e+01,1.780989733670776332e+01,6.132467027214025812e+00,6.710456849028949478e+01,1.790373525795394016e+01,5.642048499454448063e+01,2.796279546577867592e+01
7.949974078461241600e-01,9.297770980765451831e-02,1.762342019701878826e+01,1.425411610114952055e+01,6.135667479670679825e+00,5.440462224174564199e+01,1.794638722850523038e+01,4.097460423204905311e+01,2.820804116867398292e+01
7.949974078461241600e-01,3.452023588268889887e-01,1.411041238806129527e+01,1.276956850128408405e+01,6.140047008908660509e+00,4.297960304889825522e+01,1.806714211042927687e+01,3.533500988548139787e+01,2.832627510196420317e+01
7.949974078461241600e-01,5.974270078461234590e-01,1.136033776346089397e+01,1.390553548082698399e+01,6.147264072098576726e+00,5.119236184800456613e+01,1.526628635182442650e+01,4.270053681860820660e+01,2.328385716052834198e+01
7.949974078461241600e-01,8.496516568653579293e-01,1.161334046741003512e+01,1.755513889449775888e+01,6.165393881998936010e+00,5.198296767502347393e+01,1.800039644989763943e+01,3.900412140076877421e+01,2.808862138522657759e+01
7.949974078461241600e-01,1.101876305884592400e+00,1.442210370650228590e+01,2.295477093606587005e+01,6.178413456150838812e+00,4.350796405602324057e+00,1.805783483231559217e+01,7.885108395357235622e+00,3.003865041519625834e+01
7.949974078461241600e-01,1.354100954903826981e+00,1.822671392797059298e+01,2.894887650255077460e+01,6.164439170080318497e+00,4.345696832032069779e+01,1.842333471937452316e+01,3.664654346542280905e+01,2.935782379968391353e+01
7.949974078461241600e-01,1.606325603923061340e+00,2.237635557438718692e+01,3.440971468292991631e+01,6.139312940961957565e+00,9.086978012253860015e+01,2.069656174038764362e+01,6.610009067084894241e+01,2.909562096879367843e+01
7.949974078461241600e-01,1.858550252942295700e+00,2.575112266366841141e+01,3.861434594485081107e+01,6.144116912450936496e+00,6.715688467252675764e+01,2.996254287281683304e+01,5.223853575169879093e+01,3.781905187417056169e+01
7.949974078461241600e-01,2.110774901961530503e+00,2.804508294350119968e+01,4.140822041983756208e+01,6.182096561237695909e+00,5.798478999489536534e+01,3.101637528532335253e+01,4.978494693707620655e+01,4.025672674614295943e+01
7.949974078461241600e-01,2.362999550980764862e+00,2.821518618453533378e+01,4.310738207276017420e+01,6.214157784588802080e+00,9.069093999518889859e+01,3.102407964212829228e+01,7.986872085502440655e+01,4.164226520749085836e+01
7.949974078461241600e-01,2.615224199999999222e+00,2.629792341673356049e+01,4.422718826755203736e+01,6.276542205042698441e+00,1.186442331083491410e+02,3.304086521883287020e+01,9.766445397055829858e+01,4.781637302993495098e+01
1.041697819365358546e+00,-3.438167376461628066e+00,1.581406083353422432e+01,2.837407524464492781e+01,6.222262163276458757e+00,2.464201126504798367e+01,2.096807101766325587e+01,6.709892137395478073e+00,3.367399843938596860e+01
1.041697819365358546e+00,-3.185942727442393707e+00,1.673609100683413686e+01,3.211529118618977918e+01,6.272139358035136780e+00,1.538991815459064583e+01,1.925291917600735303e+01,1.838136435541670721e+00,3.254018581684919553e+01
1.041697819365358546e+00,-2.933718078423159348e+00,1.765812118013405652e+01,3.317905189052817150e+01,6.274547419268726500e+00,1.306523597643445100e+01,1.903700598020775914e+01,0.000000000000000000e+00,3.227826722351860411e+01
1.041697819365358546e+00,-2.681493429403924544e+00,1.912702206633765911e+01,3.229421633256515634e+01,6.225938280112160328e+00,2.137740126570486154e+01,1.898250096847078439e+01,1.634691584167769918e+01,3.252540336433379764e+01
1.041697819365358546e+00,-2.429268780384690185e+00,2.081537438340613377e+01,3.064865455494327762e+01,6.175271628349196185e+00,5.733809890864085901e+01,2.598858542136237304e+01,4.942096471836755711e+01,3.543499096570545248e+01
1.041697819365358546e+00,-2.177044131365455826e+00,2.196595549428614191e+01,2.929870706582505591e+01,6.152817561663097123e+00,5.888656879205478845e+01,3.501820375575108812e+01,4.924226204830682008e+01,4.580258980991506235e+01
1.041697819365358546e+00,-1.924819482346221244e+00,2.244498107039696322e+01,2.877240122168495873e+01,6.148241539181229065e+00,5.750885243988410878e+01,3.567779989905775295e+01,4.470678731028873187e+01,4.763365989695886071e+01
1.041697819365358546e+00,-1.672594833326986663e+00,2.262254381650910418e+01,2.898077140997247625e+01,6.151246227071782258e+00,5.035100502383486543e+01,3.478269678942793064e+01,3.868791009722059471e+01,4.530333930033481238e+01
1.041697819365358546e+00,-1.420370184307752304e+00,2.196375858170896578e+01,2.937094481260191969e+01,6.178121764033512875e+00,2.368963337958325610e+01,2.487581842417312927e+01,1.878181469250944957e+01,3.503520630322579166e+01
1.041697819365358546e+00,-1.168145535288517944e+00,2.064136861457172145e+01,2.919773314340818615e+01,6.228081304416620334e+00,2.176357801332926556e+00,1.992834071243835936e+01,1.835791234599426502e-01,3.342026734079335881e+01
1.041697819365358546e+00,-9.159208862692833630e-01,1.915909855572908427e+01,2.783392435154996747e+01,6.256488105866108818e+00,3.088828262028641802e+00,1.972310939865417723e+01,3.704869897433198389e-01,3.284741030746263135e+01
1.041697819365358546e+00,-6.636962372500488927e-01,1.789646579808092497e+01,2.506989653673099383e+01,6.230461372467896553e+00,6.185425254905794645e+00,2.007833691837074142e+01,8.308606753356848174e+00,3.376849745630684652e+01
1.041697819365358546e+00,-4.114715882308144224e-01,1.652171194953621836e+01,2.131318145994282531e+01,6.175378481311221357e+00,4.491159410784598549e+01,2.214487904387149797e+01,3.544408526990683583e+01,3.180536851233210882e+01
1.041697819365358546e+00,-1.592469392115799520e-01,1.502428511020777968e+01,1.755563006608554133e+01,6.136467655586170800e+00,5.123169455564020325e+01,3.114859769144047164e+01,4.465856052524153341e+01,3.869693882759557368e+01
1.041697819365358546e+00,9.297770980765451831e-02,1.256742116285748700e+01,1.503837114336647574e+01,6.124527177654509380e+00,5.370167357029270505e+01,3.220760810417981901e+01,3.789422042632852339e+01,4.048897416096519208e+01
1.041697819365358546e+00,3.452023588268889887e-01,1.090158765891516879e+01,1.472148889683739981e+01,6.127948269296427775e+00,4.640449475553305092e+01,3.157276452985240667e+01,3.385646176248629047e+01,3.924094451030705244e+01
1.041697819365358546e+00,5.974270078461234590e-01,1.102820757135252450e+01,1.682732698308518593e+01,6.148166775582540211e+00,1.952783823476590896e+01,2.288336390872660076e+01,2.099692074282390664e+01,3.090963258243094103e+01
1.041697819365358546e+00,8.496516568653579293e-01,1.321531442506126197e+01,2.072171428889760136e+01,6.186609966509712066e+00,6.220392571686943484e+00,1.826548306624498963e+01,8.546603886088931290e+00,3.023720040764333561e+01
1.041697819365358546e+00,1.101876305884592400e+00,1.682347459097569597e+01,2.520373220599958586e+01,6.214683143077878391e+00,1.350228244234051544e+01,1.816243746490714628e+01,1.088008137674820830e+01,2.951111566150429155e+01
1.041697819365358546e+00,1.354100954903826981e+00,2.047876844202550828e+01,2.903118667947092035e+01,6.198671905368892787e+00,1.277891967218761238e+01,1.839191470590897737e+01,1.551221185827845517e+01,3.012935586104989838e+01
1.041697819365358546e+00,1.606325603923061340e+00,2.356012957742386860e+01,3.139462473481853522e+01,6.154636144585619029e+00,2.921666783109449739e+01,2.148987981825891325e+01,2.542726119662926720e+01,3.175308483652279179e+01
1.041697819365358546e+00,1.858550252942295700e+00,2.502709588947169905e+01,3.213121456023009159e+01,6.140397791455936449e+00,5.307375548292671397e+01,3.432001138564138643e+01,3.980543207524211624e+01,4.463918117886583303e+01
1.041697819365358546e+00,2.110774901961530503e+00,2.480084485116371695e+01,3.165048175766332861e+01,6.179325764540910981e+00,6.037862377834404981e+01,3.621548405525861369e+01,4.931631875857655700e+01,4.918702964035939118e+01
1.041697819365358546e+00,2.362999550980764862e+00,2.289261190575253124e+01,3.068290265552150231e+01,6.237177192851755869e+00,6.741678755999242867e+01,3.624250270973419674e+01,6.024571958684570916e+01,4.989252380105139650e+01
1.041697819365358546e+00,2.615224199999999222e+00,2.008453031646929077e+01,2.999009432561933863e+01,6.332248746499644199e+00,7.185410147301516304e+01,3.632959563320618912e+01,6.510049371503609450e+01,5.098144318700745004e+01
1.288398230884593154e+00,-3.438167376461628066e+00,1.888304536019156288e+01,3.428984802085119554e+01,6.202849410112595940e+00,7.678797072436816507e+01,2.103345057358468750e+01,4.976764338092331741e+01,3.190418991010177763e+01
1.288398230884593154e+00,-3.185942727442393707e+00,2.141636528276271534e+01,3.683446991397022430e+01,6.262286007734219062e+00,3.111448340065149409e+01,1.935117443139575499e+01,1.933450719342796020e+01,3.229147926795280910e+01
1.288398230884593154e+00,-2.933718078423159348e+00,2.394968520533386425e+01,3.617764334800449433e+01,6.276956658183996396e+00,2.090639780489993882e+01,1.895982093993455209e+01,7.185613840408223041e+00,3.200040624855770943e+01
1.288398230884593154e+00,-2.681493429403924544e+00,2.647643394069115530e+01,3.349015798477830685e+01,6.236274853366049697e+00,7.523084176756651686e+01,1.917896150153099555e+01,5.265572590604700309e+01,3.172522940041505990e+01
1.288398230884593154e+00,-2.429268780384690185e+00,2.845921359175945398e+01,3.031415413014656224e+01,6.190820905105417715e+00,1.137203921703697915e+02,2.599677631880538797e+01,8.010293605070842204e+01,3.485566245760081472e+01
1.288398230884593154e+00,-2.177044131365455826e+00,2.950035951139889434e+01,2.788127540032724028e+01,6.170688364575242169e+00,7.234730791425288032e+01,3.518238895001682920e+01,5.734319893823213476e+01,4.598013096369086838e+01
1.288398230884593154e+00,-1.924819482346221244e+00,2.948025572727421562e+01,2.676252192911033490e+01,6.163614849186578759e+00,5.642868211300247339e+01,3.583432936556082637e+01,4.488431903423182945e+01,4.798081271402923420e+01
1.288398230884593154e+00,-1.672594833326986663e+00,2.862508236752373136e+01,2.689278413846204785e+01,6.160639900456840401e+00,6.246230951775228846e+01,3.497987795472450756e+01,4.770777374164416074e+01,4.532473797885308642e+01
1.288398230884593154e+00,-1.420370184307752304e+00,2.633657570724416530e+01,2.778499126183578483e+01,6.182323825507300086e+00,6.546199990230780941e+01,2.493030253948189667e+01,4.912298012889217347e+01,3.402436006695824489e+01
1.288398230884593154e+00,-1.168145535288517944e+00,2.388991876839130057e+01,2.875314307752114473e+01,6.229962925394084472e+00,2.175080445320008948e+01,1.991558037626042577e+01,2.143737244996261637e+01,3.306889433470880846e+01
1.288398230884593154e+00,-9.159208862692833630e-01,2.155415664491578198e+01,2.911791165584781993e+01,6.257762574553018098e+00,5.310002802535166211e+00,1.959664942323122361e+01,1.413134503732976555e+00,3.269142297725394997e+01
1.288398230884593154e+00,-6.636962372500488927e-01,2.028644901734648087e+01,2.845273672478924709e+01,6.232657840840174046e+00,1.283779271019091084e+01,2.011661688473637710e+01,1.345972475983003136e+01,3.342110461565820856e+01
1.288398230884593154e+00,-4.114715882308144224e-01,1.909208653005879697e+01,2.683620397433605831e+01,6.180926829052392435e+00,6.213283579358051156e+01,2.140457701463789419e+01,4.520163714309857284e+01,3.133036987225459669e+01
1.288398230884593154e+00,-1.592469392115799520e-01,1.792134047988800916e+01,2.493321881427800690e+01,6.145305178156816872e+00,6.344916917457565830e+01,2.985285984856036379e+01,4.569051521831046614e+01,3.829989053464284154e+01
1.288398230884593154e+00,9.297770980765451831e-02,1.648111733453255567e+01,2.374360003011952358e+01,6.131856849538358745e+00,3.730739450954689573e+01,3.086677020437045371e+01,2.523950811907837277e+01,4.022066353995939636e+01
1.288398230884593154e+00,3.452023588268889887e-01,1.660173266729073660e+01,2.408011727606117347e+01,6.128717308063261981e+00,7.291139268099891524e+01,3.033985973192763552e+01,4.598281963729275645e+01,3.869690008008515747e+01
1.288398230884593154e+00,5.974270078461234590e-01,1.849391719845214510e+01,2.608014691992957523e+01,6.142737860035048847e+00,5.966067507688944715e+01,2.291389664104922019e+01,4.200715889453623220e+01,3.089595432843088219e+01
1.288398230884593154e+00,8.496516568653579293e-01,2.143728289887488359e+01,2.907717397541364335e+01,6.180131378006387344e+00,1.625444022972226321e+01,1.834411274566671324e+01,1.534735511257419205e+01,2.949842965965152430e+01
1.288398230884593154e+00,1.101876305884592400e+00,2.519226316073111960e+01,3.191869808196815939e+01,6.211495442044085991e+00,2.112827732225827049e+01,1.810334015054744583e+01,1.810451222981365760e+01,2.933453716037517012e+01
1.288398230884593154e+00,1.354100954903826981e+00,2.807709403972179629e+01,3.351682182870081306e+01,6.200019010295545918e+00,2.203253353118109459e+01,1.840462596846693799e+01,1.923085657993277664e+01,2.942150730031260863e+01
1.288398230884593154e+00,1.606325603923061340e+00,2.976458546549941886e+01,3.330174905404419405e+01,6.162974324620712707e+00,2.835730911270917431e+01,2.173654603028500887e+01,2.438970624047327007e+01,3.177760433964779452e+01
1.288398230884593154e+00,1.858550252942295700e+00,2.947334247126188700e+01,3.137672632124758820e+01,6.163080872147043365e+00,5.081045439128465802e+01,3.431501635538304384e+01,3.975302364544111811e+01,4.437874295499884170e+01
1.288398230884593154e+00,2.110774901961530503e+00,2.739479679568291459e+01,2.839339526377830225e+01,6.224022388447011167e+00,6.011006092716512228e+01,3.606504350609449716e+01,4.836845983460742815e+01,4.873578293785765680e+01
1.288398230884593154e+00,2.362999550980764862e+00,2.444490837913610903e+01,2.529052307816527900e+01,6.299770645300032612e+00,6.128279922293319260e+01,3.609646161445638768e+01,5.117586775516957687e+01,4.908247678042842921e+01
1.288398230884593154e+00,2.615224199999999222e+00,2.189152770349371835e+01,2.301759801996877286e+01,6.378021279195338344e+00,6.074106277049502012e+01,3.616684333245601124e+01,5.116838173128098788e+01,4.922058599367347398e+01
1.535098642403827540e+00,-3.438167376461628066e+00,3.059652580570134361e+01,3.892794131939353974e+01,6.245263697824621651e+00,1.494013418046855008e+02,2.552723046031035281e+01,9.955082350116252599e+01,3.640308109634094080e+01
1.535098642403827540e+00,-3.185942727442393707e+00,3.358674747134500649e+01,4.134583209205811727e+01,6.230630702239125185e+00,7.498694841960175950e+01,2.151579726880968835e+01,5.616825165938588782e+01,3.295049788305556859e+01
1.535098642403827540e+00,-2.933718078423159348e+00,3.657696913698866581e+01,4.067346306298395575e+01,6.235034318377357110e+00,8.902223543765785507e+00,2.101324092426233392e+01,1.569628549878314061e+01,3.531495595604337723e+01
1.535098642403827540e+00,-2.681493429403924544e+00,3.950733101817596093e+01,3.817012561644605739e+01,6.213010128579787406e+00,3.969835685880292431e+01,2.102923227895115232e+01,5.186168124482525599e+01,3.187337250410167400e+01
1.535098642403827540e+00,-2.429268780384690185e+00,4.148584381404479871e+01,3.527289523119816295e+01,6.197240725265750427e+00,7.066627928354178323e+01,2.280005559114566793e+01,6.566422264894889338e+01,2.980955356560253477e+01
1.535098642403827540e+00,-2.177044131365455826e+00,4.227564832231540493e+01,3.297714239123797597e+01,6.202024875923441094e+00,4.629065003669372658e+01,2.701593694919744237e+01,4.179950144838800696e+01,3.488115705414050183e+01
1.535098642403827540e+00,-1.924819482346221244e+00,4.185021410179739121e+01,3.167444321219500125e+01,6.200821684766935959e+00,4.028179078846163463e+01,2.680175419008600812e+01,3.444821657007076965e+01,3.548615091954718537e+01
1.535098642403827540e+00,-1.672594833326986663e+00,4.053724741585406832e+01,3.136861542477481635e+01,6.179853454356853959e+00,5.691546852756266617e+01,2.710176027149413258e+01,4.389333624007373658e+01,3.444152925099994178e+01
1.535098642403827540e+00,-1.420370184307752304e+00,3.805342714674513616e+01,3.193399018822310609e+01,6.167654617179676890e+00,1.170608015877710386e+02,2.356620399373463925e+01,7.653506060983860948e+01,3.082077390521441984e+01
1.535098642403827540e+00,-1.168145535288517944e+00,3.530264278656552790e+01,3.317286958056047297e+01,6.183243743933606318e+00,9.250978763292951612e+01,2.106484406658440989e+01,6.348037445134978896e+01,3.181651696948639696e+01
1.535098642403827540e+00,-9.159208862692833630e-01,3.285325970072344148e+01,3.473253559597924323e+01,6.198011881984253790e+00,1.543536345257484754e+01,2.046743768164073884e+01,2.431149482101245951e+01,3.445594556546475218e+01
1.535098642403827540e+00,-6.636962372500488927e-01,3.135140897226654033e+01,3.612247449467849947e+01,6.185028046240507393e+00,7.347377513404575211e+01,2.097156182040117400e+01,5.890339010576438739e+01,3.246672953281889562e+01
1.535098642403827540e+00,-4.114715882308144224e-01,3.006611433609465323e+01,3.694737069990242162e+01,6.162517870710690460e+00,1.382839436654929273e+02,1.831549898643377361e+01,9.130733412631830959e+01,2.803892595674219024e+01
1.535098642403827540e+00,-1.592469392115799520e-01,2.889373285121341439e+01,3.719191768122345820e+01,6.155586666262172102e+00,6.495092966301083948e+01,1.776874394381285427e+01,4.603607537192586108e+01,2.817123585859430790e+01
1.535098642403827540e+00,9.297770980765451831e-02,2.842133324871817379e+01,3.727287602264459565e+01,6.154630587337443615e+00,4.342950980708053521e+00,1.784975499221006245e+01,1.815079127135646786e+00,2.935639029947753542e+01
1.535098642403827540e+00,3.452023588268889887e-01,2.939928290016714740e+01,3.775179755243607360e+01,6.144001638578442837e+00,6.564821130166984631e+01,1.786273495609837880e+01,4.351721261960749132e+01,2.826114186988328925e+01
1.535098642403827540e+00,5.974270078461234590e-01,3.203527743210267431e+01,3.890356229435565183e+01,6.138264878658987733e+00,9.199257940108702769e+01,2.071524837788000895e+01,6.726923531457717331e+01,2.927386455654757924e+01
1.535098642403827540e+00,8.496516568653579293e-01,3.527355299384102238e+01,4.046552090077921093e+01,6.155479924731124264e+00,3.731071058224904391e+01,2.358998452229435472e+01,3.804465143139400141e+01,3.342848112925869231e+01
1.535098642403827540e+00,1.101876305884592400e+00,3.860616329553718629e+01,4.173872076401585218e+01,6.176587011600702226e+00,3.807191096742808156e+01,2.319851559586093970e+01,2.576429417332059302e+01,3.517298648999846478e+01
1.535098642403827540e+00,1.354100954903826981e+00,4.064510879526405063e+01,4.194208616534251632e+01,6.173155701977521836e+00,3.121853213972114816e+01,2.360620217795467113e+01,3.086799203237909950e+01,3.486781149578099814e+01
1.535098642403827540e+00,1.606325603923061340e+00,4.121192460170149729e+01,4.057862375007039191e+01,6.165425520134480308e+00,3.469712613363466858e+01,2.748385929529470673e+01,4.001547583094103544e+01,3.598195666907342627e+01
1.535098642403827540e+00,1.858550252942295700e+00,3.979778914377330068e+01,3.763897591258614739e+01,6.204964880430411611e+00,5.233489876033654298e+01,2.998247531212809491e+01,4.491644178634544460e+01,3.786427536920560755e+01
1.535098642403827540e+00,2.110774901961530503e+00,3.686667593067831206e+01,3.361685691604088788e+01,6.294311063605494638e+00,5.700902368808788623e+01,2.895997646713876605e+01,4.546327279870942562e+01,3.769995631159443406e+01
1.535098642403827540e+00,2.362999550980764862e+00,3.364888127296519826e+01,2.938836689467825636e+01,6.371114642262558192e+00,5.652084858101729026e+01,2.903998608499104961e+01,4.443388320081605514e+01,3.783024083357151568e+01
1.535098642403827540e+00,2.615224199999999222e+00,3.167867186940326363e+01,2.599201496385285282e+01,6.402591958446717690e+00,5.290401695632667156e+01,2.984986406921856883e+01,4.209062113181256848e+01,3.811765015760787634e+01
1.781799053923061926e+00,-3.438167376461628066e+00,4.372910487858963791e+01,3.993864316742497067e+01,6.558404842497975729e+00,1.043422652225638529e+02,3.498166942293828896e+01,8.480589527443933662e+01,4.873607227359668315e+01
1.781799053923061926e+00,-3.185942727442393707e+00,4.721264242646763876e+01,4.316803220051178869e+01,6.317637349271916669e+00,7.215066629315575142e+01,3.385711998708725190e+01,6.283556976277126438e+01,4.479313517089224206e+01
1.781799053923061926e+00,-2.933718078423159348e+00,5.069617997434562540e+01,4.419824408605381905e+01,6.225656731809013245e+00,3.306807578904074063e+01,3.350038024656684854e+01,3.254481421341537839e+01,4.566189351351061987e+01
1.781799053923061926e+00,-2.681493429403924544e+00,5.373243737874790327e+01,4.402298546301381066e+01,6.190883901718111204e+00,3.180426357004046523e+01,3.093494111475092723e+01,3.596737853701737464e+01,4.004971986304921217e+01
1.781799053923061926e+00,-2.429268780384690185e+00,5.552945680908872816e+01,4.348587644235976768e+01,6.199533177257555039e+00,4.173695442517261256e+01,1.764556885669926700e+01,3.835059841161181993e+01,2.659122899783889693e+01
1.781799053923061926e+00,-2.177044131365455826e+00,5.619463823865801544e+01,4.287862280275749072e+01,6.230631448282232476e+00,4.218059099619583208e+01,1.675120199975393831e+01,3.589799648590827985e+01,2.663179388251251112e+01
1.781799053923061926e+00,-1.924819482346221244e+00,5.581285422763937731e+01,4.211244204842569161e+01,6.238248855170357210e+00,4.400998144606445805e+01,1.639984277099923915e+01,3.522756831168021563e+01,2.602264476286531902e+01
1.781799053923061926e+00,-1.672594833326986663e+00,5.470306230578744078e+01,4.121249482304961020e+01,6.203224289403515890e+00,4.113260044462932541e+01,1.656066141228659561e+01,3.496764830537833291e+01,2.621921902989806341e+01
1.781799053923061926e+00,-1.420370184307752304e+00,5.248628133228167769e+01,4.062204180760545569e+01,6.159174940480778737e+00,7.081007666707520798e+01,2.345134353372717229e+01,5.771080237472425267e+01,3.188834062088875498e+01
1.781799053923061926e+00,-1.168145535288517944e+00,5.000534392230289882e+01,4.100845897795716155e+01,6.141297432761814612e+00,8.306461131958408828e+01,3.274424475362592091e+01,6.385653142156574091e+01,4.186032362012411312e+01
1.781799053923061926e+00,-9.159208862692833630e-01,4.730157514989382150e+01,4.274260710930229834e+01,6.140567396298273195e+00,4.788106234571360176e+01,3.304156674590562659e+01,4.399286246098691322e+01,4.423273536528109418e+01
1.781799053923061926e+00,-6.636962372500488927e-01,4.538628200657164768e+01,4.552993562099345581e+01,6.137785527688143006e+00,7.139699350747778794e+01,3.268577878169969608e+01,5.602548788423247572e+01,4.286282102553135331e+01
1.781799053923061926e+00,-4.114715882308144224e-01,4.380931165105869241e+01,4.853226089881354710e+01,6.142277075180757606e+00,7.098396704484937914e+01,2.377767987591333565e+01,5.337378720368270990e+01,3.301842736235627029e+01
1.781799053923061926e+00,-1.592469392115799520e-01,4.285051482269540202e+01,5.088438954004504922e+01,6.162294254012847361e+00,2.244122848389139335e+01,1.813795410387030316e+01,2.010088211667259372e+01,2.918240806088616068e+01
1.781799053923061926e+00,9.297770980765451831e-02,4.307601268557569085e+01,5.218906438004250958e+01,6.175108546669730636e+00,1.542530270927915126e+01,1.776511568156617926e+01,5.750317827536626680e+00,2.901033821675720858e+01
1.781799053923061926e+00,3.452023588268889887e-01,4.472515260986477870e+01,5.263296367611474125e+01,6.161493420183787428e+00,2.614128737756982446e+01,1.811602770012574126e+01,2.356788587903735532e+01,2.920415373893913724e+01
1.781799053923061926e+00,5.974270078461234590e-01,4.768268247344137478e+01,5.270156423070284291e+01,6.141049755259693654e+00,5.408658593037534956e+01,2.427217075024003279e+01,4.648458739197637613e+01,3.378336474978242876e+01
1.781799053923061926e+00,8.496516568653579293e-01,5.061963400423066162e+01,5.275837709405914211e+01,6.141229223118600977e+00,5.309326748437101884e+01,3.417625563923945720e+01,4.583491235545006504e+01,4.486713666952356050e+01
1.781799053923061926e+00,1.101876305884592400e+00,5.324769264619794740e+01,5.278210113978730078e+01,6.153988363014030405e+00,5.624172182316634405e+01,3.464592365150167552e+01,4.265392446369254742e+01,4.722901520195810576e+01
1.781799053923061926e+00,1.354100954903826981e+00,5.454633666638390821e+01,5.238118650322894609e+01,6.162272084146735551e+00,5.229130339893450952e+01,3.480594694121595722e+01,4.497660877096456034e+01,4.686797457837993619e+01
1.781799053923061926e+00,1.606325603923061340e+00,5.441473085386942898e+01,5.102536806867715313e+01,6.187789049758677606e+00,5.294108530924754064e+01,3.328804419339635245e+01,4.777762048741699630e+01,4.287364567957159522e+01
1.781799053923061926e+00,1.858550252942295700e+00,5.244144255126086307e+01,4.836120222292038306e+01,6.261451073392700017e+00,5.660757166949049690e+01,1.984772639582902443e+01,4.755401069068491893e+01,2.912456677124438187e+01
1.781799053923061926e+00,2.110774901961530503e+00,4.919201864918603917e+01,4.448095781447227637e+01,6.359616074075651326e+00,5.380149484280693883e+01,1.654763100404886700e+01,4.621498292516778861e+01,2.576710486094301089e+01
1.781799053923061926e+00,2.362999550980764862e+00,4.586906298848421670e+01,4.002703828603898728e+01,6.416599593060249518e+00,5.132389858427474394e+01,1.623711081653643618e+01,4.247426668384910187e+01,2.554440176779760918e+01
1.781799053923061926e+00,2.615224199999999222e+00,4.439988589789497553e+01,3.604678694830681707e+01,6.402670365148296128e+00,4.609567312854890275e+01,1.633239800469333858e+01,3.900789784254696713e+01,2.559831782498462616e+01
2.028499465442296312e+00,-3.438167376461628066e+00,5.506343409237688036e+01,3.622975301288539640e+01,7.370116417885584248e+00,6.735685614577778324e+01,3.641862323821021619e+01,6.018334697841754632e+01,5.100931498266812980e+01
2.028499465442296312e+00,-3.185942727442393707e+00,5.885350332971957243e+01,4.070998189024112435e+01,6.723681323119343745e+00,6.317037759572949085e+01,3.639192190638799929e+01,5.531179220719089074e+01,5.032976514955539216e+01
2.028499465442296312e+00,-2.933718078423159348e+00,6.264357256706223609e+01,4.452378161061915307e+01,6.366889295565298923e+00,5.738575839706418691e+01,3.629122230856192033e+01,4.751262539597538392e+01,4.964825038055845141e+01
2.028499465442296312e+00,-2.681493429403924544e+00,6.594718632854308282e+01,4.813934824289844983e+01,6.216748091918856467e+00,5.423932144724700777e+01,3.249857424163819530e+01,4.571464331257173797e+01,4.239488656367598196e+01
2.028499465442296312e+00,-2.429268780384690185e+00,6.778123395256004358e+01,5.144836925406980299e+01,6.203242159685624202e+00,4.972019247633204486e+01,1.800285822235920818e+01,4.328320702202290704e+01,2.743449873631563563e+01
2.028499465442296312e+00,-2.177044131365455826e+00,6.858130002882850818e+01,5.369529600489477161e+01,6.242986505604195990e+00,5.521245134937007037e+01,1.677366425481177359e+01,4.219533554396396369e+01,2.676958400827895801e+01
2.028499465442296312e+00,-1.924819482346221244e+00,6.833949446707612196e+01,5.407858689577619771e+01,6.257501179618163434e+00,5.351224325600303189e+01,1.641449358605062514e+01,4.315435246783989243e+01,2.589498726947624263e+01
2.028499465442296312e+00,-1.672594833326986663e+00,6.716715941039167603e+01,5.257617101395499049e+01,6.221748016337959264e+00,5.455861424395297377e+01,1.671976007907844064e+01,4.378406169393732483e+01,2.663603043984649332e+01
2.028499465442296312e+00,-1.420370184307752304e+00,6.496698632133606566e+01,5.029969878607425926e+01,6.171595994167804911e+00,5.849106928845043996e+01,2.421033221266458924e+01,4.909791834705024627e+01,3.287019558176767475e+01
2.028499465442296312e+00,-1.168145535288517944e+00,6.234753226112759705e+01,4.901018534348531830e+01,6.145317454661154422e+00,6.276731506321628018e+01,3.536159566329497750e+01,5.319697643968933676e+01,4.687785274481222331e+01
2.028499465442296312e+00,-9.159208862692833630e-01,5.948857119400513227e+01,5.008518832967911294e+01,6.137609538321993519e+00,5.991062654685506317e+01,3.634667945627187891e+01,4.876875335069853179e+01,4.997486878074321481e+01
2.028499465442296312e+00,-6.636962372500488927e-01,5.739145311484838885e+01,5.366934814695196110e+01,6.131823727011915359e+00,5.939688124591855711e+01,3.536027724610090672e+01,4.222689472818325385e+01,4.777404703686002563e+01
2.028499465442296312e+00,-4.114715882308144224e-01,5.591469168685499369e+01,5.860257603189438669e+01,6.138220868741427694e+00,4.421334139269027474e+01,2.463517103928086627e+01,2.501741002395662861e+01,3.491118670360407350e+01
2.028499465442296312e+00,-1.592469392115799520e-01,5.582434463790929158e+01,6.313717472327607538e+01,6.164186828750932712e+00,2.918448266763863330e+01,1.779601458838088845e+01,2.176138536411344049e+01,2.886843471086081792e+01
2.028499465442296312e+00,9.297770980765451831e-02,5.704381294170521244e+01,6.591444289902483433e+01,6.182749629422820803e+00,3.349115109450377759e+01,1.775451948959474890e+01,2.522449263055973034e+01,2.835272450675519096e+01
2.028499465442296312e+00,3.452023588268889887e-01,5.939381728885157941e+01,6.657126999644788157e+01,6.170748359366833746e+00,2.964160685068100065e+01,1.785280354778408451e+01,2.244484943204282601e+01,2.887245333360361599e+01
2.028499465442296312e+00,5.974270078461234590e-01,6.237764650172007919e+01,6.568549059002270951e+01,6.150185767536274106e+00,4.310159767084215332e+01,2.439480521529331014e+01,4.279736015525271142e+01,3.359878392447919992e+01
2.028499465442296312e+00,8.496516568653579293e-01,6.434160212658561306e+01,6.422152659823223075e+01,6.154117078368840588e+00,5.716662820589814942e+01,3.538850603277755624e+01,5.223825961986466382e+01,4.698794328164662204e+01
2.028499465442296312e+00,1.101876305884592400e+00,6.589887075591622079e+01,6.288572510480844358e+01,6.176704288244398100e+00,6.098572087778198636e+01,3.640514088669491599e+01,5.126804648997799063e+01,5.036979079565662687e+01
2.028499465442296312e+00,1.354100954903826981e+00,6.602344265474468443e+01,6.175912013507729625e+01,6.200886720319711110e+00,6.077912780714650864e+01,3.637128704349231612e+01,5.089866165731527303e+01,5.001756581934547086e+01
2.028499465442296312e+00,1.606325603923061340e+00,6.530966146332791311e+01,6.036133213193807023e+01,6.243984247297533763e+00,6.116976508282120761e+01,3.368444907667315391e+01,5.170232965974229700e+01,4.388195426311239089e+01
2.028499465442296312e+00,1.858550252942295700e+00,6.280750873976387538e+01,5.806384706199423817e+01,6.321820705789132688e+00,6.358237309822938954e+01,1.949070669064716554e+01,5.550011717176296600e+01,2.896033351116410515e+01
2.028499465442296312e+00,2.110774901961530503e+00,5.956795980502494103e+01,5.460322528195729319e+01,6.399361594422073196e+00,6.489824063812346822e+01,1.681723380394320699e+01,5.831686494638751839e+01,2.592932704284265455e+01
2.028499465442296312e+00,2.362999550980764862e+00,5.640953376652610984e+01,5.039382772168323754e+01,6.423858479229838991e+00,6.048341604414245154e+01,1.655019829023654054e+01,5.418337360132852609e+01,2.575909969307521408e+01
2.028499465442296312e+00,2.615224199999999222e+00,5.515629524862107758e+01,4.643948949808418547e+01,6.384817335189509002e+00,6.005430171374809589e+01,1.665598451267046087e+01,5.228321461962671890e+01,2.609990310119900769e+01
2.275199876961531142e+00,-3.438167376461628066e+00,5.660157192721889885e+01,2.827381192104030561e+01,8.690784972501061745e+00,6.197116482539033200e+01,3.644246326445220774e+01,5.298200035810573638e+01,5.093802050395017034e+01
2.275199876961531142e+00,-3.185942727442393707e+00,6.165209780176897425e+01,3.375950346492049903e+01,7.549949809126762723e+00,6.201054450550264363e+01,3.644217332213759164e+01,5.296020043135921185e+01,5.089158849393153616e+01
2.275199876961531142e+00,-2.933718078423159348e+00,6.670262367631907807e+01,4.037967466788177262e+01,6.754354994181835714e+00,6.584320336315491318e+01,3.634542620629977705e+01,5.588636762782063272e+01,5.018173112019695026e+01
2.275199876961531142e+00,-2.681493429403924544e+00,7.064486314337553097e+01,4.797431277907071490e+01,6.334792762962279333e+00,8.504330332653844948e+01,3.247545001865142211e+01,6.641380025971548662e+01,4.296886387830794263e+01
2.275199876961531142e+00,-2.429268780384690185e+00,7.306757350369005621e+01,5.537069802122687179e+01,6.217334294422100172e+00,8.756789845091191182e+01,1.794921915438536786e+01,6.982043489689988292e+01,2.734369092201049511e+01
2.275199876961531142e+00,-2.177044131365455826e+00,7.411883628795281709e+01,6.068492901761237590e+01,6.239084818383780373e+00,6.147542331878139521e+01,1.670271713700116578e+01,5.776231539386704128e+01,2.625532692215840669e+01
2.275199876961531142e+00,-1.924819482346221244e+00,7.381846797002880578e+01,6.236162912052805041e+01,6.258059134752022246e+00,6.488235632345526938e+01,1.643770828456009170e+01,5.314140804266349960e+01,2.575185071509433499e+01
2.275199876961531142e+00,-1.672594833326986663e+00,7.267642490752398032e+01,6.031550893341864139e+01,6.233185002821182152e+00,5.736480909962537567e+01,1.664431428506740573e+01,5.049413851991574376e+01,2.616422456132832863e+01
2.275199876961531142e+00,-1.420370184307752304e+00,7.005303294260795610e+01,5.632441495864281933e+01,6.203573608792226857e+00,5.677632661256120628e+01,2.423779790333357909e+01,5.047405052596069908e+01,3.257218148351980602e+01
2.275199876961531142e+00,-1.168145535288517944e+00,6.683537491218856985e+01,5.326406131096837271e+01,6.199772740116057612e+00,6.000241347994095520e+01,3.541772951998148500e+01,5.182232172684872751e+01,4.732021977315973515e+01
2.275199876961531142e+00,-9.159208862692833630e-01,6.331135523551834865e+01,5.358170843347852497e+01,6.198245334104742987e+00,6.113208029096084317e+01,3.642399848547168517e+01,5.020507916371005308e+01,5.052033051388345086e+01
2.275199876961531142e+00,-6.636962372500488927e-01,6.130747701771184666e+01,5.796400766891292733e+01,6.175361064165278080e+00,5.713160684591834126e+01,3.543447174968346758e+01,4.273334201132813348e+01,4.797785102347501152e+01
2.275199876961531142e+00,-4.114715882308144224e-01,6.082269011844054774e+01,6.503012786214003427e+01,6.155781971597390267e+00,4.227737786877491999e+01,2.480946745826923916e+01,3.044458502038072467e+01,3.469875007952961710e+01
2.275199876961531142e+00,-1.592469392115799520e-01,6.224004134164785285e+01,7.218327053955272277e+01,6.165892128626802915e+00,3.770163488558594622e+01,1.818547357211516058e+01,3.153352169744228206e+01,2.918722915434464227e+01
2.275199876961531142e+00,9.297770980765451831e-02,6.540906097820329990e+01,7.701898222681074913e+01,6.181276923573915560e+00,3.892993039554107781e+01,1.783532429373743255e+01,3.287639914210549819e+01,2.913420919777611218e+01
2.275199876961531142e+00,3.452023588268889887e-01,6.859500178787563129e+01,7.842600288544326759e+01,6.172268699245999635e+00,6.853620167132282859e+01,1.807717064075140456e+01,5.794803949907992546e+01,2.869912759447825579e+01
2.275199876961531142e+00,5.974270078461234590e-01,7.098695424366998452e+01,7.682711752531758975e+01,6.163964622433513618e+00,1.048364706908146786e+02,2.426813750323024976e+01,8.971862398614511847e+01,3.323435733093427302e+01
2.275199876961531142e+00,8.496516568653579293e-01,7.107986818936147699e+01,7.359133886023846571e+01,6.194824363669487077e+00,7.871788503201565845e+01,3.538300970555882685e+01,7.335184068800390378e+01,4.750730339886604980e+01
2.275199876961531142e+00,1.101876305884592400e+00,7.091356462454884024e+01,7.009868651263786887e+01,6.248370062533640912e+00,6.340840891640968380e+01,3.643317820249419725e+01,5.616077259009843914e+01,5.071973245836615973e+01
2.275199876961531142e+00,1.354100954903826981e+00,7.000010414941917247e+01,6.703339745033599684e+01,6.288405729256673737e+00,6.183744514794160807e+01,3.638749937835060422e+01,5.223634508548443023e+01,5.021247546243480286e+01
2.275199876961531142e+00,1.606325603923061340e+00,6.866700751546328263e+01,6.425281200565996187e+01,6.323706469331560776e+00,6.301441084521270852e+01,3.341944740520720813e+01,5.320702149001011350e+01,4.362935981057358958e+01
2.275199876961531142e+00,1.858550252942295700e+00,6.607724819322592680e+01,6.120775011894602358e+01,6.374366750662030512e+00,6.731229903390239144e+01,1.911065194940829670e+01,5.832474006287316115e+01,2.864326074763206620e+01
2.275199876961531142e+00,2.110774901961530503e+00,6.277993338033552106e+01,5.757919206541669155e+01,6.416341808498571275e+00,6.765611767534139176e+01,1.640659055001549405e+01,6.043101827289556383e+01,2.522615422149681663e+01
2.275199876961531142e+00,2.362999550980764862e+00,5.943380805379398168e+01,5.369737713887025166e+01,6.413733906146080521e+00,6.444109333150339580e+01,1.642616554062635004e+01,5.611577393509762146e+01,2.542593235762438297e+01
2.275199876961531142e+00,2.615224199999999222e+00,5.814337552898381034e+01,5.047097571529866400e+01,6.372916905914431496e+00,6.286515941075859359e+01,1.645377905752584979e+01,5.417156504538124295e+01,2.559898299136541056e+01
2.521900288480765528e+00,-3.438167376461628066e+00,4.951071664988563725e+01,1.779069000317690552e+01,1.031666826520556768e+01,6.173577835640221423e+01,3.644250655149804174e+01,5.204667565708012944e+01,5.092298951551729402e+01
2.521900288480765528e+00,-3.185942727442393707e+00,5.541869385414366889e+01,2.342106728105727598e+01,8.736280238256753705e+00,6.189803591842427721e+01,3.644230210886094312e+01,5.247727268511287946e+01,5.089907844756933741e+01
2.521900288480765528e+00,-2.933718078423159348e+00,6.132667105840170052e+01,3.179573476797986586e+01,7.439371254191101457e+00,6.533409550780342556e+01,3.635365003236122305e+01,5.656613874292023780e+01,5.020526533578036776e+01
2.521900288480765528e+00,-2.681493429403924544e+00,6.626481573835640404e+01,4.219358885287147132e+01,6.615320833218076402e+00,8.656148566038189074e+01,3.261442497838357468e+01,7.344468634332311296e+01,4.312698567848464393e+01
2.521900288480765528e+00,-2.429268780384690185e+00,6.998768415851301938e+01,5.253995266469200942e+01,6.281735272398234926e+00,1.138953221735396255e+02,1.826976467390568359e+01,9.571204837725773018e+01,2.804680848056183962e+01
2.521900288480765528e+00,-2.177044131365455826e+00,7.178990664750959638e+01,6.004136178869066498e+01,6.234230237982902878e+00,8.829456700038338113e+01,1.719968637619020413e+01,8.172909778166635419e+01,2.727061445421927388e+01
2.521900288480765528e+00,-1.924819482346221244e+00,7.174460727656393999e+01,6.257627689176933927e+01,6.248191102508853234e+00,5.126794714826132804e+01,1.689363880957677466e+01,4.867973012490747919e+01,2.652172276471280199e+01
2.521900288480765528e+00,-1.672594833326986663e+00,7.023081655770404552e+01,6.006276142595368128e+01,6.249878997485726728e+00,7.161430907195153850e+01,1.713923861135776150e+01,6.330799907922612135e+01,2.693576126380794378e+01
2.521900288480765528e+00,-1.420370184307752304e+00,6.685528522905686089e+01,5.485622850600157108e+01,6.276945588823537037e+00,8.346933446414833213e+01,2.431668214367088154e+01,8.057569178631315765e+01,3.423536054352857860e+01
2.521900288480765528e+00,-1.168145535288517944e+00,6.287535877699660603e+01,5.075349104475299100e+01,6.337042117867063062e+00,6.794354554144700842e+01,3.543563047150999523e+01,6.587432173128188140e+01,4.808343337615433200e+01
2.521900288480765528e+00,-9.159208862692833630e-01,5.887825845583041939e+01,5.107991778256564430e+01,6.362196677723781058e+00,6.201236146306803221e+01,3.642859999073165511e+01,5.353740622627320533e+01,5.059835169088011497e+01
2.521900288480765528e+00,-6.636962372500488927e-01,5.680750604396773440e+01,5.696884480602693657e+01,6.308147192348888765e+00,5.851896460548618251e+01,3.582331783718878881e+01,4.614601142030306136e+01,4.884039824400839080e+01
2.521900288480765528e+00,-4.114715882308144224e-01,5.750258564320243693e+01,6.683726657695660833e+01,6.224982225603040042e+00,4.754760538500210032e+01,2.858251593082300346e+01,3.671135928429202977e+01,3.891879825882804766e+01
2.521900288480765528e+00,-1.592469392115799520e-01,6.095453281867671080e+01,7.730061381408631860e+01,6.182760952763612039e+00,4.006473441767892041e+01,2.115348927727560024e+01,3.361678481111357542e+01,3.147327546722019065e+01
2.521900288480765528e+00,9.297770980765451831e-02,6.600032455703222922e+01,8.490297529758299788e+01,6.177278691308831782e+00,3.698626661435162077e+01,2.101532611881483348e+01,4.374066122374481580e+01,3.071578550531172525e+01
2.521900288480765528e+00,3.452023588268889887e-01,6.999534450114002482e+01,8.764291442631565587e+01,6.176505331987272029e+00,9.858145860479416456e+01,2.112234152674627907e+01,8.896861844752712045e+01,3.068770503663373006e+01
2.521900288480765528e+00,5.974270078461234590e-01,7.076751014885869040e+01,8.553653571207087225e+01,6.204503376947154258e+00,1.415495262117246398e+02,2.823951041444133736e+01,1.120111970914946653e+02,3.925297027542439565e+01
2.521900288480765528e+00,8.496516568653579293e-01,6.890767908462125035e+01,8.011411111773577431e+01,6.291458849504014239e+00,8.921883714086277450e+01,3.581850925858335444e+01,7.989394769296001186e+01,4.982793830705626448e+01
2.521900288480765528e+00,1.101876305884592400e+00,6.665554413102427134e+01,7.334021950813257718e+01,6.388958686279564425e+00,6.432366696891391200e+01,3.643738502612385588e+01,5.712616638976429329e+01,5.093372625360536432e+01
2.521900288480765528e+00,1.354100954903826981e+00,6.528990599226550273e+01,6.665716104132206965e+01,6.428340770254603598e+00,6.198327284426816419e+01,3.639851209034723212e+01,5.163289618002210091e+01,5.034364263857538191e+01
2.521900288480765528e+00,1.606325603923061340e+00,6.349274649763056289e+01,6.063649278128514197e+01,6.419271659897175297e+00,6.278024073414707829e+01,3.384707966116861400e+01,4.973386153632593221e+01,4.436260228813380024e+01
2.521900288480765528e+00,1.858550252942295700e+00,6.052989467938793666e+01,5.527688869321411858e+01,6.414886671896684156e+00,6.268862460331449427e+01,1.970525651228332009e+01,5.143285386997051489e+01,2.892059110286891510e+01
2.521900288480765528e+00,2.110774901961530503e+00,5.688202500123234984e+01,5.059030508142041072e+01,6.421891127042908209e+00,6.136003890183678777e+01,1.668986896787675178e+01,5.379224767855379952e+01,2.607452926677001059e+01
2.521900288480765528e+00,2.362999550980764862e+00,5.344900472140498948e+01,4.699404544789285865e+01,6.412075100435847830e+00,5.752361579800356139e+01,1.635703784017705331e+01,4.738321944278241915e+01,2.568391033192559547e+01
2.521900288480765528e+00,2.615224199999999222e+00,5.194699518789194315e+01,4.522385060679243907e+01,6.394418894885669502e+00,5.459532618078313249e+01,1.652288723797462211e+01,5.062294161430505568e+01,2.597758705201058760e+01
2.768600699999999915e+00,-3.438167376461628066e+00,3.572060080596969556e+01,7.056516931999340159e+00,1.201920265312673664e+01,6.172606809798482885e+01,3.644250657650956526e+01,5.192176988885265132e+01,5.092250839989097955e+01
2.768600699999999915e+00,-3.185942727442393707e+00,4.202358642983752191e+01,1.165278105681090892e+01,1.016149336079299204e+01,6.149116568134333960e+01,3.644236520128777812e+01,5.164948997530083830e+01,5.090396740268793963e+01
2.768600699999999915e+00,-2.933718078423159348e+00,4.832657205370534825e+01,2.004135888860082559e+01,8.456594687629340967e+00,5.695981490400216529e+01,3.637833795813709514e+01,5.059812048682304919e+01,5.033586560295016454e+01
2.768600699999999915e+00,-2.681493429403924544e+00,5.429930599873068786e+01,3.113863548001154413e+01,7.195992001611062783e+00,3.611977609926597665e+01,3.347828498999098912e+01,5.405300766469548535e+01,4.442712071138816299e+01
2.768600699999999915e+00,-2.429268780384690185e+00,5.915197127107185793e+01,4.234085622003385652e+01,6.528951105503629115e+00,5.027254450959699739e+01,2.092725007177208241e+01,7.765440438217092378e+01,3.053547396310842643e+01
2.768600699999999915e+00,-2.177044131365455826e+00,6.185586729708943210e+01,5.038881129804667580e+01,6.310701417060615270e+00,1.084265452668944931e+02,1.876719785420050712e+01,8.402328989661528169e+01,2.826235140934644363e+01
2.768600699999999915e+00,-1.924819482346221244e+00,6.198192056941324779e+01,5.294984146595788843e+01,6.285125740421576346e+00,5.992528479186270829e+01,1.829875158559831050e+01,5.206175823864448660e+01,2.782179921741586170e+01
2.768600699999999915e+00,-1.672594833326986663e+00,6.028501527999708287e+01,5.006818018424132788e+01,6.344678739272574752e+00,1.029305860031467290e+02,1.878713292707505289e+01,8.513866612272875045e+01,2.894144028815952296e+01
2.768600699999999915e+00,-1.420370184307752304e+00,5.643644316868436306e+01,4.451807578195894166e+01,6.500031431036985552e+00,1.265625015915810110e+02,2.654372240400180516e+01,1.102725019300263227e+02,4.052561883500103335e+01
2.768600699999999915e+00,-1.168145535288517944e+00,5.189197292782056081e+01,4.065614600297976722e+01,6.695813545573736647e+00,8.004332058639718639e+01,3.568270637458696370e+01,7.832436593571141259e+01,5.046727569019471105e+01
2.768600699999999915e+00,-9.159208862692833630e-01,4.771969164080648795e+01,4.229171603825852799e+01,6.785675953174302499e+00,6.321747260394253232e+01,3.643576474452927272e+01,5.636590775996317149e+01,5.090633553508462228e+01
2.768600699999999915e+00,-6.636962372500488927e-01,4.604380947241745048e+01,5.074544013911054208e+01,6.689312779109446438e+00,6.108354174764976108e+01,3.637250511409497733e+01,4.979085773698322015e+01,5.036283044381231377e+01
2.768600699999999915e+00,-4.114715882308144224e-01,4.729169935441008477e+01,6.418032752964722931e+01,6.486319519531754452e+00,5.784193233800483114e+01,3.550657979628311978e+01,4.463583618885226656e+01,4.803179162637878363e+01
2.768600699999999915e+00,-1.592469392115799520e-01,5.129510159420733828e+01,7.852352980528758053e+01,6.321516800216189225e+00,5.055073854348560758e+01,3.413054410786506310e+01,4.122209037938753795e+01,4.570808994465085107e+01
2.768600699999999915e+00,9.297770980765451831e-02,5.661198659178919002e+01,8.937979911998627358e+01,6.257251187568609652e+00,4.327047488518668672e+01,3.341032732761784985e+01,4.828889252843990221e+01,4.533088001399706002e+01
2.768600699999999915e+00,3.452023588268889887e-01,5.916444609315171022e+01,9.385792713846785773e+01,6.281873061155245352e+00,7.218617645297518948e+01,3.386461364454463308e+01,7.296449750975314430e+01,4.543119970818516151e+01
2.768600699999999915e+00,5.974270078461234590e-01,5.843318720305967418e+01,9.142953347973980271e+01,6.396401052024101475e+00,9.200462844308088961e+01,3.541483024803455493e+01,8.186116126788063241e+01,4.868400398327545275e+01
2.768600699999999915e+00,8.496516568653579293e-01,5.654075245763394264e+01,8.359788300852596876e+01,6.574162846618181177e+00,7.210955684374354746e+01,3.637173647369635177e+01,6.547581654295673559e+01,5.096558418571939342e+01
2.768600699999999915e+00,1.101876305884592400e+00,5.474462773341792854e+01,7.281558096825597204e+01,6.702999276644206361e+00,6.267642118724410949e+01,3.644190407338936666e+01,5.433118470032773217e+01,5.093037356447052844e+01
2.768600699999999915e+00,1.354100954903826981e+00,5.339954008007566699e+01,6.137970093807552985e+01,6.686629876519971205e+00,6.119378980392497169e+01,3.640175185676763903e+01,5.019692348619849298e+01,5.046547916934908784e+01
2.768600699999999915e+00,1.606325603923061340e+00,5.151942930930974285e+01,5.085894580860008318e+01,6.563725987373019599e+00,5.591017030368372076e+01,3.396523857749007647e+01,4.394555178352850078e+01,4.517901412310616394e+01
2.768600699999999915e+00,1.858550252942295700e+00,4.849324113234736444e+01,4.215549644021211861e+01,6.455174954854100200e+00,4.458585723205581530e+01,1.974044799520237703e+01,3.894079804334079853e+01,2.934227355681539606e+01
2.768600699999999915e+00,2.110774901961530503e+00,4.468101736248044631e+01,3.588808914272794937e+01,6.418002213454187199e+00,4.703636686960680890e+01,1.675035468131233429e+01,3.850292752701511745e+01,2.594137872106172793e+01
2.768600699999999915e+00,2.362999550980764862e+00,4.101243826536385484e+01,3.265183032585127876e+01,6.423572307288782035e+00,4.177287988945144548e+01,1.637554604660042301e+01,3.762358177137507909e+01,2.568886101618447171e+01
2.768600699999999915e+00,2.615224199999999222e+00,3.903496528657642273e+01,3.290817860083984669e+01,6.471534635912665756e+00,8.365401886962450817e+01,1.644142787930625360e+01,7.009279137496065459e+01,2.570554530338493038e+01
