x,y,reference,fixed_mean,fixed_std,map_mean,map_std,hmc_mean,hmc_std
-3.651689358499999649e+00,-3.622863129999999821e+00,1.219381312008606074e+03,4.035965135489823297e+02,1.446030989243506859e+01,4.724505828313081111e+02,8.502440517813685261e+00,4.064399040261969276e+02,1.807576690410045472e+01
-3.651689358499999649e+00,-3.319995442499999783e+00,9.393917006205027747e+02,3.242482006248319522e+02,1.444954534559568948e+01,3.952041175083350026e+02,8.459684244702350142e+00,3.253163148546419166e+02,1.739918964408130719e+01
-3.651689358499999649e+00,-3.017127754999999745e+00,7.109006325544650053e+02,2.590591059516882524e+02,1.444398254613046007e+01,3.263138117269493250e+02,8.416567023335467468e+00,2.584526909573120292e+02,1.708835420095343594e+01
-3.651689358499999649e+00,-2.714260067499999707e+00,5.293610586189936384e+02,2.085768309766426682e+02,1.444426943575815692e+01,2.681347442907880350e+02,8.388909428362618215e+00,2.073493470579313680e+02,1.716764064226110520e+01
-3.651689358499999649e+00,-2.411392379999999669e+00,3.904278295580254508e+02,1.713351459796540439e+02,1.444615218786700694e+01,2.220290386634771949e+02,8.375739581010284596e+00,1.698907486076524265e+02,1.738366072155099218e+01
-3.651689358499999649e+00,-2.108524692500000075e+00,2.899595548469101232e+02,1.462818803228437901e+02,1.444680744270893946e+01,1.886646810475795064e+02,8.370746689561919140e+00,1.441261011337077207e+02,1.751417698932632661e+01
-3.651689358499999649e+00,-1.805657005000000037e+00,2.240203216911192783e+02,1.331546784085221589e+02,1.444578771824585850e+01,1.682918707207236366e+02,8.368759094209700322e+00,1.297279999348128854e+02,1.748989188706772779e+01
-3.651689358499999649e+00,-1.502789317499999999e+00,1.888612314191893802e+02,1.316932150163920596e+02,1.444449010526260935e+01,1.609248572327510374e+02,8.366518879737784076e+00,1.269645644625447289e+02,1.751891524795823329e+01
-3.651689358499999649e+00,-1.199921629999999961e+00,1.809449210427273727e+02,1.411847479095449671e+02,1.444363503880219035e+01,1.664358336524410333e+02,8.362778366061959900e+00,1.354064022632732076e+02,1.766405240697276824e+01
-3.651689358499999649e+00,-8.970539424999999234e-01,1.969359275087752792e+02,1.609162786011584103e+02,1.444342693582769854e+01,1.846057123496284476e+02,8.358236826736950675e+00,1.541271428633727396e+02,1.778920627123986620e+01
-3.651689358499999649e+00,-5.941862549999999965e-01,2.337006876998097198e+02,1.908289992217905819e+02,1.444331305338845794e+01,2.151611846108971804e+02,8.354395062479502698e+00,1.828537931297466912e+02,1.783426138574972697e+01
-3.651689358499999649e+00,-2.913185675000000141e-01,2.883075384337425930e+02,2.314042249178746715e+02,1.444312740342470391e+01,2.577856448288885076e+02,8.352253694330762812e+00,2.222509815013830803e+02,1.778659461880079462e+01
-3.651689358499999649e+00,1.154912000000041239e-02,3.580267164639206499e+02,2.827500999329495244e+02,1.444299372161600559e+01,3.120687860647640264e+02,8.351989540855294436e+00,2.727058266699972364e+02,1.771717052240157386e+01
-3.651689358499999649e+00,3.144168075000003948e-01,4.403303584791254934e+02,3.438905030555906706e+02,1.444298988601176248e+01,3.773844762036351312e+02,8.353426983487217683e+00,3.330845430191738501e+02,1.765254875845511151e+01
-3.651689358499999649e+00,6.172844950000003772e-01,5.328925011035737498e+02,4.131660223933286034e+02,1.444294592190763815e+01,4.527471890415281450e+02,8.356483810848130744e+00,4.012751929981407102e+02,1.743267834643214798e+01
-3.651689358499999649e+00,9.201521825000003041e-01,6.335909093714212759e+02,4.894482687903800979e+02,1.444277738767002539e+01,5.367471517703206700e+02,8.360981712311662761e+00,4.762290153626319693e+02,1.706324838915096009e+01
-3.651689358499999649e+00,1.223019870000000342e+00,7.405006082634156428e+02,5.728278897654090542e+02,1.444286459751620555e+01,6.276537470763269084e+02,8.365980143299594829e+00,5.590180565294889448e+02,1.679098759456667267e+01
-3.651689358499999649e+00,1.525887557500000380e+00,8.519014497602548772e+02,6.638006202328833751e+02,1.444375922473089169e+01,7.236906963904330041e+02,8.369815774959267429e+00,6.510482869710988325e+02,1.683533079178650738e+01
-3.651689358499999649e+00,1.828755245000000418e+00,9.662752567538269659e+02,7.615554235665767919e+02,1.444537811271130856e+01,8.233632885349261414e+02,8.371598193596842208e+00,7.508915964193331547e+02,1.722243328515098781e+01
-3.651689358499999649e+00,2.131622932500000456e+00,1.082305752071454435e+03,8.631802315638633445e+02,1.444648578593776556e+01,9.256323543804164728e+02,8.372771540438264992e+00,8.535626413742753584e+02,1.749438699257548180e+01
-3.651689358499999649e+00,2.434490620000000050e+00,1.198878558475893897e+03,9.649957974989956710e+02,1.444566227439269390e+01,1.029749951161455101e+03,8.377083208721463947e+00,9.540836293158929493e+02,1.714649115814712133e+01
-3.651689358499999649e+00,2.737358307500000087e+00,1.315081198665338206e+03,1.065064253086427925e+03,1.444366870862185692e+01,1.134713456341128222e+03,8.389875274019864548e+00,1.052138119044054292e+03,1.648738236759047737e+01
-3.651689358499999649e+00,3.040225995000000125e+00,1.430203095273415556e+03,1.164155744001327548e+03,1.444395170573137754e+01,1.238502397546048542e+03,8.416940481796610030e+00,1.152009423029002846e+03,1.628211044255649398e+01
-3.651689358499999649e+00,3.343093682500000163e+00,1.543735570869186859e+03,1.263030720995331649e+03,1.445076759328723703e+01,1.337431693799802815e+03,8.458385150334786218e+00,1.255699827659944503e+03,1.707369348097136452e+01
-3.651689358499999649e+00,3.645961370000000201e+00,1.655371377752591343e+03,1.356817465359519701e+03,1.446232895683920106e+01,1.425987383113248143e+03,8.498208948340886693e+00,1.354334641992821616e+03,1.845172799066094171e+01
-3.347431865020833008e+00,-3.622863129999999821e+00,9.373532418001138922e+02,3.275313268965110183e+02,1.444969759670861542e+01,3.965863580860195725e+02,8.460841846401468302e+00,3.261306176203928544e+02,1.741819295315659843e+01
-3.347431865020833008e+00,-3.319995442499999783e+00,6.998743340448885419e+02,2.537490820433013141e+02,1.444035027074858668e+01,3.231256837215619271e+02,8.416932072562138600e+00,2.516617345044923582e+02,1.688449858826822236e+01
-3.347431865020833008e+00,-3.017127754999999745e+00,5.093262346284546993e+02,1.938236160606611520e+02,1.443622529679266897e+01,2.575787795492144596e+02,8.376690015794656219e+00,1.914872694870076657e+02,1.673061643626988371e+01
-3.347431865020833008e+00,-2.714260067499999707e+00,3.613647411325778762e+02,1.477698581048753113e+02,1.443709140161291238e+01,2.024015923768508856e+02,8.353740655390346603e+00,1.458860769780596911e+02,1.692114297478378759e+01
-3.347431865020833008e+00,-2.411392379999999669e+00,2.518475510744575274e+02,1.140436049799900502e+02,1.443922970851300747e+01,1.593223589977317260e+02,8.345249475970721420e+00,1.127063914923001562e+02,1.722517513150605595e+01
-3.347431865020833008e+00,-2.108524692500000075e+00,1.768359183313467611e+02,9.194302627188153565e+01,1.444001795071729610e+01,1.294555818369963163e+02,8.344043765026459170e+00,9.061204535969523022e+01,1.743735903859142411e+01
-3.347431865020833008e+00,-1.805657005000000037e+00,1.325961114119386650e+02,8.171009954065084457e+01,1.443954002363801870e+01,1.133682176733209417e+02,8.344620696625197453e+00,7.987349200527455650e+01,1.746829780464417681e+01
-3.347431865020833008e+00,-1.502789317499999999e+00,1.155830704664740125e+02,8.342894031945616007e+01,1.443872233586136211e+01,1.111051758505495854e+02,8.343795998041670714e+00,8.100458358241326096e+01,1.748850127193116322e+01
-3.347431865020833008e+00,-1.199921629999999961e+00,1.224622792798237043e+02,9.643004859006032348e+01,1.443861819157082493e+01,1.222412307945269276e+02,8.340808852645025695e+00,9.349897949956908860e+01,1.756158494688292038e+01
-3.347431865020833008e+00,-8.970539424999999234e-01,1.501011215722937209e+02,1.198261583558050916e+02,1.443884792563742536e+01,1.460205366295613203e+02,8.336898838412755808e+00,1.161954045663911756e+02,1.758607281666161981e+01
-3.347431865020833008e+00,-5.941862549999999965e-01,1.955688809996248665e+02,1.533460258813574910e+02,1.443904475878879445e+01,1.815764164743832225e+02,8.333736919460692505e+00,1.485725519044650582e+02,1.752278631640379558e+01
-3.347431865020833008e+00,-2.913185675000000141e-01,2.561367411529930678e+02,1.973166755384299904e+02,1.443896589479188819e+01,2.281424048447297537e+02,8.332120051109074055e+00,1.911400916561416352e+02,1.736505254658998254e+01
-3.347431865020833008e+00,1.154912000000041239e-02,3.292777855590091463e+02,2.517001266413135454e+02,1.443899336885129259e+01,2.851342175268991923e+02,8.331982938808426553e+00,2.442566121501076282e+02,1.720468472695457152e+01
-3.347431865020833008e+00,3.144168075000003948e-01,4.126669976797186905e+02,3.152857797322212718e+02,1.443911614703645796e+01,3.520352812800965694e+02,8.333137092411680769e+00,3.067740766648367980e+02,1.711810478116960965e+01
-3.347431865020833008e+00,6.172844950000003772e-01,5.041812609126026246e+02,3.860996946823433973e+02,1.443910055649108237e+01,4.281329702002667545e+02,8.335715984128095002e+00,3.763897235095352585e+02,1.697690861162179843e+01
-3.347431865020833008e+00,9.201521825000003041e-01,6.019006766191192810e+02,4.627706999506917782e+02,1.443877701160981353e+01,5.122589164844148399e+02,8.339783093800788194e+00,4.516557636990199853e+02,1.672746471878803476e+01
-3.347431865020833008e+00,1.223019870000000342e+00,7.041037343259527006e+02,5.453817424195876811e+02,1.443844571263536025e+01,6.027099297908789595e+02,8.344411917542171153e+00,5.333029456256166441e+02,1.649469799843092588e+01
-3.347431865020833008e+00,1.525887557500000380e+00,8.092731496673902711e+02,6.346414025680860505e+02,1.443865484581836256e+01,6.974362128985940217e+02,8.347616101935619426e+00,6.227939053511644261e+02,1.643152050022399990e+01
-3.347431865020833008e+00,1.828755245000000418e+00,9.160935923085834247e+02,7.299214459453942254e+02,1.443952148031790550e+01,7.944208519060875915e+02,8.348039407669052281e+00,7.191288453105329381e+02,1.661266553569062054e+01
-3.347431865020833008e+00,2.131622932500000456e+00,1.023451631850118815e+03,8.281382629428990185e+02,1.444009032433339001e+01,8.920318231746423407e+02,8.346853978497113857e+00,8.175617135351767502e+02,1.674017331305714507e+01
-3.347431865020833008e+00,2.434490620000000050e+00,1.130435737828018091e+03,9.249658815730072092e+02,1.443898107591579461e+01,9.890980056986991258e+02,8.347790555053931527e+00,9.125033310262227815e+02,1.643663723499285467e+01
-3.347431865020833008e+00,2.737358307500000087e+00,1.236336279713737440e+03,1.017594716144129052e+03,1.443660169988724284e+01,1.084579665627624308e+03,8.356267646590818998e+00,1.002180017975613623e+03,1.591800274849731700e+01
-3.347431865020833008e+00,3.040225995000000125e+00,1.340645526914168386e+03,1.106221681532188086e+03,1.443587933549517111e+01,1.176922753002611444e+03,8.378596748487815660e+00,1.089613957023394050e+03,1.573471991155354566e+01
-3.347431865020833008e+00,3.343093682500000163e+00,1.443057648771637332e+03,1.191815572330320720e+03,1.444091529862268963e+01,1.263392926163498942e+03,8.416680183112756453e+00,1.177265578816039806e+03,1.632001454070601554e+01
-3.347431865020833008e+00,3.645961370000000201e+00,1.543468267418089226e+03,1.270628608498693211e+03,1.445078472823067983e+01,1.339763608565663162e+03,8.456959163371976729e+00,1.259239078647132828e+03,1.740506776664347655e+01
-3.043174371541666368e+00,-3.622863129999999821e+00,7.072773612776130676e+02,2.653346872604452074e+02,1.444361482370742955e+01,3.287368817322885661e+02,8.416838238285269114e+00,2.604208809782078902e+02,1.707438658289162703e+01
-3.043174371541666368e+00,-3.319995442499999783e+00,5.077207947473884246e+02,1.965718065840192139e+02,1.443575540998434548e+01,2.589494034329900387e+02,8.375957337492202726e+00,1.924039873851234574e+02,1.666446129184203429e+01
-3.043174371541666368e+00,-3.017127754999999745e+00,3.507310924556658165e+02,1.410976209091022611e+02,1.443222272996873556e+01,1.967785511711431354e+02,8.341699234686030806e+00,1.376314318889000674e+02,1.658999045576628362e+01
-3.043174371541666368e+00,-2.714260067499999707e+00,2.321668987574742857e+02,9.893476488091982901e+01,1.443326692591756455e+01,1.448612581124104963e+02,8.324674166751671933e+00,9.623190680147740750e+01,1.683573733570514719e+01
-3.043174371541666368e+00,-2.411392379999999669e+00,1.480887579432780967e+02,6.863620077562518418e+01,1.443512091671150799e+01,1.052896017028549522e+02,8.320631515321402105e+00,6.671112057139720264e+01,1.723455200416479016e+01
-3.043174371541666368e+00,-2.108524692500000075e+00,9.476057927215531151e+01,4.971239114482887089e+01,1.443608481383121500e+01,7.954916912203179891e+01,8.322177893095856760e+00,4.836599023920132367e+01,1.757972805345141154e+01
-3.043174371541666368e+00,-1.805657005000000037e+00,6.865085262790006482e+01,4.266049510729499161e+01,1.443590154478686038e+01,6.840705333638197772e+01,8.324013784926426851e+00,4.162995503157532085e+01,1.769925144478944290e+01
-3.043174371541666368e+00,-1.502789317499999999e+00,6.641830593065488131e+01,4.773576027876697481e+01,1.443569325731099440e+01,7.182068997445230707e+01,8.323440227079839104e+00,4.683027642723504869e+01,1.767801755281534781e+01
-3.043174371541666368e+00,-1.199921629999999961e+00,8.493126973855474660e+01,6.426567055401392281e+01,1.443613490222029405e+01,8.897846226932051650e+01,8.320390146227552464e+00,6.323685323338872877e+01,1.759129156122940074e+01
-3.043174371541666368e+00,-8.970539424999999234e-01,1.212599745451696407e+02,9.119386876840144396e+01,1.443663969993711227e+01,1.185387760150788381e+02,8.316612893540531459e+00,8.954213769050062410e+01,1.742435329538789546e+01
-3.043174371541666368e+00,-5.941862549999999965e-01,1.726765507795044812e+02,1.280032223995076492e+02,1.443685346850501894e+01,1.590229013549960655e+02,8.313810700090915162e+00,1.250812631052116899e+02,1.720856795671538109e+01
-3.043174371541666368e+00,-2.913185675000000141e-01,2.366550288059993079e+02,1.747940586839104071e+02,1.443693896655107700e+01,2.092048054563965707e+02,8.312491995573104475e+00,1.702045739395095438e+02,1.695991065744074788e+01
-3.043174371541666368e+00,1.154912000000041239e-02,3.108713389245287999e+02,2.313587423407007009e+02,1.443700909860102932e+01,2.683058766988997377e+02,8.312351684819974551e+00,2.251977947869094123e+02,1.676719724331985972e+01
-3.043174371541666368e+00,3.144168075000003948e-01,3.932033113704030711e+02,2.963503744816407561e+02,1.443721351250370333e+01,3.358815083437984867e+02,8.313190833879136932e+00,2.889519856101132405e+02,1.671379089185740696e+01
-3.043174371541666368e+00,6.172844950000003772e-01,4.817306763143665762e+02,3.676561601824942045e+02,1.443727248782126082e+01,4.114478166714834515e+02,8.315303894318441635e+00,3.591348180798493104e+02,1.667625491837140572e+01
-3.043174371541666368e+00,9.201521825000003041e-01,5.747359316950243056e+02,4.437603226352366619e+02,1.443693884420184048e+01,4.940508301514200866e+02,8.318970872378493198e+00,4.339976558439102519e+02,1.654821750414904002e+01
-3.043174371541666368e+00,1.223019870000000342e+00,6.707009731170352325e+02,5.246180720201227814e+02,1.443635424886913832e+01,5.820312910796346841e+02,8.323426659748015766e+00,5.137743825167275418e+02,1.635455785717005739e+01
-3.043174371541666368e+00,1.525887557500000380e+00,7.683113780863934608e+02,6.108277176608680747e+02,1.443605762053332597e+01,6.731430979818633205e+02,8.326640584162936065e+00,5.995984476210479670e+02,1.619440501378371877e+01
-3.043174371541666368e+00,1.828755245000000418e+00,8.664546630415146637e+02,7.016184143655700609e+02,1.443628601982942961e+01,7.649847688307063436e+02,8.326909518685463141e+00,6.905803825920958161e+02,1.619285585864498600e+01
-3.043174371541666368e+00,2.131622932500000456e+00,9.642202443562496228e+02,7.936711975630751112e+02,1.443638655192822817e+01,8.555101111397034401e+02,8.324859367621138873e+00,7.823117455835596274e+02,1.620342253445006619e+01
-3.043174371541666368e+00,2.434490620000000050e+00,1.060899438339883545e+03,8.823502165914105717e+02,1.443520596623598351e+01,9.433116320467261176e+02,8.323657676360777913e+00,8.691658433995446558e+02,1.597502092448910105e+01
-3.043174371541666368e+00,2.737358307500000087e+00,1.155985461237137088e+03,9.646171806659549475e+02,1.443293126047231745e+01,1.027471229569317074e+03,8.328239099660573075e+00,9.486054804654554573e+02,1.564636275254733988e+01
-3.043174371541666368e+00,3.040225995000000125e+00,1.249173429228166015e+03,1.040771158996125450e+03,1.443191636336185546e+01,1.107003622391687713e+03,8.344871892216119136e+00,1.022689590199988970e+03,1.555954247366849685e+01
-3.043174371541666368e+00,3.343093682500000163e+00,1.340360358428561085e+03,1.112418187368602958e+03,1.443578635636976415e+01,1.180158532086015384e+03,8.376807111667851302e+00,1.094002653820833984e+03,1.601942820245040622e+01
-3.043174371541666368e+00,3.645961370000000201e+00,1.429644788290310089e+03,1.176996565037290566e+03,1.444384929066792189e+01,1.243966215343192289e+03,8.413632194529089503e+00,1.158928233240056670e+03,1.681642285944369064e+01
-2.738916878062499727e+00,-3.622863129999999821e+00,5.245447389757946439e+02,2.159747639968991280e+02,1.444356837603936938e+01,2.709573898575185922e+02,8.388020799925119064e+00,2.109965181959601637e+02,1.717442311022558243e+01
-2.738916878062499727e+00,-3.319995442499999783e+00,3.585268835272897263e+02,1.519299985901452601e+02,1.443639962126431620e+01,2.048102514782758590e+02,8.352022699339222811e+00,1.485440714357269485e+02,1.683262369777834166e+01
-2.738916878062499727e+00,-3.017127754999999745e+00,2.309157390999808968e+02,1.005087815443985164e+02,1.443297411579918510e+01,1.462665395711323981e+02,8.323743387031866448e+00,9.793920560658119712e+01,1.676819289314522265e+01
-2.738916878062499727e+00,-2.714260067499999707e+00,1.377727968221619506e+02,6.220322679122909904e+01,1.443353762839257826e+01,9.811643919506013845e+01,8.311444105342225441e+00,5.988747124226767937e+01,1.701282618588580675e+01
-2.738916878062499727e+00,-2.411392379999999669e+00,7.536144775756092429e+01,3.577711192844435573e+01,1.443507739911560073e+01,6.269268160392721256e+01,8.310213102815843911e+00,3.378347997449861850e+01,1.745361523329027520e+01
-2.738916878062499727e+00,-2.108524692500000075e+00,4.014826752700565748e+01,2.077682896913029253e+01,1.443583243189769227e+01,4.168057710063067134e+01,8.312897103506868390e+00,1.932634073708015876e+01,1.786413096149379953e+01
-2.738916878062499727e+00,-1.805657005000000037e+00,2.880400746126877465e+01,1.767923986120149493e+01,1.443586911421662045e+01,3.588972512313966945e+01,8.314684621580106239e+00,1.676245260161203987e+01,1.799760178718898018e+01
-2.738916878062499727e+00,-1.502789317499999999e+00,3.819113219859281827e+01,2.670772961992770433e+01,1.443591480654266412e+01,4.509720787062951786e+01,8.313532726755328284e+00,2.606883662979191740e+01,1.789241666570515576e+01
-2.738916878062499727e+00,-1.199921629999999961e+00,6.538081907037684459e+01,4.710438776365481317e+01,1.443632651199587791e+01,6.809650896532366460e+01,8.310065928412834424e+00,4.634529037970111176e+01,1.767158302047294782e+01
-2.738916878062499727e+00,-8.970539424999999234e-01,1.076461453434549185e+02,7.762209133431315422e+01,1.443677398428128100e+01,1.030179633483594444e+02,8.306398978178229697e+00,7.622454664842723560e+01,1.740802536720719118e+01
-2.738916878062499727e+00,-5.941862549999999965e-01,1.624620882200960921e+02,1.174706792791839689e+02,1.443701983857608617e+01,1.478489835576265250e+02,8.304104649756194334e+00,1.148506841452280014e+02,1.717029606705047939e+01
-2.738916878062499727e+00,-2.913185675000000141e-01,2.275055248380043338e+02,1.665012529550585896e+02,1.443697691337013644e+01,2.009516315607152137e+02,8.303292244163989366e+00,1.622470293159525454e+02,1.694912343574706526e+01
-2.738916878062499727e+00,1.154912000000041239e-02,3.006552322703186064e+02,2.243869988953229040e+02,1.443697679394118438e+01,2.613374817638086824e+02,8.303327241186799768e+00,2.185051767983505897e+02,1.679098633816795427e+01
-2.738916878062499727e+00,3.144168075000003948e-01,3.799918875256128104e+02,2.897958935562055558e+02,1.443717765551623522e+01,3.285562104397104122e+02,8.303908404405627053e+00,2.826342996537313184e+02,1.676624453168921747e+01
-2.738916878062499727e+00,6.172844950000003772e-01,4.637980675478957551e+02,3.606391044098418206e+02,1.443735055662600253e+01,4.022476039469001989e+02,8.305447605120205523e+00,3.525293940950521119e+02,1.676863953132415830e+01
-2.738916878062499727e+00,9.201521825000003041e-01,5.505587271027619636e+02,4.352636175247607753e+02,1.443714624589569162e+01,4.815941878437133710e+02,8.308530683022075536e+00,4.263482717346669233e+02,1.669457306210876268e+01
-2.738916878062499727e+00,1.223019870000000342e+00,6.389591094048842024e+02,5.132450608553481288e+02,1.443663833716712830e+01,5.649820763082188932e+02,8.312792304763654272e+00,5.037138781556059826e+02,1.653846863307860104e+01
-2.738916878062499727e+00,1.525887557500000380e+00,7.278876520500812148e+02,5.946479457459063269e+02,1.443624593511279919e+01,6.500783554228801222e+02,8.316410421905771955e+00,5.849403154615928315e+02,1.636941938308363831e+01
-2.738916878062499727e+00,1.828755245000000418e+00,8.164347182500329154e+02,6.782342684525938239e+02,1.443625118962842002e+01,7.343078635317178851e+02,8.317385228392360830e+00,6.686882386308741388e+02,1.632082681527974799e+01
-2.738916878062499727e+00,2.131622932500000456e+00,9.038925711518537582e+02,7.605151180222019320e+02,1.443623328530263095e+01,8.154816658517947872e+02,8.315593607562131950e+00,7.507670413874704991e+02,1.630344689023639759e+01
-2.738916878062499727e+00,2.434490620000000050e+00,9.897553738380935329e+02,8.371051719060415053e+02,1.443527998606467655e+01,8.922258501917458489e+02,8.313432580026589136e+00,8.261493550845616483e+02,1.611844017030268716e+01
-2.738916878062499727e+00,2.737358307500000087e+00,1.073719189326737023e+03,9.056176696535112569e+02,1.443351535797520846e+01,9.639488318908479414e+02,8.315351498074170067e+00,8.927211368759810739e+02,1.587186815757808134e+01
-2.738916878062499727e+00,3.040225995000000125e+00,1.155681980571203667e+03,9.672910533345420845e+02,1.443288748099742413e+01,1.030327713125356240e+03,8.327469125257966454e+00,9.526420509813682429e+02,1.581550600631009473e+01
-2.738916878062499727e+00,3.343093682500000163e+00,1.235743610460347554e+03,1.024826726284576580e+03,1.443646987143068117e+01,1.090562002985135223e+03,8.353625693384184814e+00,1.008877952686758704e+03,1.618310423147437760e+01
-2.738916878062499727e+00,3.645961370000000201e+00,1.314205583254239400e+03,1.076803884658147581e+03,1.444352566113462011e+01,1.142791809038145402e+03,8.385469379020708658e+00,1.059351470698650019e+03,1.679417618387314448e+01
-2.434659384583333086e+00,-3.622863129999999821e+00,3.847521143474490373e+02,1.781167507765349001e+02,1.444560305528920985e+01,2.244047431422004593e+02,8.374253038031518770e+00,1.749226012633454275e+02,1.749681155622299045e+01
-2.434659384583333086e+00,-3.319995442499999783e+00,2.480940721019772752e+02,1.185893190570641309e+02,1.443852660551544886e+01,1.620773264856334208e+02,8.343043937417910172e+00,1.173813319627458895e+02,1.721977154937572507e+01
-2.434659384583333086e+00,-3.017127754999999745e+00,1.458863785433808005e+02,7.110499985003843904e+01,1.443490433417642471e+01,1.076685759734468775e+02,8.319260082807794277e+00,7.064505637539684813e+01,1.718049447272727193e+01
-2.434659384583333086e+00,-2.714260067499999707e+00,7.439337157321693894e+01,3.688974476419389248e+01,1.443505362535546688e+01,6.399386110053728771e+01,8.309789674619958433e+00,3.614893180090041369e+01,1.742532429434813679e+01
-2.434659384583333086e+00,-2.411392379999999669e+00,3.008128902847807140e+01,1.488753622001968324e+01,1.443637760051803198e+01,3.341243503165242146e+01,8.309679350712709578e+00,1.390016406886616096e+01,1.784921418082890199e+01
-2.434659384583333086e+00,-2.108524692500000075e+00,9.619383871665363017e+00,4.436543171759694815e+00,1.443694910930189756e+01,1.758300129692088376e+01,8.312267626492834793e+00,3.588255529959042178e+00,1.820163881154376284e+01
-2.434659384583333086e+00,-1.805657005000000037e+00,9.880708952407889711e+00,5.718982385238632560e+00,1.443697425881534535e+01,1.719624641467453330e+01,8.313308642254686021e+00,5.062681708293325755e+00,1.822783113083651330e+01
-2.434659384583333086e+00,-1.502789317499999999e+00,2.793141457524649596e+01,1.877465479890815914e+01,1.443687529055881846e+01,3.180231841704380713e+01,8.311368465496897784e+00,1.804356496765012707e+01,1.800410014245331070e+01
-2.434659384583333086e+00,-1.199921629999999961e+00,6.104552484484434416e+01,4.276470669195987284e+01,1.443718322923777109e+01,5.987120594209545743e+01,8.307599907644272363e+00,4.169366509159624457e+01,1.772477723445685527e+01
-2.434659384583333086e+00,-8.970539424999999234e-01,1.066989638012995414e+02,7.633978639473207295e+01,1.443736734588802406e+01,9.915083593837061926e+01,8.304300600962577050e+00,7.473052836090016626e+01,1.750328117920676974e+01
-2.434659384583333086e+00,-5.941862549999999965e-01,1.625695554201451785e+02,1.185197119999211282e+02,1.443740402348290530e+01,1.472436789989642421e+02,8.302799103529816094e+00,1.160688035306848747e+02,1.737942146552913059e+01
-2.434659384583333086e+00,-2.913185675000000141e-01,2.265370236123493157e+02,1.689529809528030455e+02,1.443722499802820103e+01,2.021845862981208484e+02,8.302735449999245176e+00,1.652564441728898146e+02,1.727422594365520325e+01
-2.434659384583333086e+00,1.154912000000041239e-02,2.966829922243150008e+02,2.272302817601012066e+02,1.443719455726712830e+01,2.627606264915066276e+02,8.303068916974337910e+00,2.220736888111645726e+02,1.717734299774107853e+01
-2.434659384583333086e+00,3.144168075000003948e-01,3.712909850378802048e+02,2.920792274003615603e+02,1.443734293502795829e+01,3.284135162593665882e+02,8.303342115105538213e+00,2.856559620397659955e+02,1.715085210304274099e+01
-2.434659384583333086e+00,6.172844950000003772e-01,4.488464257703178646e+02,3.614452750341733918e+02,1.443756954033265316e+01,3.987706780802309368e+02,8.304120948626463772e+00,3.542402027269778273e+02,1.712721561371196444e+01
-2.434659384583333086e+00,9.201521825000003041e-01,5.280367862640556496e+02,4.334380810259608552e+02,1.443754567400877598e+01,4.730549308366025798e+02,8.306420887451455570e+00,4.259792987241233959e+02,1.705124330423040746e+01
-2.434659384583333086e+00,1.223019870000000342e+00,6.077505988758184685e+02,5.070257634663139470e+02,1.443729283901187266e+01,5.497053625119460776e+02,8.310407725743516494e+00,4.997859507452199068e+02,1.694179126155691151e+01
-2.434659384583333086e+00,1.525887557500000380e+00,6.870791595093681963e+02,5.814941424050484784e+02,1.443706609406546626e+01,6.264429125495134940e+02,8.314534855189199547e+00,5.748298069966161847e+02,1.685228058655866334e+01
-2.434659384583333086e+00,1.828755245000000418e+00,7.653156781496483063e+02,6.550809270086465403e+02,1.443714105567691774e+01,7.007756366476241965e+02,8.316500947396351151e+00,6.489719867160198419e+02,1.687219286691683706e+01
-2.434659384583333086e+00,2.131622932500000456e+00,8.419552647170374939e+02,7.244218840312387329e+02,1.443718827072177113e+01,7.706876501302849647e+02,8.315427943473235217e+00,7.182392399024745373e+02,1.687669942142477453e+01
-2.434659384583333086e+00,2.434490620000000050e+00,9.166949290673496762e+02,7.860138368602420087e+02,1.443651105986396033e+01,8.351346907712504617e+02,8.313057453439734346e+00,7.788287227172106668e+02,1.665736108268140825e+01
-2.434659384583333086e+00,2.737358307500000087e+00,9.894335809918336508e+02,8.388683520779304672e+02,1.443525656541148905e+01,8.940531158671165031e+02,8.313604851220077308e+00,8.301885311351520613e+02,1.633042030201826122e+01
-2.434659384583333086e+00,3.040225995000000125e+00,1.060272030217172642e+03,8.857119494394864887e+02,1.443513391023646797e+01,9.478397826294858532e+02,8.323101608269363183e+00,8.756853380937864131e+02,1.616963103301250726e+01
-2.434659384583333086e+00,3.343093682500000163e+00,1.129512986405485890e+03,9.304705160402227193e+02,1.443884643400179613e+01,9.965454356259469932e+02,8.345315282960461545e+00,9.190659085055391415e+02,1.641138018204713589e+01
-2.434659384583333086e+00,3.645961370000000201e+00,1.197660966112961660e+03,9.725667946831090376e+02,1.444553573205488384e+01,1.039191062440514543e+03,8.372562424756850419e+00,9.591510452250034859e+02,1.691658265082223167e+01
-2.130401891104166445e+00,-3.622863129999999821e+00,2.837018977634631938e+02,1.513688588836230338e+02,1.444635771486830755e+01,1.898063527433932904e+02,8.369154431229040014e+00,1.489480956929349986e+02,1.772964150214198753e+01
-2.130401891104166445e+00,-3.319995442499999783e+00,1.724295031069345896e+02,9.609104127134196460e+01,1.443947399840249979e+01,1.316764424838174818e+02,8.341784926558448277e+00,9.602217766078069872e+01,1.754821431336416282e+01
-2.130401891104166445e+00,-3.017127754999999745e+00,9.185488568594423953e+01,5.255641440697945654e+01,1.443580244868827478e+01,8.205315589980818913e+01,8.320796042238365331e+00,5.355967371540731392e+01,1.759319805202994047e+01
-2.130401891104166445e+00,-2.714260067499999707e+00,3.844523017531376752e+01,2.275144134601578116e+01,1.443589951327829368e+01,4.359021855928631339e+01,8.312499149692319733e+00,2.347915913112478847e+01,1.786419913918525992e+01
-2.130401891104166445e+00,-2.411392379999999669e+00,8.869621185299566335e+00,5.619395895395427942e+00,1.443706936476692171e+01,1.842535481418553900e+01,8.312307394391677207e+00,5.878723465874145404e+00,1.822966259090119578e+01
-2.130401891104166445e+00,-2.108524692500000075e+00,0.000000000000000000e+00,0.000000000000000000e+00,1.443751834191116501e+01,7.963099956832593307e+00,8.314149485102813486e+00,0.000000000000000000e+00,1.844403052614632443e+01
-2.130401891104166445e+00,-1.805657005000000037e+00,8.911761059778603666e+00,5.538723370758816600e+00,1.443755717966336327e+01,1.264276004996008851e+01,8.314284009846740986e+00,5.169237008514187437e+00,1.831314545628337598e+01
-2.130401891104166445e+00,-1.502789317499999999e+00,3.287468928367273691e+01,2.201559346262365580e+01,1.443728675732599598e+01,3.178896088145393151e+01,8.311714983306615068e+00,2.100344417510632411e+01,1.799194856337918935e+01
-2.130401891104166445e+00,-1.199921629999999961e+00,6.936565554960958480e+01,4.861220131022855639e+01,1.443731239088303830e+01,6.367159764759753671e+01,8.307902968689880652e+00,4.697619604640283342e+01,1.771880997796976942e+01
-2.130401891104166445e+00,-8.970539424999999234e-01,1.160634306709513766e+02,8.406976173305884004e+01,1.443738203211382576e+01,1.058446636259186562e+02,8.305167330702690975e+00,8.207961143901252399e+01,1.758967483617830396e+01
-2.130401891104166445e+00,-5.941862549999999965e-01,1.708486853964952559e+02,1.273862748085521162e+02,1.443737011962172367e+01,1.557013434809759929e+02,8.304541250474379410e+00,1.250900744589395117e+02,1.758461290362197360e+01
-2.130401891104166445e+00,-2.913185675000000141e-01,2.318039904104733466e+02,1.780767786607611924e+02,1.443718436536308047e+01,2.110456412903677119e+02,8.305209133938921795e+00,1.750894353950367304e+02,1.756624625137306239e+01
-2.130401891104166445e+00,1.154912000000041239e-02,2.972138163325528240e+02,2.356124623764771968e+02,1.443715386404381462e+01,2.704292569551471388e+02,8.305754615617701120e+00,2.314823840123664240e+02,1.749890929444428522e+01
-2.130401891104166445e+00,3.144168075000003948e-01,3.655645337178355589e+02,2.986747152025345713e+02,1.443723066065925664e+01,3.330891455467808555e+02,8.305616537820109002e+00,2.933990619762640790e+02,1.745713811440387531e+01
-2.130401891104166445e+00,6.172844950000003772e-01,4.355444130568587298e+02,3.651151739937486127e+02,1.443738458208814635e+01,3.985183982871221815e+02,8.305581396500844704e+00,3.592606770939131593e+02,1.741088077169471404e+01
-2.130401891104166445e+00,9.201521825000003041e-01,5.060435035187265385e+02,4.327005055751651525e+02,1.443744641473209711e+01,4.659077454745038267e+02,8.307107137081553461e+00,4.271039730887383143e+02,1.734342413324676002e+01
-2.130401891104166445e+00,1.223019870000000342e+00,5.761535681342553517e+02,4.997626635464839637e+02,1.443739559234528613e+01,5.337847951923522487e+02,8.310810217804608158e+00,4.951251747577639435e+02,1.729352202767786295e+01
-2.130401891104166445e+00,1.525887557500000380e+00,6.451687593332667348e+02,5.649231948101660237e+02,1.443737063205944260e+01,6.000867245484059822e+02,8.315338145816371096e+00,5.614633195997121220e+02,1.729784464026565516e+01
-2.130401891104166445e+00,1.828755245000000418e+00,7.125851338739689709e+02,6.261963823419064283e+02,1.443755064089489082e+01,6.626662944187773974e+02,8.318156288928763686e+00,6.234050981063196559e+02,1.739317226430442176e+01
-2.130401891104166445e+00,2.131622932500000456e+00,7.781006484500045417e+02,6.807965759931830689e+02,1.443767986314181684e+01,7.199770528308290523e+02,8.317872524561122916e+00,6.775338792312370515e+02,1.740425711813594845e+01
-2.130401891104166445e+00,2.434490620000000050e+00,8.416151596904512644e+02,7.265759555488475598e+02,1.443717080984967005e+01,7.715572865140566137e+02,8.315848473496249227e+00,7.217299193137478142e+02,1.710910093442876700e+01
-2.130401891104166445e+00,2.737358307500000087e+00,9.032304241598220642e+02,7.642487488950428087e+02,1.443618707486172603e+01,8.180134124561809585e+02,8.316221893047350378e+00,7.575194655834932291e+02,1.665152026087504211e+01
-2.130401891104166445e+00,3.040225995000000125e+00,9.632500983580644061e+02,7.980231851435382850e+02,1.443630019557090094e+01,8.604563312776044768e+02,8.324861628326443608e+00,7.898624254716092992e+02,1.635487790833141730e+01
-2.130401891104166445e+00,3.343093682500000163e+00,1.022179738720561545e+03,8.327272881140816025e+02,1.443995740235517111e+01,8.996353190580312003e+02,8.345001216057477578e+00,8.232845046871336763e+02,1.648180823132158679e+01
-2.130401891104166445e+00,3.645961370000000201e+00,1.080726921587657444e+03,8.681323945049080066e+02,1.444638582576026664e+01,9.351868822789510887e+02,8.368715495791683168e+00,8.569619480077097933e+02,1.693752578427215383e+01
-1.826144397624999804e+00,-3.622863129999999821e+00,2.174021705128232895e+02,1.360797550312709063e+02,1.444552937232462497e+01,1.678137770308994732e+02,8.367254742955553937e+00,1.323544397566686825e+02,1.764586227686717734e+01
-1.826144397624999804e+00,-3.319995442499999783e+00,1.277459900957428403e+02,8.466010196832939982e+01,1.443892745545651657e+01,1.143189076357739395e+02,8.342461466544612847e+00,8.375959343855470252e+01,1.757015527882120409e+01
-1.826144397624999804e+00,-3.017127754999999745e+00,6.523880634584820370e+01,4.509384597931057215e+01,1.443574732296937313e+01,7.006157898797664529e+01,8.322769904659562457e+00,4.589928890587492560e+01,1.771114119533807951e+01
-1.826144397624999804e+00,-2.714260067499999707e+00,2.655065071122491460e+01,1.993967141816392541e+01,1.443591172434696190e+01,3.734893011042277067e+01,8.314476086301533897e+00,2.087469271866757481e+01,1.799568093440602112e+01
-1.826144397624999804e+00,-2.411392379999999669e+00,8.553454575393427461e+00,7.882059185765683651e+00,1.443689618809616526e+01,1.787978977836428385e+01,8.313561417415028743e+00,8.450299812279467915e+00,1.828450439872237254e+01
-1.826144397624999804e+00,-2.108524692500000075e+00,8.321858523973158839e+00,7.017873301170766354e+00,1.443753488295326548e+01,1.262405717588671905e+01,8.314493906002256907e+00,7.122262126585724218e+00,1.838385619037890351e+01
-1.826144397624999804e+00,-1.805657005000000037e+00,2.313363865994009316e+01,1.631061845761723816e+01,1.443740773005646538e+01,2.168308171677244900e+01,8.313880616210880703e+00,1.560449876275492898e+01,1.817494314473454153e+01
-1.826144397624999804e+00,-1.502789317499999999e+00,5.046216346502625782e+01,3.528094555716961622e+01,1.443713741323475475e+01,4.418662452989565281e+01,8.310960411134608705e+00,3.346249723738822013e+01,1.784978841493838431e+01
-1.826144397624999804e+00,-1.199921629999999961e+00,8.798715059042292808e+01,6.325860686250962317e+01,1.443705665072586619e+01,7.833368617660516975e+01,8.307300088578628561e+00,6.059041858102966671e+01,1.762492918583846091e+01
-1.826144397624999804e+00,-8.970539424999999234e-01,1.335902176227563984e+02,9.925391602609306574e+01,1.443709384911355897e+01,1.216596762671483702e+02,8.305119417929994086e+00,9.639919448829726889e+01,1.754591072660301165e+01
-1.826144397624999804e+00,-5.941862549999999965e-01,1.853548820840878193e+02,1.423742050337605178e+02,1.443715710739017943e+01,1.715057347985948581e+02,8.305166146161703011e+00,1.396915417564740665e+02,1.755569110714254322e+01
-1.826144397624999804e+00,-2.913185675000000141e-01,2.415665614319135273e+02,1.920128146095667034e+02,1.443713885790735141e+01,2.255343314977153568e+02,8.306291678661933631e+00,1.891944188905383726e+02,1.751839277947807005e+01
-1.826144397624999804e+00,1.154912000000041239e-02,3.007125730591645265e+02,2.474042690752539784e+02,1.443708291272782240e+01,2.820676350768517295e+02,8.306868579861180990e+00,2.438871204212845782e+02,1.742961766150456171e+01
-1.826144397624999804e+00,3.144168075000003948e-01,3.614821342942071283e+02,3.069997858440037817e+02,1.443707022990187205e+01,3.400840918542598956e+02,8.306346811235865601e+00,3.026505556212711099e+02,1.739391938699781193e+01
-1.826144397624999804e+00,6.172844950000003772e-01,4.227663624008422971e+02,3.684189591181930155e+02,1.443715747491384604e+01,3.988810406098091335e+02,8.305714106147794595e+00,3.637739932291633522e+02,1.738868561108331789e+01
-1.826144397624999804e+00,9.201521825000003041e-01,4.836579441246943816e+02,4.291106163880322129e+02,1.443715601907635815e+01,4.576050740196351398e+02,8.306694219202830354e+00,4.250294417630872772e+02,1.737888791658090426e+01
-1.826144397624999804e+00,1.223019870000000342e+00,5.434518147027094983e+02,4.870269743902608752e+02,1.443714442349310190e+01,5.149472761947999970e+02,8.310124495426981284e+00,4.841252371709883846e+02,1.737349811528904553e+01
-1.826144397624999804e+00,1.525887557500000380e+00,6.016449813088878500e+02,5.405873569704126567e+02,1.443720280990075011e+01,5.692251842890073021e+02,8.314770181856474096e+00,5.387884151534024113e+02,1.738726224245295882e+01
-1.826144397624999804e+00,1.828755245000000418e+00,6.579363474747011651e+02,5.881214934515883215e+02,1.443740662928107632e+01,6.188548230764208711e+02,8.318069928637164878e+00,5.865006414359070277e+02,1.745380981097193285e+01
-1.826144397624999804e+00,2.131622932500000456e+00,7.122267166670566212e+02,6.278453329753829166e+02,1.443755418934916968e+01,6.629734917683290405e+02,8.318482655391008507e+00,6.249586721070141948e+02,1.742271134338173155e+01
-1.826144397624999804e+00,2.434490620000000050e+00,7.646187922882954808e+02,6.590973196731065400e+02,1.443711041692918329e+01,7.018506612911714910e+02,8.317224825070137939e+00,6.538191259737265000e+02,1.710448295188906442e+01
-1.826144397624999804e+00,2.737358307500000087e+00,8.154171776761952515e+02,6.840598666602745652e+02,1.443620030298838586e+01,7.368020917402573104e+02,8.318325399487870087e+00,6.763335553933059145e+02,1.664469163613633995e+01
-1.826144397624999804e+00,3.040225995000000125e+00,8.651283761039675255e+02,7.078981281079759356e+02,1.443620229755495821e+01,7.695690942992878263e+02,8.327332260744041648e+00,6.984858222626842235e+02,1.634117636249260386e+01
-1.826144397624999804e+00,3.343093682500000163e+00,9.144607907802585487e+02,7.357233903043670580e+02,1.443941126105140960e+01,8.014103235623679211e+02,8.346782737658440254e+00,7.250375847250610377e+02,1.643546316332204427e+01
-1.826144397624999804e+00,3.645961370000000201e+00,9.643251053176073810e+02,7.671686038404586725e+02,1.444529959271515551e+01,8.323225971866377222e+02,8.368205107995551728e+00,7.551112840384002993e+02,1.685977696813064242e+01
-1.521886904145833164e+00,-3.622863129999999821e+00,1.820666848026127127e+02,1.324842576067894697e+02,1.444423094708068156e+01,1.591043690199749108e+02,8.365105325813779302e+00,1.267002780610704349e+02,1.746394353019618606e+01
-1.521886904145833164e+00,-3.319995442499999783e+00,1.104620175400813622e+02,8.454607945820316672e+01,1.443842001648167006e+01,1.105453585707109596e+02,8.341667812076090982e+00,8.197512968881022744e+01,1.745523271884736971e+01
-1.521886904145833164e+00,-3.017127754999999745e+00,6.266135725936751300e+01,4.893605455127544701e+01,1.443569817114020815e+01,7.193976998264042777e+01,8.322218213770344875e+00,4.850775261681815209e+01,1.761538929562724576e+01
-1.521886904145833164e+00,-2.714260067499999707e+00,3.553758218182075979e+01,2.843880783906206489e+01,1.443582817995708112e+01,4.512321547522969922e+01,8.313383749033938841e+00,2.842516369388198427e+01,1.783873258643173543e+01
-1.521886904145833164e+00,-2.411392379999999669e+00,2.616547046422563128e+01,2.125800463324412704e+01,1.443695455283633322e+01,3.121973834737036668e+01,8.311706407938624253e+00,2.099970098668563878e+01,1.803695177627848167e+01
-1.521886904145833164e+00,-2.108524692500000075e+00,3.182237297364644135e+01,2.467518903873860836e+01,1.443735150887068208e+01,3.065925775569212419e+01,8.312005175830311288e+00,2.392053391577280763e+01,1.809808998968488680e+01
-1.521886904145833164e+00,-1.805657005000000037e+00,4.998848754754953205e+01,3.700805455003865063e+01,1.443702557291360478e+01,4.316169465392704296e+01,8.311032273460126518e+00,3.528251372567905264e+01,1.793942270706009268e+01
-1.521886904145833164e+00,-1.502789317499999999e+00,7.834071517855981881e+01,5.759721760125830770e+01,1.443679393526483423e+01,6.769068890021867446e+01,8.308079711365364162e+00,5.457127573746959115e+01,1.771253836685788485e+01
-1.521886904145833164e+00,-1.199921629999999961e+00,1.147616202911327008e+02,8.598972437600605190e+01,1.443682891924289713e+01,1.024619277363199217e+02,8.304667944123504952e+00,8.205382396980519388e+01,1.755993410396837717e+01
-1.521886904145833164e+00,-8.970539424999999234e-01,1.573356672451585041e+02,1.214931386511307210e+02,1.443702853632754568e+01,1.451080262337363820e+02,8.302852005666231605e+00,1.175537949343384980e+02,1.748327833730040481e+01
-1.521886904145833164e+00,-5.941862549999999965e-01,2.043492203359624284e+02,1.632941551305120811e+02,1.443717326849983351e+01,1.930272878603136633e+02,8.303182375865532094e+00,1.599496866385146632e+02,1.743550938570362163e+01
-1.521886904145833164e+00,-2.913185675000000141e-01,2.542905437943049094e+02,2.105683449343778193e+02,1.443729278566133623e+01,2.438187095046932882e+02,8.304401355348961289e+00,2.076405721397378557e+02,1.733005776930597719e+01
-1.521886904145833164e+00,1.154912000000041239e-02,3.058498017863811356e+02,2.621681647999212146e+02,1.443723084646864940e+01,2.956171704545849934e+02,8.304900524971177589e+00,2.590887873703987907e+02,1.721361706766250066e+01
-1.521886904145833164e+00,3.144168075000003948e-01,3.579190584138211193e+02,3.161845766683109105e+02,1.443722286590538140e+01,3.471650220596202416e+02,8.304213214289795530e+00,3.127148834925724827e+02,1.721310244094543052e+01
-1.521886904145833164e+00,6.172844950000003772e-01,4.095922777136902369e+02,3.700005400417139754e+02,1.443715422161159978e+01,3.975944738120833790e+02,8.303373412073481674e+00,3.664893743839157310e+02,1.728879330178097362e+01
-1.521886904145833164e+00,9.201521825000003041e-01,4.601648442579763696e+02,4.209740076684392989e+02,1.443707786095047396e+01,4.460724980919312657e+02,8.304083184780703064e+00,4.179902157927225517e+02,1.735012974247834450e+01
-1.521886904145833164e+00,1.223019870000000342e+00,5.091348070217941881e+02,4.671588878420880064e+02,1.443702275985067374e+01,4.915615595076087629e+02,8.307183772352898288e+00,4.649396780325684517e+02,1.734188598797003777e+01
-1.521886904145833164e+00,1.525887557500000380e+00,5.562020261414397737e+02,5.073935690042562783e+02,1.443703294864862485e+01,5.328971851433761913e+02,8.311577320112387923e+00,5.055243125749290130e+02,1.726380815963590365e+01
-1.521886904145833164e+00,1.828755245000000418e+00,6.012682519216492665e+02,5.408546192336652894e+02,1.443720534718196546e+01,5.691924830225634651e+02,8.314920747208295992e+00,5.383020974969931558e+02,1.720783774677680000e+01
-1.521886904145833164e+00,2.131622932500000456e+00,6.444371346025932326e+02,5.669604114379035309e+02,1.443736961585615397e+01,6.003573621171271952e+02,8.315793356834698002e+00,5.624856508070464542e+02,1.712350077180867913e+01
-1.521886904145833164e+00,2.434490620000000050e+00,6.860142243598779714e+02,5.862854852794553153e+02,1.443706361268005267e+01,6.274034692329332756e+02,8.315346394327510993e+00,5.791478723329473723e+02,1.688143691411766056e+01
-1.521886904145833164e+00,2.737358307500000087e+00,7.265069713045440949e+02,6.018552820184850134e+02,1.443620271979011171e+01,6.522768863485289330e+02,8.317411411917722930e+00,5.922940343433149337e+02,1.658104045571630181e+01
-1.521886904145833164e+00,3.040225995000000125e+00,7.666247254830678912e+02,6.190332848894759081e+02,1.443598681423626395e+01,6.771929159333394637e+02,8.327207381601285263e+00,6.078412619629830260e+02,1.641062597396228639e+01
-1.521886904145833164e+00,3.343093682500000163e+00,8.072787368773595063e+02,6.426066509287338704e+02,1.443854744210007190e+01,7.037175934916976985e+02,8.346759346311635852e+00,6.300661129215180836e+02,1.653878699254120122e+01
-1.521886904145833164e+00,3.645961370000000201e+00,8.495828438601888593e+02,6.718007131329504773e+02,1.444369031602073505e+01,7.319996601457751240e+02,8.367129745667101659e+00,6.578714593209344912e+02,1.690431637951709476e+01
-1.217629410666666523e+00,-3.622863129999999821e+00,1.741148637580132288e+02,1.402155385445803404e+02,1.444342057482920438e+01,1.642515881567196629e+02,8.361495177290313663e+00,1.335308583518209957e+02,1.745588472696672255e+01
-1.217629410666666523e+00,-3.319995442499999783e+00,1.172017408297273420e+02,9.565933167655020952e+01,1.443829896139976832e+01,1.206221617565897759e+02,8.338628330324493021e+00,9.224188836558380444e+01,1.745885850649925430e+01
-1.217629410666666523e+00,-3.017127754999999745e+00,8.095142608087498104e+01,6.401082119299098849e+01,1.443599929591991327e+01,8.750631162769423099e+01,8.319008773973001425e+00,6.261613939377190263e+01,1.754352919696432878e+01
-1.217629410666666523e+00,-2.714260067499999707e+00,6.243964450606970473e+01,4.785447387397289276e+01,1.443643509426533278e+01,6.623890572222171613e+01,8.309741755249001827e+00,4.674048483089205774e+01,1.763667148980064070e+01
-1.217629410666666523e+00,-2.411392379999999669e+00,5.894402103536019411e+01,4.482529784506186843e+01,1.443723445082131995e+01,5.733681026609792752e+01,8.307773207019224060e+00,4.343295313103448052e+01,1.774088462636512276e+01
-1.217629410666666523e+00,-2.108524692500000075e+00,6.794462779717940748e+01,5.157343692705035210e+01,1.443730126515763246e+01,6.066188869695633912e+01,8.308030354463655343e+00,4.973892513265923299e+01,1.781526305412963751e+01
-1.217629410666666523e+00,-1.805657005000000037e+00,8.712412443536206297e+01,6.603162054833956063e+01,1.443704073810033961e+01,7.553515986096317647e+01,8.307215803391683195e+00,6.330008345678231763e+01,1.776406876696438175e+01
-1.217629410666666523e+00,-1.502789317499999999e+00,1.143628934016241914e+02,8.750941642443649471e+01,1.443680271252176439e+01,1.007518953986618726e+02,8.304529306381539300e+00,8.355557765676337567e+01,1.765902412704127045e+01
-1.217629410666666523e+00,-1.199921629999999961e+00,1.477463458936852589e+02,1.157301895827986300e+02,1.443685583302365849e+01,1.345605212355401363e+02,8.301352266027166138e+00,1.110193681252712281e+02,1.757211520028387497e+01
-1.217629410666666523e+00,-8.970539424999999234e-01,1.855617930446995842e+02,1.501140699430834502e+02,1.443709979460144766e+01,1.747269493791891364e+02,8.299596312018966415e+00,1.457166451598224626e+02,1.749766033596726089e+01
-1.217629410666666523e+00,-5.941862549999999965e-01,2.262984459232565655e+02,1.897039989841869101e+02,1.443733444954971645e+01,2.187633811938285362e+02,8.299787323561735874e+00,1.863916238391299203e+02,1.742581021303037403e+01
-1.217629410666666523e+00,-2.913185675000000141e-01,2.686474155333805243e+02,2.332839624938787892e+02,1.443749085931870901e+01,2.642824204968037520e+02,8.300808045307666916e+00,2.309542222257495041e+02,1.730519133085838490e+01
-1.217629410666666523e+00,1.154912000000041239e-02,3.115017128145310039e+02,2.792436388193746097e+02,1.443744868360642819e+01,3.093280448936093308e+02,8.301235910724297895e+00,2.772634293209918610e+02,1.719599919085627704e+01
-1.217629410666666523e+00,3.144168075000003948e-01,3.539562486416018032e+02,3.253527673016651534e+02,1.443736319495384635e+01,3.525200414122236907e+02,8.300654487120247893e+00,3.233019785430396382e+02,1.722800005534367074e+01
-1.217629410666666523e+00,6.172844950000003772e-01,3.953078338249225681e+02,3.689543966085184366e+02,1.443728343031590811e+01,3.929514633680137194e+02,8.299942465392190272e+00,3.669014207340787834e+02,1.735519693978302769e+01
-1.217629410666666523e+00,9.201521825000003041e-01,4.350546110126880421e+02,4.076995252008200623e+02,1.443717303391422035e+01,4.299386484000624478e+02,8.300564421253046277e+00,4.058320010481140230e+02,1.745098212084854339e+01
-1.217629410666666523e+00,1.223019870000000342e+00,4.728976844502203676e+02,4.402742014083196409e+02,1.443708161374334864e+01,4.628316257930346183e+02,8.303275364758079036e+00,4.384267627067346211e+02,1.740683466337089769e+01
-1.217629410666666523e+00,1.525887557500000380e+00,5.087397654542293139e+02,4.664608799756679218e+02,1.443703053383092794e+01,4.910659186777047580e+02,8.307167331231140039e+00,4.640142009786533208e+02,1.721765792565016184e+01
-1.217629410666666523e+00,1.828755245000000418e+00,5.426854511027150920e+02,4.865800435403943993e+02,1.443717080910231054e+01,5.144771598154457024e+02,8.310219482531239876e+00,4.827086920637775620e+02,1.704783200807434085e+01
-1.217629410666666523e+00,2.131622932500000456e+00,5.750412384091125659e+02,5.011479866126319394e+02,1.443739363180317881e+01,5.337009290452933783e+02,8.311180187759598326e+00,4.951963182566663022e+02,1.694517795051226727e+01
-1.217629410666666523e+00,2.434490620000000050e+00,6.063155243222917079e+02,5.114649318999727257e+02,1.443726789640313335e+01,5.503701726270101062e+02,8.311109625089684982e+00,5.033015191804355482e+02,1.681867979826303028e+01
-1.217629410666666523e+00,2.737358307500000087e+00,6.372186057265577119e+02,5.206760562944691628e+02,1.443663408318435337e+01,5.668830703316343715e+02,8.313656631009402886e+00,5.107594124138105940e+02,1.670085230093953044e+01
-1.217629410666666523e+00,3.040225995000000125e+00,6.686626794416504254e+02,5.337002917157951742e+02,1.443630689787376831e+01,5.857254349838258349e+02,8.323922544700996795e+00,5.225195014484384046e+02,1.666314747543572850e+01
-1.217629410666666523e+00,3.343093682500000163e+00,7.017618422227443489e+02,5.546684122115839273e+02,1.443836844091828375e+01,6.085805777767363907e+02,8.343787075958314148e+00,5.419670589520793555e+02,1.680023616740162140e+01
-1.217629410666666523e+00,3.645961370000000201e+00,7.378331346908775004e+02,5.824223657529801130e+02,1.444281656893107879e+01,6.356057340893185028e+02,8.364022678083397722e+00,5.679091470513526474e+02,1.705941619332084613e+01
-9.133719171874998821e-01,-3.622863129999999821e+00,1.901718014223044690e+02,1.585960168000310659e+02,1.444320341761741311e+01,1.835032997236285155e+02,8.357267794642421421e+00,1.526101568963971999e+02,1.761899086433914619e+01
-9.133719171874998821e-01,-3.319995442499999783e+00,1.447949862725560877e+02,1.177542371251620352e+02,1.443858820202576609e+01,1.444139062517697312e+02,8.334722035840982812e+00,1.146574703377266360e+02,1.759252947841448744e+01
-9.133719171874998821e-01,-3.017127754999999745e+00,1.171435713828414151e+02,9.012455284944735467e+01,1.443657525206097425e+01,1.161463541589146189e+02,8.315040446203042279e+00,8.845130594322756679e+01,1.756793162013160980e+01
-9.133719171874998821e-01,-2.714260067499999707e+00,1.044961285210381590e+02,7.768911414686590433e+01,1.443676417304436477e+01,9.960382311155990465e+01,8.305806819869221869e+00,7.591108111097594247e+01,1.753801697066430165e+01
-9.133719171874998821e-01,-2.411392379999999669e+00,1.043331293904590780e+02,7.760136563121341169e+01,1.443744517609186317e+01,9.475710571471427102e+01,8.304180127780750098e+00,7.547439157822088873e+01,1.757765998880438474e+01
-9.133719171874998821e-01,-2.108524692500000075e+00,1.143373783608296606e+02,8.629377528955228627e+01,1.443746186889489458e+01,1.009308069264470760e+02,8.304999534210830703e+00,8.384616075780382971e+01,1.767150166245134457e+01
-9.133719171874998821e-01,-1.805657005000000037e+00,1.323940369542308986e+02,1.017368506505154073e+02,1.443707381826952307e+01,1.170363642136389899e+02,8.304775330950931789e+00,9.857084105434785215e+01,1.768703231949433174e+01
-9.133719171874998821e-01,-1.502789317499999999e+00,1.565869180296681691e+02,1.233740932799410075e+02,1.443696952856338278e+01,1.416554931121418122e+02,8.302515526718730499e+00,1.192047164786876010e+02,1.763953865909991947e+01
-9.133719171874998821e-01,-1.199921629999999961e+00,1.852042795581248527e+02,1.509452459297608584e+02,1.443709283572606594e+01,1.730143419307205477e+02,8.299442775587781540e+00,1.463555438647139226e+02,1.758353497341988003e+01
-9.133719171874998821e-01,-8.970539424999999234e-01,2.167362794460195801e+02,1.836336760098347440e+02,1.443733377942526275e+01,2.089812543648001792e+02,8.297433883854948178e+00,1.798560852087157400e+02,1.754434979489655433e+01
-9.133719171874998821e-01,-5.941862549999999965e-01,2.498749755352056923e+02,2.200164536524098366e+02,1.443740100765231205e+01,2.472058814354663809e+02,8.297184441034241686e+00,2.178933730483751106e+02,1.753673488151972748e+01
-9.133719171874998821e-01,-2.913185675000000141e-01,2.835143256029716667e+02,2.583475148497964256e+02,1.443746152916599002e+01,2.854070634043928294e+02,8.297870078466198507e+00,2.576559727462139904e+02,1.748371389557593503e+01
-9.133719171874998821e-01,1.154912000000041239e-02,3.167501873620408901e+02,2.966341847784642596e+02,1.443739107723785686e+01,3.216929206851655181e+02,8.298270850529249287e+00,2.964799601970159983e+02,1.740197004358486410e+01
-9.133719171874998821e-01,3.144168075000003948e-01,3.488803184605715160e+02,3.325747593359119492e+02,1.443732341703024780e+01,3.547524413581950284e+02,8.297929397228759996e+00,3.322836134888702304e+02,1.741844645836868821e+01
-9.133719171874998821e-01,6.172844950000003772e-01,3.794043764821570335e+02,3.638262309161364101e+02,1.443729325493425897e+01,3.838316168642695629e+02,8.297479345585731636e+00,3.632924877262538530e+02,1.752484028747869615e+01
-9.133719171874998821e-01,9.201521825000003041e-01,4.080233224010428330e+02,3.887359012012311723e+02,1.443725711579371662e+01,4.085516615887117950e+02,8.298128874710968716e+00,3.879957355898088736e+02,1.761676236796773765e+01
-9.133719171874998821e-01,1.223019870000000342e+00,4.346412572647969910e+02,4.070018855734961107e+02,1.443716040741255746e+01,4.287398388042129227e+02,8.300557678910926995e+00,4.057281904533094803e+02,1.756458659889101170e+01
-9.133719171874998821e-01,1.525887557500000380e+00,4.593637417886610024e+02,4.195892274210345931e+02,1.443706986112751167e+01,4.444384040665281645e+02,8.303999590155827448e+00,4.171269277905346939e+02,1.734391696535568528e+01
-9.133719171874998821e-01,1.828755245000000418e+00,4.824982198238990350e+02,4.279306558006792329e+02,1.443718989373362405e+01,4.561258841913077049e+02,8.306635053004638891e+00,4.237329614689446089e+02,1.714521701618555483e+01
-9.133719171874998821e-01,2.131622932500000456e+00,5.045540351572100235e+02,4.332903355702874251e+02,1.443746026114833469e+01,4.650076907448092243e+02,8.307277574739483583e+00,4.272590060559123231e+02,1.705917198766587006e+01
-9.133719171874998821e-01,2.434490620000000050e+00,5.262424315107283519e+02,4.371301580888102762e+02,1.443752381565727561e+01,4.731288396350373660e+02,8.306910514144352220e+00,4.296314592518189102e+02,1.699898700250829364e+01
-9.133719171874998821e-01,2.737358307500000087e+00,5.484765525420227732e+02,4.421677660602726974e+02,1.443708410686897459e+01,4.831099941627780936e+02,8.309161919019633302e+00,4.337192735895797568e+02,1.694748153525256384e+01
-9.133719171874998821e-01,3.040225995000000125e+00,5.723714418440972622e+02,4.525750950700603426e+02,1.443689019179013044e+01,4.974955310840068705e+02,8.319284626973553642e+00,4.432159086735143774e+02,1.691775206891541927e+01
-9.133719171874998821e-01,3.343093682500000163e+00,5.992440429453909019e+02,4.718481661741388962e+02,1.443869305846115481e+01,5.179269684461851284e+02,8.339286133677687118e+00,4.606982561716789633e+02,1.698663841368585281e+01
-9.133719171874998821e-01,3.645961370000000201e+00,6.306146462032469344e+02,4.986682374124648049e+02,1.444274662546810006e+01,5.444874450577372045e+02,8.359747309520267677e+00,4.851604325910026887e+02,1.713832923849464862e+01
-6.091144237083332413e-01,-3.622863129999999821e+00,2.270682627568641294e+02,1.873029757339973003e+02,1.444317814800410460e+01,2.166270403605230968e+02,8.353860237447808146e+00,1.823367999788459315e+02,1.775818999750273974e+01
-6.091144237083332413e-01,-3.319995442499999783e+00,1.902772510945407873e+02,1.507568226638250053e+02,1.443882424298848655e+01,1.813507471633038222e+02,8.331643871621977837e+00,1.479598494602882397e+02,1.767685415952578865e+01
-6.091144237083332413e-01,-3.017127754999999745e+00,1.684780226558356730e+02,1.271455140674952418e+02,1.443686205105538001e+01,1.569019803465398581e+02,8.312142725066502535e+00,1.250507059849673510e+02,1.758443521022889300e+01
-6.091144237083332413e-01,-2.714260067499999707e+00,1.591519959818905932e+02,1.175949965650215745e+02,1.443700797440861727e+01,1.438906325136504165e+02,8.303335319988025987e+00,1.151402966076515213e+02,1.751720982814342165e+01
-6.091144237083332413e-01,-2.411392379999999669e+00,1.599824895492823202e+02,1.190080475606955588e+02,1.443735857202535477e+01,1.418625114114393000e+02,8.302440561464198510e+00,1.163275455499750706e+02,1.755461389434645625e+01
-6.091144237083332413e-01,-2.108524692500000075e+00,1.688550509489527940e+02,1.280911611234769225e+02,1.443735702561125223e+01,1.496685510587085446e+02,8.304109073755009618e+00,1.253193215970305232e+02,1.765743390023395776e+01
-6.091144237083332413e-01,-1.805657005000000037e+00,1.838573836531071208e+02,1.432597631686367095e+02,1.443717280727543262e+01,1.657984464872370154e+02,8.304606004858172241e+00,1.399839730969915195e+02,1.766698529832088838e+01
-6.091144237083332413e-01,-1.502789317499999999e+00,2.032766798762383758e+02,1.641694562783231959e+02,1.443723483007714314e+01,1.885461849861862902e+02,8.302729003565149313e+00,1.601750559032191177e+02,1.760051355060103973e+01
-6.091144237083332413e-01,-1.199921629999999961e+00,2.256040443625939247e+02,1.903220058478182182e+02,1.443736671701005925e+01,2.160218896323849549e+02,8.299595108171322622e+00,1.863772255903535893e+02,1.754927149543230058e+01
-6.091144237083332413e-01,-8.970539424999999234e-01,2.495324817918564406e+02,2.202855735314078629e+02,1.443746341348746043e+01,2.461379197244689294e+02,8.297168877596815761e+00,2.177575965422116724e+02,1.757786904654064131e+01
-6.091144237083332413e-01,-5.941862549999999965e-01,2.739568967791433352e+02,2.519289059370057657e+02,1.443736332647744547e+01,2.767032763948782303e+02,8.296410610430672961e+00,2.515495289536732457e+02,1.769110400703898023e+01
-6.091144237083332413e-01,-2.913185675000000141e-01,2.979740938750071564e+02,2.830152752805151977e+02,1.443718323909410906e+01,3.056617223727175769e+02,8.296766910110068949e+00,2.841858286403554530e+02,1.773657299788304442e+01
-6.091144237083332413e-01,1.154912000000041239e-02,3.208827775654355037e+02,3.114632584382779896e+02,1.443704104135970034e+01,3.313822907188223326e+02,8.297123198866895422e+00,3.128663799331412747e+02,1.765876785631101953e+01
-6.091144237083332413e-01,3.144168075000003948e-01,3.421835522718503739e+02,3.353089158128132112e+02,1.443704103386377646e+01,3.528517093307555115e+02,8.296945640268107880e+00,3.360798797149893176e+02,1.759718748070800132e+01
-6.091144237083332413e-01,6.172844950000003772e-01,3.615789223511096111e+02,3.529044254068576265e+02,1.443717068338603760e+01,3.696726620386853028e+02,8.296719673393322836e+00,3.530530786004511583e+02,1.762723315266100954e+01
-6.091144237083332413e-01,9.201521825000003041e-01,3.789727273533521270e+02,3.635573490673559718e+02,1.443728817394520192e+01,3.819023004669470538e+02,8.297533489937764628e+00,3.633446974113500119e+02,1.771289298965198356e+01
-6.091144237083332413e-01,1.223019870000000342e+00,3.944720066604310205e+02,3.680788040236802772e+02,1.443726993581318041e+01,3.898769312205058668e+02,8.299996090855000119e+00,3.672865306330570547e+02,1.771881006121327218e+01
-6.091144237083332413e-01,1.525887557500000380e+00,4.083851686042373785e+02,3.685222770413383842e+02,1.443713227814236433e+01,3.941759972336949431e+02,8.303294177033393453e+00,3.664966668204069151e+02,1.756745747763958221e+01
-6.091144237083332413e-01,1.828755245000000418e+00,4.212225038092992122e+02,3.671343849132535979e+02,1.443714934574403586e+01,3.957674869867514644e+02,8.305564148751944487e+00,3.634179651777267850e+02,1.741579001432333840e+01
-6.091144237083332413e-01,2.131622932500000456e+00,4.336962028355796974e+02,3.654851075218757614e+02,1.443736093476577054e+01,3.962180958630269743e+02,8.305592934638118763e+00,3.602458741646929070e+02,1.735041814662000803e+01
-6.091144237083332413e-01,2.434490620000000050e+00,4.467203561784768908e+02,3.647644230359583162e+02,1.443751826508097302e+01,3.977540154558555514e+02,8.304413439321892909e+00,3.586337041101219256e+02,1.727864467351696476e+01
-6.091144237083332413e-01,2.737358307500000087e+00,4.614109542688241277e+02,3.670228205197490752e+02,1.443729862974797484e+01,4.029973592952173931e+02,8.305839905992064232e+00,3.605077294507898955e+02,1.717265038737705041e+01
-6.091144237083332413e-01,3.040225995000000125e+00,4.790858874728892260e+02,3.757377899974235334e+02,1.443725176483143535e+01,4.143688444184826949e+02,8.315403311292223876e+00,3.685197483435333083e+02,1.705892071393897780e+01
-6.091144237083332413e-01,3.343093682500000163e+00,5.012649460923753395e+02,3.940334108630777337e+02,1.443902382253084760e+01,4.333477733561558125e+02,8.335278814229461375e+00,3.847755600922788517e+02,1.705331822579214673e+01
-6.091144237083332413e-01,3.645961370000000201e+00,5.296717177089690267e+02,4.206643929922720417e+02,1.444289104670241386e+01,4.598980372709484072e+02,8.355893999691058838e+00,4.086740770914442464e+02,1.718260763875049335e+01
-3.048569302291666006e-01,-3.622863129999999821e+00,2.818406836411677432e+02,2.266662426998373121e+02,1.444299559022654122e+01,2.629052088840235228e+02,8.351941891151666297e+00,2.216044330242104934e+02,1.757938303580257511e+01
-3.048569302291666006e-01,-3.319995442499999783e+00,2.508897034397526795e+02,1.947241760694887489e+02,1.443875389769669404e+01,2.305250434259178292e+02,8.330018508685888889e+00,1.910000615226009586e+02,1.744960935154123050e+01
-3.048569302291666006e-01,-3.017127754999999745e+00,2.324006803085245565e+02,1.748011880391277373e+02,1.443693665354392941e+01,2.086504615581179678e+02,8.310792145386086460e+00,1.712496362334338755e+02,1.737711291920751222e+01
-3.048569302291666006e-01,-2.714260067499999707e+00,2.240578795618893650e+02,1.671661023152992129e+02,1.443694014488124822e+01,1.977579213902445190e+02,8.302489238426771223e+00,1.633305451401487858e+02,1.738049215241188961e+01
-3.048569302291666006e-01,-2.411392379999999669e+00,2.237474664496878916e+02,1.687541456843027845e+02,1.443729083517503220e+01,1.971078084831970045e+02,8.302274336163089075e+00,1.650728744093478895e+02,1.747758897579329940e+01
-3.048569302291666006e-01,-2.108524692500000075e+00,2.295577427640022563e+02,1.768969101324910298e+02,1.443724910551142138e+01,2.051536350969327032e+02,8.304612017864458906e+00,1.734691643528045688e+02,1.758744120262861799e+01
-3.048569302291666006e-01,-1.805657005000000037e+00,2.397789939990399546e+02,1.906296952539123595e+02,1.443716694539559420e+01,2.199594777484689985e+02,8.305599071103550557e+00,1.869728545678580645e+02,1.756166702992944550e+01
-3.048569302291666006e-01,-1.502789317499999999e+00,2.529017406729795709e+02,2.097121410503750667e+02,1.443726348453467345e+01,2.394661662331764092e+02,8.303918157521742671e+00,2.057157966099390478e+02,1.746617386352399137e+01
-3.048569302291666006e-01,-1.199921629999999961e+00,2.676199343033326841e+02,2.331170164680806920e+02,1.443743845459056452e+01,2.615885248368672364e+02,8.300664510376623895e+00,2.297308979977871104e+02,1.743534799823593673e+01
-3.048569302291666006e-01,-8.970539424999999234e-01,2.828294263430460092e+02,2.585557492066291161e+02,1.443742624204471170e+01,2.842467227033112067e+02,8.297914900102396629e+00,2.571438273024737668e+02,1.754245375195169387e+01
-3.048569302291666006e-01,-5.941862549999999965e-01,2.976279681805009432e+02,2.831997106138151139e+02,1.443717951244077291e+01,3.054571555246993739e+02,8.296810871411119948e+00,2.841615494865681057e+02,1.775886457356562076e+01
-3.048569302291666006e-01,-2.913185675000000141e-01,3.113152111395143038e+02,3.046282745514181443e+02,1.443687269719213617e+01,3.235278387679099978e+02,8.296915932519230097e+00,3.068378465413064760e+02,1.786350667852784468e+01
-3.048569302291666006e-01,1.154912000000041239e-02,3.233927064793373916e+02,3.211461566282669082e+02,1.443671618744403951e+01,3.372888138088842425e+02,8.297129434319234775e+00,3.228963789824568948e+02,1.775413099804952921e+01
-3.048569302291666006e-01,3.144168075000003948e-01,3.335639053946567856e+02,3.315695414372603409e+02,1.443680624845346294e+01,3.462300615026142623e+02,8.296916501944101796e+00,3.320128573512045023e+02,1.760225149338428352e+01
-3.048569302291666006e-01,6.172844950000003772e-01,3.417341590155939457e+02,3.352017685812897980e+02,1.443706073454171879e+01,3.504639613234694480e+02,8.296808334536383001e+00,3.347372381834592829e+02,1.756559046280711200e+01
-3.048569302291666006e-01,9.201521825000003041e-01,3.480102457180252031e+02,3.323290990345412865e+02,1.443731357192881859e+01,3.505447153348868596e+02,8.297913461524053957e+00,3.316565861362483361e+02,1.766521617376611175e+01
-3.048569302291666006e-01,1.223019870000000342e+00,3.527020847501275966e+02,3.246856169404345565e+02,1.443734901134597415e+01,3.472770371255237478e+02,8.300722166064920415e+00,3.237623046185765361e+02,1.775186709048075073e+01
-3.048569302291666006e-01,1.525887557500000380e+00,3.563209302785590467e+02,3.150760963892098516e+02,1.443716864337228145e+01,3.416525644303801528e+02,8.304174642207854617e+00,3.131466004051870868e+02,1.768453743460494820e+01
-3.048569302291666006e-01,1.828755245000000418e+00,3.595799197011118054e+02,3.061527387592941523e+02,1.443709470140995954e+01,3.349521551441339398e+02,8.306194361019558769e+00,3.026363908559144988e+02,1.757499523103998840e+01
-3.048569302291666006e-01,2.131622932500000456e+00,3.633940903510130056e+02,2.994156079149106517e+02,1.443722622249618759e+01,3.289096634044508392e+02,8.305553680920878534e+00,2.945516128003711174e+02,1.750592311663277201e+01
-3.048569302291666006e-01,2.434490620000000050e+00,3.688803794969250021e+02,2.955666390144033358e+02,1.443731324416427597e+01,3.257467626546931569e+02,8.303485282385260291e+00,2.901914440071938657e+02,1.739752220382484538e+01
-3.048569302291666006e-01,2.737358307500000087e+00,3.773576243429449164e+02,2.960249090217403136e+02,1.443710973292825805e+01,3.279255814552525408e+02,8.304081790292483944e+00,2.907277589845415378e+02,1.724112214016046352e+01
-3.048569302291666006e-01,3.040225995000000125e+00,3.903465620286048647e+02,3.038342493869131431e+02,1.443715309882564135e+01,3.376151355413785495e+02,8.313073994593411342e+00,2.980880981435689705e+02,1.709403067493716932e+01
-3.048569302291666006e-01,3.343093682500000163e+00,4.095698296288719575e+02,3.220530107838567346e+02,1.443901680023107836e+01,3.560448120389228279e+02,8.332694255841468944e+00,3.141556600358522360e+02,1.710310615866340456e+01
-3.048569302291666006e-01,3.645961370000000201e+00,4.369543594378131957e+02,3.496022117622196674e+02,1.444292449459152117e+01,3.830184415471303510e+02,8.353304105511169197e+00,3.387619474522023211e+02,1.730814128998210677e+01
-5.994367499999597726e-04,-3.622863129999999821e+00,3.517311708727891073e+02,2.772203237806679681e+02,1.444284126123938350e+01,3.212525737554024090e+02,8.351464632940142963e+00,2.708348295381024400e+02,1.712061850898994209e+01
-5.994367499999597726e-04,-3.319995442499999783e+00,3.240791823703609680e+02,2.493734995714621618e+02,1.443876664934500020e+01,2.908503373781168193e+02,8.329689567011472562e+00,2.436565825057003849e+02,1.698128653899076212e+01
-5.994367499999597726e-04,-3.017127754999999745e+00,3.065631156676728892e+02,2.322223528932081535e+02,1.443698822976443807e+01,2.702798106659247424e+02,8.310649108208602698e+00,2.264315066741238525e+02,1.699181977476940020e+01
-5.994367499999597726e-04,-2.714260067499999707e+00,2.970700828523947621e+02,2.254500014564255252e+02,1.443691403912674431e+01,2.600163288513085718e+02,8.302622121239169317e+00,2.196654902710721444e+02,1.710972886671514459e+01
-5.994367499999597726e-04,-2.411392379999999669e+00,2.936890959476316993e+02,2.262373727102531120e+02,1.443727830688007252e+01,2.591588358614662866e+02,8.302644856201560231e+00,2.210809343258691797e+02,1.727657375807054052e+01
-5.994367499999597726e-04,-2.108524692500000075e+00,2.947112219265297881e+02,2.325717507153749466e+02,1.443714621656583397e+01,2.658459986887628475e+02,8.305099541119927764e+00,2.280719636117782443e+02,1.739499883334810448e+01
-5.994367499999597726e-04,-1.805657005000000037e+00,2.986293683771764904e+02,2.439215360838570632e+02,1.443706800919886746e+01,2.777456045930312030e+02,8.306115005826992359e+00,2.395812643264529811e+02,1.736405230466969485e+01
-5.994367499999597726e-04,-1.502789317499999999e+00,3.041373330696345647e+02,2.598455878405366093e+02,1.443724379072797959e+01,2.924368581465332682e+02,8.304430399934449980e+00,2.556787279949225535e+02,1.729869462329293839e+01
-5.994367499999597726e-04,-1.199921629999999961e+00,3.101319142946795751e+02,2.785599062695400789e+02,1.443742909178850731e+01,3.076288521241363014e+02,8.301161289257276366e+00,2.755679874932064877e+02,1.733024378198538074e+01
-5.994367499999597726e-04,-8.970539424999999234e-01,3.157118102785221936e+02,2.969498591048177332e+02,1.443734970206001833e+01,3.212759424025789485e+02,8.298379086469958921e+00,2.962590350251110749e+02,1.749539029629937303e+01
-5.994367499999597726e-04,-5.941862549999999965e-01,3.201776191828081437e+02,3.118330698588397354e+02,1.443704374395963974e+01,3.316870344444373586e+02,8.297199703286148420e+00,3.133587026279091674e+02,1.773957753217139910e+01
-5.994367499999597726e-04,-2.913185675000000141e-01,3.230318391046179158e+02,3.211500407975399867e+02,1.443671017880435414e+01,3.376710744890697242e+02,8.297146103586277022e+00,3.233168060501442937e+02,1.783782473996986440e+01
-5.994367499999597726e-04,1.154912000000041239e-02,3.239788680764673927e+02,3.241233140176627785e+02,1.443657659551975136e+01,3.386726900228304658e+02,8.297122332492254060e+00,3.250922190740227506e+02,1.770060308860153953e+01
-5.994367499999597726e-04,3.144168075000003948e-01,3.229250040663069399e+02,3.206693873390322551e+02,1.443674630869844400e+01,3.348082516711542667e+02,8.296705468655552806e+00,3.198453834914326421e+02,1.752178065487927938e+01
-5.994367499999597726e-04,6.172844950000003772e-01,3.199784449775219173e+02,3.110640295970952138e+02,1.443706747750754538e+01,3.267531054163177942e+02,8.296593145937142921e+00,3.092907169402839145e+02,1.747785361536547910e+01
-5.994367499999597726e-04,9.201521825000003041e-01,3.154489682615698030e+02,2.963321932998951524e+02,1.443739002937156712e+01,3.155266076625985079e+02,8.297955637399256901e+00,2.946370375044244270e+02,1.759354939084311198e+01
-5.994367499999597726e-04,1.223019870000000342e+00,3.098493145649896405e+02,2.787391295967390761e+02,1.443743238623190450e+01,3.022979306438937783e+02,8.301135605570554077e+00,2.771014707789108229e+02,1.770273775159246554e+01
-5.994367499999597726e-04,1.525887557500000380e+00,3.038935821073245620e+02,2.614152920671622269e+02,1.443719193350172958e+01,2.883277127990859299e+02,8.304798113364300960e+00,2.588841961032859444e+02,1.763932340113387554e+01
-5.994367499999597726e-04,1.828755245000000418e+00,2.984977550596308333e+02,2.470572847050498240e+02,1.443705497846286612e+01,2.750634914261263475e+02,8.306679759758415216e+00,2.429241178228917875e+02,1.751234936496157601e+01
-5.994367499999597726e-04,2.131622932500000456e+00,2.947797175283998286e+02,2.368790438675787300e+02,1.443712280706725437e+01,2.642817285252222064e+02,8.305606410584427834e+00,2.315323888313396878e+02,1.742944098507599904e+01
-5.994367499999597726e-04,2.434490620000000050e+00,2.940592535555577456e+02,2.310801075772033073e+02,1.443717452681331537e+01,2.581029453528590238e+02,8.303039452597833048e+00,2.256957579086350734e+02,1.733842215237286766e+01
-5.994367499999597726e-04,2.737358307500000087e+00,2.978580471184658904e+02,2.306333069493994117e+02,1.443696192355522179e+01,2.587520793528037757e+02,8.303254041449585898e+00,2.259983642666532546e+02,1.723977892596545658e+01
-5.994367499999597726e-04,3.040225995000000125e+00,3.078996821299203930e+02,2.384330663327127695e+02,1.443699412345870847e+01,2.680758061605065450e+02,8.311988741007743542e+00,2.338054160116570301e+02,1.717807654458472655e+01
-5.994367499999597726e-04,3.343093682500000163e+00,3.261096424381526049e+02,2.576674240218708292e+02,1.443890990793143381e+01,2.869829692658113345e+02,8.331433646615456823e+00,2.508185429382751295e+02,1.728050979846780777e+01
-5.994367499999597726e-04,3.645961370000000201e+00,3.546182525376473222e+02,2.873397798518417403e+02,1.444293109553136389e+01,3.150517100245906477e+02,8.352055516823496006e+00,2.771921085560699112e+02,1.757166759929632960e+01
3.036580567291666810e-01,-3.622863129999999821e+00,4.341875021673998845e+02,3.388420071277068928e+02,1.444287528840426837e+01,3.903596474987771217e+02,8.352432694664939206e+00,3.309242363582894200e+02,1.676259547235296665e+01
3.036580567291666810e-01,-3.319995442499999783e+00,4.074981978666328359e+02,3.136346951595041901e+02,1.443886001751914172e+01,3.611691730301572534e+02,8.330655466580914492e+00,3.060532648796611284e+02,1.664673353032361547e+01
3.036580567291666810e-01,-3.017127754999999745e+00,3.888225709781435171e+02,2.977732260738266632e+02,1.443712518063907346e+01,3.407486147788313247e+02,8.311607105475854240e+00,2.900662915026228461e+02,1.672739133194091821e+01
3.036580567291666810e-01,-2.714260067499999707e+00,3.762505803628653780e+02,2.907905951804714277e+02,1.443718945242805951e+01,3.296433921787483996e+02,8.303446428588522110e+00,2.833559484465203013e+02,1.690965564273271582e+01
3.036580567291666810e-01,-2.411392379999999669e+00,3.680740848171677726e+02,2.901480365077732131e+02,1.443741999828845302e+01,3.268823080982365354e+02,8.303093723264835191e+00,2.837201243631194529e+02,1.709515844909328663e+01
3.036580567291666810e-01,-2.108524692500000075e+00,3.627869274751848252e+02,2.941556553895352408e+02,1.443725032067096770e+01,3.303843799011547162e+02,8.305024303919047668e+00,2.887968190103305233e+02,1.721457246682788522e+01
3.036580567291666810e-01,-1.805657005000000037e+00,3.590846780907619973e+02,3.022221916561829858e+02,1.443716557203884676e+01,3.375115319326941972e+02,8.305617808967795668e+00,2.975376937793081993e+02,1.722777642869287718e+01
3.036580567291666810e-01,-1.502789317499999999e+00,3.558643606340439760e+02,3.133339446281315759e+02,1.443722762246501468e+01,3.455687768432671874e+02,8.303799006655419035e+00,3.094092696613997191e+02,1.725936822300501916e+01
3.036580567291666810e-01,-1.199921629999999961e+00,3.522256201690707371e+02,3.249170028962544166e+02,1.443739081375225553e+01,3.521522969532879870e+02,8.300667018917453177e+00,3.225690198778885360e+02,1.737595285778195731e+01
3.036580567291666810e-01,-8.970539424999999234e-01,3.474700016953169666e+02,3.333869007749599405e+02,1.443727191044704306e+01,3.553550744008298352e+02,8.298120267597663968e+00,3.332755633302725755e+02,1.754643092465606102e+01
3.036580567291666810e-01,-5.941862549999999965e-01,3.411009501476922310e+02,3.358193140620132908e+02,1.443704129408343029e+01,3.538900576146452295e+02,8.297080174533295605e+00,3.373890487576589976e+02,1.772488678498776693e+01
3.036580567291666810e-01,-2.913185675000000141e-01,3.328238103965413757e+02,3.311401444346411154e+02,1.443681118026854904e+01,3.471675567877946378e+02,8.296968322425353648e+00,3.326638284871799556e+02,1.776771757136203433e+01
3.036580567291666810e-01,1.154912000000041239e-02,3.225458272476440698e+02,3.198968273290665820e+02,1.443671183641109046e+01,3.353097272208465256e+02,8.296724727741883854e+00,3.197656528637423889e+02,1.764741527808603649e+01
3.036580567291666810e-01,3.144168075000003948e-01,3.103761454422148063e+02,3.031801429250044748e+02,1.443691081295435552e+01,3.190620082236205235e+02,8.296059087037146895e+00,3.011856894987487294e+02,1.753585037178558537e+01
3.036580567291666810e-01,6.172844950000003772e-01,2.966258096569033000e+02,2.820050326993223280e+02,1.443720019421260048e+01,2.995981802041169431e+02,8.295797699779894785e+00,2.792515085941875554e+02,1.754214724917224189e+01
3.036580567291666810e-01,9.201521825000003041e-01,2.818076566685909938e+02,2.577179223786806688e+02,1.443746171111843069e+01,2.782857457179616176e+02,8.297148451142401626e+00,2.552453251650183574e+02,1.764865773539030513e+01
3.036580567291666810e-01,1.223019870000000342e+00,2.666371900542180242e+02,2.326610776272136718e+02,1.443743580670836479e+01,2.565210484971039477e+02,8.300391552029358522e+00,2.302899514718073988e+02,1.769881048547880553e+01
3.036580567291666810e-01,1.525887557500000380e+00,2.520313503043304593e+02,2.099162065542768687e+02,1.443722503999328843e+01,2.357129763457478475e+02,8.304098161214060525e+00,2.065548930207099829e+02,1.756870772903879541e+01
3.036580567291666810e-01,1.828755245000000418e+00,2.391089683632486071e+02,1.919996062552090734e+02,1.443714703182149250e+01,2.173975221018208686e+02,8.305972803646870517e+00,1.870024324148259893e+02,1.740759672425875593e+01
3.036580567291666810e-01,2.131622932500000456e+00,2.291907751107279125e+02,1.797918210861971602e+02,1.443728584319015518e+01,2.033626719861676975e+02,8.304912614795616932e+00,1.738696465594592269e+02,1.734817311962615705e+01
3.036580567291666810e-01,2.434490620000000050e+00,2.237994013619586156e+02,1.731050885727163404e+02,1.443725452938682530e+01,1.956264698566474181e+02,8.302477935182878355e+00,1.678438493814303456e+02,1.734499950611114727e+01
3.036580567291666810e-01,2.737358307500000087e+00,2.246593778675660928e+02,1.726760507323779166e+02,1.443697378322319302e+01,1.961751444541114324e+02,8.302924065782038454e+00,1.690128279667940205e+02,1.737617331551343725e+01
3.036580567291666810e-01,3.040225995000000125e+00,2.336971353136106302e+02,1.814381978739402257e+02,1.443698844779732404e+01,2.065035324020609551e+02,8.311835197836074940e+00,1.782568998344985971e+02,1.743585894703473826e+01
3.036580567291666810e-01,3.343093682500000163e+00,2.530410043215873941e+02,2.027481088819913566e+02,1.443900986959594590e+01,2.271298574850607110e+02,8.331348836839465477e+00,1.970690276818893381e+02,1.760348558879713821e+01
3.036580567291666810e-01,3.645961370000000201e+00,2.850247490744368406e+02,2.355066172089427710e+02,1.444305523059478169e+01,2.573041017273371835e+02,8.352209031096231584e+00,2.257931376138334940e+02,1.788799561930373372e+01
6.079155502083333218e-01,-3.622863129999999821e+00,5.268631261587694325e+02,4.102336362753994763e+02,1.444280654616568249e+01,4.687790078715534037e+02,8.355131802601354352e+00,4.013722075205736246e+02,1.668146669261779635e+01
6.079155502083333218e-01,-3.319995442499999783e+00,4.990049308269337871e+02,3.857434865130344406e+02,1.443886111715328724e+01,4.402374829332784429e+02,8.333294516122622397e+00,3.771921321514456054e+02,1.658213740022180716e+01
6.079155502083333218e-01,-3.017127754999999745e+00,4.772419594028971233e+02,3.695179037416819483e+02,1.443721802755416306e+01,4.189786072772039915e+02,8.314036465810671572e+00,3.608683257291891664e+02,1.666713319491070422e+01
6.079155502083333218e-01,-2.714260067499999707e+00,4.598670175208574733e+02,3.613357045452576131e+02,1.443735932951334355e+01,4.056197733449425868e+02,8.305346658068531340e+00,3.531092112237085985e+02,1.683027271508312595e+01
6.079155502083333218e-01,-2.411392379999999669e+00,4.453748107504482050e+02,3.587500428135390393e+02,1.443758414554390335e+01,3.991793148413489689e+02,8.304149290663461969e+00,3.518071010304977335e+02,1.697809821417575904e+01
6.079155502083333218e-01,-2.108524692500000075e+00,4.324619693667149818e+02,3.598288612961769104e+02,1.443742061238260810e+01,3.974747506009816789e+02,8.305165892048215426e+00,3.543933838630235869e+02,1.709132348041186589e+01
6.079155502083333218e-01,-1.805657005000000037e+00,4.200267653611394962e+02,3.633630735892220400e+02,1.443716036018002313e+01,3.977284637542888959e+02,8.305107392566815960e+00,3.591748788019456811e+02,1.717466951998770952e+01
6.079155502083333218e-01,-1.502789317499999999e+00,4.071693978521467443e+02,3.675587572139920667e+02,1.443714693481144451e+01,3.971658200236652192e+02,8.303074650042397309e+00,3.646129021310491680e+02,1.732273586801322196e+01
6.079155502083333218e-01,-1.199921629999999961e+00,3.931923586770407155e+02,3.693227971833548509e+02,1.443727694123465355e+01,3.934660013573238757e+02,8.300088823264367477e+00,3.680117125322115044e+02,1.750428121043579921e+01
6.079155502083333218e-01,-8.970539424999999234e-01,3.776000396085599959e+02,3.652204098613001406e+02,1.443729646368681507e+01,3.850279555328270362e+02,8.297820784819982975e+00,3.656496544356112963e+02,1.761843186218023050e+01
6.079155502083333218e-01,-5.941862549999999965e-01,3.600987323548787913e+02,3.532674667349783704e+02,1.443718480154871564e+01,3.710794466005800132e+02,8.296992781958756780e+00,3.546048717949854563e+02,1.766717160513174889e+01
6.079155502083333218e-01,-2.913185675000000141e-01,3.405966285596055059e+02,3.338436428804416209e+02,1.443707259044298219e+01,3.516663160696875821e+02,8.296948001709646192e+00,3.345823209410440313e+02,1.763975438848709132e+01
6.079155502083333218e-01,1.154912000000041239e-02,3.192038198017839363e+02,3.089371864980785176e+02,1.443707858593779925e+01,3.275396497004630874e+02,8.296633964501083369e+00,3.079747454551032320e+02,1.758022288815725886e+01
6.079155502083333218e-01,3.144168075000003948e-01,2.962322975958930442e+02,2.806032631731359288e+02,1.443719374677498912e+01,2.999540616833803597e+02,8.295775559079125117e+00,2.780911567057679576e+02,1.759348068013904864e+01
6.079155502083333218e-01,6.172844950000003772e-01,2.721959533918460465e+02,2.501917323305970058e+02,1.443733778088691899e+01,2.704189783778138576e+02,8.295204868372346496e+00,2.472196683177572822e+02,1.766878165118284372e+01
6.079155502083333218e-01,9.201521825000003041e-01,2.478107435417923057e+02,2.189217175543308258e+02,1.443741320087786306e+01,2.404834159106906100e+02,8.296179794712042366e+00,2.162875030290878158e+02,1.774027784713488387e+01
6.079155502083333218e-01,1.223019870000000342e+00,2.239948760851119118e+02,1.888324177953181788e+02,1.443732778224804747e+01,2.116392791112252780e+02,8.299106784126282221e+00,1.861847463623679459e+02,1.770921216220851235e+01
6.079155502083333218e-01,1.525887557500000380e+00,2.018681320014713663e+02,1.627118239687988535e+02,1.443720107846224998e+01,1.853737342931972307e+02,8.302703649501884442e+00,1.590119028228040747e+02,1.754146041258371369e+01
6.079155502083333218e-01,1.828755245000000418e+00,1.827521890084552751e+02,1.428144581631058827e+02,1.443719661354799655e+01,1.633084293403662741e+02,8.304757907355693192e+00,1.376486024028924362e+02,1.741751359235734853e+01
6.079155502083333218e-01,2.131622932500000456e+00,1.681706247590829264e+02,1.297594862719997764e+02,1.443735814442940502e+01,1.472897779361528592e+02,8.304160992740039049e+00,1.241242510077480574e+02,1.744450956915825302e+01
6.079155502083333218e-01,2.434490620000000050e+00,1.598489168418088298e+02,1.231397539605386555e+02,1.443746072105239442e+01,1.392956919734097028e+02,8.302386534157335518e+00,1.188185962171099845e+02,1.753945912213577785e+01
6.079155502083333218e-01,2.737358307500000087e+00,1.597144427805223188e+02,1.236213429212803021e+02,1.443698916465356064e+01,1.411127011404496443e+02,8.303512243995369246e+00,1.214867726546276003e+02,1.764483760877205398e+01
6.079155502083333218e-01,3.040225995000000125e+00,1.698964800345477499e+02,1.342417775201611221e+02,1.443686657691646857e+01,1.538700089531057529e+02,8.312921195086609316e+00,1.327276493732472318e+02,1.772366481114634240e+01
6.079155502083333218e-01,3.343093682500000163e+00,1.927262059986444456e+02,1.584494725068798289e+02,1.443900884372168569e+01,1.776186882122437964e+02,8.332755493468360086e+00,1.538912055403949353e+02,1.783877512900227913e+01
6.079155502083333218e-01,3.645961370000000201e+00,2.307408720322455622e+02,1.948734934451640584e+02,1.444328193534376048e+01,2.111538823671999126e+02,8.354116877052119250e+00,1.853795978910812892e+02,1.801573822350097132e+01
9.121730436874999626e-01,-3.622863129999999821e+00,6.276171623987656858e+02,4.892775200860342011e+02,1.444263231117751189e+01,5.549472064306810353e+02,8.359510910534494244e+00,4.799512011776070608e+02,1.678074203142377741e+01
9.121730436874999626e-01,-3.319995442499999783e+00,5.966632330677266509e+02,4.639207469060784206e+02,1.443852796346480361e+01,5.266133739573015191e+02,8.337652443315587192e+00,4.549978309416590037e+02,1.664669855093093886e+01
9.121730436874999626e-01,-3.017127754999999745e+00,5.700898650229925124e+02,4.460330663757049479e+02,1.443688190387320525e+01,5.036400670436050859e+02,8.318110560285500554e+00,4.370781133062079107e+02,1.667333341301911886e+01
9.121730436874999626e-01,-2.714260067499999707e+00,5.463927106720256006e+02,4.358040953636227641e+02,1.443719740635446946e+01,4.866674082305744378e+02,8.308786081692534964e+00,4.274182696156280485e+02,1.678590121076174313e+01
9.121730436874999626e-01,-2.411392379999999669e+00,5.242693223577227855e+02,4.305268192796502262e+02,1.443757242371764349e+01,4.747449640488284786e+02,8.306735224026668973e+00,4.237357553508686010e+02,1.690337385776237866e+01
9.121730436874999626e-01,-2.108524692500000075e+00,5.026191284759657378e+02,4.274880691702128388e+02,1.443747811175346918e+01,4.657335500646813671e+02,8.306925768814410915e+00,4.226741699866509521e+02,1.702501075591977653e+01
9.121730436874999626e-01,-1.805657005000000037e+00,4.805431433277500446e+02,4.245506611550226808e+02,1.443715520734569857e+01,4.569476527374636134e+02,8.306269731214808161e+00,4.214449210355759874e+02,1.716456764357037557e+01
9.121730436874999626e-01,-1.502789317499999999e+00,4.573446901279793337e+02,4.193052219377714209e+02,1.443706906838071724e+01,4.458087836931972561e+02,8.303931806373137547e+00,4.175996895662449333e+02,1.738159209467040967e+01
9.121730436874999626e-01,-1.199921629999999961e+00,4.325291074872214949e+02,4.087221983002964407e+02,1.443716192256406217e+01,4.303407100290505696e+02,8.300879785176549674e+00,4.082889916796061698e+02,1.757316717400260586e+01
9.121730436874999626e-01,-8.970539424999999234e-01,4.058036339514795259e+02,3.902202764679677784e+02,1.443725121271103085e+01,4.094381548469336849e+02,8.298697798393408931e+00,3.907506897395119267e+02,1.760203501292554762e+01
9.121730436874999626e-01,-5.941862549999999965e-01,3.770774080021911914e+02,3.632458309285575524e+02,1.443728865848386000e+01,3.829216730328826088e+02,8.298044377425306095e+00,3.639391456365813724e+02,1.753115884407302971e+01
9.121730436874999626e-01,-2.913185675000000141e-01,3.464614680562294211e+02,3.297315797463525087e+02,1.443731479557781405e+01,3.514276522987534008e+02,8.298200584811150193e+00,3.295706451978879841e+02,1.746196828930113298e+01
9.121730436874999626e-01,1.154912000000041239e-02,3.142687524659019118e+02,2.928569421691354364e+02,1.443734647140125915e+01,3.161883339106398125e+02,8.298000489450220840e+00,2.912991387844759856e+02,1.747796721744929727e+01
9.121730436874999626e-01,3.144168075000003948e-01,2.810140995189514683e+02,2.552213421065825969e+02,1.443742463271842347e+01,2.787611560606915191e+02,8.297021083572085232e+00,2.526122057987721519e+02,1.760278436676837188e+01
9.121730436874999626e-01,6.172844950000003772e-01,2.474142474385558614e+02,2.180948270825902000e+02,1.443740798426468785e+01,2.407804410000521784e+02,8.296031033451427561e+00,2.153030263533708535e+02,1.771678502158904323e+01
9.121730436874999626e-01,9.201521825000003041e-01,2.143883324019751342e+02,1.822493492566281930e+02,1.443727519398403025e+01,2.038097723252258220e+02,8.296422252386292939e+00,1.797918334872986179e+02,1.774358329200550699e+01
9.121730436874999626e-01,1.223019870000000342e+00,1.830572084430681059e+02,1.492105276279617101e+02,1.443707324945824055e+01,1.693431032328280708e+02,8.298891596481890787e+00,1.467352257633521617e+02,1.768327316201138544e+01
9.121730436874999626e-01,1.525887557500000380e+00,1.547434952487398618e+02,1.213691641021287069e+02,1.443702519979669496e+01,1.389311053801361595e+02,8.302412335372858720e+00,1.180859869022218618e+02,1.758864449355840520e+01
9.121730436874999626e-01,1.828755245000000418e+00,1.309717173098388514e+02,1.007306350523140281e+02,1.443709539223445582e+01,1.143279335408194584e+02,8.304833987710699361e+00,9.642702426247882386e+01,1.761511386767632104e+01
9.121730436874999626e-01,2.131622932500000456e+00,1.134682990526486321e+02,8.777361507969908416e+01,1.443738613509169610e+01,9.751517471992588071e+01,8.304928165158251829e+00,8.340419140723054170e+01,1.777279519294137700e+01
9.121730436874999626e-01,2.434490620000000050e+00,1.041615648388877275e+02,8.203634924453217536e+01,1.443735397638073614e+01,9.050139986886733823e+01,8.303969980862987654e+00,7.916390692552499786e+01,1.790288202176572696e+01
9.121730436874999626e-01,2.737358307500000087e+00,1.051817389657094850e+02,8.421559733187314123e+01,1.443675899580389022e+01,9.490821201683866093e+01,8.305827733950295055e+00,8.346368093102205421e+01,1.793829472433844785e+01
9.121730436874999626e-01,3.040225995000000125e+00,1.188609456657023458e+02,9.741773796261986718e+01,1.443656804267816618e+01,1.114806089722524121e+02,8.315745825787418610e+00,9.699076596098797154e+01,1.788856275275854202e+01
9.121730436874999626e-01,3.343093682500000163e+00,1.477332091068897455e+02,1.250531844344804995e+02,1.443883857995132303e+01,1.397289522047030914e+02,8.335959443121051748e+00,1.210879055896444356e+02,1.787006814448588798e+01
9.121730436874999626e-01,3.645961370000000201e+00,1.945393153132350506e+02,1.654117196565493941e+02,1.444339095214492374e+01,1.778780452980372502e+02,8.357920644188130410e+00,1.560243335726527789e+02,1.794725056681963693e+01
1.216430537166666603e+00,-3.622863129999999821e+00,7.345144013573542452e+02,5.740538492315681651e+02,1.444268159698268583e+01,6.472077592058494702e+02,8.364434949008041187e+00,5.644274343308283051e+02,1.679741699305045799e+01
1.216430537166666603e+00,-3.319995442499999783e+00,6.987426273235729468e+02,5.470953842860180885e+02,1.443814053262045860e+01,6.185649003200142033e+02,8.342550331566460642e+00,5.379242348366299211e+02,1.657486605629184595e+01
1.216430537166666603e+00,-3.017127754999999745e+00,6.658405428375867814e+02,5.268119037217984442e+02,1.443628474227290681e+01,5.929788436945746071e+02,8.322874048487300058e+00,5.177279693352417098e+02,1.654197291773351353e+01
1.216430537166666603e+00,-2.714260067499999707e+00,6.345066470801218657e+02,5.136805356951663271e+02,1.443669123243166119e+01,5.710496681466484006e+02,8.313296924734494553e+00,5.054150883936429750e+02,1.667060500448451421e+01
1.216430537166666603e+00,-2.411392379999999669e+00,6.036413391673395381e+02,5.043781475523719564e+02,1.443734992915942428e+01,5.518998663280654000e+02,8.310963015147981636e+00,4.980847219428549693e+02,1.685126602681669894e+01
1.216430537166666603e+00,-2.108524692500000075e+00,5.723468565958806948e+02,4.951663271024008282e+02,1.443742348547587540e+01,5.335952966706236111e+02,8.310872015533220747e+00,4.912098848246154716e+02,1.702762003548805225e+01
1.216430537166666603e+00,-1.805657005000000037e+00,5.399269960481329917e+02,4.831363972926046699e+02,1.443715453529273951e+01,5.138013885103619032e+02,8.309885008524119598e+00,4.809973812562691364e+02,1.718333407635341814e+01
1.216430537166666603e+00,-1.502789317499999999e+00,5.058881537836765574e+02,4.658495242664357647e+02,1.443701028565854827e+01,4.904341086763297426e+02,8.307148255767188516e+00,4.647971702464715236e+02,1.737828251988235451e+01
1.216430537166666603e+00,-1.199921629999999961e+00,4.699385151863437500e+02,4.410941536369500682e+02,1.443705143185164808e+01,4.621247096034276183e+02,8.303729721253567675e+00,4.406191307009002571e+02,1.751923085672926561e+01
1.216430537166666603e+00,-8.970539424999999234e-01,4.319881655754012399e+02,4.076850980528397486e+02,1.443714533189171334e+01,4.284239439833845609e+02,8.301373587569814916e+00,4.073972860346420362e+02,1.748623324962437309e+01
1.216430537166666603e+00,-5.941862549999999965e-01,3.921490902055511469e+02,3.665783492480404675e+02,1.443727231329726024e+01,3.897659949692269947e+02,8.300814648219230207e+00,3.660063829597951894e+02,1.737627032976405417e+01
1.216430537166666603e+00,-2.913185675000000141e-01,3.507351742669302439e+02,3.208986184884561226e+02,1.443735756800604797e+01,3.472645974659108106e+02,8.301234304186467128e+00,3.195824768147688815e+02,1.732402056765998566e+01
1.216430537166666603e+00,1.154912000000041239e-02,3.082622028851104119e+02,2.744621225896989927e+02,1.443740815872273586e+01,3.024294453058773797e+02,8.301231594459318686e+00,2.722563047933925304e+02,1.740409644144468970e+01
1.216430537166666603e+00,3.144168075000003948e-01,2.654478611210985832e+02,2.299424553060671315e+02,1.443743455682760413e+01,2.568906558126295749e+02,8.300169065293058424e+00,2.271718659647468712e+02,1.757812377075056531e+01
1.216430537166666603e+00,6.172844950000003772e-01,2.232117339713365425e+02,1.882776435993146151e+02,1.443731696315565927e+01,2.122119258886696116e+02,8.298790039749452063e+00,1.855176131366766867e+02,1.767519297770841291e+01
1.216430537166666603e+00,9.201521825000003041e-01,1.826761976880387977e+02,1.497168738651089370e+02,1.443708902471546551e+01,1.698489247450247603e+02,8.298693196873690781e+00,1.473290734413207019e+02,1.765932704622855098e+01
1.216430537166666603e+00,1.223019870000000342e+00,1.451646938315816726e+02,1.152633574239443988e+02,1.443689778385878419e+01,1.312555285793164330e+02,8.300872137500510561e+00,1.130955940764501406e+02,1.763725526401202970e+01
1.216430537166666603e+00,1.525887557500000380e+00,1.122026790142263764e+02,8.691386823472566903e+01,1.443683799636351672e+01,9.806486574380869570e+01,8.304472638701113851e+00,8.449166070381545524e+01,1.771004712550140070e+01
1.216430537166666603e+00,1.828755245000000418e+00,8.551752450008557105e+01,6.646575209067668766e+01,1.443706947136822016e+01,7.221111297425341036e+01,8.307301653389762564e+00,6.357914210446654124e+01,1.795327024922082515e+01
1.216430537166666603e+00,2.131622932500000456e+00,6.703850148870678538e+01,5.436488277080934495e+01,1.443734404082791478e+01,5.585627869477457352e+01,8.307956870968517649e+00,5.153445377919058501e+01,1.823268801586613463e+01
1.216430537166666603e+00,2.434490620000000050e+00,5.889678111507262770e+01,5.021947569772601128e+01,1.443706991846180010e+01,5.106328248019144667e+01,8.307527332850542123e+00,4.846385392120322422e+01,1.830730702451331027e+01
1.216430537166666603e+00,2.737358307500000087e+00,6.342543444960050891e+01,5.478914907359285280e+01,1.443627480104661487e+01,5.928513374178396589e+01,8.309743343162093510e+00,5.451092601167590601e+01,1.815791426800845798e+01
1.216430537166666603e+00,3.040225995000000125e+00,8.315943249814297644e+01,7.113707985769724473e+01,1.443598884720266717e+01,8.085496771207181155e+01,8.319837312854273748e+00,7.077198208144920955e+01,1.791962741321943398e+01
1.216430537166666603e+00,3.343093682500000163e+00,1.208356462019874726e+02,1.024890986181562766e+02,1.443853480839673509e+01,1.146970455574628431e+02,8.340258488139003390e+00,9.862329891286367456e+01,1.779968630713121058e+01
1.216430537166666603e+00,3.645961370000000201e+00,1.793984437376650192e+02,1.468576175000052899e+02,1.444360464001819544e+01,1.584078089619451930e+02,8.362782643325665788e+00,1.379376178120682539e+02,1.787748994139163727e+01
1.520688030645833244e+00,-3.622863129999999821e+00,8.458253044225986059e+02,6.636888285668392200e+02,1.444346097627095915e+01,7.439086312465251467e+02,8.368014465343033947e+00,6.541639368551117286e+02,1.658774510306843553e+01
1.520688030645833244e+00,-3.319995442499999783e+00,8.037183072471316336e+02,6.349770456684636883e+02,1.443824884877896153e+01,7.141177898347668815e+02,8.345806384525262800e+00,6.259250961475555641e+02,1.626927374925616121e+01
1.520688030645833244e+00,-3.017127754999999745e+00,7.631739187639344664e+02,6.117316083889745641e+02,1.443593233418123845e+01,6.848339384491828241e+02,8.326232103221927972e+00,6.029313338412646317e+02,1.622609690641707303e+01
1.520688030645833244e+00,-2.714260067499999707e+00,7.230934849269967799e+02,5.944292661091021728e+02,1.443626275213929233e+01,6.565857348454919702e+02,8.317090709024604678e+00,5.867144073579322594e+02,1.646756717496682043e+01
1.520688030645833244e+00,-2.411392379999999669e+00,6.825802516257444950e+02,5.789668371387815569e+02,1.443709832569260421e+01,6.286254478809341890e+02,8.315330474678876982e+00,5.734571412121928233e+02,1.681669391327955765e+01
1.520688030645833244e+00,-2.108524692500000075e+00,6.409392764375016895e+02,5.607772063076845370e+02,1.443738511302744598e+01,5.993804783941968708e+02,8.315662416542352275e+00,5.575885107074474263e+02,1.709722588405055532e+01
1.520688030645833244e+00,-1.805657005000000037e+00,5.976771784979252971e+02,5.367994921852368861e+02,1.443718045483419843e+01,5.670973482097197120e+02,8.314700437327292804e+00,5.350186957798069898e+02,1.723441773994681014e+01
1.520688030645833244e+00,-1.502789317499999999e+00,5.525033760594712930e+02,5.054032964349607937e+02,1.443700142722292767e+01,5.304326086400851636e+02,8.311585071304735450e+00,5.039701274382849761e+02,1.733518297384216211e+01
1.520688030645833244e+00,-1.199921629999999961e+00,5.053289012792354811e+02,4.658672718366142362e+02,1.443699132295153653e+01,4.888175205604493385e+02,8.307648840935886625e+00,4.642124649096190865e+02,1.739622146653362833e+01
1.520688030645833244e+00,-8.970539424999999234e-01,4.562666862497489433e+02,4.185726931452518329e+02,1.443704155815820123e+01,4.425424763607752539e+02,8.304954509898529125e+00,4.165781864681549109e+02,1.735068697989731135e+01
1.520688030645833244e+00,-5.941862549999999965e-01,4.056315629989778131e+02,3.655828099185600877e+02,1.443710903902050369e+01,3.926104244636962903e+02,8.304360627075505263e+00,3.632564746473561854e+02,1.728536004448762498e+01
1.520688030645833244e+00,-2.913185675000000141e-01,3.539402634903228773e+02,3.104796600185800344e+02,1.443718675208210378e+01,3.404623659477783804e+02,8.304927116717731650e+00,3.077964339553599302e+02,1.729269759201366696e+01
1.520688030645833244e+00,1.154912000000041239e-02,3.019114196226200875e+02,2.570364658681210130e+02,1.443720197336051392e+01,2.876854831190830737e+02,8.305036074520469214e+00,2.540076825909471836e+02,1.740965945667122128e+01
1.520688030645833244e+00,3.144168075000003948e-01,2.504655632301404751e+02,2.076570112426998094e+02,1.443726329223533966e+01,2.357964165657767808e+02,8.303923084268395982e+00,2.044492132309650287e+02,1.757286311960972114e+01
1.520688030645833244e+00,6.172844950000003772e-01,2.007251260825898100e+02,1.629611819158308208e+02,1.443716434300845819e+01,1.861621658092581129e+02,8.302375542663599006e+00,1.599056922508987100e+02,1.761901763825819600e+01
1.520688030645833244e+00,9.201521825000003041e-01,1.540157847569807927e+02,1.228611861766548827e+02,1.443690600754881892e+01,1.400773127503625801e+02,8.302146482266238081e+00,1.202997379137786425e+02,1.757468613050812323e+01
1.520688030645833244e+00,1.223019870000000342e+00,1.118635098722455439e+02,8.799072143156081438e+01,1.443683700829976324e+01,9.895519864352354489e+01,8.304350473183063741e+00,8.603009707212618196e+01,1.762196092601022812e+01
1.520688030645833244e+00,1.525887557500000380e+00,7.599659318411961806e+01,6.000472521444316953e+01,1.443682686420801176e+01,6.452592608788745565e+01,8.308120745445345179e+00,5.839395330406625817e+01,1.786708162607424200e+01
1.520688030645833244e+00,1.828755245000000418e+00,4.834525272997958467e+01,4.051112762652337551e+01,1.443710695160329038e+01,3.889952230204744410e+01,8.311149284123139580e+00,3.885414189509816651e+01,1.828992297788831323e+01
1.520688030645833244e+00,2.131622932500000456e+00,3.104160648263709277e+01,2.997968338872306049e+01,1.443735435332148320e+01,2.438251536023290100e+01,8.311915701480833363e+00,2.820391568855006881e+01,1.862431643068447329e+01
1.520688030645833244e+00,2.434490620000000050e+00,2.641967235033878936e+01,2.814897748088696972e+01,1.443692454706663497e+01,2.303578535315273257e+01,8.311434001182863796e+00,2.672139770798298741e+01,1.858693970154879338e+01
1.520688030645833244e+00,2.737358307500000087e+00,3.701536817676623059e+01,3.579709411982912570e+01,1.443588978766420539e+01,3.609266259374317087e+01,8.313422319537934868e+00,3.511203284560201610e+01,1.825168449753226341e+01
1.520688030645833244e+00,3.040225995000000125e+00,6.556651174103598123e+01,5.576328919350635260e+01,1.443570723333661476e+01,6.345233082450886286e+01,8.323263601001103851e+00,5.489193259788720525e+01,1.788519062554491512e+01
1.520688030645833244e+00,3.343093682500000163e+00,1.150128207576995578e+02,9.093558614968787879e+01,1.443875697648037182e+01,1.034674472279589281e+02,8.343773091399128816e+00,8.732101040590163166e+01,1.775135498179756510e+01
1.520688030645833244e+00,3.645961370000000201e+00,1.885022930438930189e+02,1.392261696039931849e+02,1.444444540770437335e+01,1.531445439654748952e+02,8.367022193888196568e+00,1.316677295803896754e+02,1.790184409239515162e+01
1.824945524124999885e+00,-3.622863129999999821e+00,9.600260039006603847e+02,7.582512643502413994e+02,1.444498803790262187e+01,8.435762737960185405e+02,8.369329217595003811e+00,7.494062811475397439e+02,1.642014869175928027e+01
1.824945524124999885e+00,-3.319995442499999783e+00,9.102711374091600192e+02,7.272763495072431397e+02,1.443902557919968821e+01,8.112749676210632970e+02,8.346068436509785471e+00,7.190374116070315722e+02,1.602531619086580150e+01
1.824945524124999885e+00,-3.017127754999999745e+00,8.609755896373881114e+02,6.998739531605679076e+02,1.443609375584793852e+01,7.768928541325649348e+02,8.326549781371120673e+00,6.920793809792596676e+02,1.598017331172131428e+01
1.824945524124999885e+00,-2.714260067499999707e+00,8.112435533125989195e+02,6.763010082540567964e+02,1.443624754508125463e+01,7.409259499091585894e+02,8.318248015470034673e+00,6.697083169401869327e+02,1.633323306420416898e+01
1.824945524124999885e+00,-2.411392379999999669e+00,7.603811210974813548e+02,6.518279864219366573e+02,1.443717080244374174e+01,7.028368989116434022e+02,8.317574307682349399e+00,6.473000210067629041e+02,1.685068273848787612e+01
1.824945524124999885e+00,-2.108524692500000075e+00,7.078961816299676002e+02,6.216337775781285018e+02,1.443755630784080957e+01,6.615391730617666326e+02,8.318765310155596282e+00,6.189079230982121089e+02,1.723093530239142979e+01
1.824945524124999885e+00,-1.805657005000000037e+00,6.534982165708622688e+02,5.833431566514773294e+02,1.443737852883977801e+01,6.160064752827947814e+02,8.318162730487571821e+00,5.811934024068898452e+02,1.733526341586065200e+01
1.824945524124999885e+00,-1.502789317499999999e+00,5.970996151136940853e+02,5.369009859183570370e+02,1.443716959519836252e+01,5.657629043871429531e+02,8.314913562014334403e+00,5.342186591212267786e+02,1.733529399804495341e+01
1.824945524124999885e+00,-1.199921629999999961e+00,5.388142561888231512e+02,4.834138904577121139e+02,1.443713187845902901e+01,5.111049588863861572e+02,8.310583866569745126e+00,4.798978179526349663e+02,1.733694359241219374e+01
1.824945524124999885e+00,-8.970539424999999234e-01,4.789579186620446762e+02,4.245605670715449378e+02,1.443713026198065741e+01,4.530411998150702857e+02,8.307494858535621418e+00,4.205378679445132093e+02,1.731971493695403552e+01
1.824945524124999885e+00,-5.941862549999999965e-01,4.180482813345888076e+02,3.627610052871750668e+02,1.443713241692487692e+01,3.930409962234753039e+02,8.306618845604925028e+00,3.586428216830883571e+02,1.732983158349064468e+01
1.824945524124999885e+00,-2.913185675000000141e-01,3.568049229431204594e+02,3.011920742811635137e+02,1.443707179046434952e+01,3.327254275227842300e+02,8.307005288055623993e+00,2.971636654279522531e+02,1.739113099152854147e+01
1.824945524124999885e+00,1.154912000000041239e-02,2.961493221597395973e+02,2.430042660374892876e+02,1.443706490359578609e+01,2.736181247405665999e+02,8.307025426365520104e+00,2.390717287603847012e+02,1.751089262233007915e+01
1.824945524124999885e+00,3.144168075000003948e-01,2.372048575919814084e+02,1.902211309395497665e+02,1.443710341298588418e+01,2.170300610733811482e+02,8.305954397813165357e+00,1.864159761880006272e+02,1.764202301172743148e+01
1.824945524124999885e+00,6.172844950000003772e-01,1.812968077828157050e+02,1.433992385731544346e+02,1.443714751683407904e+01,1.641026926577887934e+02,8.304614671952281313e+00,1.399342289867217914e+02,1.765935529357393818e+01
1.824945524124999885e+00,9.201521825000003041e-01,1.299542098838963682e+02,1.024605013615218922e+02,1.443716224851012164e+01,1.159840770122145841e+02,8.304715912992531202e+00,9.969421235106034374e+01,1.762822586337062702e+01
1.824945524124999885e+00,1.223019870000000342e+00,8.490550510475075896e+01,6.788325119228102267e+01,1.443707177381277695e+01,7.406184011114601162e+01,8.307231740646036755e+00,6.604702139758677504e+01,1.774606259723420010e+01
1.824945524124999885e+00,1.525887557500000380e+00,4.808181856270605437e+01,4.102375686005689204e+01,1.443719648219573237e+01,4.013518100444889569e+01,8.311119864031340398e+00,3.990477991680268133e+01,1.808919392164427364e+01
1.824945524124999885e+00,1.828755245000000418e+00,2.161621506840296547e+01,2.327748339611571282e+01,1.443741075770987514e+01,1.640041289138389402e+01,8.313972515106048178e+00,2.225007935379380797e+01,1.856745256412904510e+01
1.824945524124999885e+00,2.131622932500000456e+00,7.843659367917243941e+00,1.513897559419274330e+01,1.443760041599394484e+01,5.174067269226725330e+00,8.314294514933449065e+00,1.369810510403328863e+01,1.885949654006819642e+01
1.824945524124999885e+00,2.434490620000000050e+00,9.301016142759557681e+00,1.646969532652292401e+01,1.443710466293331152e+01,8.381415994565941219e+00,8.313194099523311564e+00,1.477929777239683062e+01,1.871029364109199022e+01
1.824945524124999885e+00,2.737358307500000087e+00,2.872705000987556190e+01,2.794861902284901589e+01,1.443590109719061232e+01,2.695681686852367420e+01,8.314537148584959070e+00,2.658130908696506367e+01,1.828398986332140197e+01
1.824945524124999885e+00,3.040225995000000125e+00,6.906242552164589199e+01,5.195826296578161418e+01,1.443594847778956236e+01,6.037526964395874529e+01,8.324030398185151114e+00,5.070719196490921377e+01,1.790254611022775322e+01
1.824945524124999885e+00,3.343093682500000163e+00,1.334497071658861671e+02,9.090172902261838317e+01,1.443946429885439464e+01,1.065156376755558085e+02,8.344975450861243260e+00,8.807408274855777108e+01,1.781248472287789042e+01
1.824945524124999885e+00,3.645961370000000201e+00,2.252405698883747789e+02,1.428533968428382650e+02,1.444583891137679821e+01,1.619432760127137954e+02,8.369634180070530505e+00,1.373881930460663625e+02,1.801527930329724470e+01
2.129203017604166526e+00,-3.622863129999999821e+00,1.075798303015799547e+03,8.576789056253546732e+02,1.444606794543213368e+01,9.450642981435703405e+02,8.369924764005784112e+00,8.490776061646650987e+02,1.647042223250611315e+01
2.129203017604166526e+00,-3.319995442499999783e+00,1.017287653298513646e+03,8.226440144903026521e+02,1.443953194641229310e+01,9.083058830725112784e+02,8.344585846065349699e+00,8.150011553804464484e+02,1.600272956107519562e+01
2.129203017604166526e+00,-3.017127754999999745e+00,9.583368232113988370e+02,7.887031997280719224e+02,1.443617359548597712e+01,8.670810183398134541e+02,8.324481025182892679e+00,7.817829591243579443e+02,1.589471462363176890e+01
2.129203017604166526e+00,-2.714260067499999707e+00,8.982528522549741865e+02,7.559370215940871276e+02,1.443621562205847297e+01,8.219831147962631803e+02,8.316600821550327538e+00,7.502529374826422099e+02,1.624279886406750251e+01
2.129203017604166526e+00,-2.411392379999999669e+00,8.365446798651923928e+02,7.194297273477423005e+02,1.443721711491175164e+01,7.727909017938163743e+02,8.316711706556072059e+00,7.154413616843244199e+02,1.679904626822454716e+01
2.129203017604166526e+00,-2.108524692500000075e+00,7.729230367205166203e+02,6.748016207108157687e+02,1.443767951795903670e+01,7.189761213332776606e+02,8.318684698214172002e+00,6.718766371147138443e+02,1.720192386403170914e+01
2.129203017604166526e+00,-1.805657005000000037e+00,7.073003070787768820e+02,6.210439275510725565e+02,1.443752350759417880e+01,6.602662126434388483e+02,8.318691954808716815e+00,6.178473288680380620e+02,1.727580329748334620e+01
2.129203017604166526e+00,-1.502789317499999999e+00,6.397918000227733728e+02,5.600500318497652188e+02,1.443734382630758795e+01,5.970231634421234048e+02,8.315749790704460409e+00,5.557028927038136317e+02,1.723211816325845902e+01
2.129203017604166526e+00,-1.199921629999999961e+00,5.707142412561308902e+02,4.946374816250754520e+02,1.443738405968474403e+01,5.303216896084359178e+02,8.311343332427274078e+00,4.892642000598543746e+02,1.723642597697822154e+01
2.129203017604166526e+00,-8.970539424999999234e-01,5.005862564179082597e+02,4.272030546907335520e+02,1.443740895669665747e+01,4.617591743448174384e+02,8.307822742131653726e+00,4.214994802893462520e+02,1.727599617036705482e+01
2.129203017604166526e+00,-5.941862549999999965e-01,4.301283710825996422e+02,3.597241878169588745e+02,1.443734721485419747e+01,3.931314041868517961e+02,8.306312142278759580e+00,3.542571836215628309e+02,1.734916150533132750e+01
2.129203017604166526e+00,-2.913185675000000141e-01,3.602630107601340796e+02,2.942936901650391519e+02,1.443722588944942231e+01,3.261285048842964898e+02,8.306113826680306289e+00,2.892352428790160275e+02,1.743037279197533707e+01
2.129203017604166526e+00,1.154912000000041239e-02,2.921145008958756080e+02,2.331371491269674152e+02,1.443710327393452886e+01,2.621602736352251668e+02,8.305873829807461917e+00,2.284560552256292567e+02,1.753283052629640437e+01
2.129203017604166526e+00,3.144168075000003948e-01,2.270090668706235704e+02,1.780088607775978744e+02,1.443729227890142930e+01,2.023502859308773623e+02,8.305019732312747038e+00,1.737476885764605186e+02,1.766099597935868104e+01
2.129203017604166526e+00,6.172844950000003772e-01,1.664748340006117360e+02,1.297470591949531808e+02,1.443737122440535714e+01,1.476773755507310852e+02,8.304295793165858086e+00,1.261314216559730426e+02,1.772695718585206137e+01
2.129203017604166526e+00,9.201521825000003041e-01,1.122442602619790080e+02,8.860962075483985245e+01,1.443735027367917212e+01,9.920166990045072453e+01,8.305126769357523031e+00,8.594670931873849895e+01,1.778155551523229505e+01
2.129203017604166526e+00,1.223019870000000342e+00,6.624819898688618025e+01,5.507308795908465981e+01,1.443745082503667909e+01,5.828553874612043728e+01,8.308129275202151831e+00,5.347949826409399066e+01,1.796894844118952150e+01
2.129203017604166526e+00,1.525887557500000380e+00,3.062060687237021028e+01,3.019226955971680582e+01,1.443736417154607210e+01,2.670666199622974091e+01,8.312004710949102204e+00,2.932048264316642872e+01,1.831090075419766094e+01
2.129203017604166526e+00,1.828755245000000418e+00,7.697395502335867334e+00,1.510283268848434091e+01,1.443755711064540925e+01,6.572799755662344978e+00,8.314322861468822268e+00,1.419545425418948525e+01,1.869899432083928303e+01
2.129203017604166526e+00,2.131622932500000456e+00,1.637639612295881467e-02,1.029957287490833551e+01,1.443765040600454519e+01,0.000000000000000000e+00,8.313792651410331302e+00,8.727264613044098951e+00,1.885979298678199712e+01
2.129203017604166526e+00,2.434490620000000050e+00,1.031726100850621286e+01,1.572004717006348073e+01,1.443701537817979208e+01,8.604469600162701681e+00,8.311814505701965672e+00,1.358260847641156488e+01,1.862771925635743386e+01
2.129203017604166526e+00,2.737358307500000087e+00,4.154166072969538703e+01,3.179116772778797895e+01,1.443587362785672568e+01,3.295179605275825452e+01,8.312576992109217855e+00,2.980372189582124065e+01,1.821372697043792854e+01
2.129203017604166526e+00,3.040225995000000125e+00,9.683308688533517739e+01,6.020482579630333930e+01,1.443604631668019955e+01,7.215811766660772264e+01,8.322242395265226023e+00,5.865662352252951450e+01,1.789395615029590303e+01
2.129203017604166526e+00,3.343093682500000163e+00,1.795369507365053039e+02,1.027721590786240995e+02,1.444006033117685739e+01,1.238106374657791093e+02,8.344590090963922790e+00,1.006593412568678332e+02,1.783900926613009474e+01
2.129203017604166526e+00,3.645961370000000201e+00,2.932086518456638942e+02,1.580387553513282910e+02,1.444686655039487100e+01,1.842710189465942676e+02,8.371792980114307170e+00,1.543293328487544045e+02,1.801894479232096913e+01
2.433460511083333166e+00,-3.622863129999999821e+00,1.192029675910373044e+03,9.605899660665018018e+02,1.444524889626218567e+01,1.047517243790029170e+03,8.373643553057382505e+00,9.502433422543294910e+02,1.657558020942811794e+01
2.433460511083333166e+00,-3.319995442499999783e+00,1.123860061322144929e+03,9.182825016626738943e+02,1.443843916557842277e+01,1.003912797089237756e+03,8.345120733078974951e+00,9.092798831978801672e+02,1.601440387727447856e+01
2.433460511083333166e+00,-3.017127754999999745e+00,1.054554558157515885e+03,8.745091270853299648e+02,1.443503282702611479e+01,9.538718602672342968e+02,8.323136712643545820e+00,8.666403891254067275e+02,1.577698735602022140e+01
2.433460511083333166e+00,-2.714260067499999707e+00,9.836230526902671727e+02,8.295151537184137851e+02,1.443531003765304632e+01,8.983030196821428035e+02,8.314420728393498550e+00,8.231723739579649646e+02,1.600190776115606539e+01
2.433460511083333166e+00,-2.411392379999999669e+00,9.107773311296175507e+02,7.787380975277046673e+02,1.443656964134042298e+01,8.374269053424050071e+02,8.314332854367044945e+00,7.740354069664823555e+02,1.645536558790492521e+01
2.433460511083333166e+00,-2.108524692500000075e+00,8.359309771744838145e+02,7.187229405207908712e+02,1.443718294884632769e+01,7.712876995425085624e+02,8.316652919132126343e+00,7.147088433943049495e+02,1.679163821554880442e+01
2.433460511083333166e+00,-1.805657005000000037e+00,7.591993177516000060e+02,6.500242992817657068e+02,1.443710079927283196e+01,7.002706313818853232e+02,8.317439442749378742e+00,6.453393398685976763e+02,1.683658144288193625e+01
2.433460511083333166e+00,-1.502789317499999999e+00,6.809005307812365118e+02,5.762974306927062571e+02,1.443704384870304658e+01,6.253934629408695400e+02,8.315272110653266324e+00,5.703528527779908472e+02,1.680930425000221007e+01
2.433460511083333166e+00,-1.199921629999999961e+00,6.015541887402811199e+02,5.015710244697984308e+02,1.443727177673689077e+01,5.482837642982103716e+02,8.311112422756188778e+00,4.948564668895623413e+02,1.687608575827439239e+01
2.433460511083333166e+00,-8.970539424999999234e-01,5.218817640410574086e+02,4.283414966066484340e+02,1.443750524092821585e+01,4.709124910300542979e+02,8.307119306252994662e+00,4.217193881188102296e+02,1.699804803358476590e+01
2.433460511083333166e+00,-5.941862549999999965e-01,4.428066290313234958e+02,3.576314359594834968e+02,1.443754426239093291e+01,3.952476216505201592e+02,8.304690288902470741e+00,3.515769998040395876e+02,1.712962369414561437e+01
2.433460511083333166e+00,-2.913185675000000141e-01,3.654540559942726077e+02,2.901987801070208661e+02,1.443732615446044676e+01,3.229888355177045014e+02,8.303659327945036139e+00,2.847230509207956288e+02,1.722045584545050900e+01
2.433460511083333166e+00,1.154912000000041239e-02,2.911512171485326235e+02,2.273783204211504199e+02,1.443715107901217820e+01,2.554716120606299228e+02,8.303131284166314074e+00,2.224368082435960332e+02,1.731774609274205545e+01
2.433460511083333166e+00,3.144168075000003948e-01,2.214271846481671275e+02,1.708699275059625506e+02,1.443724742551224871e+01,1.937409763236701110e+02,8.302675966188502343e+00,1.666395972094112494e+02,1.749382879415109215e+01
2.433460511083333166e+00,6.172844950000003772e-01,1.580129305826738459e+02,1.220274264707695693e+02,1.443728937682163505e+01,1.387346735908558912e+02,8.302822059952328360e+00,1.188056812641753481e+02,1.768507458148697964e+01
2.433460511083333166e+00,9.201521825000003041e-01,1.028443940025200192e+02,8.157569779473124072e+01,1.443730780591323892e+01,9.149393636121749296e+01,8.304558702097549983e+00,7.951425099089999549e+01,1.788428926858968993e+01
2.433460511083333166e+00,1.223019870000000342e+00,5.805478189453884141e+01,4.999777854073909111e+01,1.443698629650707055e+01,5.332331003238869016e+01,8.308053399530146876e+00,4.891669388034631538e+01,1.813400888952534729e+01
2.433460511083333166e+00,1.525887557500000380e+00,2.598088075359466131e+01,2.799991077158483677e+01,1.443696725601927611e+01,2.583325829694695130e+01,8.311750701970188615e+00,2.735831257382074000e+01,1.839384646879957330e+01
2.433460511083333166e+00,1.828755245000000418e+00,9.161448936856411152e+00,1.643134020018624142e+01,1.443711480914556056e+01,1.081883716059383005e+01,8.313301576329431342e+00,1.549670325590386710e+01,1.859322292469720139e+01
2.433460511083333166e+00,2.131622932500000456e+00,1.033714473692794300e+01,1.578964735579211265e+01,1.443702290638090169e+01,9.964171135712604155e+00,8.311799330845142109e+00,1.402298518224949930e+01,1.858150494156913268e+01
2.433460511083333166e+00,2.434490620000000050e+00,3.245052638184804294e+01,2.605808067601174116e+01,1.443634167384637834e+01,2.441952504054097517e+01,8.309127432722469564e+00,2.350114773839868576e+01,1.829854851011972272e+01
2.433460511083333166e+00,2.737358307500000087e+00,7.864605203509057674e+01,4.729381292778998613e+01,1.443507913345066740e+01,5.435989563676594116e+01,8.309941320761460304e+00,4.453206488303271726e+01,1.794672372362322221e+01
2.433460511083333166e+00,3.040225995000000125e+00,1.522700797955642713e+02,8.034134890371933579e+01,1.443505264210670269e+01,9.867010319192195311e+01,8.320898211350337803e+00,7.786162791213348555e+01,1.769312157545012809e+01
2.433460511083333166e+00,3.343093682500000163e+00,2.568708676976127663e+02,1.263933187595102936e+02,1.443903578035622282e+01,1.548839867230190066e+02,8.346063861201161060e+00,1.238751481145633306e+02,1.763013386570436580e+01
2.433460511083333166e+00,3.645961370000000201e+00,3.962075874084118823e+02,1.847630592354107648e+02,1.444605007908686645e+01,2.194314676741660151e+02,8.377008166720196769e+00,1.814571947646714420e+02,1.775226205357521891e+01
2.737718004562499807e+00,-3.622863129999999821e+00,1.307813267644837197e+03,1.064039687268203124e+03,1.444325112807380052e+01,1.150037456972713699e+03,8.385986735307673356e+00,1.050537007927234981e+03,1.660200550653948781e+01
2.737718004562499807e+00,-3.319995442499999783e+00,1.229286238805106223e+03,1.010748058530152775e+03,1.443608342755957885e+01,1.097103329241130268e+03,8.353196014988371942e+00,9.984245412408664606e+02,1.591940584097704914e+01
2.737718004562499807e+00,-3.017127754999999745e+00,1.149131404065385141e+03,9.540408838943112642e+02,1.443283649770860855e+01,1.036309887114686717e+03,8.327521801487943520e+00,9.430939819683809446e+02,1.555798059665370658e+01
2.737718004562499807e+00,-2.714260067499999707e+00,1.067061496472720819e+03,8.948361772871576250e+02,1.443362229787226525e+01,9.691573879816023691e+02,8.316251861570252757e+00,8.860440195800298397e+02,1.567140805245902868e+01
2.737718004562499807e+00,-2.411392379999999669e+00,9.829911490095946647e+02,8.293292823234805837e+02,1.443535732909177050e+01,8.964437470989278154e+02,8.314797525586506310e+00,8.227663535430233424e+02,1.602020288815360161e+01
2.737718004562499807e+00,-2.108524692500000075e+00,8.970368093753029370e+02,7.550293769537238404e+02,1.443621496952042271e+01,8.187524045753198152e+02,8.316972758954905842e+00,7.494569134600285452e+02,1.627694362184844223e+01
2.737718004562499807e+00,-1.805657005000000037e+00,8.095167872373613136e+02,6.736525723973754793e+02,1.443619357605566300e+01,7.369383416814762313e+02,8.318581483372488705e+00,6.675462032830364478e+02,1.628009259907430817e+01
2.737718004562499807e+00,-1.502789317499999999e+00,7.209520783017076155e+02,5.899318109683226794e+02,1.443621497223968397e+01,6.523846148196125796e+02,8.317449315684687150e+00,5.828079501364363750e+02,1.626139496917062388e+01
2.737718004562499807e+00,-1.199921629999999961e+00,6.320651018184940995e+02,5.084386348277330399e+02,1.443662954067089643e+01,5.669557176294465535e+02,8.313723076988974725e+00,5.009932793021896487e+02,1.638885172348163977e+01
2.737718004562499807e+00,-8.970539424999999234e-01,5.437801769733082438e+02,4.313797520310035907e+02,1.443710309734756514e+01,4.827344535993579484e+02,8.309290035871908842e+00,4.245250638069607021e+02,1.660264303073308767e+01
2.737718004562499807e+00,-5.941862549999999965e-01,4.572235228871722370e+02,3.588022303273319267e+02,1.443728639290416105e+01,4.017126134891568654e+02,8.305925134514280828e+00,3.528420793232956498e+02,1.681617309981785624e+01
2.737718004562499807e+00,-2.913185675000000141e-01,3.737232586165432622e+02,2.903712280889740214e+02,1.443709938604474630e+01,3.255857261416003894e+02,8.304097801011316449e+00,2.851070549587556116e+02,1.694654471077767965e+01
2.737718004562499807e+00,1.154912000000041239e-02,2.948094031533134967e+02,2.268256956192490179e+02,1.443693382519278146e+01,2.557136500005344715e+02,8.303359056381147241e+00,2.221734713153066991e+02,1.706366527652958709e+01
2.737718004562499807e+00,3.144168075000003948e-01,2.222138754248103680e+02,1.699792667256260756e+02,1.443686990030622574e+01,1.932160327493929799e+02,8.303340421050727116e+00,1.662279183824826987e+02,1.729991821750016712e+01
2.737718004562499807e+00,6.172844950000003772e-01,1.578704942937958720e+02,1.216845603987458162e+02,1.443686455914871303e+01,1.391233478688936884e+02,8.304304261033630397e+00,1.191656193873300822e+02,1.761261903572091825e+01
2.737718004562499807e+00,9.201521825000003041e-01,1.039187401349088447e+02,8.299754623504122719e+01,1.443667749521084787e+01,9.450823440639396722e+01,8.306806358219887443e+00,8.166716295304917139e+01,1.793358140697088032e+01
2.737718004562499807e+00,1.223019870000000342e+00,6.269411512169363476e+01,5.427227240341017023e+01,1.443631737596528808e+01,6.055271896977137658e+01,8.310595107947419180e+00,5.367025732741916499e+01,1.820135009632128487e+01
2.737718004562499807e+00,1.525887557500000380e+00,3.673623376495993398e+01,3.581729216253734194e+01,1.443583635198822002e+01,3.853369282939274854e+01,8.313924876303838474e+00,3.532814128856239222e+01,1.833094936518066120e+01
2.737718004562499807e+00,1.828755245000000418e+00,2.878670119514071501e+01,2.823743019701214507e+01,1.443582929847593199e+01,2.971980676142084121e+01,8.314657852154530460e+00,2.731113755485205274e+01,1.832874250120832826e+01
2.737718004562499807e+00,2.131622932500000456e+00,4.178902247810391657e+01,3.210528376570437104e+01,1.443588744510126531e+01,3.517820977285555273e+01,8.312435525878317577e+00,3.031812625184386434e+01,1.817974006050766889e+01
2.737718004562499807e+00,2.434490620000000050e+00,7.888860261515236516e+01,4.748497567948652431e+01,1.443509233842192963e+01,5.550630869573251402e+01,8.309754794103200837e+00,4.460114346832347110e+01,1.788983923126995634e+01
2.737718004562499807e+00,2.737358307500000087e+00,1.434327465430240238e+02,7.404633757262490690e+01,1.443351710414924760e+01,9.053626599687231646e+01,8.311799344416343160e+00,7.018766696485778311e+01,1.760584691301698257e+01
2.737718004562499807e+00,3.040225995000000125e+00,2.389706591338916724e+02,1.117681030221283436e+02,1.443310506371649815e+01,1.390933768614977453e+02,8.325650189804216339e+00,1.074918126427742777e+02,1.738706032967980519e+01
2.737718004562499807e+00,3.343093682500000163e+00,3.692534451953631560e+02,1.612887716222903691e+02,1.443683214811995441e+01,1.988999519376102398e+02,8.355272804884396720e+00,1.572392950807541183e+02,1.730263890823443163e+01
2.737718004562499807e+00,3.645961370000000201e+00,5.382440959873686097e+02,2.228873805021867156e+02,1.444405527741521666e+01,2.666889741276536370e+02,8.390843788156729488e+00,2.190881578510981171e+02,1.742251995611228210e+01
3.041975498041666448e+00,-3.622863129999999821e+00,1.422447894197744745e+03,1.164540445325808832e+03,1.444347224330481616e+01,1.251091916765797578e+03,8.413097901634497333e+00,1.150430199360406732e+03,1.660689884855959875e+01
3.041975498041666448e+00,-3.319995442499999783e+00,1.333069733990545274e+03,1.097451425138919149e+03,1.443533193453615837e+01,1.186739574205708777e+03,8.375447895091253869e+00,1.083127044534343895e+03,1.576993985747951932e+01
3.041975498041666448e+00,-3.017127754999999745e+00,1.241775641442751748e+03,1.026111913843196817e+03,1.443187852038160202e+01,1.113671739415567572e+03,8.344249958668045863e+00,1.012442109156164861e+03,1.534479911042629574e+01
3.041975498041666448e+00,-2.714260067499999707e+00,1.148481196374674482e+03,9.526033305901219137e+02,1.443307813173624687e+01,1.034266394716345530e+03,8.328668890329719687e+00,9.413579691702199170e+02,1.547375641569768590e+01
3.041975498041666448e+00,-2.411392379999999669e+00,1.053303878542059465e+03,8.740266654618899338e+02,1.443530937669572900e+01,9.500280413357559155e+02,8.324724043958802611e+00,8.657077633709195652e+02,1.585990418397210000e+01
3.041975498041666448e+00,-2.108524692500000075e+00,9.565630106245054094e+02,7.884644860104308464e+02,1.443636783951693303e+01,8.620204622367145930e+02,8.326146883851777147e+00,7.816515486284461076e+02,1.611430420764008886e+01
3.041975498041666448e+00,-1.805657005000000037e+00,8.587799251021875762e+02,6.979562690144521184e+02,1.443620771233952382e+01,7.713412024766985269e+02,8.328225218004424946e+00,6.907898601785071833e+02,1.605865038277568857e+01
3.041975498041666448e+00,-1.502789317499999999e+00,7.606783844149096012e+02,6.073809803243493661e+02,1.443600303146168251e+01,6.794094684727788263e+02,8.327919596012428372e+00,5.992735143788845562e+02,1.597962461090703634e+01
3.041975498041666448e+00,-1.199921629999999961e+00,6.631836545860879824e+02,5.212447963652666658e+02,1.443632753256984280e+01,5.879873370166051245e+02,8.324577833160574869e+00,5.130293781566724647e+02,1.610549759241895273e+01
3.041975498041666448e+00,-8.970539424999999234e-01,5.674229015745744391e+02,4.414137715762481093e+02,1.443689843747590906e+01,4.990074168937717332e+02,8.319832241879298707e+00,4.341363578575458746e+02,1.639115400680644541e+01
3.041975498041666448e+00,-5.941862549999999965e-01,4.747251912746549465e+02,3.673866918403946329e+02,1.443723122495779343e+01,4.143559528308633162e+02,8.315769310459545594e+00,3.612997000765354301e+02,1.670832755473995945e+01
3.041975498041666448e+00,-2.913185675000000141e-01,3.866214895160509286e+02,2.983194103042624192e+02,1.443713784928087840e+01,3.357349377843929688e+02,8.313347499978064548e+00,2.930415580189367688e+02,1.690615629867648906e+01
3.041975498041666448e+00,1.154912000000041239e-02,3.048446620639185767e+02,2.347444883473144728e+02,1.443697517747151338e+01,2.646397017082763341e+02,8.312424778793706892e+00,2.300525322383706452e+02,1.703716089741312700e+01
3.041975498041666448e+00,3.144168075000003948e-01,2.313294746188494173e+02,1.786146431343804579e+02,1.443686362685288493e+01,2.024073749389881414e+02,8.312661415933883191e+00,1.747647950546480615e+02,1.727560279578337088e+01
3.041975498041666448e+00,6.172844950000003772e-01,1.682125928168694315e+02,1.320198223470943049e+02,1.443685575703072388e+01,1.502647373422387318e+02,8.314132065368356805e+00,1.293149962668875332e+02,1.760991124257163776e+01
3.041975498041666448e+00,9.201521825000003041e-01,1.178370986066327504e+02,9.602426279720384628e+01,1.443652881474039873e+01,1.093328730404919042e+02,8.317069523804160980e+00,9.432320706212152572e+01,1.794360568275125445e+01
3.041975498041666448e+00,1.223019870000000342e+00,8.274073088043350310e+01,7.066840178694110364e+01,1.443596782914134380e+01,8.059431850202054193e+01,8.320902122683289548e+00,6.946969849374960404e+01,1.815201766242351766e+01
3.041975498041666448e+00,1.525887557500000380e+00,6.566593038314455555e+01,5.587307924940250814e+01,1.443576588021044316e+01,6.485421530950770830e+01,8.323818396759856242e+00,5.475330903725722465e+01,1.814054933925277524e+01
3.041975498041666448e+00,1.828755245000000418e+00,6.955714901846289422e+01,5.212615796370664611e+01,1.443580920149304703e+01,6.271391588953520113e+01,8.324049425014028003e+00,5.085936429938817582e+01,1.800189706470283824e+01
3.041975498041666448e+00,2.131622932500000456e+00,9.756073862552055687e+01,6.021129536320222542e+01,1.443609864052978153e+01,7.454044068929761124e+01,8.321894614645799493e+00,5.841134658675093760e+01,1.781267778229605270e+01
3.041975498041666448e+00,2.434490620000000050e+00,1.530249509788843909e+02,8.037220619048457593e+01,1.443504489224237552e+01,1.003916747834409762e+02,8.320468672839608004e+00,7.729496137071453177e+01,1.757576908127406057e+01
3.041975498041666448e+00,2.737358307500000087e+00,2.394999377885564797e+02,1.119809915047371760e+02,1.443306357255547212e+01,1.398691443214211176e+02,8.325410264377049785e+00,1.071203435773319370e+02,1.735926407409268535e+01
3.041975498041666448e+00,3.040225995000000125e+00,3.607377506999736738e+02,1.542660178183577955e+02,1.443229201849454135e+01,1.919153230069805431e+02,8.344005258086482968e+00,1.483486847040666134e+02,1.716087221668821172e+01
3.041975498041666448e+00,3.343093682500000163e+00,5.206923412940078606e+02,2.074220244735479355e+02,1.443614897378571094e+01,2.546247251682452770e+02,8.379508887419252261e+00,2.023798792353003932e+02,1.708970248074195553e+01
3.041975498041666448e+00,3.645961370000000201e+00,7.235305679113814676e+02,2.726985880658030510e+02,1.444413811774068535e+01,3.251653242553229575e+02,8.419711594057476489e+00,2.695822170376387703e+02,1.729824580669454903e+01
3.346232991520833089e+00,-3.622863129999999821e+00,1.535438042465748140e+03,1.259523445434693713e+03,1.445017838129650301e+01,1.347874288925786459e+03,8.455316823713197039e+00,1.250938213683585218e+03,1.699442167183100239e+01
3.346232991520833089e+00,-3.319995442499999783e+00,1.434919766039710566e+03,1.177586432387237437e+03,1.444027186115762973e+01,1.270926701721890822e+03,8.414025310386373135e+00,1.166235804717203109e+03,1.594163721828620872e+01
3.346232991520833089e+00,-3.017127754999999745e+00,1.332401221715458632e+03,1.091642791868769564e+03,1.443574908992768258e+01,1.184887116616189815e+03,8.376808489467871155e+00,1.078681599820346946e+03,1.544854240348926133e+01
3.346232991520833089e+00,-2.714260067499999707e+00,1.228000836086567233e+03,1.005318264941743109e+03,1.443673145152019721e+01,1.093248224961089363e+03,8.355815482152467055e+00,9.936969705430483373e+02,1.567300307963367523e+01
3.346232991520833089e+00,-2.411392379999999669e+00,1.122038935682046485e+03,9.166067494786693715e+02,1.443909119107624583e+01,9.983243361778468170e+02,8.348310099385271243e+00,9.076519534412930170e+02,1.622404472116006602e+01
3.346232991520833089e+00,-2.108524692500000075e+00,1.015037729141721115e+03,8.236266298610134982e+02,1.444006472353328085e+01,9.015977937036368530e+02,8.347932136544887527e+00,8.160198256188461983e+02,1.655436460295850054e+01
3.346232991520833089e+00,-1.805657005000000037e+00,9.077216118303036865e+02,7.278430565316812135e+02,1.443942797877904205e+01,8.041999541908626270e+02,8.349418614733389532e+00,7.194746788957504577e+02,1.642042369634187438e+01
3.346232991520833089e+00,-1.502789317499999999e+00,8.010170618696631664e+02,6.334190515711670741e+02,1.443857783846353016e+01,7.072923767644742838e+02,8.349098620737152032e+00,6.236060091175015714e+02,1.620683586158089540e+01
3.346232991520833089e+00,-1.199921629999999961e+00,6.960521920564793845e+02,5.443691792533500120e+02,1.443840801380556194e+01,6.122397669593083265e+02,8.345769057362577570e+00,5.341660387821925724e+02,1.626319671351736318e+01
3.346232991520833089e+00,-8.970539424999999234e-01,5.941570151228678469e+02,4.623878781689563766e+02,1.443874584675080008e+01,5.206042624760320905e+02,8.340782441000770930e+00,4.531636775183669670e+02,1.658514810106231252e+01
3.346232991520833089e+00,-5.941862549999999965e-01,4.968634437363792244e+02,3.870141967179079074e+02,1.443903455138625347e+01,4.340627109208753609e+02,8.336267631379479681e+00,3.791581760767514879e+02,1.699612106411143131e+01
3.346232991520833089e+00,-2.913185675000000141e-01,4.059052904999988414e+02,3.175142121760291047e+02,1.443907231753777332e+01,3.543321591351377720e+02,8.333392326938277250e+00,3.105229061157386923e+02,1.724542511743140238e+01
3.346232991520833089e+00,1.154912000000041239e-02,3.232182679521466184e+02,2.545177712904405780e+02,1.443897147869030206e+01,2.831216458305661945e+02,8.332212041904595523e+00,2.479425915292703166e+02,1.733747460383137096e+01
3.346232991520833089e+00,3.144168075000003948e-01,2.509399885666784655e+02,2.000067559318849817e+02,1.443899431128890498e+01,2.220737833548428171e+02,8.332484509505265535e+00,1.939560813469054779e+02,1.748304762036807602e+01
3.346232991520833089e+00,6.172844950000003772e-01,1.914099647528844912e+02,1.559573302550707012e+02,1.443898394319240808e+01,1.726591164110068348e+02,8.334229593010496373e+00,1.507192618314881543e+02,1.771997577671128710e+01
3.346232991520833089e+00,9.201521825000003041e-01,1.471749402832771807e+02,1.231299607559340075e+02,1.443887474582509078e+01,1.360335958190898964e+02,8.337462116862182526e+00,1.186707884506834034e+02,1.796041344625592018e+01
3.346232991520833089e+00,1.223019870000000342e+00,1.209748323009394682e+02,1.011584503042977303e+02,1.443863435396540140e+01,1.129207251978968998e+02,8.341389659215073138e+00,9.724298336562355871e+01,1.805971483003125400e+01
3.346232991520833089e+00,1.525887557500000380e+00,1.157549060029250398e+02,8.968617520341649652e+01,1.443882304628032287e+01,1.035889222082714696e+02,8.344283526795932104e+00,8.632566317143471224e+01,1.793653008025681572e+01
3.346232991520833089e+00,1.828755245000000418e+00,1.346624600661950808e+02,8.925798475800547749e+01,1.443959219004392125e+01,1.079472363852819399e+02,8.344880349897390914e+00,8.662079073998836520e+01,1.775294294664230677e+01
3.346232991520833089e+00,2.131622932500000456e+00,1.810466931031456284e+02,1.009957722702529281e+02,1.444006357915132810e+01,1.257061826231329178e+02,8.344123559403513468e+00,9.867741928605806834e+01,1.762211314010199459e+01
3.346232991520833089e+00,2.434490620000000050e+00,2.584587036616073874e+02,1.254108403966529295e+02,1.443907175856253566e+01,1.564949474521508819e+02,8.345557755927339727e+00,1.221394013665682223e+02,1.749870939564372563e+01
3.346232991520833089e+00,2.737358307500000087e+00,3.706514902248470094e+02,1.617008169428445399e+02,1.443698896421815370e+01,1.998310833338073280e+02,8.354992730223168351e+00,1.564752383221166951e+02,1.737882407893147274e+01
3.346232991520833089e+00,3.040225995000000125e+00,5.215799512115650032e+02,2.085092119534965605e+02,1.443625554416277623e+01,2.549083300106030947e+02,8.379468235909939722e+00,2.024204355788832572e+02,1.723929145890849313e+01
3.346232991520833089e+00,3.343093682500000163e+00,7.154008849758976112e+02,2.656542810496175662e+02,1.444096440545609106e+01,3.202690248830149358e+02,8.420774419591355198e+00,2.619123405172927050e+02,1.724715838500062759e+01
3.346232991520833089e+00,3.645961370000000201e+00,9.564850644273961962e+02,3.351059351842850447e+02,1.445031400164469026e+01,3.935077742465464326e+02,8.463669737213882271e+00,3.354094722014144736e+02,1.759731312046130114e+01
3.650490484999999730e+00,-3.622863129999999821e+00,1.646493870263596818e+03,1.347856429072417086e+03,1.446156439737983312e+01,1.435943502164964229e+03,8.496092979752171814e+00,1.346948238876593223e+03,1.785182819185454051e+01
3.650490484999999730e+00,-3.319995442499999783e+00,1.534751225031946205e+03,1.251404784967133310e+03,1.444989915337862207e+01,1.346542653282583160e+03,8.454925475833386272e+00,1.245847071616347421e+03,1.657787136721335841e+01
3.650490484999999730e+00,-3.017127754999999745e+00,1.421127767227446157e+03,1.151564828010159545e+03,1.444365617444981886e+01,1.247998336184120490e+03,8.414244138646278515e+00,1.141745985185177233e+03,1.593639933935741304e+01
3.650490484999999730e+00,-2.714260067499999707e+00,1.305944770216934785e+03,1.053842727801471483e+03,1.444371792633481100e+01,1.145051294214455538e+03,8.388668931142822416e+00,1.043356694780426096e+03,1.618799630710764248e+01
3.650490484999999730e+00,-2.411392379999999669e+00,1.189725407302687017e+03,9.572338983964873478e+02,1.444575880839037652e+01,1.040880766952983322e+03,8.377149579383708300e+00,9.482440975062527286e+02,1.686804156968783630e+01
3.650490484999999730e+00,-2.108524692500000075e+00,1.073194784064677151e+03,8.596386965095880441e+02,1.444647419869001048e+01,9.373378128711647150e+02,8.373721641608412369e+00,8.512251972481858502e+02,1.727046221164291495e+01
3.650490484999999730e+00,-1.805657005000000037e+00,9.572803988240336821e+02,7.614178115337854251e+02,1.444529669846781950e+01,8.354416746854703888e+02,8.373095144830982051e+00,7.514991931842544091e+02,1.706601304365716842e+01
3.650490484999999730e+00,-1.502789317499999999e+00,8.431113943328870164e+02,6.654790791429113597e+02,1.444369354981460596e+01,7.358954730047998964e+02,8.371529348579265672e+00,6.534003497329913444e+02,1.671768125352881995e+01
3.650490484999999730e+00,-1.199921629999999961e+00,7.320187301611821340e+02,5.750769075650314335e+02,1.444288069127539664e+01,6.394674326435751937e+02,8.367577113699342206e+00,5.621274830541361780e+02,1.669176220618643924e+01
3.650490484999999730e+00,-8.970539424999999234e-01,6.255352658142984410e+02,4.918441502083151136e+02,1.444282399074994316e+01,5.472005153304380656e+02,8.362204755027239145e+00,4.797224429467821096e+02,1.702215632230172560e+01
3.650490484999999730e+00,-5.941862549999999965e-01,5.253957607330505652e+02,4.157167500272626057e+02,1.444300606273437637e+01,4.604860687936215982e+02,8.357277228803910774e+00,4.049936700797148887e+02,1.748388715882357047e+01
3.650490484999999730e+00,-2.913185675000000141e-01,4.335368742936876743e+02,3.464038142496719956e+02,1.444302236979519805e+01,3.810426890048747737e+02,8.353976599568888162e+00,3.365103090793418232e+02,1.773447653036733129e+01
3.650490484999999730e+00,1.154912000000041239e-02,3.520971658078941573e+02,2.847294336751219817e+02,1.444301359037517329e+01,3.108096165100650978e+02,8.352563995602766411e+00,2.750290016734479082e+02,1.774041072008476050e+01
3.650490484999999730e+00,3.144168075000003948e-01,2.834170945227897960e+02,2.325557987372158095e+02,1.444322864121682137e+01,2.517459337075797521e+02,8.352982395595704546e+00,2.230483492139237569e+02,1.775811898765565644e+01
3.650490484999999730e+00,6.172844950000003772e-01,2.300390196209286273e+02,1.915253230523667298e+02,1.444336547959306571e+01,2.055527551063532883e+02,8.355234491260070229e+00,1.825704422303499541e+02,1.788224416552979079e+01
3.650490484999999730e+00,9.201521825000003041e-01,1.947134069485254599e+02,1.620055640822974965e+02,1.444349415653004698e+01,1.733915350617717195e+02,8.359110573681128642e+00,1.537991936683679342e+02,1.804024336659502836e+01
3.650490484999999730e+00,1.223019870000000342e+00,1.803822934314903819e+02,1.433310272699454799e+02,1.444381845805544629e+01,1.557110949997004354e+02,8.363643495297548469e+00,1.359708008737330829e+02,1.807162069540833826e+01
3.650490484999999730e+00,1.525887557500000380e+00,1.901937669371759796e+02,1.350664722721558064e+02,1.444470665857882707e+01,1.522759732390932186e+02,8.367303631368825378e+00,1.289280840084129522e+02,1.789790040858737541e+01
3.650490484999999730e+00,1.828755245000000418e+00,2.274979729158073951e+02,1.379444171662908047e+02,1.444610104086070024e+01,1.624034028710884741e+02,8.369376493420249474e+00,1.334373555090711534e+02,1.772179614919262747e+01
3.650490484999999730e+00,2.131622932500000456e+00,2.958469567530447080e+02,1.534272232970688492e+02,1.444698930468762832e+01,1.853052681155677419e+02,8.371263754510259503e+00,1.500862028780205719e+02,1.767257133934513291e+01
3.650490484999999730e+00,2.434490620000000050e+00,3.989946637699828216e+02,1.822523426550906152e+02,1.444623040040287698e+01,2.203576743246721890e+02,8.376532142932179070e+00,1.784999994648708252e+02,1.767121200538107928e+01
3.650490484999999730e+00,2.737358307500000087e+00,5.408969392231523443e+02,2.234763901206897572e+02,1.444424033267048024e+01,2.671326934106255067e+02,8.390616737357293076e+00,2.181922027997879354e+02,1.767333325021370172e+01
3.650490484999999730e+00,3.040225995000000125e+00,7.257115283045178558e+02,2.752497011515079066e+02,1.444424959329496616e+01,3.251286453511256695e+02,8.419662976070020122e+00,2.700242324273974646e+02,1.764571085860660560e+01
3.650490484999999730e+00,3.343093682500000163e+00,9.577980761414798963e+02,3.369507433674298227e+02,1.445032508919058856e+01,3.932826119813998957e+02,8.463586634384268947e+00,3.358164916764085319e+02,1.777387436306038637e+01
3.650490484999999730e+00,3.645961370000000201e+00,1.241731317700456430e+03,4.107744153206003830e+02,1.446107615874526253e+01,4.694712590028739214e+02,8.505060767114439813e+00,4.151839310312527118e+02,1.821406148181655382e+01
