theta_ell,theta_sd,theta_sf,theta_w
-1.225123008605705888e+00,4.648467772833507761e-01,1.968651339653844090e+00,3.456842586938333017e+00
-1.165466577307494589e+00,-8.624977865047611658e-01,1.984478407452250570e+00,3.719809681734501883e+00
-1.153597676807020633e+00,-3.032406480732747323e+00,1.954653081020527594e+00,3.719119680323501154e+00
-1.256145321733717513e+00,4.439834500605588374e-03,1.954574829109576806e+00,3.396484277235404026e+00
-1.221309244183414355e+00,1.131017238432145078e+00,2.002538619721578428e+00,3.418458437819696716e+00
-1.235718863786577026e+00,1.302591125826567442e+00,2.008131114990080235e+00,3.457233514509248984e+00
-1.246186945712784988e+00,1.139483938828161680e+00,2.004989932220152316e+00,3.497978692901974274e+00
-1.263080906574529205e+00,6.230271993236341510e-01,1.942670949096509503e+00,3.281973492074987675e+00
-1.279235071474987384e+00,-6.886284892936193058e-01,1.995475128793221309e+00,3.334672160357625703e+00
-1.201718652080279393e+00,4.486672292848015164e-02,1.974129492803645691e+00,3.504979910978184510e+00
-1.128648793162301933e+00,2.445662648015382024e-01,1.955243796684748014e+00,3.803256445829568122e+00
-1.168455442662708288e+00,9.532393568258676342e-02,1.966495332609816460e+00,3.794760663795191835e+00
-1.241127879720735905e+00,6.741994150017166509e-02,1.941917405003987351e+00,3.341620793213570639e+00
-1.264560544658763108e+00,8.983791342143765402e-01,1.951023219797067831e+00,3.433921699975239328e+00
-1.182614570582573466e+00,-1.168283790121275700e+00,1.943181301050671994e+00,3.664003000561321777e+00
-1.147825598693998472e+00,-4.356733839246698103e-01,1.937246905596907487e+00,3.667024416969360434e+00
-1.172409479011157662e+00,-1.282818901588579141e+00,1.989875480596222213e+00,3.698201019862462413e+00
-1.236203017983008356e+00,-1.687834633449465604e+00,1.972133199132961812e+00,3.612515944520795053e+00
-1.276573974185353233e+00,1.416294069363812635e+00,1.932667816467654509e+00,3.304412463101209063e+00
-1.231104167231515500e+00,-1.463313285163006405e+00,1.850569850323279031e+00,3.662936352557963904e+00
-1.175651018300126305e+00,-2.798264976532123693e+00,1.969430644220639737e+00,3.544047014179298127e+00
-1.125892626330505575e+00,1.844415461276185386e+00,1.926693142840706141e+00,3.770855191396662143e+00
-1.209090649516418203e+00,-4.387233310820217724e-01,1.932225953850834177e+00,3.688931877002200821e+00
-1.169306290756335631e+00,1.437076658202648849e+00,2.000769618483698942e+00,3.562337156536460103e+00
-1.200544921181463165e+00,7.555324794128859267e-01,1.992883251123851895e+00,3.504355469499202069e+00
-1.235825438050625946e+00,1.424207199342802932e-01,1.998863714534705238e+00,3.602100281746754895e+00
-1.269676507450527625e+00,5.576967306132375457e-01,1.930537256182011552e+00,3.535609516930900309e+00
-1.224636630947411042e+00,-4.642942403053604283e-01,1.913245176365479860e+00,3.395980005081480346e+00
-1.207616497325534777e+00,1.741564731166367896e-01,1.933509282460566192e+00,3.399572675954817935e+00
-1.228924728485735196e+00,3.958518064624156896e-01,1.925053792383619289e+00,3.454401407690159242e+00
-1.204305867065876612e+00,5.991169201654539256e-02,1.904978681736875012e+00,3.293508230431355877e+00
-1.261636504098028633e+00,1.079758139072007683e+00,1.892579983127727461e+00,3.207675071582475113e+00
-1.197380040303717808e+00,-9.598588163393911854e-01,2.040718224888835142e+00,3.756328976459244906e+00
-1.097374315986727744e+00,-6.769269361332502788e-02,2.026516490594977071e+00,3.567649759672738341e+00
-1.177127323065989994e+00,-2.146976289436500762e-01,1.985376885686747528e+00,3.750248594568002414e+00
-1.223552617951851440e+00,-3.278675925917046818e+00,1.932073368586795237e+00,3.609633043175713318e+00
-1.246706976152093915e+00,-5.556884341270882377e-01,1.992589618652315542e+00,3.465583704042291657e+00
-1.215419952830491424e+00,5.374414546659351810e-01,1.990923315869688848e+00,3.549259832830355510e+00
-1.215677825012636770e+00,-1.174046213558765483e+00,1.977699062953099718e+00,3.467830221502634647e+00
-1.245478635384023480e+00,-2.888904547345183538e-02,1.958396967852236159e+00,3.466302759605313977e+00
-1.248218535323365685e+00,-2.500741947120061148e+00,1.890047660375687055e+00,3.443321680618673497e+00
-1.290919429416378161e+00,1.254003047393254411e+00,1.960313242006827661e+00,3.340771982912421389e+00
-1.280789503047476963e+00,1.148961298287229260e+00,1.943447327852911410e+00,3.286608848127082094e+00
-1.246092823168375663e+00,1.495121965221466453e+00,1.941333031453269076e+00,3.324731136295589806e+00
-1.243050612399416055e+00,1.594389050899276405e-01,1.925894840513870498e+00,3.599376481916410686e+00
-1.244150168561588554e+00,-1.918296700108626518e-01,1.962882573361518501e+00,3.397514016287407568e+00
-1.162371921372376660e+00,-1.146280314259557009e+00,1.957237256345522480e+00,3.875397514861128823e+00
-1.128998358070136820e+00,-6.023629392079443701e-01,1.966952202769859603e+00,3.621003114732905814e+00
-1.305237532491272390e+00,9.212157178601698693e-01,1.917913390285964637e+00,3.259465444016519164e+00
-1.201030585778656068e+00,-3.180116905501348401e-01,1.964383812619824532e+00,3.610339309233121519e+00
-1.263537076587698760e+00,-2.170900953932195510e-01,2.007789127142488361e+00,3.204607690275698140e+00
-1.267143852271814808e+00,-1.686880670080764588e+00,2.017030416234668611e+00,3.331216408500736303e+00
-1.299849836977131634e+00,-7.262918576456794950e-01,1.914466862090793198e+00,3.305393228096789482e+00
-1.265407552923183854e+00,-1.088819395645109767e+00,1.927765977722992741e+00,3.411218724879143682e+00
-1.225890390230346183e+00,1.011905010647815129e+00,1.933953140562594486e+00,3.350272819070892805e+00
-1.204500832785161402e+00,-1.117419746437137817e+00,1.895734421718576757e+00,3.443093667135597169e+00
-1.340713110398462860e+00,-1.031198087228875737e+00,1.951296394339135265e+00,3.360056515215572137e+00
-1.221394346011715371e+00,-7.640177276169851650e-02,1.986683002810083920e+00,3.686180371190520333e+00
-1.216240844794997500e+00,3.413224070836554103e-02,1.938440754951017420e+00,3.323429893014932635e+00
-1.249378715549986918e+00,-5.862904680411104019e-01,1.928890679494756677e+00,3.237459078382146860e+00
-1.244943768765550463e+00,6.970702033374106543e-01,1.884909633370018378e+00,3.534429894351090340e+00
-1.316904150751223579e+00,1.457458426501229365e+00,1.943572991892973612e+00,3.338908375877204904e+00
-1.282278353470443166e+00,1.218837961425732086e+00,1.956544963473809462e+00,3.221830390872450156e+00
-1.210987964956257823e+00,-6.166543957454404534e-01,1.987525350429474091e+00,3.446308815475166210e+00
-1.249799957287579755e+00,3.792641191644922083e-01,1.909410285714930877e+00,3.489719342734071805e+00
-1.171132401738162354e+00,-4.151084348203861296e+00,1.992908987928628584e+00,3.631567328274024842e+00
-1.260043488199626749e+00,-2.544991785521189875e+00,1.911743023595276592e+00,3.463939614869789629e+00
-1.227876114534933061e+00,-1.080374030332878377e+00,2.012968445021858788e+00,3.457796281429066809e+00
-1.236852129744337114e+00,-2.025078263348333962e+00,1.874476280158148489e+00,3.568300442227150260e+00
-1.200340130085929546e+00,-2.835595081894262570e+00,1.941650548202171533e+00,3.551714528424692485e+00
-1.202799486710462551e+00,-1.331930802684185844e+00,1.949683942368354517e+00,3.589728723442412228e+00
-1.285730222170639925e+00,-8.669536117326417379e-01,1.942317357781147669e+00,3.397392985328685278e+00
-1.282821905622443914e+00,-2.070087274689145662e+00,1.905104349289861831e+00,3.237311261531297113e+00
-1.179577298174559363e+00,-1.351312247076258188e+00,1.941696193492793210e+00,3.432915387304062982e+00
-1.266803034292790064e+00,-1.843899729750279270e+00,1.949725412921772483e+00,3.650300991438858222e+00
-1.208533027986761432e+00,-1.286157438881140980e+00,1.947887680755338913e+00,3.593023185933421182e+00
-1.272688523487019108e+00,1.207883762745799894e+00,1.941233920606228569e+00,3.471001458357136027e+00
-1.131285530136717954e+00,-2.362746569998236179e+00,1.943298480144814988e+00,3.867967581687220768e+00
-1.175059912388675798e+00,1.427047402190151359e-01,1.980020791684813597e+00,3.588142091337148010e+00
-1.182693610540765494e+00,9.567762313160264043e-01,1.940441375203058483e+00,3.542695782671078319e+00
-1.292731457597477096e+00,-9.064519667723465179e-01,1.944899031207542484e+00,3.380693799134668165e+00
-1.226102034160101217e+00,-1.325453706630355111e+00,1.907260561371269203e+00,3.606123136843760513e+00
-1.262586221736089254e+00,7.497810506649810192e-01,1.999156322602998692e+00,3.395408102327160282e+00
-1.168492119419408892e+00,-6.614697980843428082e-01,1.909921698386444433e+00,3.691368131260734486e+00
-1.277483543647616404e+00,-1.651667371161414488e+00,2.031770927414095151e+00,3.372964200559957160e+00
-1.285789285771418156e+00,2.068880636405932449e+00,2.025717945531869013e+00,3.355983032278889056e+00
-1.291574284114890947e+00,6.254512089651380613e-01,2.021029785090042719e+00,3.285320605269352878e+00
-1.289432225111216690e+00,2.953190483945115630e-01,2.019423709941956968e+00,3.263389526998957013e+00
-1.253210651887786575e+00,-1.044041000814924791e+00,1.917106344746608793e+00,3.349570176616629702e+00
-1.265453303467529489e+00,3.781844500059060588e-01,2.007181549067099446e+00,3.284365281973696149e+00
-1.145250626651192816e+00,-2.513646853495432154e+00,1.938892619953449747e+00,3.732173810691833626e+00
-1.271400136406945824e+00,2.710039780754018857e-01,1.947170386414277754e+00,3.279473250975173837e+00
-1.286769898818332258e+00,-2.549158990106269229e+00,1.942843173815949731e+00,3.429786376007748494e+00
-1.229688690860217148e+00,-1.003165322172238749e+00,1.967898938522959051e+00,3.502615972213795281e+00
-1.224317943270622155e+00,1.419547263651379065e+00,1.887139438864581020e+00,3.648409692592641917e+00
-1.242476428816146949e+00,-1.788188537143003520e+00,2.011831405027462605e+00,3.268996018071854692e+00
-1.147127028832455764e+00,-3.434870097227372021e+00,1.930350783747076804e+00,3.646446922293078874e+00
-1.204018632188901261e+00,-3.104027438027279651e+00,1.921176911551766731e+00,3.508130562869502533e+00
-1.109196246865614688e+00,9.567410538505674023e-01,1.956493495028206908e+00,3.777290939765149957e+00
-1.109292436977176388e+00,5.926010148224166718e-01,1.940782747140910258e+00,3.967117808913461552e+00
-1.138069225521214145e+00,-7.260438001950080267e-01,1.998712523464697632e+00,3.847759761915523935e+00
-1.209580262341583223e+00,7.821196874199767279e-01,1.944348570793142050e+00,3.338211289647493363e+00
-1.198898178048385832e+00,4.684863055200803594e-01,1.951226094653884413e+00,3.295936660696720200e+00
-1.210722863771614977e+00,1.456345378157253290e-01,1.947947489626740802e+00,3.343174847897932178e+00
-1.219367869958073447e+00,3.301688264906195158e-01,1.919141330176136417e+00,3.425395633413804042e+00
-1.176875245855258711e+00,6.625471609939981299e-03,1.960072498641675098e+00,3.491659948731420382e+00
-1.325930951187799245e+00,1.555885120550885681e+00,1.959490687412193566e+00,3.077098061457876899e+00
-1.192245151504500500e+00,-3.136771944551514757e+00,2.016910671501585206e+00,3.614420893760435849e+00
-1.301862616176920229e+00,-1.362654005802520940e+00,1.971585862819998480e+00,3.197978294337623151e+00
-1.274783835434852186e+00,-2.123843316030626482e+00,2.022396776206440094e+00,3.137691719358380649e+00
-1.317999509673365655e+00,-2.907261637738473237e+00,2.055795096645911091e+00,3.272776899334371770e+00
-1.174490459310483903e+00,-3.750272986708842904e+00,1.967139811381925174e+00,3.485003415837234275e+00
-1.193067250280584357e+00,-3.706710021918813602e+00,1.963887916289047020e+00,3.598273359264267057e+00
-1.232197756527990684e+00,-1.715745268554082603e+00,1.980031511605601091e+00,3.467320250281825000e+00
-1.327720740292747781e+00,7.620184613430996956e-01,1.961883737202896549e+00,3.173995933934916192e+00
-1.320622923092202639e+00,-6.748086713570031758e-01,1.978126527705271087e+00,3.218695066851942066e+00
-1.233244131139202393e+00,-1.890643792910309262e+00,1.878975650393947872e+00,3.579434232568007968e+00
-1.202885029997426525e+00,-1.657300664364051546e+00,2.012203635684972181e+00,3.472324857111936502e+00
-1.217846256921931047e+00,-1.658292303763484687e+00,2.039623880804039224e+00,3.472615933678784739e+00
-1.255157143399698638e+00,-2.396477886249625211e+00,1.994286190810715675e+00,3.459282855566345294e+00
-1.187254035415437503e+00,-2.109338193425986496e+00,1.963608720489859794e+00,3.413974598400663751e+00
-1.197277361420592490e+00,-2.007635724832131707e+00,1.971715866833637643e+00,3.452586313536087914e+00
-1.231180836398237277e+00,-1.628858159786154669e+00,2.030642499803148038e+00,3.510722044986206658e+00
-1.236887752781424599e+00,9.172177822133550373e-01,1.873042317035469528e+00,3.551077370979712100e+00
-1.267398802444240857e+00,2.150658106126257074e+00,1.847747372453420356e+00,3.513265257849464529e+00
-1.268600390308538106e+00,2.442222580591749459e+00,1.860241369482583229e+00,3.464933993861635031e+00
-1.210701402616083167e+00,-6.053989356123403276e+00,1.950266429631665854e+00,3.703650426592465461e+00
-1.236381496984047645e+00,2.258869098869529690e+00,2.052688380195891504e+00,3.371165283956381042e+00
-1.217501883270928342e+00,5.033130569356825124e-01,2.007489934747499483e+00,3.455844660083069897e+00
-1.221014724735221213e+00,-2.958502899644688267e-02,2.019349928341519274e+00,3.515599320327634558e+00
-1.157923317135527208e+00,2.596919205617749249e-01,1.947264716333481527e+00,3.640936870454498209e+00
-1.171290810832636753e+00,1.098983373889001802e+00,1.951363379977416157e+00,3.721366911650406006e+00
-1.215262083558008133e+00,-1.589751705399115256e+00,1.908972746361963679e+00,3.571639358811168563e+00
-1.219430716831662043e+00,1.146399242969588173e+00,1.963337680725400824e+00,3.494759074838753143e+00
-1.210624264888455981e+00,-2.924946358997692619e-01,1.929856187341191243e+00,3.526936243505699231e+00
-1.264523993278840353e+00,-6.606259407706794873e-01,1.971782258499434670e+00,3.341745730191029384e+00
-1.268820795947092517e+00,-4.226485528421531912e-01,1.977706965804786554e+00,3.311608140541924428e+00
-1.172431767350965881e+00,-1.189388171971764940e+00,1.918672339908966906e+00,3.614819062424905027e+00
-1.265895259670662298e+00,1.084467141264068513e+00,1.961064477758945879e+00,3.406548703148069013e+00
-1.239362067282101298e+00,1.433856435459573975e-01,1.950010894962037833e+00,3.437437318570254252e+00
-1.270914477260899123e+00,-4.170482484033252168e-01,1.948599893659083371e+00,3.341538575605566219e+00
-1.226988213673177341e+00,-1.557823682388943087e+00,1.942275557468376102e+00,3.452702556277897461e+00
-1.237663989572003631e+00,-2.926238128164635022e+00,1.979397693002008962e+00,3.519912403094274111e+00
-1.145854287361899759e+00,-2.346614158743938194e+00,1.995212956266747328e+00,3.750423393086589563e+00
-1.097024964317985907e+00,-3.576911028172898188e+00,1.908150205786959930e+00,3.740481052188729283e+00
-1.207787861887959391e+00,-1.958267785902496616e+00,1.933183360721477451e+00,3.555599157690410017e+00
-1.212102845832413678e+00,1.676646773652400446e+00,1.955627767030297948e+00,3.492354220135498011e+00
-1.231059500368642867e+00,-2.198452614749011325e+00,1.962149267672258279e+00,3.444276878527949393e+00
-1.285460187808151522e+00,-4.104968133390700658e+00,1.971362493722980558e+00,3.507572934086375938e+00
-1.197703912001648163e+00,7.519335850768413820e-01,1.922423425621412774e+00,3.826803248842836958e+00
-1.183813387164024400e+00,5.044004177851876269e-01,1.936572040561224783e+00,3.701560646663283993e+00
-1.264342541272234000e+00,5.661702963286641133e-01,1.962466951688732975e+00,3.295196009597487929e+00
-1.264003878370286937e+00,-2.665636845771114372e-01,1.957523756184294861e+00,3.479068941395641712e+00
-1.189820898797940840e+00,-3.378935375372634775e-01,1.961233327820870009e+00,3.574128984096372807e+00
-1.202307600402966026e+00,2.454231121421126538e-01,1.923390001904776936e+00,3.607751286101656962e+00
-1.239390600519736818e+00,5.370867720508090692e-02,1.959247603733471177e+00,3.491931604455112303e+00
-1.257145012558034125e+00,8.051806198269134685e-02,1.985076016150636891e+00,3.432462397806712584e+00
-1.279897895374464412e+00,-1.160286412747564722e+00,1.974455684934987465e+00,3.392033377740845346e+00
-1.180675588376254526e+00,-3.431738421758285806e-01,1.936207647160373746e+00,3.575095642765676374e+00
-1.270075428139687324e+00,-1.899953220383391317e+00,1.960511105985036862e+00,3.317554604866227219e+00
-1.271399380374749200e+00,-4.831714256874554136e-01,1.980573726397049761e+00,3.400633202544982581e+00
-1.271279231620475736e+00,-1.016522575492187219e-01,1.960959423649846212e+00,3.444336460309968206e+00
-1.223978546907182885e+00,-1.516182035525429850e+00,1.934923524442056397e+00,3.397186265457651899e+00
-1.259699684029263356e+00,-1.860695848096246108e+00,1.936822813729810022e+00,3.464914787943363716e+00
-1.187531680383875132e+00,-3.471042696382189874e+00,1.872726502859809905e+00,3.535471538186032880e+00
-1.214779912515295157e+00,-3.496770257651840907e+00,1.889328702889016220e+00,3.629707981172824116e+00
-1.251078910191347981e+00,-9.824428962548648059e-03,1.911192126357597720e+00,3.471275739657939230e+00
-1.242383973404044939e+00,9.382560924246184653e-02,1.911335359832118552e+00,3.471324184463473461e+00
-1.229515552128808809e+00,5.216843702713070963e-01,1.895679705575282314e+00,3.583101094226159411e+00
-1.213917922802866700e+00,6.494694206715213580e-01,1.919579781680997188e+00,3.527121535335790981e+00
-1.196043036120515435e+00,1.618847535546366734e+00,1.967525986566489360e+00,3.578722190308206930e+00
-1.234263106222495576e+00,7.631252270885932054e-01,1.977358829499736625e+00,3.469588423391088750e+00
-1.273911670876712421e+00,1.171360450106778472e+00,1.991853683073033343e+00,3.289141446902093424e+00
-1.245501345975315699e+00,-1.214648093286086805e+00,1.918087414847509997e+00,3.428998517019591130e+00
-1.219617219541358377e+00,-2.644802809812818900e+00,1.953621034766178655e+00,3.468987914004841411e+00
-1.198788954787965766e+00,-1.099910742005550723e+00,2.001739927149084775e+00,3.544607688820980762e+00
-1.165942272623153420e+00,-4.296518516342583416e-01,1.984624072537710227e+00,3.644172276728361748e+00
-1.157609451065936490e+00,4.431331266376342670e-01,1.979634801875458816e+00,3.680955978557360009e+00
-1.132190351807346618e+00,2.185491011586561338e+00,1.970239191002685297e+00,3.768663148735844626e+00
-1.080810560204969795e+00,-9.171443942497001789e-01,1.994067563703273427e+00,3.909401604168675437e+00
-1.145746410461907061e+00,-1.890995611922711817e+00,2.023349087221363973e+00,3.692736249267064785e+00
-1.183809448901105288e+00,-3.309237528682285934e+00,2.005603226096583924e+00,3.698527840528032851e+00
-1.210185935591895134e+00,1.156511558602657086e+00,1.928845112375622728e+00,3.711184611552409418e+00
-1.198129407224425957e+00,-4.821106126582054285e-01,1.949549757097682301e+00,3.711721922823279396e+00
-1.246261195280156553e+00,-1.267699734548121349e+00,1.960788085084652854e+00,3.316404770239950839e+00
-1.242945014632062639e+00,8.775489903834130523e-01,1.953414941531448124e+00,3.265819984496190820e+00
-1.187742978417517303e+00,-2.568353609461964115e+00,1.904181912815819278e+00,3.578342762868346849e+00
-1.148655827899017101e+00,1.052312445553811537e+00,2.010857787443436351e+00,3.633633279465644073e+00
-1.165634037805645784e+00,1.636175522124949655e+00,1.991808470133488385e+00,3.517439408625639086e+00
-1.187653897021799576e+00,1.558333656702607817e+00,1.977457148881156312e+00,3.594111034518194803e+00
-1.260920196712062680e+00,-6.858147750290543021e-01,1.923919270656585301e+00,3.391036785812489907e+00
-1.290993506788916001e+00,-3.600501433641842830e-01,1.920184764868080984e+00,3.429477933726691408e+00
-1.348514813121943989e+00,5.851351051803536096e-01,1.898768230746728847e+00,3.349081191277023528e+00
-1.162607124984623042e+00,-1.299313551140312217e+00,2.038288632846068094e+00,3.748610292327847038e+00
-1.343111150056246705e+00,-3.589887775125755187e-02,1.884679281490722946e+00,3.341339227584922078e+00
-1.175196999877778259e+00,5.404771910917491873e-01,1.975153590005339410e+00,3.683264629329869422e+00
-1.247022837574781384e+00,2.291622473903979496e-01,1.965954383917352777e+00,3.319138134929214168e+00
-1.126193548063180394e+00,-7.082995228879032101e-01,1.976380413127503122e+00,3.749152365286264832e+00
-1.198624361862455245e+00,-1.573342476141993629e+00,1.990363766291590952e+00,3.568873625367313007e+00
-1.216931905864606422e+00,1.017652150883207263e+00,1.913083327387116839e+00,3.617319080759474836e+00
-1.145538943221541262e+00,-1.707274458642421555e-02,1.934344732879236695e+00,3.610643537513662515e+00
-1.291072831727417602e+00,-3.014004732496140537e+00,1.935280276978623260e+00,3.359897645539527744e+00
-1.178746711665910718e+00,4.217692942330834027e-01,2.045433943423214718e+00,3.499192702085862638e+00
-1.211642697425162840e+00,-4.242841595151547462e-02,2.039009543720831097e+00,3.477027274693681225e+00
-1.220189478410052875e+00,1.318959974998930695e+00,2.022569215735893433e+00,3.423258737283160880e+00
-1.212405871271961644e+00,2.327095708995050583e-01,2.009788139649924421e+00,3.495542833376489078e+00
-1.185543831451578267e+00,3.429529725186207800e-01,1.964374736421636847e+00,3.583954253115931188e+00
-1.232735679702028797e+00,8.502539215939859396e-01,1.922928843090606410e+00,3.645768512787738835e+00
-1.232805672464019731e+00,3.465391244091566292e-01,1.969043935452619465e+00,3.330678060984158861e+00
-1.196472006898974705e+00,8.093014633573751837e-01,1.974690729024203950e+00,3.579494230996927762e+00
-1.208318484441012863e+00,-2.353872475535180975e+00,1.923582425511505933e+00,3.522611894909600583e+00
-1.203560055431398323e+00,1.039121072340492891e+00,2.060497320296207135e+00,3.433426874344763569e+00
-1.186897098645439463e+00,1.364164923533840224e+00,2.033756317276724790e+00,3.447248839220722783e+00
-1.200890441176354795e+00,8.701194919678877371e-01,1.985488948441276991e+00,3.420805603784511817e+00
-1.186859870882707835e+00,1.320044098085329853e+00,1.985178068263211415e+00,3.693663784005523532e+00
-1.235192829364517131e+00,-1.688019906401902359e+00,1.944182660079588620e+00,3.561981401017137561e+00
-1.262244351494859140e+00,-2.648100213163778971e+00,1.889841755017795943e+00,3.295907399797701753e+00
-1.248736891863955867e+00,-2.022239326142626137e+00,1.939713700419468445e+00,3.630844220657462262e+00
-1.199654923827176312e+00,1.579184187267291151e+00,1.943101699039110120e+00,3.360671928430003508e+00
-1.258921551891767576e+00,-2.295295645355423630e+00,1.955859103828684331e+00,3.480598592519439816e+00
-1.254067296844450397e+00,-1.898406385213922132e-01,1.907677625117474518e+00,3.547466197060566540e+00
-1.103538283101391126e+00,8.354693734568162666e-01,1.995009307541782295e+00,3.693708456699074549e+00
-1.146065897089279417e+00,-4.721952148487067458e-01,2.027686683459875017e+00,3.975494123382323330e+00
-1.144753671850402776e+00,-4.144411551659930582e-01,2.020115423033313817e+00,3.897052431880080103e+00
-1.174393017675379181e+00,-3.414076019772184223e-01,2.032299095822941659e+00,3.961281270063345517e+00
-1.190190177831747631e+00,1.237909500203732138e+00,1.929654817094950126e+00,3.612807438778459890e+00
-1.133876944569938150e+00,3.236701786950768600e-02,1.975310586868464835e+00,3.768116071854957561e+00
-1.206193699836565658e+00,-1.781009142270224554e+00,1.972370479030409518e+00,3.508953615334765352e+00
-1.213835826856084488e+00,-2.129372781940837012e+00,1.968179299705582919e+00,3.536773532015075272e+00
-1.148831772209401025e+00,-1.865148557826785236e+00,1.905245360597113358e+00,3.617332482300503305e+00
-1.311715320864002887e+00,-1.424894970277906570e+00,1.890383280743323180e+00,3.401384759475210018e+00
-1.147617509435530092e+00,7.680797824299374632e-01,2.012003142120430077e+00,3.507367758515526290e+00
-1.224701447491782558e+00,9.609019928398996324e-01,1.975102127881597669e+00,3.652852727175141201e+00
-1.181404261833281844e+00,1.022503241196290880e+00,1.969392547574293495e+00,3.518113626870028821e+00
-1.169978979888200543e+00,-1.793734115472948032e-01,1.991486002768498187e+00,3.459983377690402317e+00
-1.300493131079388576e+00,4.990935041006360207e-01,1.884718218622619235e+00,3.298707328416546236e+00
-1.286310060082147544e+00,3.853594480585678106e-01,1.892886645114482125e+00,3.419020266718264089e+00
-1.258502367286891133e+00,5.827478774642181891e-01,1.974568040560847226e+00,3.322414767951882730e+00
-1.238898999327062267e+00,6.389105897711560011e-01,1.991375663323916356e+00,3.254435679444535712e+00
-1.130611384934297137e+00,-3.785511957739471356e+00,1.925696126418923182e+00,3.822295838259316181e+00
-1.193372228497983967e+00,-2.156421510335047920e+00,1.979419909614613893e+00,3.501775926320257248e+00
-1.205453785165723879e+00,-2.604994456311500173e-01,1.970562222560810151e+00,3.514099688401972621e+00
-1.256715713678870028e+00,-7.603097733003952863e-01,1.938738811618184510e+00,3.525601015774403102e+00
-1.246792146170988103e+00,-9.728876770649842465e-01,1.907225697328531755e+00,3.367307094281274615e+00
-1.181194725550834601e+00,1.041456555310144028e+00,1.908557124132718608e+00,3.619014186394343024e+00
-1.191253314838868649e+00,5.264811145641020707e-01,1.900823974858465215e+00,3.628330361880585109e+00
-1.206414208502352370e+00,-7.409288355396338455e-01,1.980550879585001534e+00,3.484964269463927788e+00
-1.232909819356024173e+00,-1.604272041969581508e+00,1.925204621111595626e+00,3.544899520727475384e+00
-1.265253397458635298e+00,-8.751952125228585899e-01,1.886178425856323004e+00,3.698811414936092667e+00
-1.214981242073002399e+00,1.019702592057411650e+00,1.853595925817359547e+00,3.411549424910700345e+00
-1.238802984568770915e+00,-4.886948596168275150e-01,1.964212451891959477e+00,3.506088717756389528e+00
-1.224264657072245299e+00,1.346605277627364594e-01,1.880482676738891801e+00,3.462163085665738826e+00
-1.246698470807912518e+00,-2.199100519323528014e-01,1.980197099202877009e+00,3.482017399938474256e+00
-1.254634104539718686e+00,-7.504515556522682873e-01,1.937597034601352686e+00,3.379056068195056994e+00
-1.223693164666100675e+00,-1.997295216269454166e+00,1.921875615810075821e+00,3.604262492181860900e+00
-1.212947096044989292e+00,-1.286102425895660373e+00,1.871007421029618811e+00,3.546991275629804985e+00
-1.269903903464437045e+00,8.652793703578560702e-01,2.035273928750112038e+00,3.079521147754324950e+00
-1.295478529350345687e+00,-1.087375389607807330e+00,1.954935708653145365e+00,3.539386915240380294e+00
-1.227621820057076096e+00,-9.280692092370196322e-01,1.932933426561339374e+00,3.273674061160045667e+00
-1.276159373841303735e+00,-9.395127826360852863e-01,1.973469395997244247e+00,3.310786414878730266e+00
-1.278599908325176449e+00,-1.470019914917922499e+00,1.962504691518169642e+00,3.505790601327850808e+00
-1.278934029796125804e+00,-2.454716830715023335e+00,1.958226172157666367e+00,3.512217729449355730e+00
-1.197363976078329673e+00,-1.022302357621304392e+00,1.962529919034247339e+00,3.546697176780428062e+00
-1.198310597563907010e+00,1.367971243752795774e+00,1.905238410314354258e+00,3.611306165733879414e+00
-1.326035375650973291e+00,-7.072345804468903596e-01,1.884950684615926741e+00,3.380508343371623425e+00
-1.305403539564091719e+00,-1.632224107626534249e-01,1.894024373374134429e+00,3.232628158520306272e+00
-1.165291141666165542e+00,-3.330121120381955291e-01,1.993163885987021544e+00,3.737803590754145588e+00
-1.246854247788288683e+00,2.566725086106549925e-01,1.894547574876114027e+00,3.380917858628569306e+00
-1.315017847970291198e+00,-3.629908218648779661e-01,1.922613209599589368e+00,3.388022337784441618e+00
-1.168639205620136456e+00,9.984375344344125214e-01,1.949192250627760581e+00,3.603051025029104792e+00
-1.200396093357528615e+00,1.512220149898477084e+00,1.926539126791612544e+00,3.658765401439015186e+00
-1.227304881281055637e+00,-7.224137777662853477e-02,1.949035523160198125e+00,3.645747045904057071e+00
-1.166223507360443890e+00,-1.071198468157217754e+00,1.972233542989842325e+00,3.571248098553377659e+00
-1.235910162547050550e+00,1.230322699506479989e+00,1.932853929107006596e+00,3.480938690355449783e+00
-1.227392348520075505e+00,-2.821142430071159612e+00,1.933114044237959961e+00,3.505748164461691463e+00
-1.243271416222090142e+00,-3.432231781838406270e+00,1.931891057428251735e+00,3.487734880758301959e+00
-1.221066844361199832e+00,-3.594588656237635682e+00,1.943981057300655069e+00,3.388551130282868584e+00
-1.234324156413565410e+00,-4.192217516662227972e+00,1.916777088534947993e+00,3.503231662092088694e+00
-1.256664417248529730e+00,-4.090344623134889446e+00,1.904136846424880902e+00,3.424196034814901424e+00
-1.270205436131022880e+00,-3.327341371077531917e+00,2.000245091456091195e+00,3.448794734146497731e+00
-1.165927770881481695e+00,1.250683149890837509e+00,1.916668330906226680e+00,3.726253944989245337e+00
-1.161930425708386672e+00,4.000834803133609396e-01,1.920687493183659944e+00,3.709981048134610049e+00
-1.292387959973275491e+00,1.527535405721509365e+00,1.944267988499294830e+00,3.310374841195230289e+00
-1.203243688775776254e+00,-1.725587641800677696e+00,1.939237218558571119e+00,3.567019965178759744e+00
-1.133014333088175896e+00,7.223490717822101947e-01,1.978373877354315136e+00,3.755291164214665134e+00
-1.205411811647794540e+00,-4.358103218337914808e-01,1.955935359423065067e+00,3.383977652458462604e+00
-1.170520241727951216e+00,8.566084976064112233e-01,1.888790432608753012e+00,3.808209344509133842e+00
-1.209890568872680872e+00,-2.099188753030010623e+00,1.960964400331573820e+00,3.502227498965599928e+00
-1.306889740733405247e+00,-2.035463991651987214e+00,1.928539016061955325e+00,3.369595918499094012e+00
-1.138524504710316076e+00,-1.566486944116138869e-01,2.007275096052674623e+00,3.819908029471775546e+00
-1.238054601302058133e+00,1.178008410575646758e+00,1.943368995651448161e+00,3.310511518728942448e+00
-1.354668103295780579e+00,6.302896411775701369e-01,1.921220394351496275e+00,3.316410086399610879e+00
-1.126217863042336287e+00,-3.560381960496353249e-01,1.981125351111209465e+00,3.848663463141698493e+00
-1.229974905182657174e+00,7.123564662202808151e-01,1.980228902380776423e+00,3.520048196150336928e+00
-1.200835102881044891e+00,5.554269458616303279e-01,1.968520891794253380e+00,3.486839472184229294e+00
-1.204318399133773809e+00,7.561491518023435443e-01,1.989029136483404736e+00,3.458483789199829683e+00
-1.205233674636138286e+00,-2.681177881098737004e+00,1.940711597937563759e+00,3.583726752491745327e+00
-1.238888958928185291e+00,2.326044160462528154e-01,1.971083984845559689e+00,3.311990993040942133e+00
-1.164689173228550700e+00,6.312230382907326742e-01,2.048897752665587824e+00,3.639574155124057242e+00
-1.195868320829047926e+00,5.303789298937030550e-01,2.047674174736045405e+00,3.647777669411563561e+00
-1.313563443750170867e+00,3.326432644496458146e-01,1.926992402448615360e+00,3.420304575628279498e+00
-1.271460153593785947e+00,-7.472778032783837787e-01,1.929956575378804384e+00,3.483742579576761145e+00
-1.276467704065263442e+00,2.412156662198188251e-01,1.978223146611817862e+00,3.396824089103869238e+00
-1.260653592446678184e+00,2.786972360308718200e-01,1.897856373685250508e+00,3.524442441330949638e+00
-1.232725045808714004e+00,9.027786320533368603e-01,1.936747139611969315e+00,3.639641994705855588e+00
-1.236615525553886874e+00,-1.836575409192787056e+00,1.966211905446757502e+00,3.481246220246801748e+00
-1.265643540009470769e+00,-2.362186186761723761e+00,2.006127728403178434e+00,3.475677612617682488e+00
-1.241592024377684567e+00,-2.293459988576052488e+00,1.953277801101657829e+00,3.418136232457364088e+00
-1.286249523552485341e+00,1.160122982263940061e+00,1.977684469635760944e+00,3.335145191416837740e+00
-1.312493527327484255e+00,-2.624300970824581247e-01,1.966929528308030140e+00,3.191811217741578055e+00
-1.288425531447386474e+00,-4.381000512339017217e-01,1.967536688701249759e+00,3.190657248407183566e+00
-1.222420066286472151e+00,1.066258573070408167e+00,1.977506330426315406e+00,3.485408400618383862e+00
-1.203525199667970336e+00,-7.114872898291760839e-01,1.988793607778507555e+00,3.519191053512489731e+00
-1.257569532520389277e+00,8.392401221670520162e-01,1.909682922134743777e+00,3.474463096953472885e+00
-1.236759783819432412e+00,-2.365282420066504576e-01,1.940062371563909371e+00,3.453286214701456913e+00
-1.271937257052208503e+00,-9.174045173318832180e-01,1.935282912021569324e+00,3.451766817950276955e+00
-1.247098685261473827e+00,-2.953942912176013014e-01,1.951098476578803087e+00,3.356554027304146093e+00
-1.098836890374594644e+00,7.984906987557705005e-02,1.955775339047209682e+00,3.802401610532561538e+00
-1.104706635300924056e+00,5.974969367839995105e-01,1.959157800722368670e+00,3.782315446946382220e+00
-1.151709058679468045e+00,4.457858086704596934e-01,1.931116022532457288e+00,3.708408308974701750e+00
-1.182930485869769788e+00,1.347482102150574512e+00,1.956904132448743505e+00,3.656679301047036201e+00
-1.117817349702437735e+00,1.265468883310552517e+00,1.935415267071510126e+00,3.639443207661368085e+00
-1.176445645501629444e+00,5.332081431770074875e-02,1.933056017410383021e+00,3.700686379850395724e+00
-1.148884539050262443e+00,-9.581739259833188527e-02,1.925083560005286021e+00,3.628175467273842436e+00
-1.190039124356832456e+00,1.744680218005573380e+00,1.939983095209531605e+00,3.739769577692746871e+00
-1.168635781775799964e+00,-9.149300639135882207e-02,1.950177212409930361e+00,3.552184452800241754e+00
-1.271460376994529407e+00,-1.246216101488442751e+00,1.986006148557877493e+00,3.216745426695353238e+00
-1.291173624557599986e+00,-9.694961688705679981e-01,1.986481165136955829e+00,3.399489915419169339e+00
-1.171392985914923690e+00,1.050662049586770674e+00,1.916829326522771826e+00,3.825604036865673852e+00
-1.180529963685649886e+00,7.608919268451510565e-01,1.937717499473629479e+00,3.520535954517097110e+00
-1.295497650032991332e+00,-5.659253989489351211e-01,1.929721084940086540e+00,3.430027094950365285e+00
-1.273477731594577556e+00,-2.288190492503102469e+00,1.885305394350291985e+00,3.316596557228166819e+00
-1.235983335970755270e+00,-8.087161354100679267e-01,1.909260978763858807e+00,3.455071341497440773e+00
-1.215472871383361131e+00,1.008696142591275713e+00,2.005835509119107574e+00,3.527764157906821740e+00
-1.256942874163918589e+00,-5.658304176332358271e-01,2.037805638514343265e+00,3.343764599475069765e+00
-1.340588385034861885e+00,-1.336405651882578871e+00,1.934015757789919743e+00,3.220388601748180424e+00
-1.254871953563784448e+00,-9.295471648381502527e-01,1.958077747023834192e+00,3.383716275662871364e+00
-1.198529245883101391e+00,1.987816643140922768e+00,1.973924754254133163e+00,3.585258863437327470e+00
-1.177589225889290825e+00,1.862062107718405857e+00,2.013121366954185198e+00,3.615472412520400525e+00
-1.178641264365018149e+00,1.116207748199131267e+00,2.017687225805313123e+00,3.571545373056814743e+00
-1.167718140910559921e+00,1.272101894613072659e+00,1.997982388759358185e+00,3.642452178282237885e+00
-1.185554163925120807e+00,5.995845639111886394e-01,1.978504357774607758e+00,3.557961774749166750e+00
-1.232810952383764036e+00,-8.214754028674512432e-01,1.952312013294021265e+00,3.501779939003903497e+00
-1.228439744793806465e+00,-1.793555041648094317e+00,1.963813969315710839e+00,3.531783279151903709e+00
-1.310096455273811911e+00,-3.537284971048079818e+00,1.944059970906630852e+00,3.226869491532919465e+00
-1.183355640057908387e+00,6.211856497065537663e-01,2.028272408308314123e+00,3.594918619411322958e+00
-1.198060427446709486e+00,-8.999279289344849220e-01,1.946470030832643472e+00,3.630047356838480788e+00
-1.209236951929595127e+00,1.139330030152178930e+00,1.924193225245153016e+00,3.557368523693086981e+00
-1.259626993891340030e+00,-1.025483671987471812e+00,1.957890495296753075e+00,3.413517219728422702e+00
-1.263808286092231725e+00,7.376647759413246241e-01,1.989161194713245262e+00,3.335053772924584603e+00
-1.223241114184937750e+00,-7.849871669016690312e-01,1.942678200795253440e+00,3.596511980803607678e+00
-1.249022747912067910e+00,-9.151415448493191995e-01,1.951535251243496027e+00,3.540928510944098218e+00
-1.197639136532486548e+00,-1.484433032602078262e+00,1.948291838851726077e+00,3.576188972322392967e+00
-1.246117870551223472e+00,5.116197201149216278e-01,1.964940706314455054e+00,3.433485818961230063e+00
-1.209691823684287737e+00,-5.102174398935986899e-01,1.967104622334777231e+00,3.693500781414049250e+00
-1.195921987608217441e+00,-1.446500814353495756e-01,1.962619002503397825e+00,3.614748545794217005e+00
-1.177354682298527244e+00,8.908673852224701095e-01,1.980953851503155283e+00,3.680152326463899115e+00
-1.298238189497532558e+00,-4.245255650071156350e-01,1.951543898471653105e+00,3.253894607314124165e+00
-1.109774343457213819e+00,-1.644097777180029807e+00,2.009047074671658439e+00,3.793262070672159592e+00
-1.311888987588498701e+00,1.264391662887435652e+00,1.908346215960522674e+00,3.283243587344368830e+00
-1.156552748652631468e+00,-3.113912111871206090e+00,2.015742691274184040e+00,3.643981262147775180e+00
-1.197078801083624633e+00,-3.512242924822518209e+00,2.019373501646297253e+00,3.577144136588370049e+00
-1.178016216110666203e+00,-2.970488321715425428e-01,1.995402109651782885e+00,3.483704439856943669e+00
-1.196044143744951604e+00,-1.380090308636786611e-01,1.994391807583403509e+00,3.480963259337861881e+00
-1.218721500719113893e+00,-6.796746719369497480e-01,1.969171310603287761e+00,3.378663565145518799e+00
-1.205108303055600683e+00,-2.513906790221417387e-01,1.908131207585023192e+00,3.510084522813271768e+00
-1.208870485981227816e+00,-7.147742922519242370e-01,1.904914826571950437e+00,3.547303310640973262e+00
-1.169935256067166751e+00,-1.183580467871187869e+00,2.035998296810629160e+00,3.600635743248670195e+00
-1.139711226282127177e+00,-1.753473404900695920e+00,1.946211484524292601e+00,3.752786764486674365e+00
-1.207269861275180212e+00,-1.580705916528113431e+00,1.979717969296265423e+00,3.551440458970054781e+00
-1.202653781078817818e+00,-2.219518978196158177e+00,1.968392511444312820e+00,3.436696322018110372e+00
-1.171129112616646317e+00,-1.699610626396587332e+00,1.958791632727457266e+00,3.446812640837239705e+00
-1.255314540413992708e+00,-2.100121436198890468e+00,1.951462563062013711e+00,3.353432248801423210e+00
-1.253858789619541225e+00,6.613506477611880152e-01,1.881878362470562838e+00,3.414024012543631414e+00
-1.231780426221195546e+00,-4.133456106797914753e-01,2.004482512395282967e+00,3.296789441582362201e+00
-1.228512146502432456e+00,3.016361126072880094e-01,1.912215412977953832e+00,3.658086727921228132e+00
-1.200420485561523254e+00,-1.251931903833920723e+00,1.942036320127578541e+00,3.574624792358027658e+00
-1.220341059233790659e+00,-6.020134698953512054e-01,1.901120197062474038e+00,3.572097993907091151e+00
-1.279474279963767058e+00,1.156442638430589920e+00,1.889219094261365139e+00,3.404793526041386631e+00
-1.237344489846179174e+00,-2.190192829578073930e+00,1.984208037486520970e+00,3.430104614061991075e+00
-1.252862620644260350e+00,1.893292661242543584e+00,1.948820920917608834e+00,3.416381135659642521e+00
-1.316548676245632654e+00,-2.718264413596990448e+00,1.917525257013635853e+00,3.279333161686109221e+00
-1.230955639047318195e+00,-1.337966179757980933e+00,1.977659738196110295e+00,3.518282266045700268e+00
-1.196750413185819761e+00,5.185848859798635191e-01,1.948314550295376479e+00,3.521162074492616867e+00
-1.169160966304358951e+00,8.623403667988251975e-01,1.961269199193245383e+00,3.307941150278779219e+00
-1.191897911810289923e+00,1.817669634304115878e+00,1.957278407444198232e+00,3.437389600923521193e+00
-1.203594778620874717e+00,6.699474558701883353e-01,1.978043185365117695e+00,3.505798613770686689e+00
-1.249183537960968815e+00,9.576527160297542141e-01,1.998221164270177708e+00,3.376396582186094175e+00
-1.257217036358867501e+00,7.774939435901240259e-01,2.024362816953527933e+00,3.359965582080636448e+00
-1.265514771663850624e+00,3.275590434771089576e-01,2.018733591118228698e+00,3.425803639777557752e+00
-1.284760408373927909e+00,8.953899133056919535e-01,1.923956814196291720e+00,3.387481890810493113e+00
-1.305521792776339840e+00,-8.653381872405735420e-01,2.021035859779183763e+00,3.206772401218637381e+00
-1.096982593845860388e+00,-2.036222913795806111e+00,1.886085355780487749e+00,3.994007591883828479e+00
-1.164674620997210308e+00,1.299012917620398389e+00,1.994731430715540599e+00,3.506054538464394632e+00
-1.209563543319477574e+00,-1.617421747284237821e+00,1.908795123780992808e+00,3.533505231562388715e+00
-1.278154569813524377e+00,-1.881912666107704801e+00,1.955607072241888567e+00,3.401383276282328172e+00
-1.173465385856530485e+00,-1.115929313972937820e+00,1.887361940410383854e+00,3.643107521004569360e+00
-1.297330105089192775e+00,-4.704485316576728637e-02,1.968941348093875332e+00,3.349059017014085704e+00
-1.289766239161650896e+00,-3.594913571656804141e+00,1.913878310057188115e+00,3.316247448219538541e+00
-1.340775209997829176e+00,-3.918399886565812285e+00,1.887320141302726961e+00,3.268833373487571414e+00
-1.139160902954898136e+00,-3.115586779457851563e+00,1.944695375552790484e+00,3.790713473229357700e+00
-1.192728514092705749e+00,-2.186385123688471932e+00,1.918392219150721889e+00,3.806884548859263528e+00
-1.242410395622386865e+00,4.815380886971226682e-01,1.999654953056816176e+00,3.441412996184040285e+00
-1.234829692721242989e+00,-1.363679906882969695e+00,1.905071028492587137e+00,3.655529429492847981e+00
-1.192340444937193267e+00,-3.430545482721864547e-01,1.972492495409434721e+00,3.438072860511089957e+00
-1.245768995725519801e+00,1.030223512481059478e+00,1.978001828507367943e+00,3.529020790960843534e+00
-1.217744871286692732e+00,2.979442301907269108e-01,2.014002088072581298e+00,3.554470621577807687e+00
-1.198822947171441555e+00,1.494939680246930580e-01,1.950684406485319045e+00,3.810654340794391803e+00
-1.158401113127656368e+00,-4.747551681931305723e-03,1.958673947483746236e+00,3.709146027321228445e+00
-1.245693496979208392e+00,8.760523456620070704e-01,1.925982512100422372e+00,3.502042310190351948e+00
-1.209937825073629458e+00,9.634899037113989761e-01,1.934493393844990194e+00,3.565007230095679880e+00
-1.174172220682620393e+00,2.040867007038525971e-01,1.982800626309271008e+00,3.771429933833700510e+00
-1.143870316805635223e+00,-5.986267373248986834e-01,1.978491369324070659e+00,3.576148553173796429e+00
-1.220042258271874624e+00,1.384296570848392527e+00,1.959093792872049100e+00,3.651215039409159147e+00
-1.240115292915452638e+00,-1.418695748560035774e+00,1.942285954006353732e+00,3.428994558690252603e+00
-1.269950250808237868e+00,-2.868524568134213748e+00,1.954668422349534307e+00,3.374335435594327581e+00
-1.248438833429127648e+00,-9.901025048340383883e-01,1.918009161123856554e+00,3.509375626471112231e+00
-1.222136757130281026e+00,-8.059783627185659327e-01,1.977355826659966676e+00,3.306977706945416706e+00
-1.322653727233165988e+00,1.553663000326454657e+00,1.975330302796197923e+00,3.249709024047600536e+00
-1.338729935127018544e+00,1.138543000176629238e+00,1.977866877186827299e+00,3.129843584216037478e+00
-1.227125835548701804e+00,-7.570743843536074102e-01,1.984710270323736259e+00,3.439953491637591121e+00
-1.245486885173910263e+00,-1.138944436841498709e+00,1.979350353948854169e+00,3.433189498996060518e+00
-1.194507081206802379e+00,9.764905773570127234e-01,1.917389955284332315e+00,3.530056869271981146e+00
-1.173415451442214597e+00,-2.161853165302153101e+00,1.899146073347409924e+00,3.684157464164968143e+00
-1.196135035321264750e+00,1.689423773625292391e+00,1.996443753291484491e+00,3.535539671379184679e+00
-1.289829134598531102e+00,-5.539564114750139545e-02,1.978270746955085091e+00,3.290628453159807787e+00
-1.316797960232770404e+00,-4.735878568733596916e-01,1.975295796508260038e+00,3.291602966974823907e+00
-1.316566337911212026e+00,6.971602336545713596e-01,1.982811743054299303e+00,3.363053532365293918e+00
-1.213209750124060404e+00,-3.809564073179272370e-01,1.891475343452382107e+00,3.752666489058165578e+00
-1.310294503967382340e+00,5.343114578454288832e-01,1.937282226564578158e+00,3.394668669568631447e+00
-1.152500900762243097e+00,-1.005658160108131138e+00,1.988193026964070409e+00,3.572587930888683871e+00
-1.198177657916930317e+00,5.631047118045500177e-01,1.900386109830652481e+00,3.524806843882016594e+00
-1.172645866179016005e+00,5.962179307479795742e-01,1.918891281314458297e+00,3.571758256741473403e+00
-1.185709877721849104e+00,-2.455732826078199427e+00,1.967901880694158390e+00,3.473647787045882396e+00
-1.260130562490483719e+00,-4.458043200080257229e-01,1.971631346912211757e+00,3.577772657656932420e+00
-1.216348582619051211e+00,-1.839149336068019114e+00,1.937033170571582863e+00,3.357845755593047432e+00
-1.136926628851799181e+00,3.798680658308292157e-01,1.906856110353926548e+00,3.702381988471372676e+00
-1.231128644389151816e+00,-1.127837056658966830e+00,1.894523734094342826e+00,3.656704030085427437e+00
-1.259882281082547850e+00,-9.721887896676435492e-01,1.872710596060630062e+00,3.381088580888925055e+00
-1.245653502144528080e+00,-5.334558613509322811e+00,1.961298818581837633e+00,3.516831439143770943e+00
-1.211393339972322458e+00,-5.288106989255124013e+00,1.967235604937448423e+00,3.422474750495291040e+00
-1.203066935673849258e+00,-5.694185092875094334e+00,1.960842964557675261e+00,3.489849515796025425e+00
-1.219380258399217931e+00,-6.326117080179283647e+00,1.949523257573954726e+00,3.562362707786485228e+00
-1.252854453682086255e+00,-3.888891805405569890e+00,1.899058972788804533e+00,3.381446892399983195e+00
-1.262480928840066463e+00,2.169657158801656660e-01,1.911214993072712698e+00,3.511872836375481199e+00
-1.182009841574199527e+00,-1.793533470898702298e+00,1.991483600411734001e+00,3.540557861283236907e+00
-1.147473248760953579e+00,-3.607123618359778128e+00,1.951843051811887442e+00,3.729801478166376860e+00
-1.204044624494479132e+00,-1.460819732702651308e+00,1.926934047626689628e+00,3.581664050173152702e+00
-1.293339230922531558e+00,-7.732640873963154693e-01,1.907862210339759113e+00,3.320803727991327836e+00
-1.259415296995054279e+00,1.172450607340029594e+00,1.949530556933719350e+00,3.390730912819002629e+00
-1.278411156376281665e+00,-7.251754638281682208e-01,1.968265700623017755e+00,3.457000615448801550e+00
-1.207397023480156095e+00,-1.974420992627374360e+00,1.957118959862266694e+00,3.415462256820653408e+00
-1.184608778431814002e+00,-2.929203781991389199e+00,1.963703728167733420e+00,3.535608798696997290e+00
-1.252946466593230834e+00,2.029358257284008538e-02,1.978471197826434880e+00,3.315727390469213720e+00
-1.176830600175631014e+00,3.091010288308201903e-01,2.028232579457245333e+00,3.663424474108969431e+00
-1.190139323078284184e+00,-1.446669620134252821e+00,1.999067852385667976e+00,3.549696968772083405e+00
-1.211180359977326315e+00,9.413833918307246140e-01,1.939436406588652462e+00,3.640957761649421087e+00
-1.225945787158660982e+00,-3.223201336581794862e+00,1.890554359125393269e+00,3.569263732060358407e+00
-1.262134484508080190e+00,5.789433160120223132e-01,2.016181848076167071e+00,3.348964045238284282e+00
-1.319091281508012914e+00,-3.529567633808358140e-01,1.975086990220547012e+00,3.181719043033127914e+00
-1.185926670936932270e+00,1.047563942979861107e+00,1.971340815954763848e+00,3.714487379092552111e+00
-1.254813980754240221e+00,-1.916118134081429281e-02,1.959801124572474462e+00,3.317829105252725341e+00
-1.208891425992333568e+00,-8.898323359619685347e-01,1.873805763353812104e+00,3.541523648024524462e+00
-1.231253900894601960e+00,-1.773044632157699807e-02,1.842242067778029346e+00,3.689437579531301914e+00
-1.330288509406442943e+00,-2.079161810222244500e-01,1.907090597192819148e+00,3.304054708117508454e+00
-1.300171660205095892e+00,1.406059827808798568e+00,1.920570935085244901e+00,3.223118288812737209e+00
-1.300171660205095892e+00,1.406059827808798568e+00,1.920570935085244901e+00,3.223118288812737209e+00
-1.156453605019043929e+00,-1.528337292271703118e+00,1.984159866559944030e+00,3.757412198292880312e+00
-1.294844028242661427e+00,1.244917824151657415e+00,1.916930602766868663e+00,3.297702763752983213e+00
-1.308302757261532445e+00,-1.956134536344202646e+00,2.006930171402125929e+00,3.282718077664638301e+00
-1.237127272834680047e+00,-5.514753427944848463e-01,1.964163780059012154e+00,3.337400373942459808e+00
-1.220813592423531047e+00,-1.017913200736417778e+00,2.017582840828673785e+00,3.560252288131461107e+00
-1.186474693492907573e+00,-7.550112041808222374e-01,2.016168645052784036e+00,3.568892060991815551e+00
-1.182632751822294770e+00,-1.381148330371410715e+00,1.988522910052656467e+00,3.503555517612004344e+00
-1.186800454257217474e+00,-2.865876905696353449e-01,1.974310648508876609e+00,3.673721631572917978e+00
-1.257956699305200265e+00,8.801454505744296108e-01,1.914972210442087874e+00,3.437707099469610839e+00
-1.214848313417661529e+00,-1.418158372097430675e+00,1.934134404012877173e+00,3.538047980189043873e+00
-1.278868562313970836e+00,-9.129153595397945242e-01,1.920662737619590166e+00,3.352237700311450741e+00
-1.202344814015095631e+00,3.290703820188572992e-01,1.947287372598764943e+00,3.708795534036070762e+00
-1.193241881816327954e+00,1.595445953671355444e+00,1.973478680178567091e+00,3.624126691984386639e+00
-1.173041770339361634e+00,-5.989918083714503849e-01,1.924951986590644148e+00,3.635249762585554212e+00
-1.303985689496791833e+00,4.824090847273431182e-01,1.970359153884910342e+00,3.237448788761974505e+00
-1.300084700883038513e+00,-2.977252945465774792e-01,1.920572285419214209e+00,3.318749108153238314e+00
-1.254718842554995106e+00,1.330870719877258690e+00,1.977594635598514783e+00,3.163877919217345180e+00
-1.280234853860857225e+00,-1.631888985666388736e-01,1.987413691948540340e+00,3.344771873368139747e+00
-1.302161548796739288e+00,6.295362558935422292e-01,2.044917364600626897e+00,3.373443461135630983e+00
-1.189158226484058334e+00,-3.818995631165457372e+00,1.939502413336027020e+00,3.427452395217913672e+00
-1.295916538468733670e+00,-1.585148864441457084e+00,1.924427273669910621e+00,3.455474043721876498e+00
-1.189385005790114302e+00,-3.627315454451085497e+00,2.004014487145768353e+00,3.636648722537774159e+00
-1.312998865078468080e+00,3.860221174754530082e-01,1.996402024320510726e+00,3.227770276931547500e+00
-1.306051928113253213e+00,3.106359875677028870e-01,1.993302702495339362e+00,3.200290837505143315e+00
-1.274595625142041389e+00,1.109373915247904074e+00,2.013220225452262202e+00,3.324313636463227084e+00
-1.271211094698218247e+00,2.680918330522741311e-01,1.995015322902735422e+00,3.353202692733224577e+00
-1.316578291877945839e+00,-1.073353803378289228e+00,1.990396112600773204e+00,3.171067762508612109e+00
-1.303278680834470071e+00,-3.471434125682042460e-01,1.984962008226882402e+00,3.266476704743005222e+00
-1.259483760134108454e+00,-6.051830792907095247e-02,1.924140564940543197e+00,3.408049953836790102e+00
-1.256164081491963014e+00,8.142352258668781317e-01,1.889877617388193265e+00,3.390014919087471768e+00
-1.202038170947904661e+00,-3.806567152553169686e-01,2.042146713289016979e+00,3.401374186910295361e+00
-1.320688251413904890e+00,-3.289389810952714210e-01,1.904830874883554737e+00,3.413445822421658615e+00
-1.298494811689818951e+00,7.053797818669702568e-01,1.903655436377416521e+00,3.441529340653370905e+00
-1.242413584251395919e+00,1.971525210487040936e-01,2.041815229485923755e+00,3.393518395452729486e+00
-1.168526135894506268e+00,-5.318218824893612418e-01,1.962664241768504736e+00,3.568731636590741996e+00
-1.266136573529683895e+00,4.766066501122986909e-01,1.911194319999535596e+00,3.209716371555089154e+00
-1.183515396216807680e+00,8.212374737753220799e-01,1.878947718179678095e+00,3.524948381922731855e+00
-1.201021054629261897e+00,2.945292493911597642e-01,2.023097079513769270e+00,3.560832367451754799e+00
-1.244774771857874107e+00,-1.181349717528719534e+00,1.899137037197280220e+00,3.700538950043755104e+00
-1.280647791923907874e+00,1.745581416116855911e-01,1.941844413310191975e+00,3.603064763145599869e+00
-1.180273870071129272e+00,5.920965610227896248e-01,1.953525359314850940e+00,3.373931392713641397e+00
-1.236567307572993935e+00,1.074935522886615091e+00,1.921441555110789290e+00,3.422623147567916746e+00
-1.306041797338622468e+00,3.677597832217472940e-01,1.923919086941879408e+00,3.366527513261872606e+00
-1.166487156935454905e+00,-1.179600531779359196e+00,1.931546572689528229e+00,3.676345693455345121e+00
-1.230281826922102528e+00,4.732881419330873807e-01,1.915319818272573693e+00,3.498930855393732831e+00
-1.214516677538636680e+00,7.949851045730900179e-01,1.926394073066225676e+00,3.624633411932787208e+00
-1.257242578312679271e+00,-5.925764490498697246e-01,1.972545315322394854e+00,3.310318118358710482e+00
-1.293663303879671878e+00,1.306080409147386101e+00,1.949440097166434516e+00,3.253082658700050978e+00
-1.256630320240617715e+00,-1.804463896106729415e+00,1.973085998699479982e+00,3.378148388495135546e+00
-1.164931212011432571e+00,5.116548098133277822e-02,1.917338201717178059e+00,3.570599154317246171e+00
-1.204866660679223989e+00,-6.593026885533925796e-02,1.907746631975277163e+00,3.539686881513926409e+00
-1.269681175978782939e+00,1.538014434124336027e+00,1.926020947638740433e+00,3.459949221342937253e+00
-1.262358770315719747e+00,-1.588456125325137469e+00,1.957321752111827573e+00,3.316357915570053549e+00
-1.224959661471097583e+00,-1.158910580154595360e+00,1.948652507176226401e+00,3.215938881131322535e+00
-1.292838164098442544e+00,-5.149275422428433169e-01,1.983944027207629190e+00,3.493998411746255695e+00
-1.282731039662667438e+00,-7.340552877028538870e-01,1.960127673985773811e+00,3.354014399782315081e+00
-1.224316177160124530e+00,-2.062373976784236618e+00,1.962228283455764721e+00,3.626260663148467511e+00
-1.277436651993254957e+00,1.617176646149490971e+00,1.967041723715566404e+00,3.453893043745632330e+00
-1.273299912223638364e+00,2.680191722060600856e-01,1.969252190421770576e+00,3.531889682224192306e+00
-1.252141812203466875e+00,7.420702238890968250e-01,1.956243391171690993e+00,3.426075203309714823e+00
-1.274441777409818899e+00,-2.055964300621359264e+00,1.937636524956688699e+00,3.353101939602601167e+00
-1.191344176796679477e+00,4.898885432878110624e-01,1.997945825659425356e+00,3.649310081511388137e+00
-1.160629651957538977e+00,4.673536269334638282e-01,1.993717958378364186e+00,3.559596235977306122e+00
-1.252295656632818055e+00,-5.886913181122160887e-01,1.924427312564842119e+00,3.351713696570323808e+00
-1.207977548003706492e+00,5.776299263696801356e-01,1.981677157306596104e+00,3.602052347553850176e+00
-1.173205715850851316e+00,1.182494239338846675e+00,1.979712192326696041e+00,3.546534985779272731e+00
-1.098704153018925878e+00,-8.615853945686121618e-01,1.940089108127461381e+00,3.783972575251957071e+00
-1.224137690541042156e+00,-1.837550690760105354e+00,1.939352924159081670e+00,3.665555663774870521e+00
-1.213797800656620351e+00,-1.288737355586972333e+00,1.936048467253115746e+00,3.561229254236734310e+00
-1.241503145742660852e+00,-1.814551762626788189e+00,1.986269248645355256e+00,3.397815875641375882e+00
-1.235721420930643966e+00,-1.233113888245448431e-01,1.949128361788308172e+00,3.369458795909082927e+00
-1.206891554911233788e+00,-1.190393741252999238e+00,1.923542706747866537e+00,3.676293369913337994e+00
-1.159736441349575209e+00,1.505510607260998945e+00,1.958809017151586174e+00,3.592734555978453592e+00
-1.196806258750616303e+00,1.456924313138940663e+00,1.949553480653064552e+00,3.650380084204972508e+00
-1.177173070203499039e+00,-8.966501477750394855e-01,1.984749167026318872e+00,3.562281494080961508e+00
-1.298293677779659427e+00,8.087243586691654773e-01,1.927265704449818040e+00,3.441631576037385010e+00
-1.292725763651870308e+00,1.370789191258541262e-01,1.942423364530442953e+00,3.502715282151996234e+00
-1.260001728236142426e+00,4.515020615713849494e-03,1.908743807726785313e+00,3.433934219223399698e+00
-1.228638037595146004e+00,4.270348607855242173e-01,1.966080516846246073e+00,3.465707338284758965e+00
-1.229960811492532002e+00,-3.014502828124949185e-01,1.940386160375299873e+00,3.474156750838065744e+00
-1.240345335638499913e+00,6.811994983268762072e-01,1.920822186207552962e+00,3.499728328630873797e+00
-1.268348813482724768e+00,-1.318210878542037667e+00,1.929146021570819158e+00,3.409844112576840836e+00
-1.260386668269066979e+00,-1.167976699178414179e+00,1.922049303448578828e+00,3.353279606775489974e+00
-1.351777052537997958e+00,-7.796619686471277788e-01,1.932073633870209139e+00,3.227299512792202396e+00
-1.336136521928813936e+00,-1.449079665817761597e+00,1.942371173000067675e+00,3.127181883768047843e+00
-1.115107243876590992e+00,-1.922605668644650212e-01,1.919862926743888476e+00,3.799124309918731068e+00
-1.155071256033909144e+00,4.176688928675768020e-01,1.964792614300202800e+00,3.768622442422661756e+00
-1.122646188284974089e+00,-2.798441915788808299e+00,1.942507161847760511e+00,3.720583100481146488e+00
-1.262975464425646344e+00,-7.920492801260747839e-02,1.976569772539364056e+00,3.245962960002713338e+00
-1.252493845730409783e+00,-6.465920124143365033e-01,1.903745115372927454e+00,3.354208535470173391e+00
-1.280642608835054430e+00,-1.042133281622963370e+00,1.894931792162206419e+00,3.385597879752613615e+00
-1.290658166469283996e+00,-6.095428793503978593e-01,1.907867020196453600e+00,3.437634671312130852e+00
-1.247994741228937610e+00,1.155423342085612148e+00,1.950041178357052818e+00,3.399347773017771246e+00
-1.250424375298808677e+00,1.230022771785671321e+00,1.951120355971440734e+00,3.485832573216212982e+00
-1.302404771182679388e+00,-1.217786479400615463e+00,1.931817430850675477e+00,3.289978547761288841e+00
-1.122068463823860052e+00,7.650087288661102658e-01,1.966063015926293733e+00,3.820969303677903550e+00
-1.276757127000105241e+00,-9.595210358957558805e-01,1.988237472979859755e+00,3.322107724448404298e+00
-1.285247312354795612e+00,-5.981779951896254444e-02,1.936177474932014198e+00,3.328753277631170793e+00
-1.201243805147401478e+00,2.870502422447974711e-01,1.937372976240812061e+00,3.476948319680872590e+00
-1.257741834729304564e+00,-1.441006557491869788e+00,1.943305090857699424e+00,3.513790987931140197e+00
-1.282115546746839474e+00,3.334518348326852566e-01,1.966329339899669293e+00,3.420566046118739045e+00
-1.250395726194019952e+00,-1.243834751171628838e-01,1.941616216603941014e+00,3.472429652825592683e+00
-1.311473323402720048e+00,2.588926382081533362e-01,1.955880273175230499e+00,3.214723154093478197e+00
-1.190540164459111594e+00,8.551410337265095141e-01,1.895612316160938171e+00,3.736775238774462160e+00
-1.190540164459111594e+00,8.551410337265095141e-01,1.895612316160938171e+00,3.736775238774462160e+00
-1.186857921031157614e+00,1.630593419519218656e+00,1.882300693993727458e+00,3.632339785210678684e+00
-1.182649595586042102e+00,1.887565431771891067e+00,1.886704828876346829e+00,3.654314329767381242e+00
-1.264828939652115958e+00,-5.014597469885026193e+00,1.968476065720617729e+00,3.304559138923487183e+00
-1.243364312204534805e+00,-4.835965174894848673e+00,1.913379818013228206e+00,3.326182408444661842e+00
-1.353852031293208302e+00,-2.699855899115671143e+00,1.888324576233531893e+00,3.360149145483146693e+00
-1.231911803504763370e+00,-2.037801845696317837e+00,2.055593763159173193e+00,3.544672413589695648e+00
-1.198062282339273699e+00,-1.789621320389348291e+00,2.045792021225356194e+00,3.530574795900701890e+00
-1.362427624562080108e+00,-5.244580660446173104e-01,1.950852173967508429e+00,3.138147934700338926e+00
-1.228063126522652704e+00,7.489670262098908626e-01,1.932174404270386558e+00,3.526149707978935233e+00
-1.229167245829853705e+00,8.936634203414891564e-01,1.926510303429217474e+00,3.550165623511400081e+00
-1.289424645971287253e+00,-5.890747064713370840e-01,1.994183622563101332e+00,3.311277841799880939e+00
-1.303181584073842103e+00,-2.202262235098719767e+00,2.010805400004040955e+00,3.300036186372934388e+00
-1.217342036836815744e+00,-9.802675974244433599e-01,1.986326370669417196e+00,3.395656611978026707e+00
-1.166514598394050362e+00,-9.772287524695062455e-01,1.956074906255499624e+00,3.576456026237127439e+00
-1.189239020090019583e+00,1.721970942780867708e-01,1.976907846459461382e+00,3.682938220808146479e+00
-1.222893607786288861e+00,4.997386502772596106e-01,1.969521217321177131e+00,3.279798900446934340e+00
-1.258522943490643087e+00,1.044796891939356320e-01,1.950136847049595890e+00,3.478251009997243681e+00
-1.290673393798857260e+00,-9.154469820785779977e-01,1.979189007340906636e+00,3.203053372426797551e+00
-1.236884025591358682e+00,1.547356163805069795e-01,1.926481436481442655e+00,3.286503778903695938e+00
-1.219384490293051293e+00,8.826999841947071879e-01,1.925375410153503219e+00,3.269627224625899053e+00
-1.277952191120533376e+00,1.477067463084966947e+00,1.957994770881415381e+00,3.535910943989077904e+00
-1.216991647951329636e+00,-1.544764657386370033e+00,1.913832284068797573e+00,3.698660470144894408e+00
-1.212760626835268862e+00,5.150963515494211276e-02,1.912293885463713705e+00,3.433002440364937069e+00
-1.279049169464297364e+00,-1.537703866850292644e-01,1.918957865290782827e+00,3.494112788979416795e+00
-1.243511602238835501e+00,-3.130727535899120006e+00,1.915448613450253745e+00,3.367035646102506163e+00
-1.276085802099325317e+00,-4.880783199961323149e+00,1.916721269001939731e+00,3.495696024778764954e+00
-1.173927950707540413e+00,1.454362593130660075e+00,1.982453159073622739e+00,3.638322530545722522e+00
-1.308354554576435458e+00,-2.059529413246506291e+00,1.973670872829889289e+00,3.256024104378058670e+00
-1.208848321690642047e+00,-1.882008638173545467e+00,1.937530499015778451e+00,3.741160486243061190e+00
-1.198445248869519197e+00,-3.992138777423367646e+00,1.928857136529727123e+00,3.426816233147998325e+00
-1.267743350254652013e+00,-6.402340353075661739e-01,1.996471637153084844e+00,3.504073076787406205e+00
-1.193727673919876997e+00,-2.577642156622999003e+00,1.893452985496883567e+00,3.492622371280643900e+00
-1.212801522232272777e+00,-2.878268854045843650e+00,1.911803838261246558e+00,3.578746821567247327e+00
-1.209026249702540579e+00,-2.392381716200076447e+00,1.890194774128468147e+00,3.622817323660957989e+00
-1.211931714120702885e+00,-2.136428511663042151e+00,1.878388104505178235e+00,3.647820337476557206e+00
-1.107453062307419689e+00,3.597188862286860855e-01,1.929434569823051282e+00,3.841126352154067281e+00
-1.116578795063773111e+00,1.475018402536123485e-01,1.927755067825691837e+00,3.889179985632625680e+00
-1.337817213560588137e+00,-7.111833818000476981e-01,1.924930712835980495e+00,3.296217648923462029e+00
-1.325867513526715946e+00,-5.913376007930845057e-01,1.916750892673108053e+00,3.233739357567809503e+00
-1.332964068522137113e+00,-4.030372899598484437e-01,1.891612467321112101e+00,3.149199138743704829e+00
-1.193229661022136678e+00,7.225538481052342643e-01,1.942653264858431594e+00,3.580447080232895818e+00
-1.228765854282614312e+00,-1.871829603575514644e+00,1.930037280849293602e+00,3.492467075243093522e+00
-1.194852939252341040e+00,-1.477050212394158679e+00,1.941150749911263462e+00,3.408653992189592863e+00
-1.242445262392957162e+00,-1.824917998783162298e+00,1.907943732453546426e+00,3.487500481447132650e+00
-1.236606470934439317e+00,-2.007770002104560358e+00,1.943543488940502550e+00,3.458525260207936380e+00
-1.306346253787307621e+00,5.552112329981744310e-01,1.964399858556387546e+00,3.324623063329418038e+00
-1.298003885742913921e+00,-7.463990239080386946e-02,1.972009928642966425e+00,3.208789310847678156e+00
-1.278826366628315281e+00,1.063614907301926538e+00,1.892148676594471279e+00,3.407243783535347070e+00
-1.158917477603895074e+00,-2.060097702715599777e-01,2.030129866124239957e+00,3.465164844147513801e+00
-1.224166303538051004e+00,-8.370070648552696557e-02,1.914787613371348396e+00,3.438100903239668327e+00
-1.204714914238389945e+00,-7.201947959863383986e-01,1.867286087040669784e+00,3.532396737033608680e+00
-1.206521206398677659e+00,-1.826996354616938101e+00,1.990327307074099217e+00,3.440354520958502249e+00
-1.324365568261698156e+00,-6.481030899427425718e-01,1.979431953697964763e+00,3.339115793695796697e+00
-1.206232034911022044e+00,3.015063344711420568e-01,1.999140742309767793e+00,3.368674995419313145e+00
-1.246149622346948815e+00,8.552609799400424651e-01,1.921036513494424280e+00,3.532975999518021215e+00
-1.245680925330316935e+00,1.408069143261513334e+00,1.931962170923199773e+00,3.597645622663449227e+00
-1.204035552086244909e+00,6.161334234298432300e-02,1.912044398702503312e+00,3.459714498018941597e+00
-1.224582932745186925e+00,8.238083516195260358e-01,1.908271073424363085e+00,3.462263710517111015e+00
-1.263835005251683130e+00,-1.993150797202631441e+00,1.947038865461696799e+00,3.365660469434360369e+00
-1.233362784284447011e+00,-1.604489808463074541e+00,1.929425077144792722e+00,3.518934906652438688e+00
-1.150321598094475206e+00,2.538476471550875635e-01,1.973213973811791977e+00,3.671019973980500950e+00
-1.174723999998668500e+00,4.847195009961087209e-01,1.925404867181973678e+00,3.723908593975069792e+00
-1.214602408495407904e+00,-3.794145581536354506e-01,1.936889293258001299e+00,3.488997847084456261e+00
-1.217976208409524697e+00,4.451278934523230091e-01,1.946056599893345007e+00,3.680891128060632678e+00
-1.163372848074291532e+00,-9.896534502143325973e-01,1.968954301153474917e+00,3.517145865886412981e+00
-1.264199618619054721e+00,7.369413791629175758e-02,1.957110857571945584e+00,3.646342341740955284e+00
-1.249209256119262701e+00,1.146524357333862307e-02,1.929357727919973398e+00,3.457851171572475124e+00
-1.221619951564219875e+00,-2.542803909925654082e+00,2.015059814637436109e+00,3.434628848382072608e+00
-1.227186922714877060e+00,-3.156446018036710655e+00,2.013367430657010626e+00,3.431643795356045246e+00
-1.267986440164045270e+00,-2.436848082157198725e+00,1.918806431130194445e+00,3.410999900770990134e+00
-1.229845756424474024e+00,-4.929975269844208086e+00,1.994562158484340264e+00,3.546501102213063028e+00
-1.149724821798814522e+00,3.874180772638802228e-01,1.932920061310097415e+00,3.678081530298486612e+00
-1.267495562655877483e+00,-1.427475845855544989e+00,1.896197069621511355e+00,3.307528935257603386e+00
-1.224120640496027868e+00,-2.044682548541313594e+00,1.921796905616054207e+00,3.482246983468035850e+00
-1.224951573498456403e+00,1.612335370996002659e+00,1.929448032090557152e+00,3.468905032506502284e+00
-1.222907355416782416e+00,1.232518929034922772e+00,1.930827230172198705e+00,3.374372454489388495e+00
-1.272926318792780176e+00,4.814283540825541330e-01,1.914251820262397485e+00,3.555203028574660085e+00
-1.267610044017529081e+00,-1.231613786690551882e-01,1.944859502436691034e+00,3.611610650647443244e+00
-1.272081489347429040e+00,-4.010459012628538322e-01,1.989456163170548297e+00,3.337878323864094554e+00
-1.257086339038048450e+00,-5.263708239798282618e-01,1.941665361076255092e+00,3.303088029186850960e+00
-1.242458070485876309e+00,1.967886844882252628e+00,2.075038896492895191e+00,3.455951813852688570e+00
-1.357873936794034231e+00,-2.078596065224408207e+00,1.849823648700875900e+00,3.152896810697588759e+00
-1.138108578917853553e+00,4.791723899639477313e-02,2.027108199321209003e+00,3.584640183547869619e+00
-1.192970273381732005e+00,-1.489896493536928546e+00,2.013917391322477712e+00,3.633439562265158962e+00
-1.209011887808667529e+00,-9.067708954217402750e-01,1.966882527573439399e+00,3.618040245578130421e+00
-1.224823478019084977e+00,8.161316934578908278e-01,1.958424289684170816e+00,3.579705226707972088e+00
-1.270379619547703953e+00,2.262811668660713593e-02,1.943336029464284742e+00,3.265189461703059681e+00
-1.199348716458240593e+00,1.028710891320760101e+00,1.935088255470709839e+00,3.518304384136573759e+00
-1.221429884816292777e+00,-6.179457910898511486e-01,1.958887980534141038e+00,3.585486444189593946e+00
-1.218121265821743959e+00,-9.338627121064591030e-02,1.925867649623245637e+00,3.518996859763746432e+00
-1.204802512590644303e+00,7.006126373778628347e-01,1.990425478033166939e+00,3.540864340416626899e+00
-1.206229420771794292e+00,6.605426399479273902e-01,1.973194159441173046e+00,3.507960549293378971e+00
-1.216915563532328326e+00,3.390455625064311418e-01,1.979357159910058783e+00,3.440962713151218821e+00
-1.256812845114840593e+00,-2.450541225561661540e-02,1.953595795585513439e+00,3.486655882831832809e+00
-1.191057633649392766e+00,7.234892672460637719e-01,1.906683223218608614e+00,3.699999145556795543e+00
-1.238316209006352198e+00,-6.656148644405471826e-01,1.859657479960536985e+00,3.513592132507405985e+00
-1.186351285024123570e+00,-3.009301515871419253e-01,1.858400501343715261e+00,3.564552705336334171e+00
-1.291702087067324589e+00,-1.521627772684474467e+00,1.933991369355988699e+00,3.465217207326062976e+00
-1.171440060718783371e+00,-1.883938786185049397e+00,1.909928917151199279e+00,3.558156153488511109e+00
-1.198817066612012594e+00,-2.452960438160853407e+00,1.892020159709718374e+00,3.701233731390985326e+00
-1.181644023813836819e+00,-2.914119193150851661e+00,1.908791580494056284e+00,3.775161761525068993e+00
-1.127496903620081037e+00,-1.346210516419846570e+00,1.949008534648057012e+00,3.695968982605094322e+00
-1.218639140087393491e+00,-7.389625836168500772e-02,1.985882837649616928e+00,3.577988124385742097e+00
-1.189145829977277247e+00,-6.237200056627260902e-02,1.906593050683843105e+00,3.601297613239878626e+00
-1.305533741368159806e+00,1.124569429654530328e+00,1.967056711383988965e+00,3.382044054367572716e+00
-1.282793638087610377e+00,-1.381704499291970256e-01,1.912637096092660416e+00,3.259127378759804294e+00
-1.304821668145110802e+00,-5.555854731899381171e-01,1.956723618983790214e+00,3.145331713070305568e+00
-1.311868077936647392e+00,9.454943209723523090e-01,1.980145739825634577e+00,3.360571705393494923e+00
-1.264404691546224146e+00,-7.348262479440467176e-01,2.020785102685386470e+00,3.178527437180465043e+00
-1.202973043303368739e+00,1.222463374063625041e+00,1.938588589568767562e+00,3.586797975587260989e+00
-1.284772130280155356e+00,-2.107856061921296487e+00,1.948244903700644404e+00,3.260343619766409962e+00
-1.242224977712785616e+00,-2.306173263772673288e+00,1.964900927643992157e+00,3.570949959491030778e+00
-1.196378688316325434e+00,1.428253117893547142e+00,1.951255257486212091e+00,3.837669306989349050e+00
-1.264505438396944070e+00,-1.314559608787617018e+00,1.985172555376425008e+00,3.117399324231798552e+00
-1.345762591990036228e+00,-1.270084987239772367e-01,1.971724123716812160e+00,3.337750219300984256e+00
-1.332379337323338575e+00,-5.932524095600690828e-01,1.932645344809567955e+00,3.091775140142573264e+00
-1.368579642213346048e+00,-2.117214853401585106e+00,1.928831346246780321e+00,3.248372362042968309e+00
-1.393332863834252144e+00,-2.467418819295573051e+00,1.913337179008390176e+00,3.240718439583679888e+00
-1.088736610283138839e+00,-6.502626597972337441e-01,2.001108409657226694e+00,3.704259493157704863e+00
-1.282838247956603839e+00,-6.154363140587509884e-01,1.977555824809190232e+00,3.062532628961455838e+00
-1.319571336082103308e+00,1.363287438384967132e+00,2.028863723224092475e+00,3.343507782586945698e+00
-1.179441784177416519e+00,-6.851449769131546796e-01,2.025313122736800420e+00,3.400662940500081444e+00
-1.212999723637877114e+00,-3.465444058072703615e-01,2.023632601688963639e+00,3.609771139130954154e+00
-1.177981294231120524e+00,9.127011885657734247e-01,1.965678789525533432e+00,3.562215665288321009e+00
-1.177981294231120524e+00,9.127011885657734247e-01,1.965678789525533432e+00,3.562215665288321009e+00
-1.150922923651523044e+00,1.130205332240915128e+00,1.947827654193260427e+00,3.526902284317277037e+00
-1.186633304745705386e+00,1.292833845536331072e+00,1.961816918149935196e+00,3.592740692047137419e+00
-1.156838460282232361e+00,-2.809227762199895562e+00,1.951933198485673593e+00,3.616333126356200633e+00
-1.212226092218962270e+00,-2.291945984763214206e+00,1.973485268373997847e+00,3.418902160103366672e+00
-1.173234654808016808e+00,-3.433026951455249165e-01,1.975962343042993563e+00,3.644684273615466541e+00
-1.178347659979590789e+00,-1.763496136003330772e+00,1.943737647260270318e+00,3.476045976680411265e+00
-1.214222608603195308e+00,-2.290019431486955970e-01,1.948250914476176154e+00,3.528480158371023023e+00
-1.197426762612783468e+00,-7.559242481924882684e-02,1.954794139450588109e+00,3.578656924443054166e+00
-1.230586685790245882e+00,7.329670806728767474e-01,1.961520449956053458e+00,3.525182192914681600e+00
-1.217526440018978029e+00,-5.607455141232706719e-01,1.939142911876571063e+00,3.544340323552904515e+00
-1.184468444384143782e+00,-2.380444501096004029e+00,1.941765263405649700e+00,3.612858079682294221e+00
-1.166679906760238472e+00,4.692427902792859484e-01,1.995355892697451283e+00,3.619865989478967538e+00
-1.159312396375457910e+00,-2.356629928040019362e+00,1.978497918790996568e+00,3.690212354907727033e+00
-1.183559001516538478e+00,-1.272749705345840976e+00,1.977605059255631348e+00,3.573548986183689102e+00
-1.243496760471199059e+00,1.936698668767268261e-01,1.959753617923952529e+00,3.414121171105249264e+00
-1.242941482726412472e+00,-1.381443340718618851e-01,1.967998782129777746e+00,3.350892659619121527e+00
-1.168986574712654436e+00,-3.759882687746443963e+00,1.947085229215112623e+00,3.648602307112373655e+00
-1.206807535619546234e+00,-2.758489489222990532e+00,1.923016916946957311e+00,3.621807102112337251e+00
-1.220461882873534076e+00,-3.131115654108890478e+00,1.914780685306664010e+00,3.645456903013971406e+00
-1.214524887110803864e+00,-2.687428658795046665e+00,1.921718074733453907e+00,3.577518598463224730e+00
-1.218366189169704406e+00,-1.943839720600292420e+00,1.933456805405100676e+00,3.517438099834573340e+00
-1.201702455686542992e+00,4.520494548411744251e-01,1.993532839039775961e+00,3.588433956424294191e+00
-1.202178573663220673e+00,6.450630144553474166e-01,1.936258024517547360e+00,3.569362389208516451e+00
-1.264629169776741335e+00,-1.756952169612895354e+00,1.975797282414148537e+00,3.594022910236579271e+00
-1.198975544755364719e+00,-2.804152221802309164e+00,1.937008049578966995e+00,3.472848078071550937e+00
-1.282605324671834746e+00,1.295048915340273776e+00,1.973852434622843877e+00,3.393185537802525076e+00
-1.266279236817979603e+00,-4.533399747926745160e-01,1.989133045450673709e+00,3.299260030386152120e+00
-1.284508086692982110e+00,-1.173873279778482881e-01,2.000246363758030554e+00,3.323992612115959755e+00
-1.235322198442057928e+00,2.188211223834288788e-01,2.053996430326583411e+00,3.228666167317574498e+00
-1.280496477354176044e+00,2.364553255767130602e-01,2.057291820700530849e+00,3.393078322357144572e+00
-1.175867887005698664e+00,-2.059867468842864646e+00,1.885912970843303116e+00,3.527758559819339279e+00
-1.195703454689179601e+00,1.615465082213411119e+00,1.938323254337011692e+00,3.501423645746736035e+00
-1.174625594886831825e+00,-1.692790550229822610e+00,1.959406767830145668e+00,3.540425014103801615e+00
-1.219450405154889117e+00,-1.879342483126553942e+00,2.035225060324223900e+00,3.394506106584554317e+00
-1.273922641005164502e+00,-1.480819555124511799e+00,1.959966145168024587e+00,3.294543673388838023e+00
-1.218491107632839965e+00,-1.289576080694811999e+00,1.915632446040597570e+00,3.473329573455242958e+00
-1.219319536501686674e+00,-5.442921538866154485e-01,1.964753903746893737e+00,3.423409410931785857e+00
-1.299197844106669830e+00,-2.163795356525986868e+00,1.988833046422380235e+00,3.346668977300210290e+00
-1.236723998825467241e+00,-1.639995658880293528e+00,2.005136740483330904e+00,3.312232913569309378e+00
-1.150507954420793011e+00,-2.400120001691185223e+00,1.928517289941910073e+00,3.648763164461693798e+00
-1.211412983146100020e+00,-1.563734397641238116e+00,1.938247671922242565e+00,3.631936461877585121e+00
-1.219131675364893974e+00,-3.451067438446624003e+00,1.999752704009323256e+00,3.616275192347897516e+00
-1.279423081202047729e+00,-2.922679096352155170e+00,1.845253552172505307e+00,3.377748449732784763e+00
-1.265185330859145196e+00,-2.837913149434600601e+00,1.848432094872759501e+00,3.337168835353216512e+00
-1.179512804634648360e+00,1.679079974357840843e+00,2.056044947635244924e+00,3.547812781392762904e+00
-1.179789702526192086e+00,1.510877265136572944e+00,2.048545173871855862e+00,3.560035001485526429e+00
-1.266387024327601640e+00,-1.605584485256321026e+00,2.042250914476469781e+00,3.326338068272530979e+00
-1.212793719456158881e+00,1.775300647643894392e+00,1.970485997153607727e+00,3.549883436810091553e+00
-1.184920463815945846e+00,-1.908980169010882078e+00,2.039616345707917056e+00,3.494882364516624040e+00
-1.170314101235129023e+00,1.170485256032193000e+00,1.903102421680451295e+00,3.689752626963061388e+00
-1.253444533135740668e+00,-1.540375184902094574e+00,1.959368357011214590e+00,3.422779877672166737e+00
-1.233671704762516974e+00,-1.254383877746815479e+00,1.939105537821380842e+00,3.474216376634756021e+00
-1.244440165566267797e+00,-2.394887737360135160e-01,1.973470138123757600e+00,3.530804197215183127e+00
-1.211961735720066269e+00,-2.274358626159272312e+00,1.967343090021375973e+00,3.609779064938799742e+00
-1.240416762207928958e+00,2.306900135179952738e+00,1.934299496185353018e+00,3.413818746901513990e+00
-1.266074737615044299e+00,1.748661614399254827e+00,1.938873004073752737e+00,3.489957082878218930e+00
-1.266074737615044299e+00,1.748661614399254827e+00,1.938873004073752737e+00,3.489957082878218930e+00
-1.266074737615044299e+00,1.748661614399254827e+00,1.938873004073752737e+00,3.489957082878218930e+00
-1.189658591170555946e+00,-2.485094636591289152e+00,1.965020751290569523e+00,3.717630279848136432e+00
-1.194886680973574089e+00,-2.299751882336949382e+00,1.990164670175975870e+00,3.632153175331974015e+00
-1.283756004399816630e+00,-3.668830675147197962e+00,1.908257906557794259e+00,3.439972091614592831e+00
-1.224284299373856078e+00,-3.742606617750270814e+00,1.986636892743052663e+00,3.446993142445614389e+00
-1.313068446024578950e+00,-2.609995498887143661e+00,1.931744901102736112e+00,3.239750573099165809e+00
-1.150533242638082099e+00,1.450965671048364491e+00,1.953942545526631935e+00,3.679236256781990733e+00
-1.186055437317024008e+00,-4.127746782098727918e-01,1.977851052926187236e+00,3.681819901032063136e+00
-1.182303527465066839e+00,1.942051356123739136e+00,1.943655791584359971e+00,3.531368031688151721e+00
-1.214364520547170034e+00,7.438971049384165424e-01,1.930614711166523723e+00,3.377206435080988278e+00
-1.332933995303313912e+00,-1.278369848140381126e+00,1.971511621914491696e+00,3.129766962994039226e+00
-1.386195628114330614e+00,-2.033761796646518683e+00,1.960731166768292066e+00,3.116933126634388707e+00
-1.129381357087706705e+00,-9.881108367576618701e-01,1.993439143775329825e+00,3.670617353457315435e+00
-1.129655174017440089e+00,-8.315240294139067956e-01,2.014720559190383398e+00,3.669197055192059409e+00
-1.245673056530785194e+00,1.197435076981081314e+00,1.865585791060011767e+00,3.541106878265979141e+00
-1.263728549510172439e+00,6.060488009704292356e-01,1.920865771694995505e+00,3.409387712148867600e+00
-1.225283268097305811e+00,-9.778364274023692015e-01,1.945978203559527886e+00,3.443266317581655134e+00
-1.231737546603308253e+00,9.319114148671280295e-01,1.962482776827042752e+00,3.553934054434531919e+00
-1.241119993958876178e+00,-2.240851312276304963e+00,1.930029682700055371e+00,3.548409350797918638e+00
-1.181178865000688472e+00,-8.689463337585545677e-01,1.935132820178360635e+00,3.531936929866578367e+00
-1.209305461410622229e+00,1.435412581264230214e+00,1.972871069056066462e+00,3.490107059600334960e+00
-1.182964888816926630e+00,-1.722849701361492736e+00,1.918477884666300426e+00,3.630917239262487328e+00
-1.261565929790214424e+00,9.294261557596472656e-02,1.965376994860471349e+00,3.376667176893016986e+00
-1.211723402854762099e+00,-1.795975661674935608e+00,1.942634782952348704e+00,3.518791141918554910e+00
-1.243234170748651835e+00,3.722617445548928039e-01,1.945624711947962826e+00,3.480832777159324820e+00
-1.218944021578136194e+00,-2.393679009163889315e-01,1.956105297028658763e+00,3.522410075688072073e+00
-1.185621547395403486e+00,7.744469845866532864e-01,1.901994141882546119e+00,3.570065767321212391e+00
-1.149985188530927793e+00,7.726546099533038170e-01,1.902399099515329262e+00,3.474625207380408032e+00
-1.217750047374784206e+00,1.267193874546188148e+00,1.901970012699628176e+00,3.537116636885210497e+00
-1.317446947635208643e+00,-6.863674327268577402e-01,1.874149065421625071e+00,3.379701255699737228e+00
-1.297811230402747151e+00,3.890916831351977079e-01,2.036977268520163697e+00,3.308435132359561326e+00
-1.254839252932411942e+00,8.796866918192766116e-01,1.983331595810325698e+00,3.249609924092331514e+00
-1.238114534346686613e+00,1.104193253397304453e+00,1.985645794486324833e+00,3.250515611072244404e+00
-1.254980419256179536e+00,-4.595104155627799614e+00,1.929938461407688433e+00,3.517913674118687606e+00
-1.287057275098589582e+00,1.706106800813027569e-01,1.986766636610580727e+00,3.299712784137438515e+00
-1.334742027764181937e+00,-1.169489734201101250e+00,1.968396970112327393e+00,3.160399029742780197e+00
-1.101684573118087540e+00,-3.987285365573385310e-01,1.937792268096947490e+00,3.850396102482084526e+00
-1.303757924670139179e+00,-1.373199688804756402e+00,1.959930084142930573e+00,3.218963720377282733e+00
-1.281033001855745423e+00,6.432348097399043230e-01,1.956978913964734224e+00,3.352319553081178682e+00
-1.223447924609651238e+00,-1.834478206560405500e+00,1.936259510814576146e+00,3.620026212396119547e+00
-1.170715724165964700e+00,-1.023162438697140963e+00,2.022103446164120744e+00,3.509401020276742944e+00
-1.132524603440229205e+00,1.447818375539435154e+00,1.980418419242409689e+00,3.804983304904962171e+00
-1.129327169739765546e+00,-4.165540131455571782e-01,1.988893598991405165e+00,3.685966172760951842e+00
-1.147967849678675378e+00,-8.478895302841417125e-01,1.949138671075478113e+00,3.625077590059706978e+00
-1.253331603910677217e+00,9.529393763102096404e-01,1.959889974877065733e+00,3.346937018233763883e+00
-1.298193849070113481e+00,9.302792693781890554e-01,1.971159000749129309e+00,3.325693458845222938e+00
-1.322563008347220403e+00,-1.849760625597632324e-01,1.904979828276992304e+00,3.218466870300575433e+00
-1.316232765005205696e+00,1.264928560341099351e+00,1.966684687696451661e+00,3.250154327924086317e+00
-1.196284868691144920e+00,-1.143455600600677080e+00,1.978000098975913223e+00,3.504165663431408007e+00
-1.234612764528130180e+00,-2.393603956972502722e+00,2.001049850271958253e+00,3.508106659498228197e+00
-1.249194890504844224e+00,-1.296161592726605249e+00,1.971581553909306894e+00,3.467957976544815413e+00
-1.238102484015098703e+00,1.049892458224862768e+00,1.933470982973597874e+00,3.548947806803992577e+00
-1.220462018271381899e+00,9.854362900556747906e-01,1.962426531640552474e+00,3.498736057329380866e+00
-1.270159725530086714e+00,7.393687863216905631e-01,1.900481634927666086e+00,3.422993952502833004e+00
-1.115546843935790067e+00,-4.517968279943723187e-01,1.976123099346285938e+00,3.632498347769848035e+00
-1.319902431647549168e+00,6.179774783427544049e-01,1.922916772085932369e+00,3.176629173431020803e+00
-1.222742549389084221e+00,-1.146444890779699577e+00,1.958048360300215451e+00,3.522176687726188860e+00
-1.251949423964459962e+00,3.791087360853740429e-01,1.968211950093013307e+00,3.490167459960280105e+00
-1.266222682374867459e+00,4.259567724401283617e-01,1.915605905172441448e+00,3.404255505367099754e+00
-1.276944789181840845e+00,-1.737376062419030975e-01,1.940169076742595422e+00,3.453747673277636654e+00
-1.282838617674530113e+00,1.548258440261053082e+00,1.908427428825391958e+00,3.263138326202946526e+00
-1.257154649674851132e+00,-1.715833428711115882e+00,2.018637090181702121e+00,3.231287463346796063e+00
-1.151256524480342991e+00,8.265470689214369227e-01,1.927190995997590806e+00,3.652725692238297128e+00
-1.256823284169986454e+00,-8.929649795978717997e-01,1.953670710473065064e+00,3.468886618787345721e+00
-1.240331071730793377e+00,-1.915600886724674101e+00,1.979971310576962962e+00,3.402019781414604704e+00
-1.298843486927192981e+00,-2.773330528521054550e+00,1.975268224305930742e+00,3.172227920191705852e+00
-1.340374436722981288e+00,-2.270115246760302075e+00,1.938638970855297572e+00,3.208269116301001755e+00
-1.256269108344600927e+00,-2.549012635131667537e+00,1.936441769285671688e+00,3.423742592008364838e+00
-1.264329970860573527e+00,-1.513485545235263130e+00,1.971767108177188810e+00,3.393213608597871911e+00
-1.232540963940944811e+00,-3.916775260087301813e-02,1.911503902484544382e+00,3.500908394662727741e+00
-1.259065184052712061e+00,6.596245045098072524e-01,1.901535920268893731e+00,3.484373662911858460e+00
-1.266360616444609510e+00,1.223933785927616480e+00,1.899945700875874888e+00,3.518002582602733685e+00
-1.290792866872807920e+00,1.361108763833697166e-01,1.915678552007036961e+00,3.419273327762791581e+00
-1.204914706455635587e+00,-4.260463989090238490e-01,1.985749956083810552e+00,3.565417347543168969e+00
-1.247580744623148608e+00,-4.047492568952927527e+00,1.940782955576254132e+00,3.376322103188169166e+00
-1.301221910495369283e+00,-3.729000232997157660e+00,1.947287201176615579e+00,3.367821021825607275e+00
-1.262958246626396885e+00,-2.373543507561346910e+00,1.942933121132912166e+00,3.306022441264721667e+00
-1.227450851321197245e+00,-1.047536993372725433e+00,1.997804005913356828e+00,3.353921722432940289e+00
-1.271516591082509029e+00,1.231700175819834486e+00,1.936777177164716202e+00,3.487867753690019779e+00
-1.251964924407998669e+00,-1.164673284108209694e+00,1.911478697463080634e+00,3.645937619211128133e+00
-1.166224861084749431e+00,1.811756410006861717e-01,2.039560624976729297e+00,3.813558439201726546e+00
-1.164345829557473344e+00,-4.578389060467927152e+00,1.940941833356939927e+00,3.540689411825018063e+00
-1.327040736708041679e+00,-1.002107643942915516e+00,1.939825235559386352e+00,3.247326107955177399e+00
-1.334784682636689368e+00,-3.334141886969329005e-01,1.911628507721867098e+00,3.137471754339453245e+00
-1.206648544422740166e+00,-7.659952003586151248e-02,1.962865795501001820e+00,3.601219948106512803e+00
-1.217610921908237165e+00,-1.578824169367158525e+00,1.979530304272245411e+00,3.515148047958659205e+00
-1.255859589156420597e+00,-2.235168807204971575e+00,1.959075542318034824e+00,3.519358660198475430e+00
-1.258581452252706345e+00,-2.313381934675990070e+00,1.968112805626436312e+00,3.568779709272574596e+00
-1.244795450265024028e+00,-9.166053085697515312e-01,1.961668535134184044e+00,3.307908652127190319e+00
-1.252771934695257272e+00,-8.010466579169782664e-01,1.977596439661545080e+00,3.322976141858333232e+00
-1.243431586695757707e+00,-6.785780665103893217e-01,1.983759118046094727e+00,3.503333903158958318e+00
-1.211820024222320491e+00,-1.919411391297436431e-01,1.984537600150616310e+00,3.553878704831166413e+00
-1.181758964953866897e+00,9.073077555026121122e-02,1.976663763820144304e+00,3.449922421516249393e+00
-1.268371951456264357e+00,-4.038396687098225746e-01,1.963074365813350264e+00,3.641887128038363119e+00
-1.239936801746886141e+00,-3.898592697917757643e-01,1.957302032438748673e+00,3.531365211500208545e+00
-1.174728952592202669e+00,9.670857406856405714e-01,1.914396017498437130e+00,3.752352469546624825e+00
-1.206894138174773978e+00,-6.377737651946802089e-02,1.957054803309440594e+00,3.629919859801066018e+00
-1.183694010668425944e+00,6.635530360516088688e-01,1.913393180540990723e+00,3.504515671511522878e+00
-1.201368334822641382e+00,1.136216952512897893e-01,1.960157097830644402e+00,3.525115692816275015e+00
-1.267422743052248002e+00,5.282491620422362644e-01,1.993625065483822345e+00,3.352817647659106282e+00
-1.230848113370743846e+00,2.021962483992860715e-01,2.045061499650638215e+00,3.387042171515367794e+00
-1.181598880424542308e+00,3.262499235364960115e-01,1.907233514221905457e+00,3.680429841444223360e+00
-1.325033574926846036e+00,-2.249970342256050193e-01,1.995371200066671458e+00,3.235965873776545987e+00
-1.270134706212802778e+00,-2.947175962100702096e-01,1.974591126783443507e+00,3.158356507905417665e+00
-1.247380296147174050e+00,-1.836987120566557496e-01,1.898126439778620611e+00,3.512767928052221933e+00
-1.180614195133164346e+00,-1.295490044579371558e-01,1.900606383767237562e+00,3.636055559162445050e+00
-1.202527206030261864e+00,1.080505129103918049e+00,1.998906600776405362e+00,3.492509581626738413e+00
-1.241343987456964948e+00,-1.018201656161014768e+00,1.977801337733686937e+00,3.310965619125268766e+00
-1.180419281115741237e+00,-2.351338053028371622e+00,1.996968428789008154e+00,3.574305822750557304e+00
-1.236235572850564957e+00,-3.571742266629279072e+00,1.914425552645870443e+00,3.519273932098720969e+00
-1.192762258106926598e+00,-4.648005761345975095e+00,1.919739439743495923e+00,3.589218537176101620e+00
-1.143112291821046789e+00,-2.572469236852878538e+00,1.947584585069189522e+00,3.710293412107115607e+00
-1.242886556498304484e+00,3.113480627618444574e-01,1.966517370546859267e+00,3.522638889643109561e+00
-1.310701019495848829e+00,9.675366358030208502e-01,1.955319517308730548e+00,3.260740395622331533e+00
-1.274754378626198115e+00,3.411819695451935863e-01,1.912160718922869540e+00,3.416396172624042382e+00
-1.224360227395841827e+00,2.543626032886549537e-01,1.970074885838164480e+00,3.534652577057537659e+00
-1.209334694050362646e+00,-1.193999251941256334e+00,1.983403221108851033e+00,3.475238290672407970e+00
-1.234977902290976814e+00,-3.112952429575117197e+00,2.032361206702851142e+00,3.355059186511863523e+00
-1.268265326016554617e+00,2.050914874694467649e+00,1.871979803451548019e+00,3.435418502419979703e+00
-1.219657577266627602e+00,-2.522808843017536162e+00,1.955038651650210291e+00,3.632206133836594741e+00
-1.133962304147585698e+00,-4.461805161590661761e-01,1.986207950059107663e+00,3.741527712305182884e+00
-1.197964740863155741e+00,1.616589731682104292e+00,1.961487113388191039e+00,3.601163815571166271e+00
-1.180303638996244242e+00,-3.063378126376658628e+00,1.940588949148194242e+00,3.654526406557435880e+00
-1.185933585407857427e+00,-2.749212673506470139e+00,1.921152751483630849e+00,3.615886337394970340e+00
-1.229241034295704749e+00,1.281334578413118486e+00,1.969261583019324968e+00,3.413168773102052356e+00
-1.192785589202839391e+00,1.028469428329199076e+00,1.964256722211654482e+00,3.426405461648962092e+00
-1.246324330886007914e+00,4.472144861343374522e-02,1.935630037129773218e+00,3.544017992792202865e+00
-1.202556960612921833e+00,-1.584968036550545634e+00,1.959214152668167230e+00,3.467558055021273233e+00
-1.281278083304072224e+00,-8.552080361483541671e-01,1.872181573532427867e+00,3.508501687470511943e+00
-1.202618917233363449e+00,1.200260794982686674e+00,1.937519350607500135e+00,3.547991034993107640e+00
-1.257465724524809758e+00,-2.632789732638485702e+00,1.948089248047039090e+00,3.496208100392284912e+00
-1.219277464206301786e+00,-8.317756743490574145e-01,1.920561922385970233e+00,3.326384833842431998e+00
-1.248906815932365522e+00,-3.435083304459700226e+00,1.928271309561517377e+00,3.609908743960332789e+00
-1.244869019053114867e+00,-3.295738758338037755e+00,1.944589612465003059e+00,3.545402005076650376e+00
-1.209967439339214801e+00,-2.476025489703881366e+00,1.941964339537943784e+00,3.462515227614655799e+00
-1.151246451229128054e+00,5.797331044012518086e-01,1.972197433726488258e+00,3.620599422272956502e+00
-1.187066712436801064e+00,1.080759261796651050e+00,1.943126379772121437e+00,3.680278432269337152e+00
-1.164565842596975820e+00,1.514080778589075749e+00,1.925985349273617864e+00,3.657337458545877773e+00
-1.141445439266869366e+00,-1.444625142164196463e-01,1.893427147387650722e+00,3.810464185156132277e+00
-1.167732923281925350e+00,-9.889007358754305921e-01,1.956737998512968257e+00,3.653739815768781263e+00
-1.277895219270915650e+00,6.080055786420800468e-01,1.939851324872477356e+00,3.414921044967421437e+00
-1.241052981988938875e+00,-3.736669312960244627e-01,1.961264664434326344e+00,3.358229207525064375e+00
-1.248584832674061174e+00,-1.905872732730126140e-01,1.934759735846045325e+00,3.454636645075190859e+00
-1.236365425132685880e+00,5.467352840421616511e-01,1.962149178814440065e+00,3.504120808917093211e+00
-1.198062423449316682e+00,1.472337477008134332e+00,1.977656528107045064e+00,3.462091637082943318e+00
-1.198062423449316682e+00,1.472337477008134332e+00,1.977656528107045064e+00,3.462091637082943318e+00
-1.245602616792102824e+00,3.876735415488982150e-01,1.863050164865591274e+00,3.609727550931264517e+00
-1.252173963305537541e+00,7.173766094937097382e-01,1.881331291323108612e+00,3.430153426352012147e+00
-1.226184310986196513e+00,5.707983595634416041e-01,1.897263206156817983e+00,3.485128904338073319e+00
-1.191221033854520828e+00,-1.280814109450430838e+00,1.957691221707218654e+00,3.645208839618619745e+00
-1.261574920935921718e+00,-5.264447852393449034e-01,1.973424009255827727e+00,3.402283440622555499e+00
-1.217403494837369760e+00,1.795333723665012204e+00,1.922857798288216458e+00,3.512740570622023828e+00
-1.183797081974280685e+00,-2.717299030237443347e+00,2.016438900540132639e+00,3.643716257291445437e+00
-1.234514866635860963e+00,-2.682245441382756779e-01,1.951748414213971383e+00,3.328412554557935721e+00
-1.269306537133028767e+00,8.484332561778912263e-01,1.967405777860936178e+00,3.424545925210598529e+00
-1.259483563621071056e+00,6.437453347852867269e-01,1.971067445282092656e+00,3.458081471426927234e+00
-1.241388879602761675e+00,1.700642211180655838e+00,1.975990194684521972e+00,3.468299190272864596e+00
-1.264209564393115715e+00,-1.010178925685550233e+00,1.990552003324290276e+00,3.460352260232474553e+00
-1.197550685278342408e+00,-1.473644885467526588e+00,2.024145625338641175e+00,3.378312221535285875e+00
-1.271961746877297461e+00,9.553788993677275743e-02,1.870751239465803240e+00,3.582778496633912457e+00
-1.205895784904053247e+00,-1.072009363260245873e+00,1.880694838193439855e+00,3.680188324887518458e+00
-1.214607439235924957e+00,5.724319768360092153e-01,1.907419344621926305e+00,3.510821616299150794e+00
-1.211293230483079464e+00,9.271286673645247056e-01,1.982549553594233904e+00,3.576398187832945830e+00
-1.261008231827753123e+00,-3.608273988732292104e+00,1.879683674730890264e+00,3.455598640750860095e+00
-1.260385282608731394e+00,-2.177057204537879098e+00,1.857181410460768234e+00,3.407413003680005659e+00
-1.180209178455710939e+00,-5.513346680715492942e-01,1.921582566523826641e+00,3.605224338513854487e+00
-1.224117346433870601e+00,2.375612568624663190e-01,1.906281478031464083e+00,3.594969649249986965e+00
-1.226828140799302469e+00,-5.454874712124536673e-01,1.921042613958202860e+00,3.520080307487306825e+00
-1.250777789885113789e+00,1.506079606648941804e-01,1.927911382100254700e+00,3.469101741805646011e+00
-1.288609138474304139e+00,8.836944296859828851e-01,1.936411045898559502e+00,3.378246970342383193e+00
-1.198096410664000633e+00,-1.546608440870220091e+00,1.948375418257669800e+00,3.597109099020694423e+00
-1.161881858349352203e+00,1.083200167033298023e+00,1.986328220845251291e+00,3.653031634164547459e+00
-1.262239483010637597e+00,-2.526732186822308268e+00,1.949879413117084681e+00,3.467386597913562074e+00
-1.219036479971183917e+00,-1.375250841763518750e+00,1.913202802899564237e+00,3.555447859234176722e+00
-1.262424684103132577e+00,1.545743795073209359e+00,1.931339525419034642e+00,3.407763844044187973e+00
-1.167067171214487109e+00,-1.696680624485006561e+00,2.027503651040795773e+00,3.538665195402482144e+00
-1.187567194224115719e+00,6.951612851754851441e-02,1.984270776928606095e+00,3.634134581983954781e+00
-1.239118416598449679e+00,-2.683053453654652198e+00,1.930771716856038323e+00,3.469395290380809627e+00
-1.266254650530688863e+00,1.176038452972613335e+00,1.995117681648989061e+00,3.347384812976286650e+00
-1.192888931387843021e+00,-8.850779262304006023e-01,1.879358220467780116e+00,3.612228311108324874e+00
-1.273682750228583682e+00,7.456727227938304559e-01,2.022793265799974094e+00,3.135557507378880615e+00
-1.271392333767520144e+00,-3.301146189279690057e-01,1.897584876594837322e+00,3.309266309051775767e+00
-1.266928504990002091e+00,-5.396529113211465667e-01,1.933273883412801153e+00,3.477304125228739995e+00
-1.242112051596967470e+00,-5.765132276173088322e-01,1.958480753193115431e+00,3.349135582605676120e+00
-1.233376119373165825e+00,-7.694501938662394736e-01,1.896184734046265197e+00,3.682796598401544497e+00
-1.278895716624213419e+00,1.321820890285174688e-01,1.988837278810046350e+00,3.393012909201333915e+00
-1.241184679509367284e+00,4.197861618840655062e-02,1.902874898886647514e+00,3.398619803563577069e+00
-1.304999324573050901e+00,1.708134760716244704e+00,1.919329073757582327e+00,3.422632549462735874e+00
-1.201706196274355598e+00,-2.215883614398402646e+00,2.017050324653427484e+00,3.576041778246022318e+00
-1.249631710236723370e+00,-9.568183191927909226e-01,2.018663196150295658e+00,3.397894831030782825e+00
-1.253110882318429598e+00,6.604386710993512821e-01,1.888228967038418249e+00,3.514507123383098008e+00
-1.175159352914096456e+00,2.716356418928643768e-01,2.019244557542677843e+00,3.438759815810624954e+00
-1.215826652328510393e+00,-3.383451882131112143e-01,1.987467509911894137e+00,3.495877891588480502e+00
-1.241186425330715437e+00,-3.331892348808067061e-01,1.903403021477410251e+00,3.476481853438682101e+00
-1.248157746016543168e+00,-9.885380602318980525e-01,1.929395863430298563e+00,3.479828615786686008e+00
-1.229823283348404850e+00,-4.981943693980682153e-01,1.951101681402968246e+00,3.464784063557351690e+00
-1.214188722641820428e+00,1.548671816272165547e+00,1.979607450167804039e+00,3.396762452078895489e+00
-1.312884714550365928e+00,-1.667268842228378567e+00,1.947414761524592697e+00,3.134317357270974380e+00
-1.181579206166400331e+00,5.908748712333405928e-01,1.935478006591245137e+00,3.769360730292999673e+00
-1.158104564542650650e+00,-2.602269838018652859e+00,1.925430819690559181e+00,3.586481072458605368e+00
-1.250562557503676508e+00,-4.638994197248250018e+00,2.010464502764210515e+00,3.593726493513666131e+00
-1.155560524562550428e+00,-2.104706181550905164e+00,1.999020689179624943e+00,3.483675026024483312e+00
-1.193719218394055037e+00,-1.784560802408886371e+00,2.030387456477867225e+00,3.709812329431803501e+00
-1.173064803369007425e+00,2.718130943658141341e-01,2.007195408465932474e+00,3.700822745267811520e+00
-1.194096103115009022e+00,1.083317649714727438e+00,1.950374505918694323e+00,3.510308526526449757e+00
-1.290889576442270981e+00,-1.113713285181785251e+00,1.950141450425423750e+00,3.243107763143161293e+00
-1.321988734416190914e+00,-5.310802213131025074e-01,1.982666374313348800e+00,3.232133018751727427e+00
-1.345254634992627096e+00,-1.883741228505485976e+00,1.923736363632839064e+00,3.491456420027517993e+00
-1.244633377149428899e+00,-2.020013487329643365e+00,1.881111255327286846e+00,3.212796814390717515e+00
-1.313759859795071927e+00,-1.851160712402876163e+00,1.893188142424862663e+00,3.437494819115136657e+00
-1.258317467702253500e+00,1.278513581053511539e+00,1.995277144759078913e+00,3.472242238686867211e+00
-1.303259212018089475e+00,4.228384003769972144e-01,1.997426114099822403e+00,3.168496073906312827e+00
-1.298099121095181774e+00,8.328077516184273499e-01,1.978130315427054642e+00,3.260595667774984996e+00
-1.220456934017634110e+00,-1.583175902404419411e+00,1.930483442556308882e+00,3.675775790701515611e+00
-1.245591393170781158e+00,-1.916244292634023294e+00,1.924396253852783678e+00,3.490627575149884088e+00
-1.277777490492666645e+00,-1.849561986524628665e+00,1.873348017908026852e+00,3.327962453424637701e+00
-1.234961190573939271e+00,-1.774068457057335069e+00,1.956318995063148547e+00,3.436502770903491211e+00
-1.176837538145133477e+00,-7.326839169332153290e-01,1.947681234530250327e+00,3.694470173824240256e+00
-1.206054395149143588e+00,1.436057038812037501e+00,1.890721322866697029e+00,3.565639162182728583e+00
-1.184218053304068929e+00,-3.955682278564910392e-01,1.953540579533355581e+00,3.630634866661536453e+00
-1.205684076773621216e+00,7.675833267728471299e-01,1.978505429013968087e+00,3.623879412835707470e+00
-1.234230061603324824e+00,7.777223115509217521e-01,1.966950094224600321e+00,3.607010445615697503e+00
-1.215965620345665466e+00,-1.576667894772104672e+00,1.947446620803995998e+00,3.374449487977292161e+00
-1.208937095172340159e+00,-4.939378196064191373e-01,1.943145410074474499e+00,3.686954613965263583e+00
-1.289209918989701720e+00,6.219774198324083958e-01,1.949651879254580722e+00,3.497926559658506296e+00
-1.180259996212198903e+00,1.281999770342619582e+00,1.928786725551645542e+00,3.488703697314702534e+00
-1.215459081360373839e+00,-1.388875126236222224e+00,1.952175622449050518e+00,3.418913065799750406e+00
-1.222667391748655463e+00,-2.422831871661713876e+00,2.000780229772182395e+00,3.605142253075953818e+00
-1.163059441900868851e+00,1.050926128926163994e+00,1.956327237973071398e+00,3.709331810258481354e+00
-1.221385167794821758e+00,-6.780294836684956916e-01,1.923337408200674448e+00,3.601292401007133215e+00
-1.209436825097499391e+00,-9.602958923269345748e-01,1.935130342732718223e+00,3.720213455076561981e+00
-1.347599758899626465e+00,1.052676990647149813e+00,1.946052817172216454e+00,3.276919045008652720e+00
-1.188821634125679205e+00,2.738980913200717016e-01,1.905753299700441605e+00,3.530478930267915150e+00
-1.203915988628219802e+00,-2.596942027313689394e+00,1.944460403709424190e+00,3.696020678933535031e+00
-1.174217787232401555e+00,1.811965621055152464e+00,1.996422893283189559e+00,3.463260489166135159e+00
-1.293084067703255347e+00,-2.811184694495154179e+00,1.902757078428950477e+00,3.388807771572573291e+00
-1.226473299482067292e+00,-9.860685960843140752e-01,1.901927748388383854e+00,3.500185512698467338e+00
-1.246471887518051380e+00,-4.933492022623242601e-02,1.916305093841989216e+00,3.518500908088912027e+00
-1.207626591475999600e+00,7.916380601395334171e-01,1.937696924108029961e+00,3.448693046887345126e+00
-1.115301278835320931e+00,-7.944655667952496003e-01,2.015197503544999158e+00,3.688855126415387264e+00
-1.267004827724233618e+00,1.053610333245506236e+00,1.883716113676320081e+00,3.375320778326841076e+00
-1.229652431892698461e+00,1.930979009295942794e-01,1.877456124607189025e+00,3.626520945838672905e+00
-1.261016219723049447e+00,1.548400440302440062e+00,1.924464722031023811e+00,3.341689276259843133e+00
-1.229707600374532639e+00,-2.002569454879563615e+00,1.946877240555399569e+00,3.461133817015667802e+00
-1.246344687844744614e+00,-2.537182773150172377e+00,1.924711466676746419e+00,3.503033024642835613e+00
-1.169562713706563839e+00,1.577746197185106336e+00,1.971323499264342249e+00,3.608567633245905348e+00
