x,y,reference,fixed_mean,fixed_std,map_mean,map_std,hmc_mean,hmc_std
-3.152209176461626683e+00,-3.469684776461626541e+00,1.343529269912403734e+01,2.379586592491432384e+01,6.100452553927377508e+00,1.976788873126761814e+01,9.310234443533179416e+00,4.083877687564647374e+01,2.032990787470431826e+01
-3.152209176461626683e+00,-3.216245419109058812e+00,1.959592572005065847e+01,2.951279575133503386e+01,6.112100932454518798e+00,1.861901924491129989e+01,9.465683411620890553e+00,4.123090837876915771e+01,2.047003252942803897e+01
-3.152209176461626683e+00,-2.962806061756491083e+00,2.575655874097727249e+01,3.470072004441135505e+01,6.128203106441228343e+00,2.096074637403737029e+01,9.634604713438175594e+00,4.670119087212822251e+01,1.994988196587806328e+01
-3.152209176461626683e+00,-2.709366704403923354e+00,3.183681718621462764e+01,3.869293443479909911e+01,6.128984950310050195e+00,2.513345923610604871e+01,9.242946694014632314e+00,5.161558996250374065e+01,2.102538418130104247e+01
-3.152209176461626683e+00,-2.455927347051355625e+00,3.774358008511518392e+01,4.093667341836953710e+01,6.124474127093831655e+00,3.200231918187738955e+01,9.864872042184344991e+00,5.615132092645445994e+01,2.906552468975072756e+01
-3.152209176461626683e+00,-2.202487989698787896e+00,4.170362867885911839e+01,4.135551929190751252e+01,6.123944299192944918e+00,4.349641089932558202e+01,1.158218554387094024e+01,6.042250794259179258e+01,3.365112224231712901e+01
-3.152209176461626683e+00,-1.949048632346220167e+00,4.284523340635604427e+01,4.052412364041083492e+01,6.104924907993812155e+00,5.957739177708043599e+01,1.195600923952000372e+01,6.289951978744563377e+01,3.405551885064831197e+01
-3.152209176461626683e+00,-1.695609274993652438e+00,4.165295997916460635e+01,3.939505151091543667e+01,6.055282645501385730e+00,7.567143536162615192e+01,1.042081159658476608e+01,6.575460001648782793e+01,3.171694883659503361e+01
-3.152209176461626683e+00,-1.442169917641084709e+00,3.822241886389312526e+01,3.868907374952232203e+01,6.007413277345055036e+00,8.457880823393837488e+01,8.570759282196974027e+00,6.881665006518494465e+01,2.240886839630627136e+01
-3.152209176461626683e+00,-1.188730560288516980e+00,3.370193005955091792e+01,3.841396353871823521e+01,5.990121633145274238e+00,8.439775917460825383e+01,8.054719846986079901e+00,6.754895876188358272e+01,1.914352239258792565e+01
-3.152209176461626683e+00,-9.352912029359492507e-01,2.961038690627434988e+01,3.794660356477470486e+01,5.989325215133086466e+00,8.347368562406589376e+01,8.187071475937516496e+00,6.449268611708957621e+01,1.863861439624914951e+01
-3.152209176461626683e+00,-6.818518455833815217e-01,2.806602224589790850e+01,3.666635865425814700e+01,5.985257278946569670e+00,9.198326080048335029e+01,8.058417322311818509e+00,8.022811906947315208e+01,1.940308603383206787e+01
-3.152209176461626683e+00,-4.284124882308133486e-01,2.943975453927777508e+01,3.464140493823197176e+01,5.987235148617147118e+00,1.091805302823683803e+02,8.151578443736143598e+00,1.045780898712040994e+02,1.985894242006255439e+01
-3.152209176461626683e+00,-1.749731308782456196e-01,3.213026922400592156e+01,3.278950462756438355e+01,6.006631532094932169e+00,1.255015269055197109e+02,9.238303657459681517e+00,9.473245378224282831e+01,2.956464279742413126e+01
-3.152209176461626683e+00,7.846622647432210940e-02,3.438786101143618623e+01,3.234439445886891917e+01,6.026199120972302481e+00,1.340192434543431261e+02,1.047948908566206860e+01,7.634923084708134411e+01,3.402337925621142745e+01
-3.152209176461626683e+00,3.319055838268898384e-01,3.469498716571096963e+01,3.400095418576347583e+01,6.024211444785174230e+00,1.316358475127318286e+02,1.016661669535848667e+01,8.469645315914102923e+01,3.297333911051896393e+01
-3.152209176461626683e+00,5.853449411794575674e-01,3.517814331934086169e+01,3.733459390800817346e+01,6.008588577474573533e+00,1.163516982006411524e+02,8.876303399423479235e+00,1.063661146943387621e+02,2.449473665069392680e+01
-3.152209176461626683e+00,8.387842985320252964e-01,3.311522207864013012e+01,4.085659991710235772e+01,6.000799086791738901e+00,9.356413913330574417e+01,8.324923108678133232e+00,9.189700150970411130e+01,1.925476387944339862e+01
-3.152209176461626683e+00,1.092223655884593025e+00,3.219779908331237550e+01,4.262911702604196762e+01,6.001868854870127556e+00,7.626984571572697291e+01,8.448596369669852280e+00,5.896382305085624864e+01,1.876298254205429217e+01
-3.152209176461626683e+00,1.345663013237160754e+00,3.217267731910244777e+01,4.107268970048426127e+01,5.999834855071950024e+00,7.023589631321786442e+01,8.409626807222084111e+00,5.503544356466901633e+01,1.911625123630290091e+01
-3.152209176461626683e+00,1.599102370589728483e+00,3.108256807349367179e+01,3.559504439911870577e+01,6.011006894689950641e+00,6.817472230876168737e+01,8.411751126482155172e+00,5.409243323006128179e+01,1.923045505889784224e+01
-3.152209176461626683e+00,1.852541727942296212e+00,2.831537018782077197e+01,2.683796935173995735e+01,6.113039494433877508e+00,6.329742251634979766e+01,9.452529907767520001e+00,5.463392765972168519e+01,2.735155972742789743e+01
-3.152209176461626683e+00,2.105981085294863941e+00,2.447963682774561534e+01,1.650728701544358046e+01,6.426491217830718305e+00,5.810945868728759933e+01,1.151742784006052389e+01,5.974204442872613896e+01,3.346613942938291331e+01
-3.152209176461626683e+00,2.359420442647431670e+00,2.083760657489721524e+01,6.859028303391824011e+00,7.030224832555910019e+00,5.697021194841562419e+01,1.322186896105697507e+01,6.220797862648786491e+01,3.418416103863724231e+01
-3.152209176461626683e+00,2.612859799999999399e+00,1.857641749827916300e+01,0.000000000000000000e+00,7.911926957124222781e+00,5.910189876237843976e+01,1.403201597423869629e+01,6.262535389757013604e+01,3.420535953308542076e+01
-2.904563427442392154e+00,-3.469684776461626541e+00,4.882651801125998503e+00,1.796702700180230750e+01,6.106022874433883807e+00,1.276313619215909512e+01,9.326533910974585950e+00,3.146851816392853962e+01,2.055599331380263095e+01
-2.904563427442392154e+00,-3.216245419109058812e+00,1.074000811825783330e+01,2.140049538006860530e+01,6.127896820391786292e+00,7.722809065859280508e+00,9.602891296306159674e+00,3.256019833770945127e+01,2.060691797875346509e+01
-2.904563427442392154e+00,-2.962806061756491083e+00,1.659736443538967166e+01,2.607741196441020293e+01,6.126522924391196057e+00,1.280250242253706006e+01,9.711741030806397390e+00,3.897776915609031789e+01,2.054157590882792306e+01
-2.904563427442392154e+00,-2.709366704403923354e+00,2.251000688207987466e+01,3.108959715618948394e+01,6.100109450226252505e+00,2.259512578096587276e+01,9.031710408259197465e+00,4.412841766957299683e+01,2.101894405682126177e+01
-2.904563427442392154e+00,-2.455927347051355625e+00,2.787765968948762563e+01,3.514031615348812920e+01,6.064524739451538693e+00,3.177564208794026968e+01,8.951787260859298101e+00,5.068864636913295385e+01,2.846268890858115341e+01
-2.904563427442392154e+00,-2.202487989698787896e+00,3.165612013623812260e+01,3.728256986151586716e+01,6.038958836888297377e+00,4.177657762188027846e+01,1.015778297871004021e+01,5.674459044036215261e+01,3.308861069008164435e+01
-2.904563427442392154e+00,-1.949048632346220167e+00,3.304252555787340384e+01,3.746169262152034207e+01,6.017995810085169595e+00,5.660696145795002110e+01,1.048260531681166796e+01,6.173847022907794724e+01,3.341470379727579854e+01
-2.904563427442392154e+00,-1.695609274993652438e+00,3.220707284978355744e+01,3.641401416074495501e+01,5.992996784776393859e+00,7.350488299904915834e+01,9.254116080306678427e+00,6.815578459154724555e+01,3.105534349569319019e+01
-2.904563427442392154e+00,-1.442169917641084709e+00,2.920293105515009202e+01,3.500453620541702549e+01,5.978158221824002361e+00,8.346680375577409450e+01,7.997014585585832336e+00,6.677870878953744693e+01,2.187980849297033359e+01
-2.904563427442392154e+00,-1.188730560288516980e+00,2.518470837666995621e+01,3.357817798936048348e+01,5.983706445783287364e+00,8.234561861154338658e+01,7.994887763851173723e+00,5.968828537393889633e+01,1.945368301020876700e+01
-2.904563427442392154e+00,-9.352912029359492507e-01,2.162848666491390048e+01,3.188254785457502294e+01,5.992986637380460557e+00,7.697686389235306592e+01,8.290355768205238007e+00,5.831326972598321134e+01,1.901549991671161877e+01
-2.904563427442392154e+00,-6.818518455833815217e-01,2.039447871026679238e+01,2.959313577867942513e+01,5.987486768641226753e+00,7.732004484807757194e+01,8.141491479662931852e+00,5.523376302564071949e+01,1.962441205430228663e+01
-2.904563427442392154e+00,-4.284124882308133486e-01,2.113204287768746070e+01,2.692499468195455847e+01,5.972266260498167334e+00,8.570610724182296281e+01,7.896924988329907968e+00,5.977782839009804405e+01,1.949057978680405157e+01
-2.904563427442392154e+00,-1.749731308782456196e-01,2.228271231585054224e+01,2.475526028450076410e+01,5.962923987712501983e+00,9.746987140551243556e+01,8.424127503003369100e+00,6.507549402981453568e+01,2.838910946964224991e+01
-2.904563427442392154e+00,7.846622647432210940e-02,2.246894313896549633e+01,2.413559882680601731e+01,5.962446531027477903e+00,1.068436612042219025e+02,9.342148960195842733e+00,6.453532415317970106e+01,3.314938276589459321e+01
-2.904563427442392154e+00,3.319055838268898384e-01,2.193499285887197203e+01,2.559023292010351724e+01,5.965953180072868456e+00,1.068779926768006305e+02,9.081100862755050684e+00,6.823045199702183083e+01,3.189547246967309135e+01
-2.904563427442392154e+00,5.853449411794575674e-01,2.207386652790299664e+01,2.871653025571322360e+01,5.975501160811620416e+00,9.291568343988930678e+01,8.273076062049140589e+00,6.336166274182077984e+01,2.329303528980480209e+01
-2.904563427442392154e+00,8.387842985320252964e-01,2.166512225639045042e+01,3.230144160910731443e+01,5.991933524679319056e+00,7.325250743489195315e+01,8.273084625186731600e+00,4.807818508802195367e+01,1.953221889178491466e+01
-2.904563427442392154e+00,1.092223655884593025e+00,2.217749439074017204e+01,3.479026094223991095e+01,6.004046931927896402e+00,6.415140823578983031e+01,8.546797466638974328e+00,4.669303159371084178e+01,1.920274660116140097e+01
-2.904563427442392154e+00,1.345663013237160754e+00,2.295674382672306635e+01,3.481699096257398196e+01,6.001457638401108241e+00,6.823579370345217399e+01,8.478749761083744119e+00,4.600017673434130927e+01,1.950604218741806761e+01
-2.904563427442392154e+00,1.599102370589728483e+00,2.207164144936258410e+01,3.162383020674860745e+01,5.992829323252555795e+00,7.174881961951007270e+01,8.208423417593296634e+00,4.562895511337052312e+01,1.929875564174127689e+01
-2.904563427442392154e+00,1.852541727942296212e+00,1.964681664648633230e+01,2.532971091350646020e+01,6.012798232905530504e+00,6.623981301466008631e+01,8.627774418432190728e+00,5.331945810451597367e+01,2.660005829577330516e+01
-2.904563427442392154e+00,2.105981085294863941e+00,1.604439054643749074e+01,1.700746205052564619e+01,6.116883070116744037e+00,5.815617083982036206e+01,1.018272535085638353e+01,5.910220165582592244e+01,3.291343927506326850e+01
-2.904563427442392154e+00,2.359420442647431670e+00,1.253661852140275457e+01,8.477611851143592503e+00,6.360846795189536884e+00,5.544712639054681347e+01,1.159948727664276547e+01,6.075882686680660782e+01,3.368480226471055516e+01
-2.904563427442392154e+00,2.612859799999999399e+00,1.029101385735659768e+01,1.785117373819957720e+00,6.794681225560098348e+00,5.752257446042018785e+01,1.235447374776738627e+01,6.097133934091957030e+01,3.379985181276675377e+01
-2.656917678423157625e+00,-3.469684776461626541e+00,1.444397407399494959e+00,1.341801760140515398e+01,6.118812464712504173e+00,1.949071433981404766e+01,9.315926878422647661e+00,5.154207437447148266e+01,2.054759924577268393e+01
-2.656917678423157625e+00,-3.216245419109058812e+00,6.601812611708631096e+00,1.565024416904998361e+01,6.124904982335922732e+00,9.468015634749207265e+00,9.645842991587564086e+00,2.743806216178388269e+01,2.085081622469543206e+01
-2.656917678423157625e+00,-2.962806061756491083e+00,1.175922781601776634e+01,2.085439617183146765e+01,6.101870961799721549e+00,1.503681428548631516e+01,9.518230941485134267e+00,3.573412040897480324e+01,2.092686746993678426e+01
-2.656917678423157625e+00,-2.709366704403923354e+00,1.708884055551653347e+01,2.758489598113919783e+01,6.058264268526437846e+00,2.795664366118015209e+01,8.531277181251628150e+00,6.229345042581418568e+01,2.044229044648435689e+01
-2.656917678423157625e+00,-2.455927347051355625e+00,2.209996562034675804e+01,3.362120274329299718e+01,6.018234251738439511e+00,3.676955576075062027e+01,7.927261049265460713e+00,6.072286269244764867e+01,2.544465222725291298e+01
-2.656917678423157625e+00,-2.202487989698787896e+00,2.548379481481605069e+01,3.713889832209133601e+01,5.997168415729980495e+00,4.231334586435488632e+01,8.527167157382944396e+00,5.312334266411663464e+01,2.796417370738550190e+01
-2.656917678423157625e+00,-1.949048632346220167e+00,2.697526891962671414e+01,3.759550212781596201e+01,5.984708385193869162e+00,5.303106962274264902e+01,8.749741302627878525e+00,5.870315980645044363e+01,2.778035013267766473e+01
-2.656917678423157625e+00,-1.695609274993652438e+00,2.637575719266175867e+01,3.573128410613026062e+01,5.969891462253467118e+00,6.880032029946693228e+01,7.924447676093447690e+00,7.830863674687928722e+01,2.658416428716154911e+01
-2.656917678423157625e+00,-1.442169917641084709e+00,2.365336942910253271e+01,3.279282044115279859e+01,5.963060355212516761e+00,7.964935184739843521e+01,7.206831031889522343e+00,7.829048013667311068e+01,2.036886887566787152e+01
-2.656917678423157625e+00,-1.188730560288516980e+00,2.034309381840001407e+01,2.968319027676079713e+01,5.972108956774926369e+00,7.951448671251301903e+01,7.596475917891533314e+00,5.609369981837474484e+01,1.924795704787076289e+01
-2.656917678423157625e+00,-9.352912029359492507e-01,1.733692583031797341e+01,2.669481796132640739e+01,5.982236080436043935e+00,7.288632143018520537e+01,8.073672226714348810e+00,5.343499762302487710e+01,1.933040851171331909e+01
-2.656917678423157625e+00,-6.818518455833815217e-01,1.615417392095034899e+01,2.386847161999867240e+01,5.976282061165549386e+00,6.736382619426399287e+01,7.848836100987429454e+00,5.187815648685489833e+01,1.962213289886964773e+01
-2.656917678423157625e+00,-4.284124882308133486e-01,1.599949358571852542e+01,2.145928786873082572e+01,5.958603140550369659e+00,6.646347176041190608e+01,7.233833278727225036e+00,4.968427767496632441e+01,1.872640991655567433e+01
-2.656917678423157625e+00,-1.749731308782456196e-01,1.549760126491078793e+01,1.999996246393311594e+01,5.945583499777199243e+00,7.095139146708736178e+01,7.339211369719201628e+00,5.358273575943820077e+01,2.510488601917898421e+01
-2.656917678423157625e+00,7.846622647432210940e-02,1.452263968433798347e+01,1.994463433047530998e+01,5.942634280422982584e+00,7.930683815645684831e+01,7.974903504185074432e+00,5.740508573257545066e+01,2.817245027759718567e+01
-2.656917678423157625e+00,3.319055838268898384e-01,1.397924332662636182e+01,2.129741656210353540e+01,5.946176094041591753e+00,8.362966742071378690e+01,7.776982083662591805e+00,7.140449202066950818e+01,2.752420408481047076e+01
-2.656917678423157625e+00,5.853449411794575674e-01,1.431452078415340168e+01,2.357054373663959268e+01,5.958359569269096490e+00,7.571874128701878703e+01,7.375629321821537410e+00,6.539225814991550578e+01,2.160754681958509593e+01
-2.656917678423157625e+00,8.387842985320252964e-01,1.523413895467879442e+01,2.602653993121020903e+01,5.979486151262466187e+00,6.211599402023227867e+01,7.860335310872326176e+00,4.037047598440022966e+01,1.925071742995758584e+01
-2.656917678423157625e+00,1.092223655884593025e+00,1.672832466142005003e+01,2.790897948670499318e+01,5.996012918699195282e+00,5.923883230017273149e+01,8.395123203756192254e+00,3.859999857860992734e+01,1.954331157578092615e+01
-2.656917678423157625e+00,1.345663013237160754e+00,1.743430482928543057e+01,2.850143670872239454e+01,5.994922811278453167e+00,6.896662338038154871e+01,8.330587410051885300e+00,4.668597446845699039e+01,1.976326042063591970e+01
-2.656917678423157625e+00,1.599102370589728483e+00,1.687648581654614688e+01,2.715239915555957850e+01,5.982792747604027461e+00,7.552935990467616989e+01,7.780413943278367661e+00,6.973532352454006400e+01,1.897148387465173514e+01
-2.656917678423157625e+00,1.852541727942296212e+00,1.458712808372767711e+01,2.348124908851150394e+01,5.981053930814595354e+00,6.971139716618694138e+01,7.705746842168482047e+00,7.233353842248646970e+01,2.418688524674535500e+01
-2.656917678423157625e+00,2.105981085294863941e+00,1.132407885627258537e+01,1.774074207580451912e+01,6.008515008756226017e+00,5.943800820213050429e+01,8.703591944001511038e+00,6.090111352700782987e+01,2.822190786310721577e+01
-2.656917678423157625e+00,2.359420442647431670e+00,7.952322659658371151e+00,1.103337625067979388e+01,6.077021904965137722e+00,5.456148130576758604e+01,9.589750700726501265e+00,5.688884179808455599e+01,2.870487939883231832e+01
-2.656917678423157625e+00,2.612859799999999399e+00,5.752297670403059726e+00,5.086288061134837335e+00,6.220356093845597734e+00,5.534702480927327883e+01,1.003337252695093618e+01,5.643860800852102244e+01,2.954168832468545602e+01
-2.409271929403923540e+00,-3.469684776461626541e+00,8.992675610908662520e-01,9.075672008853871375e+00,6.122637335235544320e+00,3.818716379787471737e+01,9.348680852716919176e+00,8.748565380356735943e+01,2.166690022264252846e+01
-2.409271929403923540e+00,-3.216245419109058812e+00,5.865015962304008568e+00,1.109301112080629537e+01,6.096564071720406375e+00,2.328415162379522485e+01,9.489917761650341177e+00,4.709670799827134147e+01,2.086828947733112471e+01
-2.409271929403923540e+00,-2.962806061756491083e+00,1.083076436351714911e+01,1.750091183083941360e+01,6.058178086474924839e+00,2.528532152975921576e+01,9.127375717137345745e+00,5.639231007210116786e+01,2.078603749345570861e+01
-2.409271929403923540e+00,-2.709366704403923354e+00,1.568223637728717712e+01,2.618627800635749736e+01,6.014273419060253367e+00,3.641737246973883657e+01,7.921064375038498362e+00,9.117068046116747837e+01,2.049151175384637824e+01
-2.409271929403923540e+00,-2.455927347051355625e+00,2.035894716586729558e+01,3.408520730213786010e+01,5.989038774944720700e+00,4.256825842851257846e+01,7.244183430283380964e+00,7.067938209486557355e+01,1.942260277278629488e+01
-2.409271929403923540e+00,-2.202487989698787896e+00,2.346664387380941008e+01,3.872478303457683069e+01,5.986409854801860497e+00,4.330429778738940172e+01,7.644458375859356281e+00,5.047864363012176625e+01,1.911338757309733438e+01
-2.409271929403923540e+00,-1.949048632346220167e+00,2.478314147478257823e+01,3.931045271505172423e+01,5.985465754195616661e+00,4.866805227280894997e+01,7.847856732783466072e+00,5.414032206828102289e+01,1.881606137885801999e+01
-2.409271929403923540e+00,-1.695609274993652438e+00,2.428487884915633899e+01,3.670578038993880909e+01,5.973042447742738403e+00,6.097883926171326152e+01,7.368483225840424922e+00,8.134724844575706015e+01,1.881337051389512993e+01
-2.409271929403923540e+00,-1.442169917641084709e+00,2.197182788933117337e+01,3.251545831530347641e+01,5.961201785646693452e+00,7.158852206233157744e+01,6.858362019469105952e+00,9.499124742589805237e+01,1.743851926909680472e+01
-2.409271929403923540e+00,-1.188730560288516980e+00,1.905751447438731105e+01,2.810320700467127608e+01,5.961895956350615755e+00,7.388312675620736059e+01,7.303996472960251118e+00,6.627831436052279912e+01,2.075929616186681415e+01
-2.409271929403923540e+00,-9.352912029359492507e-01,1.636258301939026083e+01,2.422500424427380494e+01,5.966108697049525844e+00,6.979313183742453930e+01,7.918451181547951911e+00,5.183146865069096521e+01,2.194557061896892591e+01
-2.409271929403923540e+00,-6.818518455833815217e-01,1.488488254096720276e+01,2.125682478419912513e+01,5.960562412142960120e+00,6.367730633997787493e+01,7.533062050834454126e+00,5.150540600743349984e+01,2.157405929069875938e+01
-2.409271929403923540e+00,-4.284124882308133486e-01,1.368312667348964418e+01,1.948017557634557306e+01,5.949734610377444000e+00,5.803639582364167637e+01,6.675083140151720329e+00,5.280439553814832010e+01,1.797650834695014765e+01
-2.409271929403923540e+00,-1.749731308782456196e-01,1.217426216026119867e+01,1.903337150971674419e+01,5.946334034459553664e+00,5.619193553593478896e+01,6.705000596673899693e+00,5.490144994878887275e+01,1.817209548419163312e+01
-2.409271929403923540e+00,7.846622647432210940e-02,1.089316519900741831e+01,1.967831955400652078e+01,5.949258449670456805e+00,6.110637814730344530e+01,7.179037276645610532e+00,5.553042216366000616e+01,1.897430325177850108e+01
-2.409271929403923540e+00,3.319055838268898384e-01,1.063640664157477289e+01,2.080781485874922510e+01,5.950173611842807020e+00,6.825927440481073916e+01,6.991659174579203828e+00,8.174142122185391202e+01,1.894288734052709344e+01
-2.409271929403923540e+00,5.853449411794575674e-01,1.150511296193847244e+01,2.182384674769309640e+01,5.953529311761268872e+00,6.838718055929078332e+01,6.675988237210287224e+00,9.542280003865066362e+01,1.771804955491044709e+01
-2.409271929403923540e+00,8.387842985320252964e-01,1.294039595326095160e+01,2.253018474622876965e+01,5.967276053824853044e+00,6.232594616890199291e+01,7.366584600835373919e+00,5.949691214387878802e+01,2.020131189361168111e+01
-2.409271929403923540e+00,1.092223655884593025e+00,1.485375051951933756e+01,2.309700262328806275e+01,5.982521379835064046e+00,6.188693769284105883e+01,8.242610024507634137e+00,4.088278182309655051e+01,2.157223265807316892e+01
-2.409271929403923540e+00,1.345663013237160754e+00,1.578300373848639460e+01,2.359501246090599125e+01,5.984960146691268079e+00,7.035351459316197520e+01,8.214749989498086435e+00,6.342077067250542655e+01,2.156056254278739459e+01
-2.409271929403923540e+00,1.599102370589728483e+00,1.538798256429839029e+01,2.358412835319904843e+01,5.978931482518325957e+00,7.604659112868438342e+01,7.464722158054721390e+00,9.639314818067200008e+01,2.028921813373541383e+01
-2.409271929403923540e+00,1.852541727942296212e+00,1.336251221776053555e+01,2.224127233539547888e+01,5.981143986255848866e+00,7.059629812046695463e+01,7.333365883612944280e+00,8.016205586072229039e+01,1.875541363657422878e+01
-2.409271929403923540e+00,2.105981085294863941e+00,1.025736029688751927e+01,1.900847580457229924e+01,5.995282404528112785e+00,5.989608750776082502e+01,8.109601016656069916e+00,5.683675977238932830e+01,1.959916002718440708e+01
-2.409271929403923540e+00,2.359420442647431670e+00,7.083224544938174105e+00,1.423472860587799005e+01,6.009470775385721275e+00,5.317456991752334972e+01,8.538650689789626824e+00,5.343431227181601173e+01,1.959973143306246257e+01
-2.409271929403923540e+00,2.612859799999999399e+00,5.042546206152895394e+00,9.254348524606939463e+00,6.028823323032104220e+00,5.237866863870331713e+01,8.560868233894076695e+00,5.266188939067707508e+01,2.019495798837848000e+01
-2.161626180384689011e+00,-3.469684776461626541e+00,2.996908912902286115e+00,4.850566332829657767e+00,6.116894484305834823e+00,5.738863209993144210e+01,9.983606451260985892e+00,8.902668300181235850e+01,3.013988053975996806e+01
-2.161626180384689011e+00,-3.216245419109058812e+00,7.477839179989802076e+00,7.292449728398423758e+00,6.056618147570763888e+00,3.864318644803299208e+01,9.610500229623191615e+00,6.393421207887036672e+01,2.883073815508585724e+01
-2.161626180384689011e+00,-2.962806061756491083e+00,1.195876944707731759e+01,1.496831029651457357e+01,6.011883018414279967e+00,3.453526473807855268e+01,9.015639130988782668e+00,6.761314606883792067e+01,2.866756536870689231e+01
-2.161626180384689011e+00,-2.709366704403923354e+00,1.661704016808319651e+01,2.518655247976494138e+01,5.981077345568712289e+00,4.092943788085733559e+01,7.893645899300473445e+00,8.256549785350308923e+01,2.676273064153264869e+01
-2.161626180384689011e+00,-2.455927347051355625e+00,2.088426060042791832e+01,3.438222357368977100e+01,5.978330256337747173e+00,4.510950756504229275e+01,7.390284084856888924e+00,6.237756232577739013e+01,1.956446491400282994e+01
-2.161626180384689011e+00,-2.202487989698787896e+00,2.366372220501608936e+01,3.984841071588925843e+01,5.994774741027041109e+00,4.404593372251719074e+01,7.756270191799339742e+00,5.263289481250463808e+01,1.905542511162500929e+01
-2.161626180384689011e+00,-1.949048632346220167e+00,2.483301459391204702e+01,4.079900434330693315e+01,6.002913053643418984e+00,4.481121085510930868e+01,7.978005021046156386e+00,5.454815545133971710e+01,1.844044801922943222e+01
-2.161626180384689011e+00,-1.695609274993652438e+00,2.437763878906539361e+01,3.819486040683295869e+01,5.989362069555644652e+00,5.120846666401476455e+01,7.720132757886761787e+00,6.109019706043434894e+01,1.923981311428481789e+01
-2.161626180384689011e+00,-1.442169917641084709e+00,2.216880442716360378e+01,3.372173263674267218e+01,5.967834047269826137e+00,5.900528718521476890e+01,7.397331766979996281e+00,7.343680982473000540e+01,1.932442093101801461e+01
-2.161626180384689011e+00,-1.188730560288516980e+00,1.938401461767816869e+01,2.884044160416488012e+01,5.955423879056095160e+00,6.329360733712387344e+01,7.790405808018135758e+00,6.525791998504220714e+01,2.770258786857246491e+01
-2.161626180384689011e+00,-9.352912029359492507e-01,1.652912904097176039e+01,2.450113037499249913e+01,5.951649768274233310e+00,6.368861653909866760e+01,8.400124909469338874e+00,5.673741728092534231e+01,3.084720208415298615e+01
-2.161626180384689011e+00,-6.818518455833815217e-01,1.438052981703875233e+01,2.133805753566593921e+01,5.948730800316632816e+00,6.148712271952862807e+01,7.943384496473593792e+00,5.592371793521481749e+01,2.932505718099537262e+01
-2.161626180384689011e+00,-4.284124882308133486e-01,1.223878710977071549e+01,1.976703094214281009e+01,5.949165455568212302e+00,5.712871001289832407e+01,7.022043145532340880e+00,5.762628121960932503e+01,2.127072492328153785e+01
-2.161626180384689011e+00,-1.749731308782456196e-01,1.040023766501489177e+01,1.975106530686207407e+01,5.958180064148680621e+00,5.267654512631023067e+01,7.030079897713914505e+00,5.930239091725190548e+01,1.863667725004323117e+01
-2.161626180384689011e+00,7.846622647432210940e-02,9.355692788685596284e+00,2.059941108958173572e+01,5.967142339888763303e+00,5.274314224982936139e+01,7.433037731204962917e+00,5.761365615386421268e+01,1.824456695900358127e+01
-2.161626180384689011e+00,3.319055838268898384e-01,9.559285766454916455e+00,2.126978867125035322e+01,5.964452938655806946e+00,5.859380941304058865e+01,7.224217942477525689e+00,6.841045905837201246e+01,1.872985647206994386e+01
-2.161626180384689011e+00,5.853449411794575674e-01,1.101159046087729010e+01,2.109992845289571051e+01,5.956802005304241199e+00,6.424752933635326713e+01,6.876013380751557769e+00,8.108420054125521403e+01,1.888195308057139243e+01
-2.161626180384689011e+00,8.387842985320252964e-01,1.281609158759976097e+01,2.032321171736657561e+01,5.958797513606502783e+00,6.471588940432937420e+01,7.566866572387319856e+00,6.576036747595495058e+01,2.683040862750990030e+01
-2.161626180384689011e+00,1.092223655884593025e+00,1.474635806566170970e+01,1.980994523405706786e+01,5.968598825146194109e+00,6.397690652794884159e+01,8.580596798584931406e+00,5.341581053829376913e+01,3.031728373317541170e+01
-2.161626180384689011e+00,1.345663013237160754e+00,1.573917927322181498e+01,2.019062481592663971e+01,5.974843366802545575e+00,6.694962689351066842e+01,8.631797540359114507e+00,6.760522228661578481e+01,3.015600948529957748e+01
-2.161626180384689011e+00,1.599102370589728483e+00,1.535735158785839083e+01,2.113964974247210193e+01,5.979713965612207360e+00,6.976122778023912474e+01,7.894262212976477677e+00,8.173030946719660506e+01,2.618425067959435282e+01
-2.161626180384689011e+00,1.852541727942296212e+00,1.363126370576328661e+01,2.149097195605463639e+01,5.993286187242835794e+00,6.621414743946414205e+01,7.852137301162557925e+00,6.503301123595478828e+01,1.939919772033092471e+01
-2.161626180384689011e+00,2.105981085294863941e+00,1.081457589515705564e+01,2.012352818605791072e+01,6.010752591380935428e+00,5.793357042024254611e+01,8.547793439787680470e+00,5.425738382536875548e+01,1.926632480055934948e+01
-2.161626180384689011e+00,2.359420442647431670e+00,7.713761441497356763e+00,1.689320742310542300e+01,6.014327657091921076e+00,5.183333212772484444e+01,8.639839386718165315e+00,5.553516256767804293e+01,1.931509191814367554e+01
-2.161626180384689011e+00,2.612859799999999399e+00,6.164828497864721868e+00,1.287808612038224965e+01,5.997920804848118514e+00,5.168004756764084107e+01,8.367552020161653559e+00,5.074860624451295621e+01,1.909617408959312712e+01
-1.913980431365454482e+00,-3.469684776461626541e+00,3.622739815950332343e+00,1.946739728316970286e+00,6.102331654356526691e+00,6.602803811642807830e+01,1.032899703434761918e+01,7.827327246618779100e+01,3.322088125348697929e+01
-1.913980431365454482e+00,-3.216245419109058812e+00,7.975428376851439793e+00,5.083812301829311764e+00,6.029370558042743689e+00,4.625611853920115379e+01,9.790402529051654312e+00,6.103399914593143194e+01,3.270354219891584791e+01
-1.913980431365454482e+00,-2.962806061756491083e+00,1.232811693775254724e+01,1.355064944707646646e+01,5.986065012931212515e+00,3.763477272853297961e+01,9.097381009734275992e+00,5.845873179523428576e+01,3.252430198460287869e+01
-1.913980431365454482e+00,-2.709366704403923354e+00,1.694631402970458112e+01,2.434800863624695921e+01,5.966100918654436924e+00,3.989127395522211117e+01,8.035258725985960027e+00,6.279761031601258026e+01,2.920851829765825869e+01
-1.913980431365454482e+00,-2.455927347051355625e+00,2.108906685664878111e+01,3.390265110861855646e+01,5.974956449945309167e+00,4.410130863482226005e+01,7.551719500971411314e+00,5.580195344567729876e+01,1.983891709676762716e+01
-1.913980431365454482e+00,-2.202487989698787896e+00,2.390352139230872197e+01,3.973795270582286321e+01,5.998688699462912943e+00,4.478011601854005619e+01,7.874139525906561410e+00,5.363597908817105520e+01,1.858137065199758098e+01
-1.913980431365454482e+00,-1.949048632346220167e+00,2.492806945712103683e+01,4.127846731796853419e+01,6.009638503458917924e+00,4.344947563773213517e+01,8.105442805540070239e+00,5.659249979310785506e+01,1.812134002867670546e+01
-1.913980431365454482e+00,-1.695609274993652438e+00,2.450007457592015570e+01,3.944159328766545514e+01,5.994915448166850958e+00,4.377462087722759065e+01,7.899511319951042942e+00,5.218029586577618772e+01,1.879030635516376790e+01
-1.913980431365454482e+00,-1.442169917641084709e+00,2.222253238819613230e+01,3.561351673197714263e+01,5.968254862250393700e+00,4.684384417662040789e+01,7.650833587240199130e+00,5.165531184370441053e+01,1.956997943347435864e+01
-1.913980431365454482e+00,-1.188730560288516980e+00,1.921305413920561023e+01,3.093435658478119876e+01,5.949419100521619264e+00,5.093591912709611336e+01,8.048665220094367356e+00,5.649008616154971918e+01,2.930469309359337160e+01
-1.913980431365454482e+00,-9.352912029359492507e-01,1.577261473181090068e+01,2.627242363255027158e+01,5.942896369001103629e+00,5.427792468052184915e+01,8.675872662876509267e+00,5.971818436585132872e+01,3.302872807480912343e+01
-1.913980431365454482e+00,-6.818518455833815217e-01,1.278142450441854372e+01,2.246966184640587016e+01,5.943295815912509994e+00,5.627504944922587526e+01,8.232193853066716471e+00,6.147226036662895154e+01,3.111655338351204847e+01
-1.913980431365454482e+00,-4.284124882308133486e-01,1.007854958196862682e+01,2.024435856681702717e+01,5.950335327408278197e+00,5.613850889755650542e+01,7.275961167329374923e+00,6.115280765985264821e+01,2.171781142234073769e+01
-1.913980431365454482e+00,-1.749731308782456196e-01,8.266221981530133434e+00,1.970974180942903331e+01,5.964304497444295805e+00,5.324517953748760135e+01,7.233947746373377896e+00,5.755600906926434845e+01,1.840992951744973283e+01
-1.913980431365454482e+00,7.846622647432210940e-02,7.919610805118399988e+00,2.010360519021742221e+01,5.974180173134302052e+00,5.060997672150878657e+01,7.621510706559674553e+00,5.780983877264650772e+01,1.786753270857006726e+01
-1.913980431365454482e+00,3.319055838268898384e-01,8.762579928072813829e+00,2.024343007966308505e+01,5.969081941986588369e+00,5.342970949218567966e+01,7.394877128996236948e+00,5.688373328498538228e+01,1.825708151508761645e+01
-1.913980431365454482e+00,5.853449411794575674e-01,1.073364195315612157e+01,1.946181249766596011e+01,5.956961909742289230e+00,6.044211334920279910e+01,7.004267457307888023e+00,5.971326727737507412e+01,1.896492708684872497e+01
-1.913980431365454482e+00,8.387842985320252964e-01,1.242824883553050341e+01,1.817260483736936294e+01,5.953876766403512377e+00,6.357862252552830995e+01,7.631798003188718482e+00,6.749501024830991014e+01,2.793168227697989892e+01
-1.913980431365454482e+00,1.092223655884593025e+00,1.406333423549701678e+01,1.747272089261969086e+01,5.960606212393110503e+00,6.021004995982329433e+01,8.619096332022769147e+00,6.138084619439212020e+01,3.204364216881076999e+01
-1.913980431365454482e+00,1.345663013237160754e+00,1.503583559210989051e+01,1.808535264566535261e+01,5.968069911452952958e+00,5.668174623881954233e+01,8.696029131534485757e+00,5.893962185952489108e+01,3.186639598472828183e+01
-1.913980431365454482e+00,1.599102370589728483e+00,1.495189048031204493e+01,1.959364514865046658e+01,5.977886989816519225e+00,5.685926681855353593e+01,8.008239545094371081e+00,6.053700319021751852e+01,2.693997919488895931e+01
-1.913980431365454482e+00,1.852541727942296212e+00,1.340077548738374347e+01,2.066284877794805652e+01,5.996655142828139162e+00,5.703103495314421423e+01,8.034429478187774976e+00,5.819126584049857343e+01,1.950680839814878453e+01
-1.913980431365454482e+00,2.105981085294863941e+00,1.088860503320132445e+01,2.006656889062833216e+01,6.016452783292204565e+00,5.466445483299882824e+01,8.758048930923282072e+00,5.833259130645861035e+01,1.880833076405416548e+01
-1.913980431365454482e+00,2.359420442647431670e+00,8.108560054926682525e+00,1.765999852471486520e+01,6.019834372334009309e+00,5.383427841845804096e+01,8.770949984651247533e+00,5.420451187794718351e+01,1.889704771137551020e+01
-1.913980431365454482e+00,2.612859799999999399e+00,6.545454309398820669e+00,1.454717111544687214e+01,6.000497604729426726e+00,5.853550181538653874e+01,8.413365950586605635e+00,5.335673915224649733e+01,1.898335401681302415e+01
-1.666334682346219953e+00,-3.469684776461626541e+00,2.336590455436859060e+00,2.035966504708994762e+00,6.079330120636441848e+00,6.203253715560248338e+01,9.620519040762506080e+00,7.773479505080372576e+01,2.731878892324687769e+01
-1.666334682346219953e+00,-3.216245419109058812e+00,7.133764132476052566e+00,5.896529540418669058e+00,6.022861915051102244e+00,4.639087959054398880e+01,9.387861976056068869e+00,4.347393164625964346e+01,2.704720439717371150e+01
-1.666334682346219953e+00,-2.962806061756491083e+00,1.193093780951525140e+01,1.445303902000159724e+01,5.987517603174698166e+00,3.832237809320172062e+01,8.786320170301369359e+00,3.759825991688106228e+01,2.714254297733675969e+01
-1.666334682346219953e+00,-2.709366704403923354e+00,1.663267582234474418e+01,2.474661752430620254e+01,5.969040044218086649e+00,3.869918142217476031e+01,7.703365049086373872e+00,4.804386934983671864e+01,2.555060972380860917e+01
-1.666334682346219953e+00,-2.455927347051355625e+00,2.105188021960446676e+01,3.366103877329351235e+01,5.972277279642994152e+00,4.308820228903800853e+01,7.241830042525559286e+00,5.366702756484885839e+01,1.948974683765078453e+01
-1.666334682346219953e+00,-2.202487989698787896e+00,2.388840915790737185e+01,3.929430657400553173e+01,5.988391250547064004e+00,4.620612592554319065e+01,7.641011851386076081e+00,5.350411087243293196e+01,1.889514118389687169e+01
-1.666334682346219953e+00,-1.949048632346220167e+00,2.512783868927777675e+01,4.135556837118019757e+01,5.994652426962473690e+00,4.535563024629615825e+01,7.874055918614815575e+00,5.438650996673872839e+01,1.854775468883493517e+01
-1.666334682346219953e+00,-1.695609274993652438e+00,2.444132694579117882e+01,4.054425097197599825e+01,5.979307374911019934e+00,4.253982616392457317e+01,7.584921536595997438e+00,5.302300520194295075e+01,1.895699066734320581e+01
-1.666334682346219953e+00,-1.442169917641084709e+00,2.170290509932763356e+01,3.767433224954402249e+01,5.955678244896531304e+00,4.167216317727587693e+01,7.107491396554299179e+00,5.171897565002056751e+01,1.905470729708164512e+01
-1.666334682346219953e+00,-1.188730560288516980e+00,1.819686962267281416e+01,3.334999024859098427e+01,5.942251458032883349e+00,4.347462526783183989e+01,7.369686619813411887e+00,5.634782078321909182e+01,2.587918163386971671e+01
-1.666334682346219953e+00,-9.352912029359492507e-01,1.412220722318289745e+01,2.826695384118829679e+01,5.940692729319061449e+00,4.595254665472358369e+01,8.030936330058615624e+00,5.997061079762504932e+01,2.814110651102977911e+01
-1.666334682346219953e+00,-6.818518455833815217e-01,1.062210016262986834e+01,2.349250580827174417e+01,5.942755654348458094e+00,4.834362540200993408e+01,7.671318831001666005e+00,6.082820851027200604e+01,2.695561512386798597e+01
-1.666334682346219953e+00,-4.284124882308133486e-01,7.590349072636646710e+00,2.014384910406988638e+01,5.947268958287888374e+00,5.057716867541314798e+01,6.803126760107926607e+00,5.839902238855856353e+01,2.027484836572913451e+01
-1.666334682346219953e+00,-1.749731308782456196e-01,6.288123148064737045e+00,1.865600711236947973e+01,5.956236764432174979e+00,5.097217113173336145e+01,6.877775671514632094e+00,5.419758059242546722e+01,1.838568179000697356e+01
-1.666334682346219953e+00,7.846622647432210940e-02,6.617802508623222835e+00,1.842642559849809913e+01,5.962281478097445131e+00,4.985388499341313207e+01,7.320227895684848995e+00,5.550571946541914059e+01,1.851168899677374924e+01
-1.666334682346219953e+00,3.319055838268898384e-01,8.250679920029073244e+00,1.833439116730460228e+01,5.957490167142445614e+00,5.200002992436984073e+01,7.086517772186202713e+00,5.641697316316053445e+01,1.876950715268010228e+01
-1.666334682346219953e+00,5.853449411794575674e-01,1.023314564891454204e+01,1.773073358708097658e+01,5.949480268306913011e+00,5.813461103204168978e+01,6.563103052438713725e+00,7.231812555045837598e+01,1.781099633951782479e+01
-1.666334682346219953e+00,8.387842985320252964e-01,1.160595503144447349e+01,1.695332769581546017e+01,5.951231155741333545e+00,6.004882690664166489e+01,6.958484575213206291e+00,8.747896933845493095e+01,2.263532085764208190e+01
-1.666334682346219953e+00,1.092223655884593025e+00,1.275206815421943318e+01,1.685511272861549514e+01,5.960311143309439785e+00,5.298844786926669315e+01,7.777251959179519503e+00,6.263955733349030197e+01,2.465341726457518945e+01
-1.666334682346219953e+00,1.345663013237160754e+00,1.351147908142121778e+01,1.780508507569538779e+01,5.965868458387769024e+00,4.459357978123591693e+01,7.831085945780987601e+00,4.603457144808351842e+01,2.467652896641725491e+01
-1.666334682346219953e+00,1.599102370589728483e+00,1.368942631464963711e+01,1.914226470052562945e+01,5.969949545072010366e+00,4.336973442258884148e+01,7.256657607200934557e+00,4.404574614415882650e+01,2.210778737926260007e+01
-1.666334682346219953e+00,1.852541727942296212e+00,1.243047915190965114e+01,1.962127952532409836e+01,5.982509892357811054e+00,4.765143328514097476e+01,7.404588506987531460e+00,5.117308819460581049e+01,1.809472036919867932e+01
-1.666334682346219953e+00,2.105981085294863941e+00,1.015686592732453342e+01,1.845627511493421480e+01,6.000397039679081779e+00,5.294567455694846103e+01,8.291831435310927034e+00,5.479089241167270075e+01,1.940767085714393048e+01
-1.666334682346219953e+00,2.359420442647431670e+00,7.258634666202223862e+00,1.605089984421374538e+01,6.009422322764269353e+00,6.081669614616374986e+01,8.568817895682578012e+00,5.642867905181155663e+01,1.931032959115331593e+01
-1.666334682346219953e+00,2.612859799999999399e+00,5.829361845158534727e+00,1.382168641202952131e+01,6.008029895220060368e+00,7.293600977229367288e+01,8.352799800677541242e+00,8.551258284529095022e+01,1.895037991020236134e+01
-1.418688933326985646e+00,-3.469684776461626541e+00,4.978122069865165145e-01,5.868609606839527260e+00,6.053038156647950530e+00,5.169319306025960259e+01,9.109490210397133580e+00,5.794592661924414756e+01,1.963959356545050028e+01
-1.418688933326985646e+00,-3.216245419109058812e+00,6.292847621820643056e+00,1.037089808005657687e+01,6.027610910760696328e+00,4.407868011302210220e+01,9.237080698303588022e+00,2.025618401135761815e+01,1.980087386729794474e+01
-1.418688933326985646e+00,-2.962806061756491083e+00,1.208788303665476960e+01,1.845029331507339521e+01,6.005838046362654836e+00,4.119511368495570025e+01,8.868310003181985479e+00,2.091051308999345082e+01,1.990487752603172567e+01
-1.418688933326985646e+00,-2.709366704403923354e+00,1.780919407244425656e+01,2.749419050018695998e+01,5.986021431281908001e+00,4.256490391335439938e+01,7.865761106041472495e+00,3.579010067251349625e+01,1.966862389288131041e+01
-1.418688933326985646e+00,-2.455927347051355625e+00,2.285200308601014640e+01,3.511882993505241757e+01,5.975402624540158136e+00,4.699343968511193737e+01,7.347088584874176043e+00,5.062447305004448594e+01,2.183893884440790600e+01
-1.418688933326985646e+00,-2.202487989698787896e+00,2.592246091430727972e+01,4.009362243317900720e+01,5.975464695493121425e+00,5.112938945219522680e+01,7.865764046939673015e+00,5.707628867304963904e+01,2.196986383777371188e+01
-1.418688933326985646e+00,-1.949048632346220167e+00,2.660134501915195671e+01,4.232805794655905629e+01,5.972149636312334309e+00,5.109110140156244029e+01,8.157414237592309547e+00,5.633554165520361323e+01,2.163491053461044089e+01
-1.418688933326985646e+00,-1.695609274993652438e+00,2.499724805399994310e+01,4.217668008941382141e+01,5.956751837108187786e+00,4.759013159000396342e+01,7.623707813499310149e+00,5.410324446525881115e+01,2.181173710873475713e+01
-1.418688933326985646e+00,-1.442169917641084709e+00,2.136654533582119697e+01,3.986828979245728988e+01,5.942040223157039058e+00,4.475534357045373923e+01,6.807059369401703641e+00,5.615978597084119883e+01,2.008996197404434270e+01
-1.418688933326985646e+00,-1.188730560288516980e+00,1.682515753407843562e+01,3.560953582353431557e+01,5.941329547136922073e+00,4.385185893565646609e+01,7.003750470337584133e+00,6.013727402985816184e+01,1.882896108548706238e+01
-1.418688933326985646e+00,-9.352912029359492507e-01,1.190062307931789753e+01,3.010231045102591452e+01,5.947942982765526132e+00,4.298145754547336139e+01,7.679951219868217827e+00,5.989154419900489046e+01,1.936853423688067366e+01
-1.418688933326985646e+00,-6.818518455833815217e-01,7.985523534427463765e+00,2.470509480794316914e+01,5.948713387824457577e+00,4.204825166425867167e+01,7.432339910034110098e+00,5.748303994171214981e+01,1.924357602768574793e+01
-1.418688933326985646e+00,-4.284124882308133486e-01,5.304971875364583589e+00,2.083347554002284596e+01,5.944286477597107599e+00,4.281400558802100420e+01,6.642143304611583865e+00,5.378823037414943542e+01,1.718025786509239339e+01
-1.418688933326985646e+00,-1.749731308782456196e-01,4.812352857693348085e+00,1.906587559143918043e+01,5.942841093372278394e+00,4.480107691964090577e+01,6.745868386656390214e+00,5.392646581340618894e+01,1.931032558305348701e+01
-1.418688933326985646e+00,7.846622647432210940e-02,6.514073993336564783e+00,1.883817558653936430e+01,5.943520069929752125e+00,4.671466845480873076e+01,7.335752929463350114e+00,5.576340293553327854e+01,2.061591886071884261e+01
-1.418688933326985646e+00,3.319055838268898384e-01,8.970746315023840012e+00,1.907318897062395990e+01,5.941442312058324404e+00,5.017668659398789544e+01,7.091767856103705192e+00,5.598014011567770609e+01,2.066775523952338034e+01
-1.418688933326985646e+00,5.853449411794575674e-01,1.091601916221106094e+01,1.914165803290052281e+01,5.942070236029703523e+00,5.504430158651732086e+01,6.463223249192629360e+00,7.533949112533684911e+01,1.824049334291836288e+01
-1.418688933326985646e+00,8.387842985320252964e-01,1.168327438819916253e+01,1.921152741365040129e+01,5.953070174061797282e+00,5.511886772458632322e+01,6.733820382194046772e+00,8.135727685919536611e+01,1.790735948003598921e+01
-1.418688933326985646e+00,1.092223655884593025e+00,1.241923056539780035e+01,1.968937396134606388e+01,5.966741489124717468e+00,4.716830659105849577e+01,7.324328558447754212e+00,5.079584408131263729e+01,1.877173653785056118e+01
-1.418688933326985646e+00,1.345663013237160754e+00,1.295302456180686512e+01,2.040864898409381567e+01,5.968877710926739688e+00,3.842636238064709175e+01,7.363478024504481745e+00,4.045189084612634645e+01,1.876947338571737234e+01
-1.418688933326985646e+00,1.599102370589728483e+00,1.274545969358521091e+01,2.047714073477436614e+01,5.962022320361283434e+00,3.724773146837321747e+01,6.931722277143201438e+00,3.769970158877387689e+01,1.798052447272363707e+01
-1.418688933326985646e+00,1.852541727942296212e+00,1.122336622601199707e+01,1.901401189741227427e+01,5.962312718223027552e+00,4.337071208114487320e+01,6.971427816236803743e+00,4.369618027150277584e+01,1.823752346428592119e+01
-1.418688933326985646e+00,2.105981085294863941e+00,8.674064921269323492e+00,1.610547995788306253e+01,5.975589156726101692e+00,5.352819659249413320e+01,7.954514721670913779e+00,5.152164575918612854e+01,2.141990331956629134e+01
-1.418688933326985646e+00,2.359420442647431670e+00,5.808269666015823951e+00,1.307809368671223638e+01,5.994450357853560618e+00,6.811985384526811060e+01,8.629894709342792680e+00,6.701216855975356168e+01,2.180384181171343982e+01
-1.418688933326985646e+00,2.612859799999999399e+00,4.514420478900676770e+00,1.179873544877955283e+01,6.028665305988405443e+00,8.545199464333833816e+01,8.773147420727839929e+00,1.083083020559606240e+02,2.335165380859151085e+01
-1.171043184307751117e+00,-3.469684776461626541e+00,0.000000000000000000e+00,1.240812307867599884e+01,6.030490690354207040e+00,4.492685514734941421e+01,9.170569252364920487e+00,2.077498114019950748e+01,1.989091816655887257e+01
-1.171043184307751117e+00,-3.216245419109058812e+00,7.624051322671197894e+00,1.741864295383129502e+01,6.032735556271969557e+00,4.277335598177359088e+01,9.324127386003173257e+00,1.893197381213362007e+01,1.989032290897963762e+01
-1.171043184307751117e+00,-2.962806061756491083e+00,1.524810264534239757e+01,2.479956299348668836e+01,6.026635584032328019e+00,4.563339138584447596e+01,9.258851839585641841e+00,2.627951022071689380e+01,2.022648027211862498e+01
-1.171043184307751117e+00,-2.709366704403923354e+00,2.276307248981492748e+01,3.246499694110980272e+01,6.007916024938822375e+00,5.206384518925219140e+01,8.546535275318852598e+00,3.156309956602650502e+01,2.022011295482674598e+01
-1.171043184307751117e+00,-2.455927347051355625e+00,2.858344514403015779e+01,3.877622522011097317e+01,5.984933573500313742e+00,5.981624828679949246e+01,8.250881167659414928e+00,5.001760614493500157e+01,2.729711156899438151e+01
-1.171043184307751117e+00,-2.202487989698787896e+00,3.162782375637892684e+01,4.300047599082563465e+01,5.969575246258910894e+00,6.425129057222841311e+01,9.155522336056836963e+00,6.057367186282228033e+01,3.107969606537959351e+01
-1.171043184307751117e+00,-1.949048632346220167e+00,3.081468454603849594e+01,4.503357678033307820e+01,5.957584497419194491e+00,6.205220384601072681e+01,9.607181354961246811e+00,6.096982705446144735e+01,3.130857743518536651e+01
-1.171043184307751117e+00,-1.695609274993652438e+00,2.750160224798788633e+01,4.484696353542676661e+01,5.943953429390463228e+00,5.600635225627754465e+01,8.760024500961980820e+00,6.042020324303445022e+01,3.051960794844422509e+01
-1.171043184307751117e+00,-1.442169917641084709e+00,2.237788792438967533e+01,4.233697124286300095e+01,5.939473325476136267e+00,5.131105601327096366e+01,7.461094350618826532e+00,6.430075061460070174e+01,2.447473531239657873e+01
-1.171043184307751117e+00,-1.188730560288516980e+00,1.672657774878042147e+01,3.775645919607450196e+01,5.950430257284015312e+00,4.870670491620871445e+01,7.426579281516159092e+00,6.597444924797389376e+01,1.921795270157737789e+01
-1.171043184307751117e+00,-9.352912029359492507e-01,1.109063662809517226e+01,3.218175724266802717e+01,5.962329901482842587e+00,4.537582757792124255e+01,7.962160324789403276e+00,6.174693028613868506e+01,1.944633792986418541e+01
-1.171043184307751117e+00,-6.818518455833815217e-01,7.219066350539657506e+00,2.730844725991300947e+01,5.959471288747087314e+00,4.101803914324469247e+01,7.787222347840537573e+00,5.748091798722830248e+01,1.968730682518202357e+01
-1.171043184307751117e+00,-4.284124882308133486e-01,5.296957176640401777e+00,2.452580303044487664e+01,5.945792693219327241e+00,3.865462211833548167e+01,7.282692330629242150e+00,5.408887489237640978e+01,1.915378911569977660e+01
-1.171043184307751117e+00,-1.749731308782456196e-01,6.545981118430891144e+00,2.403948276434493891e+01,5.935161832602750209e+00,3.973964534991182518e+01,7.566563687324381782e+00,5.586975894368565321e+01,2.635588665196913283e+01
-1.171043184307751117e+00,7.846622647432210940e-02,1.004591336183629835e+01,2.488436211098996864e+01,5.931876208274447393e+00,4.280547138805128782e+01,8.358227497491292013e+00,5.780752080016711858e+01,3.039527393154713764e+01
-1.171043184307751117e+00,3.319055838268898384e-01,1.315993223127461498e+01,2.583741670957351744e+01,5.932983769945914254e+00,4.670802854150784356e+01,8.083529978033475061e+00,5.477096225892387338e+01,2.987498543445622801e+01
-1.171043184307751117e+00,5.853449411794575674e-01,1.533664001928690013e+01,2.634532893532195885e+01,5.941321875060672220e+00,5.029816590253708597e+01,7.170925045066445236e+00,5.573011024258339319e+01,2.324097574545641010e+01
-1.171043184307751117e+00,8.387842985320252964e-01,1.611697359604521296e+01,2.658610542797941889e+01,5.959605157540171838e+00,5.043663713802121151e+01,7.098815917551542398e+00,5.247325535867045687e+01,1.860665655526794993e+01
-1.171043184307751117e+00,1.092223655884593025e+00,1.649829848997652704e+01,2.670963291231782932e+01,5.976077636546752281e+00,4.596920875723566269e+01,7.422462865987520253e+00,4.620017944627144857e+01,1.863307476806240359e+01
-1.171043184307751117e+00,1.345663013237160754e+00,1.614824159608705756e+01,2.617690777818188508e+01,5.974665948478156352e+00,4.105327986899041548e+01,7.448855895973995445e+00,4.868009423252611612e+01,1.862941476834323140e+01
-1.171043184307751117e+00,1.599102370589728483e+00,1.453482455871389689e+01,2.401856185219548934e+01,5.958962600527573983e+00,4.025667786133473669e+01,7.243447479611845985e+00,4.537041428477569127e+01,1.863818294078571114e+01
-1.171043184307751117e+00,1.852541727942296212e+00,1.179436089356988404e+01,1.986815732415925595e+01,5.949775800960786398e+00,4.435263288761905187e+01,7.315332118579519260e+00,4.807085958465471265e+01,2.283184888207435748e+01
-1.171043184307751117e+00,2.105981085294863941e+00,8.580800957352977321e+00,1.479076198003440368e+01,5.959379917208568855e+00,5.349307136516947736e+01,8.393197194101249536e+00,5.572914365488740174e+01,2.999983738068245032e+01
-1.171043184307751117e+00,2.359420442647431670e+00,5.638231909450952095e+00,1.104723306408959616e+01,5.986861441085107316e+00,6.854554711727413974e+01,9.462710834242535896e+00,6.795445589165993283e+01,3.128434605764395826e+01
-1.171043184307751117e+00,2.612859799999999399e+00,4.597103705988114797e+00,1.085724885460831501e+01,6.056864307836623773e+00,8.579188652359526657e+01,1.012212351330190074e+01,8.874956312894386201e+01,3.219649569040718262e+01
-9.233974352885166992e-01,-3.469684776461626541e+00,4.583610231480884423e+00,1.921637000869941403e+01,6.017921810992868714e+00,5.013177899894165535e+01,9.173982509854063494e+00,2.398918372321882941e+01,1.985220847236617203e+01
-9.233974352885166992e-01,-3.216245419109058812e+00,1.435561853044297465e+01,2.456099908845317259e+01,6.032036332401048639e+00,4.636639398883326635e+01,9.354477592212122161e+00,2.589816299292168367e+01,1.979633202637436895e+01
-9.233974352885166992e-01,-2.962806061756491083e+00,2.412762682940505954e+01,3.136245579438127606e+01,6.035925573894559193e+00,5.234664815521156811e+01,9.472775735043125422e+00,3.324434971343583811e+01,1.985790115557926327e+01
-9.233974352885166992e-01,-2.709366704403923354e+00,3.339905420494361010e+01,3.809326286189025268e+01,6.018124437111384673e+00,6.747772193118024120e+01,8.888698560440221996e+00,5.074805173137311698e+01,2.009251297400147962e+01
-9.233974352885166992e-01,-2.455927347051355625e+00,3.960674700630926282e+01,4.365343170403320983e+01,5.988342122009242097e+00,8.263505040901713983e+01,8.901770671920774092e+00,6.948818961679565120e+01,2.856803918853517388e+01
-9.233974352885166992e-01,-2.202487989698787896e+00,4.133745118182255851e+01,4.746158475099764473e+01,5.965594088332355938e+00,8.634110275840251347e+01,1.023616284603022031e+01,7.004495000816758932e+01,3.353284093194674398e+01
-9.233974352885166992e-01,-1.949048632346220167e+00,3.819070188445324732e+01,4.914194088396834559e+01,5.951146674484848909e+00,7.673521426510237120e+01,1.083109390383449266e+01,6.541693438171974151e+01,3.396426714998614926e+01
-9.233974352885166992e-01,-1.695609274993652438e+00,3.249955183919362156e+01,4.832655343842270668e+01,5.940805323652135428e+00,6.326866852064846114e+01,9.788619075522762003e+00,6.451972783387006416e+01,3.266888136137202281e+01
-9.233974352885166992e-01,-1.442169917641084709e+00,2.582830612624211142e+01,4.496024092953848594e+01,5.942433391211126015e+00,5.506002101256279957e+01,8.085307672963466530e+00,6.813772265749459223e+01,2.540167500616352569e+01
-9.233974352885166992e-01,-1.188730560288516980e+00,1.893929979971818511e+01,3.986618001565329905e+01,5.957863925633965607e+00,5.210425348374580778e+01,7.769384824125439515e+00,6.882597605017316766e+01,1.901548419487473041e+01
-9.233974352885166992e-01,-9.352912029359492507e-01,1.309549893983429669e+01,3.485020293537127145e+01,5.969908155862784227e+00,4.917928104860680349e+01,8.178400079896311681e+00,6.466666116345196258e+01,1.886608280698805018e+01
-9.233974352885166992e-01,-6.818518455833815217e-01,9.981350580528577154e+00,3.190279130069939129e+01,5.963834644820847686e+00,4.440204956432987160e+01,7.982679818824702345e+00,6.107299088625046579e+01,1.923566920448477902e+01
-9.233974352885166992e-01,-4.284124882308133486e-01,1.007001583622616536e+01,3.194969099302943505e+01,5.946434452526714765e+00,4.090095591783176587e+01,7.735230417804562109e+00,5.838258165112250708e+01,1.929554523796642584e+01
-9.233974352885166992e-01,-1.749731308782456196e-01,1.385585117386935217e+01,3.421330647400282032e+01,5.933528726404296627e+00,4.132381367159485563e+01,8.356924337508633727e+00,5.889805786326011372e+01,2.822171530288845531e+01
-9.233974352885166992e-01,7.846622647432210940e-02,1.887389119755194855e+01,3.683801511795718397e+01,5.929932847635430271e+00,4.451218379899235345e+01,9.374429118535806182e+00,5.955245179271995681e+01,3.340023312534748356e+01
-9.233974352885166992e-01,3.319055838268898384e-01,2.262892216382759969e+01,3.828668735816427215e+01,5.932520986985232447e+00,4.817298880392741012e+01,9.072484934266787704e+00,5.662849472887926794e+01,3.258293930609878686e+01
-9.233974352885166992e-01,5.853449411794575674e-01,2.527695600882491078e+01,3.826273617113292858e+01,5.943334294873834800e+00,5.109454233606905404e+01,7.761430313986702245e+00,5.285477318681611791e+01,2.431548025937167168e+01
-9.233974352885166992e-01,8.387842985320252964e-01,2.598137496249493950e+01,3.736964777565481199e+01,5.963555190578018639e+00,5.229780104965212217e+01,7.277395571165882870e+00,5.449360843696305068e+01,1.869227987879245489e+01
-9.233974352885166992e-01,1.092223655884593025e+00,2.548940885897194875e+01,3.597566916833693540e+01,5.979859478617996160e+00,5.127138727723806255e+01,7.562317218038342226e+00,5.894347842481128197e+01,1.862108239525965203e+01
-9.233974352885166992e-01,1.345663013237160754e+00,2.343270192601795188e+01,3.353860607839669683e+01,5.975963590491904398e+00,4.884341333462333523e+01,7.504614712494886319e+00,5.567539916109922871e+01,1.879491053483918961e+01
-9.233974352885166992e-01,1.599102370589728483e+00,1.966077403257754241e+01,2.915994285643864714e+01,5.957165593519750502e+00,4.648466972105347850e+01,7.228491150143004695e+00,5.180209497146120157e+01,1.870217156483113996e+01
-9.233974352885166992e-01,1.852541727942296212e+00,1.523565633851390011e+01,2.287456775242753793e+01,5.946254040964841003e+00,4.618660197028200542e+01,7.385100591710170193e+00,5.458285429619043327e+01,2.375113754764867835e+01
-9.233974352885166992e-01,2.105981085294863941e+00,1.116326537023920196e+01,1.640500161307500093e+01,5.955758380552700793e+00,5.080064959604361263e+01,8.565286968565505532e+00,5.895272252693295911e+01,3.209663054776776647e+01
-9.233974352885166992e-01,2.359420442647431670e+00,8.314906131017082203e+00,1.255186178695885246e+01,5.984979632843532293e+00,6.156687977302864567e+01,9.809484325801653526e+00,6.301484045877148787e+01,3.364122359711133470e+01
-9.233974352885166992e-01,2.612859799999999399e+00,8.023286801556276160e+00,1.358467447947077744e+01,6.067150162492285226e+00,7.464381832581760534e+01,1.078410279708015551e+01,6.808034755176822728e+01,3.388258731382924083e+01
-6.757516862692822812e-01,-3.469684776461626541e+00,1.526759630677858226e+01,2.383847196748865827e+01,6.027165674528037975e+00,6.735484650702127851e+01,9.094449104190577060e+00,6.595133088166579682e+01,1.936480834331426237e+01
-6.757516862692822812e-01,-3.216245419109058812e+00,2.669774707718120865e+01,2.933342795394673885e+01,6.024549697376849089e+00,5.875984195921003561e+01,9.188767093961338617e+00,3.718278415823328942e+01,1.970194891951969041e+01
-6.757516862692822812e-01,-2.962806061756491083e+00,3.812789784758381018e+01,3.585114528075609996e+01,6.024351575648556611e+00,6.561330021503235344e+01,9.075823851058856917e+00,5.754098030754914106e+01,1.950637647558810883e+01
-6.757516862692822812e-01,-2.709366704403923354e+00,4.839646811177316010e+01,4.233675319502071943e+01,6.004889416227882748e+00,8.807948428922733797e+01,8.444564662339312022e+00,1.049565958086604667e+02,2.035249615073804463e+01
-6.757516862692822812e-01,-2.455927347051355625e+00,5.329325837966369761e+01,4.793579542165207386e+01,5.976703593791408586e+00,1.081199376637472938e+02,8.564518026932359973e+00,1.135127278902137107e+02,2.978270212347822365e+01
-6.757516862692822812e-01,-2.202487989698787896e+00,5.189671980492049386e+01,5.187449269847820688e+01,5.958735903579764681e+00,1.073106160591344178e+02,9.809587783808012773e+00,9.517748453624976435e+01,3.389489374393763654e+01
-6.757516862692822812e-01,-1.949048632346220167e+00,4.544227284984545179e+01,5.332006873375576106e+01,5.949248203893509945e+00,8.712723134220652810e+01,1.032640565555980849e+01,7.455119979097092653e+01,3.325680389113243507e+01
-6.757516862692822812e-01,-1.695609274993652438e+00,3.747382593469468759e+01,5.165827372396415740e+01,5.941051065318602831e+00,6.479731891005125988e+01,9.410868424486142914e+00,6.450501692723302938e+01,3.215630171848508922e+01
-6.757516862692822812e-01,-1.442169917641084709e+00,2.964826375880947396e+01,4.719468546099233208e+01,5.940995011520115554e+00,5.306861514189648688e+01,7.886718478579992642e+00,6.548275974576327485e+01,2.567080465350993990e+01
-6.757516862692822812e-01,-1.188730560288516980e+00,2.275204635246086227e+01,4.164980127894796169e+01,5.952395225309722981e+00,5.079079102501620469e+01,7.523629413049974346e+00,6.737781364190331601e+01,1.912466476559143302e+01
-6.757516862692822812e-01,-9.352912029359492507e-01,1.791997257182068992e+01,3.768816565000997798e+01,5.960966878313048056e+00,5.042469409500188249e+01,7.860592815749503970e+00,6.696018683687658779e+01,1.896341220380955406e+01
-6.757516862692822812e-01,-6.818518455833815217e-01,1.706667070832066457e+01,3.744351664480018371e+01,5.954647015393970122e+00,4.859392218108560257e+01,7.692661858210496639e+00,6.434306105592276026e+01,1.932331521202214830e+01
-6.757516862692822812e-01,-4.284124882308133486e-01,2.030921106661952180e+01,4.103178643819228455e+01,5.941308126731548178e+00,4.780227509403376018e+01,7.430439538334012717e+00,6.094576781400856902e+01,1.940026114190881756e+01
-6.757516862692822812e-01,-1.749731308782456196e-01,2.611356407757125098e+01,4.633511712487052137e+01,5.934679663583753317e+00,5.039272994319372145e+01,8.014928791254007479e+00,5.968426546040054603e+01,2.822940767703817500e+01
-6.757516862692822812e-01,7.846622647432210940e-02,3.159455041488575944e+01,5.040947240567584231e+01,5.935002997810548742e+00,5.502133434638037102e+01,9.015117503376730568e+00,5.886220289258082516e+01,3.284301591802573483e+01
-6.757516862692822812e-01,3.319055838268898384e-01,3.578967947259198468e+01,5.145018167186026403e+01,5.936478295775399872e+00,5.957041169630865340e+01,8.836762872175361494e+00,6.029151089570098065e+01,3.231327817283317216e+01
-6.757516862692822812e-01,5.853449411794575674e-01,3.848162819032930315e+01,4.970233320852094039e+01,5.942879873326551099e+00,6.317153424800159200e+01,7.612823777300937067e+00,6.659787293256084695e+01,2.568737332283810915e+01
-6.757516862692822812e-01,8.387842985320252964e-01,3.835157598115561939e+01,4.664028319929275312e+01,5.958706200699470656e+00,6.462615012056045316e+01,6.980502100391378306e+00,6.995153407798008516e+01,1.944985024374676286e+01
-6.757516862692822812e-01,1.092223655884593025e+00,3.614315268427914418e+01,4.331898683924555371e+01,5.972461914953901996e+00,6.250940917934377694e+01,7.194267660611981086e+00,6.658303323607158575e+01,1.825766540628113077e+01
-6.757516862692822812e-01,1.345663013237160754e+00,3.165970478837138913e+01,3.950459021203096199e+01,5.968929099259856486e+00,5.715841198789476607e+01,7.097386524456259060e+00,6.060048929614715263e+01,1.881249766369660748e+01
-6.757516862692822812e-01,1.599102370589728483e+00,2.543065577091902441e+01,3.435898260003159521e+01,5.954201911472256192e+00,5.105687453727482250e+01,6.728030313324920186e+00,5.821734542036611515e+01,1.847331730309531750e+01
-6.757516862692822812e-01,1.852541727942296212e+00,1.997474005649831952e+01,2.792840044801960175e+01,5.949215221296078937e+00,4.757630232174169294e+01,6.896914437565153655e+00,5.767167370021930850e+01,2.291067372265154134e+01
-6.757516862692822812e-01,2.105981085294863941e+00,1.608688958713853623e+01,2.194027834988537506e+01,5.961346671165163258e+00,4.903268415908169686e+01,7.932902011829416011e+00,5.753500022076863729e+01,2.887048972463799146e+01
-6.757516862692822812e-01,2.359420442647431670e+00,1.406682706462176036e+01,1.908265813341677131e+01,5.983772515680142234e+00,5.507318570239523581e+01,8.858779062178452790e+00,5.775138323481246516e+01,2.990345689283618213e+01
-6.757516862692822812e-01,2.612859799999999399e+00,1.546160372217616796e+01,2.130272704276467266e+01,6.046001044934581792e+00,6.274642681812179035e+01,9.715494304739886289e+00,5.963746555877235522e+01,3.089660664913847299e+01
-4.281059372500477522e-01,-3.469684776461626541e+00,3.042605107044231616e+01,2.515952958319758181e+01,6.068531639861993732e+00,8.538507985707511239e+01,9.776618935516077968e+00,8.531187261828509349e+01,2.555484732212408971e+01
-4.281059372500477522e-01,-3.216245419109058812e+00,4.204704803253430612e+01,3.067485971486166818e+01,6.016890931246014596e+00,7.532325726749556338e+01,9.493411982869186971e+00,5.924926111927202754e+01,2.472623218453403382e+01
-4.281059372500477522e-01,-2.962806061756491083e+00,5.366804499462629963e+01,3.716713814196555177e+01,5.997905062622869821e+00,8.171545901643000320e+01,8.835667790213861394e+00,8.243808318162558635e+01,2.475063415900699937e+01
-4.281059372500477522e-01,-2.709366704403923354e+00,6.219875799975955033e+01,4.391380984589341097e+01,5.976478201994080308e+00,1.034460985595920590e+02,7.891477876583711470e+00,1.254743885475175489e+02,2.586130570756787961e+01
-4.281059372500477522e-01,-2.455927347051355625e+00,6.357511839599700920e+01,5.007910127477407514e+01,5.958737028874278252e+00,1.188096225335050917e+02,7.701490875912630152e+00,1.395880608491054318e+02,2.908113161324925500e+01
-4.281059372500477522e-01,-2.202487989698787896e+00,5.780538067379920619e+01,5.452745078742373153e+01,5.954845235887475496e+00,1.103866657058481167e+02,8.338235574776074799e+00,1.278557240393830625e+02,2.808238917494359654e+01
-4.281059372500477522e-01,-1.949048632346220167e+00,4.915554350642834436e+01,5.595547529972463963e+01,5.954036401104499276e+00,8.457924074049626029e+01,8.590571701958095829e+00,8.643482395196375023e+01,2.648560596987206495e+01
-4.281059372500477522e-01,-1.695609274993652438e+00,4.053917348131015785e+01,5.361405353374266269e+01,5.945609032721057119e+00,6.047387713676229737e+01,8.067085622980895820e+00,6.142346086250395842e+01,2.631022900173864443e+01
-4.281059372500477522e-01,-1.442169917641084709e+00,3.310099767442785890e+01,4.826586122150183655e+01,5.938293326028154517e+00,4.878331139061020849e+01,7.282249368284889890e+00,6.108400109696013658e+01,2.505971329185983620e+01
-4.281059372500477522e-01,-1.188730560288516980e+00,2.755944563367386380e+01,4.247776076201807882e+01,5.940878067667102691e+00,4.717133020430615886e+01,7.336747255594788797e+00,6.412958030092734418e+01,2.266724494533941225e+01
-4.281059372500477522e-01,-9.352912029359492507e-01,2.492353337689500847e+01,3.956912981485038472e+01,5.944815326917676224e+00,4.900887998300418502e+01,7.789525122074319796e+00,6.622446260837452314e+01,2.225996119648339544e+01
-4.281059372500477522e-01,-6.818518455833815217e-01,2.727316901342722844e+01,4.159471302035490226e+01,5.940827422076637276e+00,5.145330865475752091e+01,7.570543047948163462e+00,6.500548748836661161e+01,2.225852732186388039e+01
-4.281059372500477522e-01,-4.284124882308133486e-01,3.316080303373148297e+01,4.778774268546658277e+01,5.936041521818605560e+00,5.570251203041949850e+01,6.877825848793723829e+00,6.324184128776910541e+01,2.227182682888545528e+01
-4.281059372500477522e-01,-1.749731308782456196e-01,3.937357902293901191e+01,5.483507928694416478e+01,5.939809351900917633e+00,6.184555950244606493e+01,6.855454279261144812e+00,6.484361308293928516e+01,2.508395154320396259e+01
-4.281059372500477522e-01,7.846622647432210940e-02,4.482094639639932154e+01,5.899660427982416877e+01,5.945825814226708417e+00,6.776401175373243291e+01,7.441625762416667733e+00,6.511866893188803829e+01,2.679694274323788505e+01
-4.281059372500477522e-01,3.319055838268898384e-01,4.841223426335056956e+01,5.851020842588877713e+01,5.944686669187606576e+00,7.300106749867572375e+01,7.493430673299180000e+00,7.097840746319658933e+01,2.670253152967526233e+01
-4.281059372500477522e-01,5.853449411794575674e-01,4.986837458450369809e+01,5.441279608868535433e+01,5.942581490553542345e+00,7.781800967046336837e+01,6.938518493727365843e+00,9.483318727025233841e+01,2.551385924491361124e+01
-4.281059372500477522e-01,8.387842985320252964e-01,4.817541606919580488e+01,4.924305568017553014e+01,5.949621048666269729e+00,7.916134523228836883e+01,6.670603234279370852e+00,9.861387021380488704e+01,2.602059643489956287e+01
-4.281059372500477522e-01,1.092223655884593025e+00,4.387174706240232069e+01,4.489083763980852382e+01,5.959352897459226917e+00,7.374786497128337714e+01,7.063445565814501670e+00,7.790983398288476280e+01,2.793107904217961845e+01
-4.281059372500477522e-01,1.345663013237160754e+00,3.680216435487929516e+01,4.147023651085146412e+01,5.959477432348094794e+00,6.376852673354838430e+01,7.145418220374170737e+00,6.563906335010720738e+01,2.751332568875623252e+01
-4.281059372500477522e-01,1.599102370589728483e+00,2.968482127257318481e+01,3.801047348476004117e+01,5.954769330572856845e+00,5.521208022080937639e+01,6.841146383787936713e+00,6.121363124376701137e+01,2.240962685305248669e+01
-4.281059372500477522e-01,1.852541727942296212e+00,2.494482016003539471e+01,3.407563045032475202e+01,5.959723990214529366e+00,5.182808788771986030e+01,7.050380713019682055e+00,5.679909352273167400e+01,1.865578853472848309e+01
-4.281059372500477522e-01,2.105981085294863941e+00,2.249794210260794003e+01,3.070658481882310298e+01,5.974489316701388830e+00,5.281353664031413331e+01,7.727242070226797210e+00,5.435802504595635298e+01,1.957435866260346913e+01
-4.281059372500477522e-01,2.359420442647431670e+00,2.214386948857276138e+01,2.985489273843995761e+01,5.985521487455160994e+00,5.556827126458824750e+01,8.066002693236942633e+00,5.461000923503405602e+01,1.982418787805044857e+01
-4.281059372500477522e-01,2.612859799999999399e+00,2.582769049089928970e+01,3.287447658439305087e+01,6.009784244597155656e+00,5.870113214293760961e+01,8.450811203799899474e+00,5.738278725728221019e+01,2.208330390815614308e+01
-1.804601882308135563e-01,-3.469684776461626541e+00,4.948980704847934931e+01,2.378907432772211905e+01,6.123709626254953520e+00,9.071607683379167497e+01,1.152249693719485890e+01,7.447271047281125789e+01,3.294579610266369940e+01
-1.804601882308135563e-01,-3.216245419109058812e+00,5.706015704501471930e+01,2.928454912027245882e+01,6.015186756318429140e+00,8.340844511607298273e+01,1.095500833571777122e+01,6.582782983603571836e+01,3.247944831711522795e+01
-1.804601882308135563e-01,-2.962806061756491083e+00,6.463050704155011772e+01,3.579679122053676110e+01,5.974541355641779461e+00,8.782959553328751667e+01,9.855942340005194424e+00,7.449309766783056830e+01,3.216889273776376967e+01
-1.804601882308135563e-01,-2.709366704403923354e+00,6.780864398669947946e+01,4.280920305167637707e+01,5.953377091011923916e+00,1.003294645873386344e+02,8.322941440428833104e+00,9.256386445526928242e+01,2.933839741364705844e+01
-1.804601882308135563e-01,-2.455927347051355625e+00,6.199311226961492594e+01,4.944853284874807287e+01,5.948575023379087057e+00,1.038180192270487510e+02,7.512902586657542514e+00,1.165541495066810000e+02,2.076937645660578013e+01
-1.804601882308135563e-01,-2.202487989698787896e+00,5.440974486322909343e+01,5.430896053532524093e+01,5.958317623637605642e+00,9.068577204163582905e+01,7.645741450955002350e+00,1.201685841822052367e+02,1.871838042866021112e+01
-1.804601882308135563e-01,-1.949048632346220167e+00,4.679990299561789868e+01,5.580650694928772282e+01,5.964336913149730357e+00,7.094845877511050958e+01,7.770255576453535262e+00,7.811331340039872373e+01,1.823501473952639529e+01
-1.804601882308135563e-01,-1.695609274993652438e+00,4.005699500921600986e+01,5.316886255980898568e+01,5.955172922346447351e+00,5.619064392543265285e+01,7.496714468395086151e+00,5.613977355582938600e+01,1.840282591168395143e+01
-1.804601882308135563e-01,-1.442169917641084709e+00,3.477361392091282255e+01,4.746826185290592548e+01,5.941692376492349048e+00,4.865115455365980779e+01,7.353321175586581049e+00,5.730981783542394226e+01,2.164834459581701154e+01
-1.804601882308135563e-01,-1.188730560288516980e+00,3.208545224385348149e+01,4.169440232183660555e+01,5.936815885337818344e+00,4.621428645921734812e+01,8.137611602482555995e+00,6.062656463582919031e+01,2.950266826943251175e+01
-1.804601882308135563e-01,-9.352912029359492507e-01,3.314833846478196477e+01,3.933665831707003235e+01,5.937063590150498449e+00,4.765473566157571383e+01,8.962629426350954276e+00,6.369854402144612493e+01,3.119179005896809187e+01
-1.804601882308135563e-01,-6.818518455833815217e-01,3.811707594240898800e+01,4.215231625518754299e+01,5.935559298031310327e+00,5.274591940783660249e+01,8.503838014856128780e+00,6.505620066063362117e+01,3.060916315479465055e+01
-1.804601882308135563e-01,-4.284124882308133486e-01,4.393141878124463062e+01,4.874582664643639873e+01,5.937761575784140433e+00,6.055057149573093511e+01,7.053587978674375591e+00,6.966199998269230775e+01,2.452251010612848248e+01
-1.804601882308135563e-01,-1.749731308782456196e-01,4.910265712584872233e+01,5.525285477207762597e+01,5.948907513280597747e+00,6.760583559312713930e+01,6.358659323599839652e+00,8.245598325075923185e+01,1.722865714185370223e+01
-1.804601882308135563e-01,7.846622647432210940e-02,5.362981629579155651e+01,5.784645128661031777e+01,5.958605549653389843e+00,7.117801728526276861e+01,6.601490922935715489e+00,8.961645520693409139e+01,1.689356392040109256e+01
-1.804601882308135563e-01,3.319055838268898384e-01,5.528692149904608755e+01,5.524120059937740734e+01,5.955513131491074752e+00,7.396719445486746736e+01,6.670354414695420786e+00,9.059980079840690337e+01,1.686089629577829285e+01
-1.804601882308135563e-01,5.853449411794575674e-01,5.404419984161447132e+01,4.929379882129978796e+01,5.946623296584489182e+00,7.869799105853533661e+01,6.597607150834984502e+00,1.173507732510774986e+02,1.709874783343780535e+01
-1.804601882308135563e-01,8.387842985320252964e-01,4.960501996270001257e+01,4.335059355850353313e+01,5.945415634424141338e+00,8.090657791924654418e+01,6.947797511525871883e+00,1.214396066792748172e+02,2.424842937080452643e+01
-1.804601882308135563e-01,1.092223655884593025e+00,4.256522752947178390e+01,3.981628116191677691e+01,5.950963479951170143e+00,7.552694656532673889e+01,7.992924694724131029e+00,8.800714720486574549e+01,3.224220989016328787e+01
-1.804601882308135563e-01,1.345663013237160754e+00,3.569676773608414067e+01,3.889479804991970013e+01,5.955297056751660989e+00,6.604838149084680765e+01,8.326246637126336836e+00,6.706943041762774271e+01,3.202282972889332768e+01
-1.804601882308135563e-01,1.599102370589728483e+00,3.107771152764366462e+01,3.925041000498549693e+01,5.960997162604510180e+00,5.981863524289138923e+01,7.835647555658255214e+00,6.054380189413588909e+01,2.386542365906690222e+01
-1.804601882308135563e-01,1.852541727942296212e+00,2.881238664523369764e+01,3.966296016141677683e+01,5.974645213608553718e+00,5.871880894232289450e+01,7.768050416001065273e+00,5.716087781611127383e+01,1.840630741801157555e+01
-1.804601882308135563e-01,2.105981085294863941e+00,2.901504052389966404e+01,4.011111580388933362e+01,5.990637617728275188e+00,5.959908562769538776e+01,8.044142384825223147e+00,5.753593691733667015e+01,1.859641790995524602e+01
-1.804601882308135563e-01,2.359420442647431670e+00,3.119127011973013808e+01,4.149938523058699502e+01,5.991872188996455684e+00,6.057683703858110391e+01,8.049859517537338860e+00,6.098919069213169308e+01,1.870208080205963697e+01
-1.804601882308135563e-01,2.612859799999999399e+00,3.702890957872224931e+01,4.452997059016888670e+01,5.982518909996437984e+00,6.240919855273378403e+01,8.140203761309615871e+00,6.255414345798025977e+01,1.922780709500495888e+01
6.718556078842088941e-02,-3.469684776461626541e+00,6.486718558695663717e+01,2.136339362586659263e+01,6.147154518310963489e+00,8.039128378313225198e+01,1.246788668401822520e+01,6.491915987646524400e+01,3.412287406206205986e+01
6.718556078842088941e-02,-3.216245419109058812e+00,6.307385138279792614e+01,2.683991738131408056e+01,6.013795185486136674e+00,7.682965397523156525e+01,1.174471204588842888e+01,6.284243524447686013e+01,3.405582485559598638e+01
6.718556078842088941e-02,-2.962806061756491083e+00,6.128051717863921510e+01,3.312319972015211533e+01,5.964303034276572824e+00,7.960859716954730914e+01,1.053370858043675717e+01,6.219213996823634005e+01,3.365725451001730306e+01
6.718556078842088941e-02,-2.709366704403923354e+00,5.835881726457314755e+01,3.984113894598522165e+01,5.945373422393720020e+00,8.290637617194551012e+01,8.812917286466056765e+00,6.141708705595383577e+01,2.908083190650378569e+01
6.718556078842088941e-02,-2.455927347051355625e+00,5.232257916546707577e+01,4.621049310134003463e+01,5.947994701908887905e+00,7.705490142402145182e+01,7.788314894579620784e+00,6.678045319119145518e+01,1.899506025953510147e+01
6.718556078842088941e-02,-2.202487989698787896e+00,4.627240190962280053e+01,5.086708023446590232e+01,5.963442735014529816e+00,6.501458839595235872e+01,7.810030053126687299e+00,6.921819465520205483e+01,1.831777105588345833e+01
6.718556078842088941e-02,-1.949048632346220167e+00,4.099544581638340901e+01,5.227927791001820879e+01,5.971799139103485032e+00,5.746372309212117102e+01,7.967221226047609406e+00,6.031385063737241126e+01,1.775167919952840379e+01
6.718556078842088941e-02,-1.695609274993652438e+00,3.690793494160864441e+01,4.975129684494277171e+01,5.963157036352079388e+00,5.539747669563004706e+01,7.731401822069004837e+00,5.645222222160820991e+01,1.822753674175969252e+01
6.718556078842088941e-02,-1.442169917641084709e+00,3.483669583409856330e+01,4.436377387160428043e+01,5.948489321916826889e+00,5.240777216544554307e+01,7.757368810453455943e+00,5.255866086075334209e+01,2.073341502424260696e+01
6.718556078842088941e-02,-1.188730560288516980e+00,3.585832846976195754e+01,3.891354210144891113e+01,5.941119036366929507e+00,4.801135126073439352e+01,8.857625406640000421e+00,5.638453831428019214e+01,3.085295817384689343e+01
6.718556078842088941e-02,-9.352912029359492507e-01,3.979883973864077973e+01,3.647662374957326392e+01,5.940096400066969373e+00,4.697416073375248402e+01,9.886088340562986687e+00,6.183618095234423606e+01,3.376009451269391093e+01
6.718556078842088941e-02,-6.818518455833815217e-01,4.492424630563984067e+01,3.836770813271687075e+01,5.939954893381632850e+00,5.148518526045790367e+01,9.303723767293464064e+00,6.569181160099812189e+01,3.254212501816779479e+01
6.718556078842088941e-02,-4.284124882308133486e-01,4.897588130418773744e+01,4.303378144503767544e+01,5.944379507165588272e+00,5.881882374933744728e+01,7.488837069029767868e+00,7.477149230995573248e+01,2.408800790127925850e+01
6.718556078842088941e-02,-1.749731308782456196e-01,5.191060420361164063e+01,4.694291909532876161e+01,5.956566614492228240e+00,6.306215180017758826e+01,6.616356492502607267e+00,8.952559524856206963e+01,1.612636283892599209e+01
6.718556078842088941e-02,7.846622647432210940e-02,5.332492333395549622e+01,4.700250340868842613e+01,5.966430793007178934e+00,6.150944733254465291e+01,6.846773544339693984e+00,9.580981484504465584e+01,1.576110229330200063e+01
6.718556078842088941e-02,3.319055838268898384e-01,5.221000408754704836e+01,4.272558356341869512e+01,5.963329539617893360e+00,5.951993837217699479e+01,6.784463839769675708e+00,8.968984093901562460e+01,1.594012978191374152e+01
6.718556078842088941e-02,5.853449411794575674e-01,4.878107118619712423e+01,3.648852295107462851e+01,5.953037615362367418e+00,6.212062267905984214e+01,6.739087962185918101e+00,9.537752829498035112e+01,1.613207423963389431e+01
6.718556078842088941e-02,8.387842985320252964e-01,4.226453657785417306e+01,3.175926361332494707e+01,5.948246992653957399e+00,6.508169230309758291e+01,7.253660272912909157e+00,9.472637425734549765e+01,2.209380640246466854e+01
6.718556078842088941e-02,1.092223655884593025e+00,3.538174408778573365e+01,3.077959421535160800e+01,5.950723932860170429e+00,6.325123916377648925e+01,8.469378957984291745e+00,7.382019941375757810e+01,3.179673631820492830e+01
6.718556078842088941e-02,1.345663013237160754e+00,3.149230906580711675e+01,3.345704922591539798e+01,5.955943873073588968e+00,6.007772113839942563e+01,8.821462877302955974e+00,6.145724505793865688e+01,3.219626139131057840e+01
6.718556078842088941e-02,1.599102370589728483e+00,3.063200574397071207e+01,3.803324240075562557e+01,5.965757161352466476e+00,6.039181670165504556e+01,8.215597651086271824e+00,5.926244116019879726e+01,2.354189622410949312e+01
6.718556078842088941e-02,1.852541727942296212e+00,3.168762922922525149e+01,4.263150255451728299e+01,5.982773967333724130e+00,6.233152487094733374e+01,8.021497700761619498e+00,6.061639426822364385e+01,1.809388669449365850e+01
6.718556078842088941e-02,2.105981085294863941e+00,3.430427654318718567e+01,4.632566398962808307e+01,5.999062292175202593e+00,6.321075527291962715e+01,8.207547361700124000e+00,6.480109055748454239e+01,1.788732214601463966e+01
6.718556078842088941e-02,2.359420442647431670e+00,3.870028899880837514e+01,4.910681798445511959e+01,5.996180299854236395e+00,6.555159861980899905e+01,8.129938838424948244e+00,6.759771534500450230e+01,1.784863643906462016e+01
6.718556078842088941e-02,2.612859799999999399e+00,4.595853447280171622e+01,5.117362531592334562e+01,5.972572564138463491e+00,7.146197642591968702e+01,8.089326322429970517e+00,6.798011290956421249e+01,1.898151045627571065e+01
3.148313098076553351e-01,-3.469684776461626541e+00,5.421800769898943884e+01,1.947691193176706292e+01,6.114611822103359628e+00,6.293688755992378958e+01,1.141569186271119385e+01,6.069037263536618099e+01,3.318130269947094746e+01
3.148313098076553351e-01,-3.216245419109058812e+00,5.046585008074808343e+01,2.487197385211584333e+01,6.005265763978686167e+00,6.207469430087841999e+01,1.061300676738049731e+01,5.845463677551141757e+01,3.267158216354986422e+01
3.148313098076553351e-01,-2.962806061756491083e+00,4.671369246250674223e+01,3.043279481853642210e+01,5.964450682114209812e+00,6.645533161761358087e+01,9.667738850478393431e+00,6.039787054202736272e+01,3.225869570756281490e+01
3.148313098076553351e-01,-2.709366704403923354e+00,4.307158692013111079e+01,3.595226936733615730e+01,5.948190545107981286e+00,6.903289432005996673e+01,8.316127840780232816e+00,6.618429309475106948e+01,2.808168070486713219e+01
3.148313098076553351e-01,-2.455927347051355625e+00,3.890040299153022829e+01,4.097068869595750584e+01,5.950661165172876466e+00,6.259065875178239935e+01,7.617711675064626320e+00,5.853772166206596239e+01,1.865340219042403547e+01
3.148313098076553351e-01,-2.202487989698787896e+00,3.564422698549184076e+01,4.454915526214426791e+01,5.964142027093265241e+00,5.297032083969691030e+01,7.787293744779369753e+00,4.804161803103600192e+01,1.831836266297308313e+01
3.148313098076553351e-01,-1.949048632346220167e+00,3.330826795832248877e+01,4.554962964742662734e+01,5.971386252190899135e+00,5.033506343404016548e+01,7.966553716153709885e+00,5.487177748460203475e+01,1.774263489959668405e+01
3.148313098076553351e-01,-1.695609274993652438e+00,3.227416174447181163e+01,4.342334116226811602e+01,5.964116180373290277e+00,5.260675840474633702e+01,7.734553504395741186e+00,5.320858749132226251e+01,1.820712725239278029e+01
3.148313098076553351e-01,-1.442169917641084709e+00,3.295453527113348002e+01,3.895449540734807670e+01,5.951971379471762802e+00,5.158594892090032147e+01,7.550426996758830001e+00,4.584141801726011067e+01,2.043672187616342129e+01
3.148313098076553351e-01,-1.188730560288516980e+00,3.596281578573506010e+01,3.420027704986023309e+01,5.946646326387588388e+00,4.706857267705666459e+01,8.310920287538273499e+00,5.351503516803245475e+01,3.013678182981535514e+01
3.148313098076553351e-01,-9.352912029359492507e-01,4.004275010083686936e+01,3.136677465015054622e+01,5.947106152527822154e+00,4.425438336335730583e+01,9.189854412826434782e+00,6.054910775533658551e+01,3.269782646677199267e+01
3.148313098076553351e-01,-6.818518455833815217e-01,4.275714248039929544e+01,3.129024793420649075e+01,5.947550790541493271e+00,4.568709761638527311e+01,8.718016111608340779e+00,6.432553880999589069e+01,3.165648504894395643e+01
3.148313098076553351e-01,-4.284124882308133486e-01,4.453666538834721678e+01,3.273721597147778084e+01,5.950321422404486249e+00,4.955653100689679036e+01,7.228984070637919146e+00,7.306920179287946837e+01,2.361032083915006652e+01
3.148313098076553351e-01,-1.749731308782456196e-01,4.470475677090296074e+01,3.325510569182915788e+01,5.959025296502779234e+00,5.072732009054030300e+01,6.606380385904937924e+00,8.007635288669462170e+01,1.587950941533105542e+01
3.148313098076553351e-01,7.846622647432210940e-02,4.333837221637115533e+01,3.105785769726026047e+01,5.966849759048382218e+00,4.643392984451762118e+01,6.832806791527766599e+00,7.874751792536844164e+01,1.561596674360458259e+01
3.148313098076553351e-01,3.319055838268898384e-01,4.048833191036246149e+01,2.649031758971068484e+01,5.965284846957031206e+00,4.152317691200940430e+01,6.780634824989612675e+00,7.556816235423751493e+01,1.566691566662378321e+01
3.148313098076553351e-01,5.853449411794575674e-01,3.529427122375476245e+01,2.189314937286508211e+01,5.958067039212804339e+00,4.103406853503378215e+01,6.657705006501235090e+00,6.940581602534822991e+01,1.579655490744734436e+01
3.148313098076553351e-01,8.387842985320252964e-01,2.955766882718886635e+01,1.999934980546277075e+01,5.954598888432331094e+00,4.217871010650091534e+01,6.907348087204292497e+00,6.111700913877588448e+01,2.093500562357456829e+01
3.148313098076553351e-01,1.092223655884593025e+00,2.624752091786587727e+01,2.216304139544627105e+01,5.955656448847944873e+00,4.216037316289433079e+01,7.754170267083380530e+00,4.633437594668942694e+01,2.968138830494465807e+01
3.148313098076553351e-01,1.345663013237160754e+00,2.627380889539861286e+01,2.772199592445940652e+01,5.957320325117355431e+00,4.499654192205608183e+01,7.916903560667922335e+00,4.803454488276696566e+01,2.997702541521791986e+01
3.148313098076553351e-01,1.599102370589728483e+00,2.866514024373056557e+01,3.472899723003320105e+01,5.962584897376727255e+00,5.239225293763382751e+01,7.463172409038769217e+00,5.861521058769504577e+01,2.254518247339012049e+01
3.148313098076553351e-01,1.852541727942296212e+00,3.180759409436541674e+01,4.121345653613207105e+01,5.976245341707591585e+00,5.903534363129145390e+01,7.649050585653023759e+00,6.142365763387059019e+01,1.851980847752896508e+01
3.148313098076553351e-01,2.105981085294863941e+00,3.603495647850311911e+01,4.597050391672928527e+01,5.992088910655081868e+00,6.361016028153969160e+01,8.112544606950772064e+00,6.411455674738465405e+01,1.834662732398501817e+01
3.148313098076553351e-01,2.359420442647431670e+00,4.141844906021776751e+01,4.855942322758164664e+01,5.992073625925299574e+00,7.235693392204646557e+01,8.105456303212788427e+00,7.331555238434251009e+01,1.829919163526268022e+01
3.148313098076553351e-01,2.612859799999999399e+00,4.665972597324245896e+01,4.892261991518171271e+01,5.978933143767658720e+00,8.614407122412220019e+01,8.056524219677804410e+00,8.810332420911987583e+01,1.933016995365570168e+01
5.624770588268898086e-01,-3.469684776461626541e+00,3.693409769867227510e+01,1.906798530111882428e+01,6.052617945043334835e+00,4.862305373561163435e+01,9.388534852427099509e+00,5.457167052465869972e+01,2.748603273489806398e+01
5.624770588268898086e-01,-3.216245419109058812e+00,3.418645891661919478e+01,2.419930901318912220e+01,5.995648303382715483e+00,4.852101095669397068e+01,8.746978184783079868e+00,5.024534940376540959e+01,2.493969776326440169e+01
5.624770588268898086e-01,-2.962806061756491083e+00,3.143882013456611801e+01,2.849116591437632451e+01,5.972420550427151476e+00,5.594250699938473304e+01,8.313070371056737073e+00,5.827676578160784970e+01,2.450054556046736920e+01
5.624770588268898086e-01,-2.709366704403923354e+00,2.899060329630713184e+01,3.198174733082305465e+01,5.958209391859665693e+00,6.440269703245280652e+01,7.462393726082740208e+00,9.202431569849098025e+01,2.260597409686812398e+01
5.624770588268898086e-01,-2.455927347051355625e+00,2.718909111565126935e+01,3.474701104473024316e+01,5.955479829240720058e+00,6.363146084478216835e+01,7.105503031554231796e+00,9.522134106410581467e+01,1.758773348275352078e+01
5.624770588268898086e-01,-2.202487989698787896e+00,2.634343627542734723e+01,3.654253956995125918e+01,5.962361254200430949e+00,5.407510688592864767e+01,7.607367777605921866e+00,5.570249569374696108e+01,1.850085017494568262e+01
5.624770588268898086e-01,-1.949048632346220167e+00,2.623005929821145088e+01,3.682280911544330593e+01,5.966456194344595509e+00,4.558332646369139951e+01,7.911993595896419151e+00,4.231107582255479116e+01,1.806187956372962233e+01
5.624770588268898086e-01,-1.695609274993652438e+00,2.684099262109976891e+01,3.520486739629814110e+01,5.960842387914002671e+00,4.269747668404940555e+01,7.474222683245137944e+00,4.350804799528803812e+01,1.828348135165409616e+01
5.624770588268898086e-01,-1.442169917641084709e+00,2.910994985741580976e+01,3.200135586920623609e+01,5.953632102539745397e+00,4.220520372959595079e+01,6.750807722861530635e+00,4.480878943567185502e+01,1.901893434516938441e+01
5.624770588268898086e-01,-1.188730560288516980e+00,3.172572543423911284e+01,2.827211624022311298e+01,5.953922452378344943e+00,4.082120019191170002e+01,6.891999343109699083e+00,5.383802414163753269e+01,2.414434378059565134e+01
5.624770588268898086e-01,-9.352912029359492507e-01,3.353796809913272625e+01,2.519377042889209406e+01,5.957936027382415567e+00,3.791417143016768421e+01,7.456584990198974694e+00,5.878026770539056400e+01,2.492432966157526053e+01
5.624770588268898086e-01,-6.818518455833815217e-01,3.403594189005639237e+01,2.319516553684479732e+01,5.957921202473128730e+00,3.550835055994230061e+01,7.212713564366693753e+00,5.960055300519841381e+01,2.480213260850222312e+01
5.624770588268898086e-01,-4.284124882308133486e-01,3.367082219426951895e+01,2.164460551629417751e+01,5.956183073342974588e+00,3.590293491517192592e+01,6.382892439603400803e+00,6.364560354246708584e+01,2.040347986993402074e+01
5.624770588268898086e-01,-1.749731308782456196e-01,3.212627410418087948e+01,1.948075723734473286e+01,5.958956011326524305e+00,3.672667324738739580e+01,6.314703809081016139e+00,6.921056913642389929e+01,1.586785870132513665e+01
5.624770588268898086e-01,7.846622647432210940e-02,2.992217394147174403e+01,1.632368533735825622e+01,5.963612294394397217e+00,3.404709549507460054e+01,6.786743299811862862e+00,6.879902422095166514e+01,1.626773387328254117e+01
5.624770588268898086e-01,3.319055838268898384e-01,2.625795825689148799e+01,1.308882296729098016e+01,5.963844491284797655e+00,2.958487864872591899e+01,6.771831805054002729e+00,6.510763935701997696e+01,1.619141923760162882e+01
5.624770588268898086e-01,5.853449411794575674e-01,2.128554706096978677e+01,1.150878653710788058e+01,5.961579197723716028e+00,2.668888012060830306e+01,6.342327837988573691e+00,6.136201605720805929e+01,1.585741721463054255e+01
5.624770588268898086e-01,8.387842985320252964e-01,1.824036435344943641e+01,1.293167681354861998e+01,5.962539237507026968e+00,2.392112865170011560e+01,6.266723362953225518e+00,4.827889923988501408e+01,1.734762237969945886e+01
5.624770588268898086e-01,1.092223655884593025e+00,1.870812455133430063e+01,1.739167856454696448e+01,5.964306659109822384e+00,2.139596986372683318e+01,6.743529336803474550e+00,1.841654787321079567e+01,2.169709250249491816e+01
5.624770588268898086e-01,1.345663013237160754e+00,2.150684608908063922e+01,2.364781193511407764e+01,5.960819000342214125e+00,2.523201046326448704e+01,6.726787830539353585e+00,2.824634200833534692e+01,2.147976707073091163e+01
5.624770588268898086e-01,1.599102370589728483e+00,2.548813297662207589e+01,3.000094919130515336e+01,5.956233755607099667e+00,3.727298572075065408e+01,6.400086670507634246e+00,5.847452329190971909e+01,1.758015669282235649e+01
5.624770588268898086e-01,1.852541727942296212e+00,2.969348852969676145e+01,3.511381152962894703e+01,5.961208924960999411e+00,5.107487973463274500e+01,6.948894482694693231e+00,6.118123318175530301e+01,1.692185423096596253e+01
5.624770588268898086e-01,2.105981085294863941e+00,3.382011093563301074e+01,3.826871219243002997e+01,5.975310019366561143e+00,6.445386927607489724e+01,7.838357246920478971e+00,6.074546022533494494e+01,1.826716986901304196e+01
5.624770588268898086e-01,2.359420442647431670e+00,3.716338097122036288e+01,3.915663966096508375e+01,5.984133932901229080e+00,8.237150402166352592e+01,8.057386576027713687e+00,8.785174787358330661e+01,1.834933067710444732e+01
5.624770588268898086e-01,2.612859799999999399e+00,3.801340109101798248e+01,3.767775187726692820e+01,6.000840880225375429e+00,1.024491206432803949e+02,8.194566427562728350e+00,1.193407353727824898e+02,2.053995979946942541e+01
8.101228078461242266e-01,-3.469684776461626541e+00,2.247698462418059506e+01,2.049547143218114797e+01,6.003959488746208883e+00,4.255198119683970504e+01,8.332633081696144473e+00,4.781596782473870633e+01,2.097491014907273055e+01
8.101228078461242266e-01,-3.216245419109058812e+00,2.145083280985572571e+01,2.513096013750146085e+01,5.994538742547603327e+00,4.091159707175827975e+01,8.058519307606257343e+00,4.631054038725308430e+01,1.939965242904633769e+01
8.101228078461242266e-01,-2.962806061756491083e+00,2.042468099553084926e+01,2.783266196937074710e+01,5.986982348786127339e+00,4.753938518659026613e+01,8.062287821291869605e+00,4.955492114913018753e+01,1.944651360075457802e+01
8.101228078461242266e-01,-2.709366704403923354e+00,2.007686868419510873e+01,2.897365002448168525e+01,5.974166332181704675e+00,5.926378788946373533e+01,7.525102192323774197e+00,8.187354125242440261e+01,1.874902787813331884e+01
8.101228078461242266e-01,-2.455927347051355625e+00,2.065428464460675073e+01,2.924021816195636347e+01,5.964940322560361885e+00,6.380509747837660939e+01,7.033211647339984829e+00,1.016654922905326259e+02,1.743516022708145741e+01
8.101228078461242266e-01,-2.202487989698787896e+00,2.135840087415670752e+01,2.910078331603472179e+01,5.963757919642550753e+00,5.447573917816313838e+01,7.427506821776399093e+00,6.538257986674679501e+01,2.055890719800609645e+01
8.101228078461242266e-01,-1.949048632346220167e+00,2.215519134580755889e+01,2.856221659139373514e+01,5.963900631960909138e+00,3.954612675907881680e+01,7.770923234603913876e+00,4.279179707746978067e+01,2.097620980371461741e+01
8.101228078461242266e-01,-1.695609274993652438e+00,2.311495903475806557e+01,2.735864527437479410e+01,5.960346576319114575e+00,3.114837623178610215e+01,7.175313613545160507e+00,4.691014051333563373e+01,2.066967935434823644e+01
8.101228078461242266e-01,-1.442169917641084709e+00,2.449710138533112058e+01,2.534713301227748161e+01,5.960008912434810568e+00,3.154736257182381109e+01,6.224535358908279470e+00,5.086303693856065422e+01,1.804431080316606639e+01
8.101228078461242266e-01,-1.188730560288516980e+00,2.495619361935005642e+01,2.271092760161081969e+01,5.968231726866298992e+00,3.339729420230662527e+01,6.204869246190043874e+00,5.377557271342261203e+01,1.715688189047722290e+01
8.101228078461242266e-01,-9.352912029359492507e-01,2.470240727844258188e+01,1.978559813591527927e+01,5.976265033085884859e+00,3.049381680056447408e+01,6.616282847579185500e+00,5.659385293009814433e+01,1.760576952865413958e+01
8.101228078461242266e-01,-6.818518455833815217e-01,2.391492012636107134e+01,1.674202749702271831e+01,5.973942581671695784e+00,2.580203887805765817e+01,6.492512105495584329e+00,5.596116788998743630e+01,1.768501017594298474e+01
8.101228078461242266e-01,-4.284124882308133486e-01,2.261099866709868778e+01,1.354547672678927484e+01,5.965369821035261921e+00,2.525829302674737420e+01,5.992957718037421166e+00,5.133963035274357622e+01,1.572713598232387611e+01
8.101228078461242266e-01,-1.749731308782456196e-01,2.082336672626770735e+01,1.031631754414956958e+01,5.960750687675954396e+00,2.712623860692923472e+01,6.058313993164771816e+00,5.301409346896990371e+01,1.574939272393773670e+01
8.101228078461242266e-01,7.846622647432210940e-02,1.828307776961717224e+01,7.714939501855042181e+00,5.961189956403583956e+00,2.584926577120687341e+01,6.679266994846822847e+00,5.343203986933505689e+01,1.736170769713876538e+01
8.101228078461242266e-01,3.319055838268898384e-01,1.488239912102179296e+01,6.824963734314223984e+00,5.962142125619874555e+00,2.171866745511414365e+01,6.696473740141634323e+00,4.544988153626130156e+01,1.728979330284020932e+01
8.101228078461242266e-01,5.853449411794575674e-01,1.223687389335431597e+01,8.458328435133807943e+00,5.964420843874917999e+00,1.755256338446346831e+01,6.195150338309655780e+00,3.612352700490803414e+01,1.522154737696838467e+01
8.101228078461242266e-01,8.387842985320252964e-01,1.244196081025038048e+01,1.243563843456468021e+01,5.970859609541494528e+00,1.214561003338207001e+01,6.185421497201576635e+00,2.078276831657251478e+01,1.729680503527239921e+01
8.101228078461242266e-01,1.092223655884593025e+00,1.526815085723141863e+01,1.752219738980602415e+01,5.975661014065168253e+00,6.374053012490122683e+00,6.536312682395124973e+00,2.155508157453454032e-01,1.843171630842942577e+01
8.101228078461242266e-01,1.345663013237160754e+00,1.908189835582663463e+01,2.213151022086185549e+01,5.969393210671268157e+00,8.277793133258683156e+00,6.500224039991859826e+00,8.817394194116495498e+00,1.837553821417216326e+01
8.101228078461242266e-01,1.599102370589728483e+00,2.318385673497973798e+01,2.519966919221860735e+01,5.955999054605769061e+00,2.250277683516108596e+01,6.228082109071587880e+00,3.356685862904608086e+01,1.740757725036066361e+01
8.101228078461242266e-01,1.852541727942296212e+00,2.650290175885743338e+01,2.651130328965336957e+01,5.952170946664102402e+00,4.329782013050854061e+01,6.732139690980398328e+00,4.735657804370934088e+01,2.173984857811584703e+01
8.101228078461242266e-01,2.105981085294863941e+00,2.866890459411885317e+01,2.633011341326891852e+01,5.965301379724889941e+00,6.521984875798293047e+01,7.901206340604659317e+00,5.772899765643570191e+01,2.587687135688451434e+01
8.101228078461242266e-01,2.359420442647431670e+00,2.874117807332106977e+01,2.484348065306585340e+01,5.985579058499069127e+00,8.856790856686203028e+01,8.522816366638895857e+00,8.536947222713746442e+01,2.659682144471542031e+01
8.101228078461242266e-01,2.612859799999999399e+00,2.675762246460714877e+01,2.201680795758693421e+01,6.031911795807494592e+00,1.089898598480342287e+02,9.065560324967451677e+00,1.088817191691843789e+02,2.905408378595479846e+01
1.057768556865358756e+00,-3.469684776461626541e+00,1.655048489576410731e+01,2.388269802227296168e+01,5.981046139052302202e+00,4.455218445279442108e+01,8.268529712321354808e+00,4.708156789022032740e+01,2.023454613285070636e+01
1.057768556865358756e+00,-3.216245419109058812e+00,1.759611776253055382e+01,2.789738874834711169e+01,5.997434146871794880e+00,4.105881691812743384e+01,8.275183361935784632e+00,4.951344713466723846e+01,1.970220988119317340e+01
1.057768556865358756e+00,-2.962806061756491083e+00,1.864175062929699678e+01,2.914187820820552588e+01,5.999619465725221090e+00,4.252304790172323123e+01,8.501247970421122346e+00,4.862596960576011185e+01,1.925667207841830120e+01
1.057768556865358756e+00,-2.709366704403923354e+00,2.010688049189081639e+01,2.836925599101414264e+01,5.988454099724245694e+00,5.032168293259070424e+01,8.036428500912645490e+00,5.243143658377896088e+01,1.976054312213074482e+01
1.057768556865358756e+00,-2.455927347051355625e+00,2.191684493242485487e+01,2.676198615634893940e+01,5.976431866903673118e+00,5.558724410605941557e+01,7.373431136995748147e+00,6.535872308310777612e+01,2.115698621515795708e+01
1.057768556865358756e+00,-2.202487989698787896e+00,2.310207549642264624e+01,2.524372371129175008e+01,5.971615071619074122e+00,4.910344280489402990e+01,7.491797022234901071e+00,5.906224359099190480e+01,2.859384507764302441e+01
1.057768556865358756e+00,-1.949048632346220167e+00,2.365136534604315699e+01,2.409682277907086245e+01,5.969841178606056786e+00,3.546057382498611332e+01,7.778847076940944127e+00,5.156768962362217223e+01,3.014913687280644794e+01
1.057768556865358756e+00,-1.695609274993652438e+00,2.373421115508592649e+01,2.306088326316785242e+01,5.967155178143500827e+00,2.725687889503697647e+01,7.247543406573926816e+00,5.367841413125752581e+01,2.889380316680173166e+01
1.057768556865358756e+00,-1.442169917641084709e+00,2.308848447059849462e+01,2.171963283001059608e+01,5.970657715773388219e+00,2.803238213437612103e+01,6.407709659147436732e+00,5.459173725576526692e+01,2.159294864258852087e+01
1.057768556865358756e+00,-1.188730560288516980e+00,2.164150962907564235e+01,1.981442958253865072e+01,5.983543061471289448e+00,2.964625988017454006e+01,6.556675737172040108e+00,5.419285242086642995e+01,1.747097548045520554e+01
1.057768556865358756e+00,-9.352912029359492507e-01,2.010017509329509267e+01,1.729908173438343510e+01,5.993155572541983389e+00,2.654394975910832954e+01,7.001239472036262512e+00,5.503478563317248273e+01,1.714993038564367822e+01
1.057768556865358756e+00,-6.818518455833815217e-01,1.878460748511466605e+01,1.427631915087658854e+01,5.987967313769334332e+00,2.373973779774595982e+01,6.806002772135812506e+00,5.072342458836044443e+01,1.788825307117638985e+01
1.057768556865358756e+00,-4.284124882308133486e-01,1.743774122307472041e+01,1.106109759634091461e+01,5.974398697913716028e+00,2.565918440228042385e+01,6.334321168463498353e+00,4.617399293968983187e+01,1.713941572523926027e+01
1.057768556865358756e+00,-1.749731308782456196e-01,1.598104576728899318e+01,8.359779245691242977e+00,5.965198053092484187e+00,2.692914373228731506e+01,6.297265657484055090e+00,4.667707201858371491e+01,2.241187306736370033e+01
1.057768556865358756e+00,7.846622647432210940e-02,1.360783609136505312e+01,7.235728117952021421e+00,5.962500674584742200e+00,2.221333926942902792e+01,6.796432239369640804e+00,4.195900435738816725e+01,2.679496039784382333e+01
1.057768556865358756e+00,3.319055838268898384e-01,1.197273119950888898e+01,8.596110907905313070e+00,5.962297020273278569e+00,1.520231380284960210e+01,6.755952016728977938e+00,3.023511117869813347e+01,2.653420042151908476e+01
1.057768556865358756e+00,5.853449411794575674e-01,1.217801901953169974e+01,1.243169348668561724e+01,5.965700228554792872e+00,1.035713609118224099e+01,6.328901210739604544e+00,1.063370204521151408e+01,2.049329121385051877e+01
1.057768556865358756e+00,8.387842985320252964e-01,1.435485416191818864e+01,1.746838108232441300e+01,5.975184663536882823e+00,5.447962493610958745e+00,6.444519897243330853e+00,0.000000000000000000e+00,1.840880012927096132e+01
1.057768556865358756e+00,1.092223655884593025e+00,1.796595036527096312e+01,2.169766389879987400e+01,5.983436114016056351e+00,0.000000000000000000e+00,6.810867759040548641e+00,5.201051016029126117e+00,1.781275392301877147e+01
1.057768556865358756e+00,1.345663013237160754e+00,2.162251014956597572e+01,2.350975580006161181e+01,5.978275240446637717e+00,2.223611518244325680e+00,6.750715797461816159e+00,4.143656266644356378e+00,1.806080792654637435e+01
1.057768556865358756e+00,1.599102370589728483e+00,2.464826801378305632e+01,2.256488181488202827e+01,5.962841290383969373e+00,1.811659540285151593e+01,6.489340043032231442e+00,9.853184410385331660e+00,1.821472748451230927e+01
1.057768556865358756e+00,1.852541727942296212e+00,2.605650397627548287e+01,1.972835485660289123e+01,5.958126279950263005e+00,4.178483906777651669e+01,6.982060500671433800e+00,3.442858266693421854e+01,2.564466244956552998e+01
1.057768556865358756e+00,2.105981085294863941e+00,2.572006806767199549e+01,1.621319289129860408e+01,5.976498635349792643e+00,6.481101510748436567e+01,8.280897492530451487e+00,5.504318719708848562e+01,3.224149001866560127e+01
1.057768556865358756e+00,2.359420442647431670e+00,2.372825926325679191e+01,1.272991982547137013e+01,6.006911626918602032e+00,8.497323776900248049e+01,9.253561053562251004e+00,7.002697122540175201e+01,3.314159312792554601e+01
1.057768556865358756e+00,2.612859799999999399e+00,2.089169211806548176e+01,9.329325403805341921e+00,6.060331488451283555e+00,9.982173143303504048e+01,1.007514320430666110e+01,7.803638123037005414e+01,3.366608495462646289e+01
1.305414305884593063e+00,-3.469684776461626541e+00,1.986451915835583648e+01,2.918496821276130504e+01,5.976329564296605668e+00,5.114208248965970682e+01,8.300633642707934357e+00,5.531110853089367652e+01,2.020512213841674054e+01
1.305414305884593063e+00,-3.216245419109058812e+00,2.251297565218742136e+01,3.266669787308092054e+01,5.992580230718844270e+00,4.843109988558238399e+01,8.243019544721887470e+00,5.159053483605610069e+01,1.946337962665658949e+01
1.305414305884593063e+00,-2.962806061756491083e+00,2.516143214601900624e+01,3.306380498687030922e+01,5.999299004009763792e+00,4.567466225664153967e+01,8.400538114543996571e+00,5.455326170005150033e+01,1.908690854149357108e+01
1.305414305884593063e+00,-2.709366704403923354e+00,2.777617705862336805e+01,3.148007836663055059e+01,5.991648417597390086e+00,4.665623330126936708e+01,7.777662926962351619e+00,5.643191308307908827e+01,1.935559983684727925e+01
1.305414305884593063e+00,-2.455927347051355625e+00,2.990079564859659556e+01,2.932516107353330881e+01,5.984317912169772491e+00,4.873580279243245172e+01,7.077849598944601972e+00,5.287403895422387734e+01,1.994941812993596386e+01
1.305414305884593063e+00,-2.202487989698787896e+00,3.098383405404055679e+01,2.753745180050282215e+01,5.984979640760596631e+00,4.556885514962483796e+01,7.309591823684558953e+00,5.039480301999996215e+01,2.624071564559744019e+01
1.305414305884593063e+00,-1.949048632346220167e+00,3.109364500221133554e+01,2.626043712954015064e+01,5.985605241704113233e+00,3.812030144352132766e+01,7.696710984496374586e+00,5.021835959316059217e+01,2.744406182776796754e+01
1.305414305884593063e+00,-1.695609274993652438e+00,3.018250200516816761e+01,2.509463769025569491e+01,5.980208020947198833e+00,3.338645864433711097e+01,7.202569636851607449e+00,4.964348951523803066e+01,2.648010083145307902e+01
1.305414305884593063e+00,-1.442169917641084709e+00,2.794237405386467188e+01,2.361326765468947997e+01,5.978108004560615640e+00,3.273786604016027013e+01,6.333892400278092971e+00,5.170191570920502500e+01,2.025105861192377432e+01
1.305414305884593063e+00,-1.188730560288516980e+00,2.539868168810547289e+01,2.169114126640306495e+01,5.985817704242552217e+00,3.121802994753628013e+01,6.484047413622104905e+00,5.737183189540943573e+01,1.730785296666238438e+01
1.305414305884593063e+00,-9.352912029359492507e-01,2.294671540290296363e+01,1.946909828182469937e+01,5.992169718330480954e+00,2.888054205427116017e+01,6.954155954120737171e+00,5.708618406535931200e+01,1.709344115354896587e+01
1.305414305884593063e+00,-6.818518455833815217e-01,2.161287840521437786e+01,1.717565721113896871e+01,5.986421690580458588e+00,3.153556161450873674e+01,6.739893952680454881e+00,5.783014576903133275e+01,1.795524481167197806e+01
1.305414305884593063e+00,-4.284124882308133486e-01,2.044554410855409898e+01,1.512402234795263212e+01,5.975477988270057494e+00,3.728795323782742344e+01,6.309671719427303316e+00,7.312224075962086545e+01,1.657146248824209778e+01
1.305414305884593063e+00,-1.749731308782456196e-01,1.930078473892216451e+01,1.388250301635525830e+01,5.970113699566183207e+00,3.576094874355612774e+01,6.474159977675722821e+00,6.247607312330848117e+01,2.031211266734199583e+01
1.305414305884593063e+00,7.846622647432210940e-02,1.791873931930380337e+01,1.425639527191196976e+01,5.968795476033026404e+00,2.480341708896892783e+01,7.038783790367705073e+00,3.435156051045153447e+01,2.380894217604364371e+01
1.305414305884593063e+00,3.319055838268898384e-01,1.803307194349542186e+01,1.680316724184922350e+01,5.966060273530026770e+00,1.419107026483402478e+01,6.814976800206778762e+00,2.301661487047984878e+01,2.362102222750150915e+01
1.305414305884593063e+00,5.853449411794575674e-01,1.996778078875015439e+01,2.113812307549778780e+01,5.965199998714530771e+00,9.917085174745452036e+00,6.198736261400227043e+00,1.188364472460494170e+01,1.895486327911724445e+01
1.305414305884593063e+00,8.387842985320252964e-01,2.290212831010621741e+01,2.570581617905372696e+01,5.972190832317205711e+00,7.889439699186539201e+00,6.310559076169926840e+00,7.882278929410610147e+00,1.807735607627972030e+01
1.305414305884593063e+00,1.092223655884593025e+00,2.666635701110625334e+01,2.844169952268021007e+01,5.981416730531594617e+00,6.356055990612873074e+00,6.745174827265399742e+00,1.171827936416170957e+01,1.766948846728561762e+01
1.305414305884593063e+00,1.345663013237160754e+00,2.957489831165966265e+01,2.796385358724182879e+01,5.980177912936683882e+00,1.252036354752632974e+01,6.644444562062449045e+00,1.913951289248795717e+01,1.797499630597879516e+01
1.305414305884593063e+00,1.599102370589728483e+00,3.119812055107014359e+01,2.438062721278220124e+01,5.971727773848064302e+00,3.029756229283086100e+01,6.297824898893778389e+00,4.535192924452883290e+01,1.780632557273735017e+01
1.305414305884593063e+00,1.852541727942296212e+00,3.086594001341022775e+01,1.907501572206638230e+01,5.978134956541609313e+00,5.165358918806546740e+01,6.785522803570399830e+00,6.196450153160829899e+01,2.464432970364721243e+01
1.305414305884593063e+00,2.105981085294863941e+00,2.869342278024973680e+01,1.369819241348704963e+01,6.009309195068159859e+00,6.754611405979252936e+01,8.130252587062834380e+00,6.189015021581932530e+01,3.088987187498393894e+01
1.305414305884593063e+00,2.359420442647431670e+00,2.567125305389767220e+01,9.236074506605291390e+00,6.045389692611089494e+00,7.774244570011589417e+01,9.123259870517729908e+00,6.196992561498557706e+01,3.168234007272323893e+01
1.305414305884593063e+00,2.612859799999999399e+00,2.313821252466556544e+01,5.832842662608527462e+00,6.079782132487403956e+00,8.440809022966220709e+01,9.742700760393459447e+00,6.177654107854409204e+01,3.185288617843762893e+01
1.553060054903827591e+00,-3.469684776461626541e+00,3.213253729686246629e+01,3.588091122632795305e+01,6.030806866321583470e+00,5.785351529478637644e+01,9.019362651086719751e+00,6.579907940133391264e+01,2.430682339902594080e+01
1.553060054903827591e+00,-3.216245419109058812e+00,3.517025316828639347e+01,3.906782118810406246e+01,5.995392647588086099e+00,5.847366890329480782e+01,8.342415852622909966e+00,6.107418480716884090e+01,2.196866793694158915e+01
1.553060054903827591e+00,-2.962806061756491083e+00,3.820796903971032066e+01,3.945800253319976036e+01,5.990849409676441972e+00,5.605763345744477988e+01,7.996335006524107669e+00,6.281884197474052911e+01,2.197220789341701419e+01
1.553060054903827591e+00,-2.709366704403923354e+00,4.121036693570574982e+01,3.840873880470826407e+01,5.985879570974797836e+00,5.350308611399452730e+01,7.254625431593517249e+00,6.509566465924528700e+01,2.041622507922982521e+01
1.553060054903827591e+00,-2.455927347051355625e+00,4.334564295415023594e+01,3.723158146487367048e+01,5.987892105216696237e+00,5.237056886497203578e+01,6.840187266262774735e+00,5.539795173330253419e+01,1.620907224027173754e+01
1.553060054903827591e+00,-2.202487989698787896e+00,4.417868769758210590e+01,3.641982263539648557e+01,5.998925500265081645e+00,5.082842473629870739e+01,7.427402774206792735e+00,4.975888219894386566e+01,1.726579040729294334e+01
1.553060054903827591e+00,-1.949048632346220167e+00,4.391089207372799308e+01,3.557697398514756060e+01,6.004208932387935072e+00,4.832335903588148085e+01,7.914762738419780952e+00,4.971932530174717613e+01,1.720154849154395649e+01
1.553060054903827591e+00,-1.695609274993652438e+00,4.263102909423213305e+01,3.403416618984374509e+01,5.994182668698728733e+00,4.610807401272045070e+01,7.430905344105429577e+00,4.658579054800276253e+01,1.737354211695821249e+01
1.553060054903827591e+00,-1.442169917641084709e+00,4.028745081339947376e+01,3.159853722946536436e+01,5.980267342675856135e+00,4.304512793530724934e+01,6.413434559197079388e+00,4.873001534061781115e+01,1.553400505885083582e+01
1.553060054903827591e+00,-1.188730560288516980e+00,3.753270380159922581e+01,2.879656496292045631e+01,5.975560009291577046e+00,3.811663127359028636e+01,6.237577101648950517e+00,5.825022107723263076e+01,1.764358687891325417e+01
1.553060054903827591e+00,-9.352912029359492507e-01,3.498327451647713815e+01,2.645982634138454159e+01,5.975402958110786145e+00,3.648291496947491908e+01,6.631269175933189430e+00,6.150918333887831579e+01,1.868525011828530324e+01
1.553060054903827591e+00,-6.818518455833815217e-01,3.339900810000222009e+01,2.511177545680948242e+01,5.971723388687244061e+00,4.309242882543651376e+01,6.511433767647178072e+00,7.664956645398952162e+01,1.843373106083133450e+01
1.553060054903827591e+00,-4.284124882308133486e-01,3.208706391337843655e+01,2.476046243233395217e+01,5.969426682830261122e+00,5.052766216795592413e+01,6.230772529061211706e+00,9.892028149811305582e+01,1.569321568103970321e+01
1.553060054903827591e+00,-1.749731308782456196e-01,3.087187127415646515e+01,2.522911873832163110e+01,5.973692190904867694e+00,4.633212736063964599e+01,6.751942336187888749e+00,6.780694792629617496e+01,1.647975589959645148e+01
1.553060054903827591e+00,7.846622647432210940e-02,3.039867896897714772e+01,2.655495209599575901e+01,5.977177892815442206e+00,3.231128086631812835e+01,7.449236032043075717e+00,3.163869038701731640e+01,1.722359709241021619e+01
1.553060054903827591e+00,3.319055838268898384e-01,3.133154278273005744e+01,2.891345083842134045e+01,5.972416291664424115e+00,2.222326698512100052e+01,7.133615546905208049e+00,2.973628516465055327e+01,1.721692109970813078e+01
1.553060054903827591e+00,5.853449411794575674e-01,3.395348775365418703e+01,3.208627595010875666e+01,5.965510528585401318e+00,2.154950548414473133e+01,6.334804762288833935e+00,2.779542951970423559e+01,1.616824526661903150e+01
1.553060054903827591e+00,8.387842985320252964e-01,3.720046718492953630e+01,3.507961412574786664e+01,5.967301458868481845e+00,2.399843933540094554e+01,6.323526932259060374e+00,2.517524195010629739e+01,2.015003984066338205e+01
1.553060054903827591e+00,1.092223655884593025e+00,4.050753218443050230e+01,3.644152789156032668e+01,5.975566210726098504e+00,2.718560681266382062e+01,6.707265538770458058e+00,2.427731323483463655e+01,2.182090823923561729e+01
1.553060054903827591e+00,1.345663013237160754e+00,4.257248024873489101e+01,3.513944641772650357e+01,5.979498877073168295e+00,3.729035634403557253e+01,6.692298002539452284e+00,4.507678646478473183e+01,2.132325241657347803e+01
1.553060054903827591e+00,1.599102370589728483e+00,4.312836862239835511e+01,3.126138361161974899e+01,5.983627529746747165e+00,5.532031892557255048e+01,6.477584269651101678e+00,8.259957918773042707e+01,1.978843822377278272e+01
1.553060054903827591e+00,1.852541727942296212e+00,4.170566937084774395e+01,2.593340847915351333e+01,6.006686352623767711e+00,7.142773843841345638e+01,6.986655380620933720e+00,8.190539130920416255e+01,1.993241041984710904e+01
1.553060054903827591e+00,2.105981085294863941e+00,3.873535309785754066e+01,2.056385204404250544e+01,6.049340966856058266e+00,7.800694930875835098e+01,8.224608780497268512e+00,6.483281094356144081e+01,2.154761563658547630e+01
1.553060054903827591e+00,2.359420442647431670e+00,3.549675951690583275e+01,1.609289411518147972e+01,6.083418422380697521e+00,7.825918964738733052e+01,8.919502638918572757e+00,5.911915369298222345e+01,2.180906165806501917e+01
1.553060054903827591e+00,2.612859799999999399e+00,3.354479166435798732e+01,1.281221841808792306e+01,6.089788259361099243e+00,7.792128462320199844e+01,8.928055968508566309e+00,5.618144092594235417e+01,2.205598582401701435e+01
1.800705803923062120e+00,-3.469684776461626541e+00,4.519754063046083559e+01,4.268856865279121848e+01,6.301135260011593076e+00,6.192695270936673069e+01,1.112637351204672598e+01,6.731194530005008403e+01,3.188637799719568733e+01
1.800705803923062120e+00,-3.216245419109058812e+00,4.873897815285771173e+01,4.575558590766559064e+01,6.094085759147214176e+00,6.550379521013167050e+01,1.017042973322091370e+01,6.681652933623092849e+01,3.067350032211589195e+01
1.800705803923062120e+00,-2.962806061756491083e+00,5.228041567525460209e+01,4.679929650107806083e+01,6.014891568456211424e+00,6.621933671460416804e+01,9.217444898443792667e+00,6.676168810824530908e+01,3.034868368327934363e+01
1.800705803923062120e+00,-2.709366704403923354e+00,5.545806299720442212e+01,4.730005173218341952e+01,5.988923922421260926e+00,6.490476208164224659e+01,8.040684864326195225e+00,6.574011674588216181e+01,2.740673314098442148e+01
1.800705803923062120e+00,-2.455927347051355625e+00,5.741099049669924170e+01,4.820321776834498451e+01,5.991976922627948454e+00,6.377325481235821769e+01,7.458689705511924117e+00,6.155148649111664128e+01,1.865765368456679951e+01
1.800705803923062120e+00,-2.202487989698787896e+00,5.813407058296427010e+01,4.923684794015389343e+01,6.007858965939410822e+00,6.336142980464785524e+01,7.817830118717127519e+00,6.135735002392971182e+01,1.755510030202451688e+01
1.800705803923062120e+00,-1.949048632346220167e+00,5.791236520753828643e+01,4.921420190995377197e+01,6.015466322217780437e+00,6.299421890151506176e+01,8.127508139176073954e+00,6.253996176201987822e+01,1.689328241590269286e+01
1.800705803923062120e+00,-1.695609274993652438e+00,5.681512958819567416e+01,4.712870859875511087e+01,6.003745749066376369e+00,6.130714287400670770e+01,7.850030008243573221e+00,5.953969465740176759e+01,1.757112138095741471e+01
1.800705803923062120e+00,-1.442169917641084709e+00,5.471469653046838744e+01,4.317951854702732817e+01,5.983453348647655545e+00,5.618450395362610550e+01,7.196674640649782795e+00,5.795790294441525248e+01,1.785425755782233637e+01
1.800705803923062120e+00,-1.188730560288516980e+00,5.225995183648862508e+01,3.886402930668373301e+01,5.970509453913529718e+00,4.862374478746422568e+01,7.220367308251145033e+00,6.085230808104181222e+01,2.512902939151659254e+01
1.800705803923062120e+00,-9.352912029359492507e-01,4.950978620431267530e+01,3.601972964174092340e+01,5.965715011478302188e+00,4.547565863856041801e+01,7.767440068917463414e+00,6.253001936214069900e+01,2.763945626604072459e+01
1.800705803923062120e+00,-6.818518455833815217e-01,4.749631168724093300e+01,3.558924965609003266e+01,5.963469511801959833e+00,5.101956322230554974e+01,7.510481162997869831e+00,7.067770604919088839e+01,2.671618210457100062e+01
1.800705803923062120e+00,-4.284124882308133486e-01,4.589380584189835588e+01,3.711798396151425550e+01,5.966342326310264177e+00,5.726999221147235630e+01,6.906111918040386932e+00,7.305988772419932786e+01,2.002783150750995134e+01
1.800705803923062120e+00,-1.749731308782456196e-01,4.488460615742393145e+01,3.933210405956742761e+01,5.975684237869143267e+00,5.306689551139729133e+01,7.176018788540917903e+00,5.198259465556473913e+01,1.748510629500462343e+01
1.800705803923062120e+00,7.846622647432210940e-02,4.510208941978169150e+01,4.119211457888559380e+01,5.981920425491256132e+00,4.165624058348498693e+01,7.650574805718802551e+00,4.568408129864809553e+01,1.711899444403961823e+01
1.800705803923062120e+00,3.319055838268898384e-01,4.671407603927150376e+01,4.247056751591844659e+01,5.977430752507664202e+00,3.681523359014876462e+01,7.431856487090462871e+00,5.146630768326345873e+01,1.756639870984348306e+01
1.800705803923062120e+00,5.853449411794575674e-01,4.966001165587971400e+01,4.345882523677300924e+01,5.969805329154717732e+00,4.257289681987722929e+01,7.012698626764862553e+00,4.912598838584995775e+01,1.856936398132835819e+01
1.800705803923062120e+00,8.387842985320252964e-01,5.259128556713210401e+01,4.426652762661069573e+01,5.971791330322555602e+00,5.056339377441751992e+01,7.539019563769355337e+00,4.680239399011622936e+01,2.737535642820109061e+01
1.800705803923062120e+00,1.092223655884593025e+00,5.517219739154715796e+01,4.448029498197684006e+01,5.982162109370144698e+00,5.694630434853545609e+01,8.429681458496959934e+00,4.704863748334075524e+01,3.066914560359875352e+01
1.800705803923062120e+00,1.345663013237160754e+00,5.649801001200948747e+01,4.346938087272246776e+01,5.991589437948062979e+00,6.708596548812219851e+01,8.547862799377172749e+00,6.032478131004477007e+01,3.037690114077391357e+01
1.800705803923062120e+00,1.599102370589728483e+00,5.636515643320049662e+01,4.094788131346103910e+01,6.005789973078754507e+00,8.175790702310985125e+01,7.993034104512982907e+00,7.852204651952746417e+01,2.720422450384014468e+01
1.800705803923062120e+00,1.852541727942296212e+00,5.441788957446679831e+01,3.722722614721533319e+01,6.037914726540481780e+00,9.234318991914432218e+01,8.028265913127379250e+00,7.551822165857039693e+01,1.896168249289768326e+01
1.800705803923062120e+00,2.105981085294863941e+00,5.116334650460608202e+01,3.300073418380452495e+01,6.079275395678335414e+00,9.323112842547192258e+01,8.847417833042030111e+00,6.828153131595379932e+01,1.784137683102620997e+01
1.800705803923062120e+00,2.359420442647431670e+00,4.776557408941189919e+01,2.896901910447832051e+01,6.102430115084082729e+00,8.870243127618627454e+01,9.190326961703725317e+00,6.584035277560423083e+01,1.765750855884694914e+01
1.800705803923062120e+00,2.612859799999999399e+00,4.631611994113737296e+01,2.566076635852186882e+01,6.089890302556211665e+00,8.469581917999997245e+01,8.909727355561471995e+00,6.258288112516634527e+01,1.759529586089340825e+01
2.048351552942296649e+00,-3.469684776461626541e+00,5.583967341940976326e+01,4.776511894818395376e+01,7.003689814942898550e+00,6.327323769448556590e+01,1.331641466886492964e+01,6.444105846408976390e+01,3.406444830014121550e+01
2.048351552942296649e+00,-3.216245419109058812e+00,5.975692117872586095e+01,5.060965427399014516e+01,6.447644995738075480e+00,6.745196356831947071e+01,1.252104217005364895e+01,6.488779896433153738e+01,3.393779619099418454e+01
2.048351552942296649e+00,-2.962806061756491083e+00,6.367416893804200129e+01,5.244033465042775788e+01,6.151617665757832754e+00,7.062225463977289053e+01,1.117308795703469038e+01,6.535757374130776043e+01,3.360840507125055865e+01
2.048351552942296649e+00,-2.709366704403923354e+00,6.717945778480972763e+01,5.473732153674245637e+01,6.028595198370749308e+00,7.262359335947530781e+01,9.289243388629708775e+00,6.710452731743851018e+01,2.956576216447494687e+01
2.048351552942296649e+00,-2.455927347051355625e+00,6.921392921277779919e+01,5.794620701244457450e+01,6.002174457356206361e+00,7.446826246860915433e+01,7.975427221776377529e+00,7.104742107385132499e+01,1.862101789817372577e+01
2.048351552942296649e+00,-2.202487989698787896e+00,7.005969468091711860e+01,6.093986805035819998e+01,6.011158035111428433e+00,7.616329740544954063e+01,7.797759381034255810e+00,7.468776357590586201e+01,1.675447451481083760e+01
2.048351552942296649e+00,-1.949048632346220167e+00,6.999344316496738827e+01,6.171435406992713979e+01,6.017486045728849930e+00,7.658542239252616923e+01,7.913595963112154408e+00,7.511744336384168719e+01,1.613945322305843177e+01
2.048351552942296649e+00,-1.695609274993652438e+00,6.886232540735589680e+01,5.894926006591776968e+01,6.008566964745044814e+00,7.421608551322279368e+01,7.820654585637725198e+00,7.385630598902497468e+01,1.689616135727986901e+01
2.048351552942296649e+00,-1.442169917641084709e+00,6.672499507166273247e+01,5.329056480522740458e+01,5.993149283759521495e+00,6.763814188649342896e+01,7.795832871708424427e+00,7.039644540846082066e+01,1.809905968023244327e+01
2.048351552942296649e+00,-1.188730560288516980e+00,6.407875384886838788e+01,4.728137013471223327e+01,5.983820299018942634e+00,5.826370886926179082e+01,8.519277630418738312e+00,6.582141350992189643e+01,2.881739680611036647e+01
2.048351552942296649e+00,-9.352912029359492507e-01,6.113271705157646352e+01,4.384994384232231823e+01,5.979839103072266404e+00,5.217923468239860085e+01,9.399583038382690603e+00,6.267794457717972989e+01,3.306621482005013490e+01
2.048351552942296649e+00,-6.818518455833815217e-01,5.896547412359957718e+01,4.442538621204039373e+01,5.975167547406242896e+00,5.396584747130808069e+01,8.894538142383657586e+00,6.100600423954885088e+01,3.123444462427724844e+01
2.048351552942296649e+00,-4.284124882308133486e-01,5.748590467691305150e+01,4.809588567946593685e+01,5.973166171042458394e+00,5.867642046325633487e+01,7.636117166712962145e+00,5.790682424695587116e+01,2.139353149763164907e+01
2.048351552942296649e+00,-1.749731308782456196e-01,5.740744192030048509e+01,5.240651317666015530e+01,5.978013453065877947e+00,5.742478944227718785e+01,7.287002355205188131e+00,5.782748702194074042e+01,1.714104838020520916e+01
2.048351552942296649e+00,7.846622647432210940e-02,5.872333505974931711e+01,5.509418343748802727e+01,5.982734076967361148e+00,5.203101368444854558e+01,7.497405230583112257e+00,5.969850375523693486e+01,1.675037870115957617e+01
2.048351552942296649e+00,3.319055838268898384e-01,6.106018168898580711e+01,5.539796813135762932e+01,5.980392544902062291e+00,5.403137630563952598e+01,7.364111611927870449e+00,6.021848492396993180e+01,1.714444266644020587e+01
2.048351552942296649e+00,5.853449411794575674e-01,6.402168839586862248e+01,5.408373934595692845e+01,5.979071979832710326e+00,6.645586528370492374e+01,7.452780998936956003e+00,6.613650517171132037e+01,1.853027450125330944e+01
2.048351552942296649e+00,8.387842985320252964e-01,6.595256127819655489e+01,5.244099706956149021e+01,5.991156464292971329e+00,7.918776855074878540e+01,8.878946231108557186e+00,6.590290062458129228e+01,2.915435424492705252e+01
2.048351552942296649e+00,1.092223655884593025e+00,6.737349551718062912e+01,5.122208191288336820e+01,6.011484008934854018e+00,8.586228103598739381e+01,1.051845145529193104e+01,6.197477315488668381e+01,3.355946119466779720e+01
2.048351552942296649e+00,1.345663013237160754e+00,6.747221053894735121e+01,5.028839567682916822e+01,6.026605612524666533e+00,9.139576204369471668e+01,1.067701083497633263e+01,6.450541494610334325e+01,3.347448993696011854e+01
2.048351552942296649e+00,1.599102370589728483e+00,6.677447978724656252e+01,4.898969250390473462e+01,6.041473021802910459e+00,9.936976883468796018e+01,9.413178447496827417e+00,7.220209239561430081e+01,2.889758746298047853e+01
2.048351552942296649e+00,1.852541727942296212e+00,6.427467458500353814e+01,4.677910066731965344e+01,6.067260169076541310e+00,1.050109123739536585e+02,8.656971714190076383e+00,7.862727040858683836e+01,1.931076020992989228e+01
2.048351552942296649e+00,2.105981085294863941e+00,6.105523293360529635e+01,4.360160816835013975e+01,6.093453202118187306e+00,1.041988458902537360e+02,9.050626727573764185e+00,8.116399079647662518e+01,1.735894919540992376e+01
2.048351552942296649e+00,2.359420442647431670e+00,5.783600593710681892e+01,3.993475576238961366e+01,6.101609997678989039e+00,9.965682537775467154e+01,9.130276175658211812e+00,7.856276100669377627e+01,1.731141549562946125e+01
2.048351552942296649e+00,2.612859799999999399e+00,5.656015455480171283e+01,3.659629226752895192e+01,6.084741564251622492e+00,9.513781525046009335e+01,8.912892739266199627e+00,7.506030516226708471e+01,1.764856324588159353e+01
2.295997301961530734e+00,-3.469684776461626541e+00,5.666051350542602449e+01,4.943640746859546198e+01,8.203744471880456857e+00,6.311852885939735813e+01,1.449650514851010996e+01,6.315891504995960304e+01,3.421267554637138630e+01
2.295997301961530734e+00,-3.216245419109058812e+00,6.183011285967403126e+01,5.163059630494535668e+01,7.172530846280676720e+00,6.596355265805880208e+01,1.381706747312280470e+01,6.336642438893046858e+01,3.420440322573332281e+01
2.295997301961530734e+00,-2.962806061756491083e+00,6.699971221392199539e+01,5.377773690959475061e+01,6.486081237031181779e+00,6.934115339468321793e+01,1.221858243979736081e+01,6.432998535610860813e+01,3.388514360142595905e+01
2.295997301961530734e+00,-2.709366704403923354e+00,7.126713504405813637e+01,5.726733052811141533e+01,6.137457350238957332e+00,7.340070304051172911e+01,9.866290189975464031e+00,6.825753428641760934e+01,2.968612422941606255e+01
2.295997301961530734e+00,-2.455927347051355625e+00,7.395071556935319279e+01,6.206057090982176305e+01,6.024465795962702153e+00,7.812457352573247249e+01,8.155735067916179304e+00,7.560666244089533450e+01,1.869992097925842600e+01
2.295997301961530734e+00,-2.202487989698787896e+00,7.515901018963751312e+01,6.631200888312196184e+01,6.012865016849808342e+00,8.192879724587993451e+01,7.794569745998227717e+00,8.071929596646161542e+01,1.667559610446979690e+01
2.295997301961530734e+00,-1.949048632346220167e+00,7.499575990107929613e+01,6.738536894684511935e+01,6.017073557580214782e+00,8.267253340614232116e+01,7.854827263763933587e+00,8.076023210226419735e+01,1.636947092613419841e+01
2.295997301961530734e+00,-1.695609274993652438e+00,7.382568046429884134e+01,6.376249281419768522e+01,6.013533471442116252e+00,7.939320396357118170e+01,7.799179386294846417e+00,7.845189328070669887e+01,1.688209486052030783e+01
2.295997301961530734e+00,-1.442169917641084709e+00,7.132974500327826206e+01,5.651180854082303995e+01,6.011637766495671720e+00,7.216277219136999577e+01,8.030878430161997983e+00,7.322781691106550284e+01,1.822544710110148003e+01
2.295997301961530734e+00,-1.188730560288516980e+00,6.806313481669386078e+01,4.909255339716582967e+01,6.018263883224024724e+00,6.252121340409486550e+01,9.155307640325348828e+00,6.686219890062881177e+01,2.920242220637829433e+01
2.295997301961530734e+00,-9.352912029359492507e-01,6.439331226886208981e+01,4.540842761409658124e+01,6.021169539488033351e+00,5.501396686555104054e+01,1.028547617084220001e+01,6.295444829752983651e+01,3.367778896984184911e+01
2.295997301961530734e+00,-6.818518455833815217e-01,6.230958519958301167e+01,4.737971343750359665e+01,6.008346925219549384e+00,5.430928250296338433e+01,9.676309652561036145e+00,6.014158637982089317e+01,3.172053449524798907e+01
2.295997301961530734e+00,-4.284124882308133486e-01,6.173223446010037208e+01,5.375918301499586960e+01,5.989879212123832453e+00,5.865693557817834858e+01,8.000848361777507023e+00,6.007746841129925741e+01,2.166633516120057479e+01
2.295997301961530734e+00,-1.749731308782456196e-01,6.325120300544473650e+01,6.102759974577020330e+01,5.981997144711911574e+00,6.144215487741520576e+01,7.297230606786706986e+00,6.691404008791437263e+01,1.744301459769329199e+01
2.295997301961530734e+00,7.846622647432210940e-02,6.652152513568007919e+01,6.565810525828237587e+01,5.982360462064996831e+00,6.277141824163211936e+01,7.468201517218097329e+00,6.933138334324617347e+01,1.710442138571228554e+01
2.295997301961530734e+00,3.319055838268898384e-01,6.991657027338469277e+01,6.609722622072695231e+01,5.982347936788155351e+00,7.124534736647623845e+01,7.340450571702577420e+00,8.304938185477678303e+01,1.728461459600178074e+01
2.295997301961530734e+00,5.853449411794575674e-01,7.225650543290801409e+01,6.319270164143927104e+01,5.991654467130071104e+00,8.834551271759355018e+01,7.649173012982251940e+00,1.050735800036467964e+02,1.890177838149416800e+01
2.295997301961530734e+00,8.387842985320252964e-01,7.223289100856968048e+01,5.907353351377787476e+01,6.023674328794965227e+00,1.026125953944619482e+02,9.587948377955838097e+00,9.216783897796747738e+01,2.962976862468035932e+01
2.295997301961530734e+00,1.092223655884593025e+00,7.195678388896055822e+01,5.554483187518962950e+01,6.063238934401846691e+00,1.061884998653488026e+02,1.159317973134474933e+01,7.112383933127330238e+01,3.392203306225756165e+01
2.295997301961530734e+00,1.345663013237160754e+00,7.094285215035522185e+01,5.314192453743271471e+01,6.083275223206056737e+00,1.045446393227226736e+02,1.171742951651599363e+01,6.610232556510004542e+01,3.372943222572556010e+01
2.295997301961530734e+00,1.599102370589728483e+00,6.957120939342740940e+01,5.125905499015607347e+01,6.086581572211258617e+00,1.047548144805715538e+02,1.005265094360531108e+01,7.229290201787462422e+01,2.888319757023936063e+01
2.295997301961530734e+00,1.852541727942296212e+00,6.699554898832904826e+01,4.896869064273960248e+01,6.092427118193389113e+00,1.058275668906146620e+02,8.853638266254174383e+00,8.163795349949496938e+01,1.915012873150797645e+01
2.295997301961530734e+00,2.105981085294863941e+00,6.367293623504505717e+01,4.584414186204048747e+01,6.099179458163498602e+00,1.044190982174790179e+02,9.036454399563204731e+00,8.299181281879066319e+01,1.708588037995643916e+01
2.295997301961530734e+00,2.359420442647431670e+00,6.024687743881418101e+01,4.230489400995247706e+01,6.097309552480993489e+00,1.011436763100631140e+02,9.041717265098743184e+00,7.941617978887092022e+01,1.719458728637384581e+01
2.295997301961530734e+00,2.612859799999999399e+00,5.894345098945399286e+01,3.939448366106626054e+01,6.087360361157872823e+00,9.754088622812844278e+01,8.884558556082035707e+00,7.720834217124209431e+01,1.742352053807534773e+01
2.543643050980765263e+00,-3.469684776461626541e+00,4.868351788548739023e+01,4.702631072190797568e+01,9.731636938662875380e+00,6.253181889581137654e+01,1.487694534564993454e+01,6.295255272979231620e+01,3.421524980607323840e+01
2.543643050980765263e+00,-3.216245419109058812e+00,5.466230670820337423e+01,4.798917556165451970e+01,8.232792874552519180e+00,6.346643790434929855e+01,1.424723865522605593e+01,6.302042598921331518e+01,3.420965798739127450e+01
2.543643050980765263e+00,-2.962806061756491083e+00,6.064109553091938665e+01,4.961751525653562567e+01,7.061374543599304054e+00,6.524428976956323822e+01,1.255237846163660720e+01,6.354191507947889761e+01,3.390912323472277023e+01
2.543643050980765263e+00,-2.709366704403923354e+00,6.585215653385155576e+01,5.315655079229691182e+01,6.358258056784388934e+00,6.864149358427725645e+01,9.965709976496311739e+00,6.580300380978938790e+01,2.994218537695088855e+01
2.543643050980765263e+00,-2.455927347051355625e+00,6.991889564929925882e+01,5.820594314849404327e+01,6.075455391395997218e+00,7.353601707378541619e+01,8.132717428694412831e+00,7.061945967002287716e+01,1.909962512094628195e+01
2.543643050980765263e+00,-2.202487989698787896e+00,7.194710151889175620e+01,6.248672934106798493e+01,6.015276647165334722e+00,7.767695434964863921e+01,7.827117729361260601e+00,7.555798396498553871e+01,1.734333748623303251e+01
2.543643050980765263e+00,-1.949048632346220167e+00,7.215725978345844283e+01,6.304843961086226045e+01,6.014036656744623954e+00,7.834786455169412989e+01,7.891214901391533587e+00,7.686993453265910148e+01,1.674341080450070862e+01
2.543643050980765263e+00,-1.695609274993652438e+00,7.069879806753111495e+01,5.835168789226190711e+01,6.020717840510863894e+00,7.494301185688526346e+01,7.832756330624624397e+00,7.304252148706949299e+01,1.738642229779418003e+01
2.543643050980765263e+00,-1.442169917641084709e+00,6.739989755990939102e+01,4.982091757908892760e+01,6.046915206162394085e+00,6.860852077881594369e+01,8.020408384016235459e+00,6.713889405254187182e+01,1.855528666277299266e+01
2.543643050980765263e+00,-1.188730560288516980e+00,6.340311263362677607e+01,4.157939196941333648e+01,6.090281216507933415e+00,6.092005327347941090e+01,9.384333060564607365e+00,6.371152916884978623e+01,2.933024089920412081e+01
2.543643050980765263e+00,-9.352912029359492507e-01,5.925958906715406727e+01,3.825785483493200445e+01,6.111737773013374841e+00,5.472490368253932758e+01,1.087084106042950538e+01,6.233953069331818853e+01,3.374480488786122834e+01
2.543643050980765263e+00,-6.818518455833815217e-01,5.704015452216887638e+01,4.220975350353728572e+01,6.082995253975462369e+00,5.365984932826668796e+01,1.047972195494184078e+01,6.002415853807490009e+01,3.247812914239234772e+01
2.543643050980765263e+00,-4.284124882308133486e-01,5.753878569144028177e+01,5.202028335261820757e+01,6.027399904152465737e+00,5.786903359201320995e+01,8.763934258062946014e+00,5.798279178253016397e+01,2.458761325613004090e+01
2.543643050980765263e+00,-1.749731308782456196e-01,6.103671393922442689e+01,6.334004328919581894e+01,5.988074902308927250e+00,6.357352346337020776e+01,7.666277692386113785e+00,6.076021255442496027e+01,1.905840937257955403e+01
2.543643050980765263e+00,7.846622647432210940e-02,6.614600591957494657e+01,7.142974022878297546e+01,5.975893149909253133e+00,7.071289828532852084e+01,7.502847385793564250e+00,6.791167383670932622e+01,1.889916753177597286e+01
2.543643050980765263e+00,3.319055838268898384e-01,7.027612310920676464e+01,7.365736075804124994e+01,5.981772975986663354e+00,8.444855975408015070e+01,7.558399119827151402e+00,9.836641558033633714e+01,1.911405206282024949e+01
2.543643050980765263e+00,5.853449411794575674e-01,7.100611499925942383e+01,7.039744670338950527e+01,6.015968983970512163e+00,1.032135395523944226e+02,8.346746876156585060e+00,1.262173648766250977e+02,2.224554451758848472e+01
2.543643050980765263e+00,8.387842985320252964e-01,6.917436925835713168e+01,6.406265515583254455e+01,6.085897215226305335e+00,1.152434021045359600e+02,1.040137859259001729e+01,1.032464961924986824e+02,3.158712707967420030e+01
2.543643050980765263e+00,1.092223655884593025e+00,6.684578622647696022e+01,5.726330133513511100e+01,6.152663730309841483e+00,1.138845817880766731e+02,1.221440689583698891e+01,7.387987103461495053e+01,3.416972537714705993e+01
2.543643050980765263e+00,1.345663013237160754e+00,6.541624804161712348e+01,5.143182278520362161e+01,6.167424410114332289e+00,1.059351706538833753e+02,1.210386564164730139e+01,6.578142829980683359e+01,3.382351930851042709e+01
2.543643050980765263e+00,1.599102370589728483e+00,6.364880980821413914e+01,4.662190427170753537e+01,6.138325123599319255e+00,1.002649587209758835e+02,1.029721430276812200e+01,6.924589085122279641e+01,2.932083953058786818e+01
2.543643050980765263e+00,1.852541727942296212e+00,6.066677106898319494e+01,4.226157116131253133e+01,6.110571660856003895e+00,9.774274492199479880e+01,9.024365585262062339e+00,7.497067436465501089e+01,1.934013405389872631e+01
2.543643050980765263e+00,2.105981085294863941e+00,5.698604482848445230e+01,3.810104449006212235e+01,6.101059706434242003e+00,9.531904172191607927e+01,9.132261493593455626e+00,7.495724737295942930e+01,1.778091904389609823e+01
2.543643050980765263e+00,2.359420442647431670e+00,5.349172282835743886e+01,3.467362703677827085e+01,6.099945051923351791e+00,9.234591198562822001e+01,9.217019465862476224e+00,7.228131633062837125e+01,1.754373631183604587e+01
2.543643050980765263e+00,2.612859799999999399e+00,5.192952489299268848e+01,3.304926724701363128e+01,6.105360344199372236e+00,8.939081161959123278e+01,9.035986062337993729e+00,6.895668151888446573e+01,1.773061114418388939e+01
2.791288799999999792e+00,-3.469684776461626541e+00,3.434667903417199852e+01,4.123737098220499320e+01,1.134627844422591814e+01,6.209221611955381093e+01,1.497875396647470936e+01,6.293314118184576245e+01,3.421527019670234182e+01
2.791288799999999792e+00,-3.216245419109058812e+00,4.073476843370980305e+01,4.052764170227510476e+01,9.502545153990498150e+00,6.155742314292807293e+01,1.446258215534783709e+01,6.291964801738242130e+01,3.421142333231239974e+01
2.791288799999999792e+00,-2.962806061756491083e+00,4.712285783324763599e+01,4.085061410751723088e+01,7.889467619519919594e+00,6.129249128888039166e+01,1.295524566716909831e+01,6.281845327366472276e+01,3.400034309686640910e+01
2.791288799999999792e+00,-2.709366704403923354e+00,5.325512410122563267e+01,4.328021709170388931e+01,6.772942516870747554e+00,6.230464624261624351e+01,1.045045021184342637e+01,6.261596521376644375e+01,3.110418527929909160e+01
2.791288799999999792e+00,-2.455927347051355625e+00,5.838740049125847520e+01,4.721798790117645694e+01,6.222612426424117160e+00,6.491772670051167893e+01,8.444067235794683768e+00,6.329678305367398394e+01,2.245945384219781715e+01
2.791288799999999792e+00,-2.202487989698787896e+00,6.137025130490434321e+01,5.027535087567048322e+01,6.048101211874926442e+00,6.752955799176444884e+01,8.042988211441384649e+00,6.593185266847024195e+01,1.961064937017297893e+01
2.791288799999999792e+00,-1.949048632346220167e+00,6.182273254805004115e+01,4.953267508450517198e+01,6.020748035834116330e+00,6.786946582923135907e+01,8.138510676986127734e+00,6.739434327346701536e+01,1.940839755090378915e+01
2.791288799999999792e+00,-1.695609274993652438e+00,6.023645170289267980e+01,4.361388090303626086e+01,6.052834511624198832e+00,6.545991885185823378e+01,8.040341414791507546e+00,6.438822892391885944e+01,1.962428238900045230e+01
2.791288799999999792e+00,-1.442169917641084709e+00,5.654436842133702612e+01,3.421622960251443146e+01,6.148722774110767730e+00,6.152771434043230414e+01,8.346051243477788262e+00,6.101305766150132115e+01,2.190714683860453960e+01
2.791288799999999792e+00,-1.188730560288516980e+00,5.200228110149970462e+01,2.583028021370955685e+01,6.278265595570993618e+00,5.722991182095800156e+01,1.008989946069650401e+01,6.119742223242084833e+01,3.062620212613198589e+01
2.791288799999999792e+00,-9.352912029359492507e-01,4.762520233863131125e+01,2.350148968373468961e+01,6.349949901996099655e+00,5.379809752524302979e+01,1.190217562353308978e+01,6.210010836734965523e+01,3.392169160630058400e+01
2.791288799999999792e+00,-6.818518455833815217e-01,4.584106090889366669e+01,2.990201372619594622e+01,6.302686571673933535e+00,5.324566276911296114e+01,1.198873143291142718e+01,6.115102047946333386e+01,3.375621883848305060e+01
2.791288799999999792e+00,-4.284124882308133486e-01,4.681660900221068289e+01,4.360578274558429257e+01,6.175709761189644986e+00,5.657366494016152103e+01,1.079968686280879808e+01,5.870162314053351338e+01,3.160351687114285468e+01
2.791288799999999792e+00,-1.749731308782456196e-01,5.077516543694481754e+01,5.972572777106506692e+01,6.061669043709720484e+00,6.298349188448551672e+01,9.739115788024609088e+00,5.679265105672772762e+01,2.952050213895984143e+01
2.791288799999999792e+00,7.846622647432210940e-02,5.602727232597410989e+01,7.247991705912681937e+01,6.014889111339227767e+00,7.320171790680527124e+01,9.317616597692163438e+00,5.978512056639779360e+01,2.930235023338601863e+01
2.791288799999999792e+00,3.319055838268898384e-01,5.861929250508512723e+01,7.800512149798851169e+01,6.041841286782597464e+00,8.901670909822391309e+01,9.523378056736584441e+00,8.008040143652013398e+01,2.944387034287435156e+01
2.791288799999999792e+00,5.853449411794575674e-01,5.797128673962596679e+01,7.574083591727867315e+01,6.141180252025180586e+00,1.059383126099046279e+02,1.045601269171767811e+01,9.745377041525662776e+01,3.118820413820124315e+01
2.791288799999999792e+00,8.387842985320252964e-01,5.608988514132492753e+01,6.784916554547635315e+01,6.280239807596728951e+00,1.137217184066952029e+02,1.198049581894276727e+01,8.503442437494274486e+01,3.380919626412534740e+01
2.791288799999999792e+00,1.092223655884593025e+00,5.438158555295008512e+01,5.745389620721653046e+01,6.368801306905080395e+00,1.086898264181792513e+02,1.305338377979553144e+01,6.889597093733455324e+01,3.424185405067238719e+01
2.791288799999999792e+00,1.345663013237160754e+00,5.303523581342095383e+01,4.702556588957850181e+01,6.336936368036487188e+00,9.821574184441726629e+01,1.245996776494103031e+01,6.393407004505649383e+01,3.387772412222356166e+01
2.791288799999999792e+00,1.599102370589728483e+00,5.121641547203537925e+01,3.779484053193846194e+01,6.222013180498968232e+00,9.046472439811913091e+01,1.040008671898845627e+01,6.375076748640101698e+01,2.978972377222780210e+01
2.791288799999999792e+00,1.852541727942296212e+00,4.820252853240559432e+01,3.017427625007076131e+01,6.124066014150024273e+00,8.638385923670604427e+01,8.928737344474338755e+00,6.349202963061291172e+01,1.941898617967086693e+01
2.791288799999999792e+00,2.105981085294863941e+00,4.436892441096422601e+01,2.452207111780626292e+01,6.089972136653300616e+00,8.313622712499386580e+01,9.003662186387996869e+00,6.173582675683360321e+01,1.760726361403432350e+01
2.791288799999999792e+00,2.359420442647431670e+00,4.065196047388920420e+01,2.154319982372908271e+01,6.097252915478022395e+00,7.970282877916474717e+01,9.153367713099594738e+00,5.847494976973104741e+01,1.747064422508805492e+01
2.791288799999999792e+00,2.612859799999999399e+00,3.862712266475024592e+01,2.205724655310950766e+01,6.131976806405903702e+00,7.669820128803584680e+01,8.870076116333377669e+00,5.382840266230967785e+01,1.742978013276053773e+01
