theta_ell,theta_sd,theta_sf,theta_w
-8.032092788972592379e-01,-6.391232077608304252e-01,1.968073783752768202e+00,5.743542302205278283e+00
-8.106849920594341175e-01,-2.955988791873260801e-01,1.951510305118272948e+00,5.603451168858454068e+00
-9.100595402984370530e-01,1.679447504275625835e+00,1.951294784516153236e+00,5.272622090753060320e+00
-8.621662202078775872e-01,1.825948739792987441e-01,2.000095632349728980e+00,5.268536457953569396e+00
-9.203932623362379717e-01,-2.873642865083403386e-03,1.928872404556125630e+00,5.322574470836901384e+00
-8.902660802480317770e-01,1.245473639927948240e+00,2.002438376238432571e+00,5.341923548374216679e+00
-8.756743955448520467e-01,1.562761913144045778e+00,2.005513510532725530e+00,5.267660389270893972e+00
-9.706688827706251299e-01,-3.302291571838440465e+00,1.944609757249811555e+00,5.009079649902435705e+00
-1.032857424812198666e+00,-2.413593997772736532e+00,1.974014175644208224e+00,4.815801121191253031e+00
-7.926915472296706122e-01,1.962953106048987317e+00,1.986301810044069027e+00,5.570455696617055530e+00
-8.480238180633375977e-01,1.148212409545230406e+00,2.011070660902037233e+00,5.488881002737491244e+00
-7.945873295140721826e-01,-7.025175909800773777e-01,2.019574472046795410e+00,5.532237026182468931e+00
-9.594054569377301611e-01,-9.428908207131936337e-02,2.039659222236103631e+00,4.725138460409461949e+00
-9.693369002772737053e-01,1.671494834876034730e-02,2.015162829044553572e+00,5.021163606904782029e+00
-8.745737541903433332e-01,1.811797039952247612e-01,1.932365496823145179e+00,5.296918838149045961e+00
-8.459485864800562194e-01,4.235152103303941318e-01,1.952034860794548354e+00,5.539439506134749891e+00
-9.612587148309433838e-01,6.905254303832154550e-01,2.006809648540624824e+00,5.103995872178617610e+00
-9.040085139174321993e-01,4.625333820534885954e-01,1.990682182350986595e+00,5.191107548795319104e+00
-9.415865655744367624e-01,8.000289646580545089e-01,1.971843307347612262e+00,5.284984557792616222e+00
-9.064284406249996096e-01,-2.181468688671025502e-01,1.952898356870505392e+00,5.129613692093200505e+00
-9.218613847669503425e-01,5.046561818263831656e-01,1.944749362621546851e+00,5.175591648647741572e+00
-8.656622530898332446e-01,5.657829699790244415e-01,1.982722447191087145e+00,5.334686248572082512e+00
-8.329462883014744357e-01,8.561251596331174163e-01,1.951527210655526590e+00,5.631201128725217941e+00
-9.224002820821828319e-01,-2.334676249200109410e-01,1.979325151713953845e+00,5.155096888561697455e+00
-9.123593502466059713e-01,1.077462566253773346e+00,1.945105879936334992e+00,5.400098276586486001e+00
-8.662067641091453218e-01,6.758471345624905702e-01,2.009839262264398130e+00,5.120093617283670184e+00
-9.611763550355043595e-01,-1.021916965490021312e+00,2.027639315414357046e+00,5.224239066382643237e+00
-8.705920363416889129e-01,-8.362461571751683698e-02,1.981487380680289956e+00,5.021634725629874119e+00
-8.799671796628319997e-01,5.980715295184924063e-01,1.979248843693762971e+00,5.234836572315236580e+00
-9.831330806574292147e-01,-2.698437507542546854e+00,1.966287348088683551e+00,4.925838636318843555e+00
-9.600298222490498690e-01,-3.736413025525269216e-01,1.942883918311147484e+00,4.976381578721303711e+00
-9.369983004876615285e-01,-5.546950148842040296e-01,1.990180228682732366e+00,5.028377782719896771e+00
-9.259950490084343233e-01,-2.546375361328684583e+00,1.980675578212303334e+00,5.075272112285221127e+00
-8.944707734084035300e-01,6.561775794243751569e-02,1.960530965383267432e+00,5.267391830602016434e+00
-8.585739416196881413e-01,-4.496113132558272607e-01,1.982724485912359613e+00,5.313066545273461116e+00
-9.307084819116886454e-01,-1.196791175981227084e+00,1.970130159570965267e+00,5.077453728247435905e+00
-9.093746837538164707e-01,-2.217730739900663384e+00,1.949286583894969116e+00,5.413434965250857545e+00
-9.056576517289389727e-01,-2.898806634820915384e+00,1.952389383764132180e+00,5.315817431478547128e+00
-9.143643316848890645e-01,-4.322031734781220935e-01,1.957351236063217037e+00,5.142026261858542391e+00
-9.205259069411335648e-01,-3.802692443506636155e-01,1.961290783642479996e+00,5.386916408644021104e+00
-8.347713813320351006e-01,-2.477498163038835521e+00,1.952404006799974168e+00,5.479786629455134950e+00
-9.478212320264861601e-01,1.170961429261677234e+00,1.906947953744022151e+00,5.085108345671648600e+00
-8.994117151239175989e-01,1.021245435313005601e+00,1.928842354959848793e+00,5.321822037931677407e+00
-9.106945763532270366e-01,-8.438717634208098284e-01,2.003389491689745228e+00,5.318620592858938068e+00
-9.275461586828021021e-01,2.570541940040685258e+00,1.981485527234774446e+00,4.953632579150923476e+00
-9.375684196252798142e-01,1.046767657421195930e+00,1.973051186037742433e+00,5.164533174598720855e+00
-8.916657259329850982e-01,1.850931640336628714e+00,1.969510047918966222e+00,5.185450355497446928e+00
-9.238866908273318801e-01,-1.883136370239578472e+00,1.967358021027909354e+00,5.162763808911158492e+00
-9.498535425136833688e-01,1.619954674325957855e+00,1.976436993049959234e+00,5.020368032089201904e+00
-9.222110986865647009e-01,1.468487448549588237e+00,1.907040551500848835e+00,5.322198829154544342e+00
-9.247779786631225019e-01,-8.628185408706181558e-01,1.992341936967787275e+00,5.136326483765774498e+00
-9.117646212849254139e-01,-7.344361147367490794e-01,1.941342828791753350e+00,5.156896941280944446e+00
-8.809395667863606505e-01,2.769385885362785071e-02,1.962483037907618799e+00,5.239586125304889208e+00
-9.116320174834708912e-01,-6.360464073930367501e-01,1.946344605743605571e+00,5.230882414903327948e+00
-8.669729632608165204e-01,2.708029844019180121e+00,1.917482524020994727e+00,5.402923966528677013e+00
-8.942623896960169017e-01,1.221393748973911064e+00,1.897392309607164096e+00,5.290454449259829772e+00
-8.681336733494888769e-01,5.350916379186378968e-01,1.937384790704684612e+00,5.516412835600034370e+00
-8.433516176881712401e-01,2.827041582649292284e-03,1.913650530681115125e+00,5.345595849930672827e+00
-9.298079179186280463e-01,6.898722318586880675e-02,1.975284894217230969e+00,4.919099621421577417e+00
-9.258158233604705245e-01,-6.718891015629033792e-01,1.961062006365983379e+00,5.239671564799244230e+00
-8.477713860139431956e-01,-1.834177253075711667e+00,1.922589538090609063e+00,5.508654331275455895e+00
-8.477713860139431956e-01,-1.834177253075711667e+00,1.922589538090609063e+00,5.508654331275455895e+00
-8.677659294924616740e-01,-3.628888002295909132e-01,1.989765582438758784e+00,5.296587013542037425e+00
-8.780322737501653485e-01,-3.575874200191614394e-01,1.978614395083262645e+00,5.303128238451757959e+00
-8.415658439344874120e-01,4.017034987291963066e-01,2.020384045094467229e+00,5.298999641630007140e+00
-8.933249753780233560e-01,-4.660223594474098285e-01,2.053517369538739423e+00,5.214576897935909727e+00
-8.486543492191509497e-01,-4.132648157860846716e+00,2.030565572654597695e+00,5.437596677654923383e+00
-8.586224337167911447e-01,-3.418469588252391222e+00,2.017392603154501529e+00,5.520687377240790283e+00
-8.468574352720864562e-01,-5.490433652484782101e+00,1.977319981499382262e+00,5.232778616812614025e+00
-8.513109394689163389e-01,-6.286442093646305906e+00,1.974226182787308881e+00,5.324603996151898500e+00
-9.682262226012231521e-01,-2.835402708863407728e+00,1.969642992439091911e+00,4.949784595105017004e+00
-8.494205986359367744e-01,1.989576226656492475e+00,2.022775456092154478e+00,5.364806024111566707e+00
-8.312018203456394971e-01,7.760028449567690778e-01,1.989599544385236563e+00,5.471934022469032932e+00
-8.690128045677404378e-01,-1.303403484135623902e+00,1.921966774135926537e+00,5.465297030571605319e+00
-8.676220112138931517e-01,1.211387723977531694e+00,1.961383163548446884e+00,5.377187275520449283e+00
-8.683472567765698757e-01,3.758603614844572838e-01,1.944816553335447562e+00,5.360640806714141782e+00
-9.682898800532518946e-01,3.432313717180379697e-01,1.987687436812137554e+00,4.892382794605467211e+00
-9.129962538515240533e-01,1.258074186325173649e+00,1.927369854171311792e+00,5.073841873541638847e+00
-9.066845416751299069e-01,1.294901379278632580e+00,1.937847901586463362e+00,5.170735825061537838e+00
-9.035184512295796333e-01,-9.747124372601889686e-01,1.982406641322980168e+00,5.296673758505896501e+00
-8.693330693590713976e-01,5.400063006480776417e-01,1.933916057745299844e+00,5.218827284642784115e+00
-9.526918773661322559e-01,-7.172207067915779000e-01,1.999754701486825770e+00,4.808690479793416905e+00
-9.694819000003976894e-01,1.055039464647158365e+00,1.955396012806103867e+00,5.169357271712391011e+00
-9.366363059507434308e-01,4.973116033075374309e-01,1.944037595751095138e+00,5.028229451863101218e+00
-9.016483608261609550e-01,4.121516641328022978e-01,1.905131717808378866e+00,5.240264871721873163e+00
-8.836944306982948971e-01,-2.720296954381720589e+00,1.997692056508484582e+00,5.097368211280952188e+00
-8.836944306982948971e-01,-2.720296954381720589e+00,1.997692056508484582e+00,5.097368211280952188e+00
-8.914039212475374230e-01,-1.766593525399007270e+00,1.994981515083746881e+00,5.133799151497459690e+00
-8.479496717800746319e-01,1.642045703837690773e+00,2.001364449683886715e+00,5.349307500922745540e+00
-9.105622826619054200e-01,-1.768577869318607831e+00,1.928756416074973279e+00,5.338664793117498419e+00
-8.901907473340329169e-01,-4.607407924771905749e-01,1.967551056217294869e+00,5.167527670953441898e+00
-8.802535814360795685e-01,2.262135800452182544e+00,1.974741066536711331e+00,5.488750838651001551e+00
-8.869931455974671142e-01,-2.508360372897073365e+00,1.990820614762771834e+00,5.273954692161052726e+00
-9.544459888948606530e-01,1.941242265246089893e+00,1.982897575795984801e+00,4.952825374053901442e+00
-9.257836161029934230e-01,-2.913163926446523444e+00,1.971477866022108616e+00,5.091727795902104781e+00
-8.740264704137964413e-01,-3.008465319778228508e-01,1.933547853810583028e+00,5.439740499584559075e+00
-8.738533332805027420e-01,-2.814810962832249297e-01,1.941659672996746133e+00,5.468094877967898171e+00
-9.036699799303866687e-01,4.179209314204199166e-01,1.910685601027533043e+00,5.201140335943483350e+00
-8.996460066435564285e-01,-6.603287190373108295e-02,1.911307217296354111e+00,5.243052844741387553e+00
-8.615059181371571562e-01,1.482418948554412808e+00,1.936590000591051908e+00,5.305342565048503545e+00
-9.382560427398458636e-01,2.077433230960890942e+00,1.923158347201638030e+00,5.416800425006878861e+00
-8.866196756735775786e-01,2.919008363407391560e-01,1.906529909995795524e+00,5.374075006177518432e+00
-8.735081834173995530e-01,2.310518648896642824e-01,1.925285213071664447e+00,5.382623971623605286e+00
-8.502397341280089060e-01,1.977620573734885534e+00,1.932697399564736962e+00,5.624203028312139807e+00
-8.434210811556076548e-01,-6.344152073771689437e-01,1.923137406735345056e+00,5.403227768073189274e+00
-8.190501298626338134e-01,-1.297907742547038668e+00,1.916427197606103139e+00,5.667607373620147548e+00
-8.060259075468177992e-01,-6.687687578830416868e-01,1.890532072319052626e+00,5.499298208430736246e+00
-8.888338695671503809e-01,1.560369332953141508e-01,1.916124335139441470e+00,5.525544996804389264e+00
-9.243968849356531958e-01,-2.345164655836892376e+00,1.970359470410644187e+00,5.296688372722003102e+00
-8.932055165789302142e-01,9.866556256264249480e-01,1.928970509014649837e+00,5.503986646303089536e+00
-8.505168942252376851e-01,-3.746199882123013580e-02,1.992546355197789776e+00,5.348387179387433576e+00
-1.012442668758744002e+00,-2.655959503078749950e+00,1.921788531016531687e+00,4.839944138994391132e+00
-1.031322510687063820e+00,-5.423972530169396400e-02,1.926181312915459465e+00,4.870952786198261997e+00
-9.848867264121800025e-01,1.876805411377822974e+00,1.925726611994232229e+00,4.884396956926168265e+00
-9.831644916374350229e-01,9.586466656658761964e-01,1.930254735217314277e+00,4.945869038399726136e+00
-9.690834987886119967e-01,-8.941438135709175450e-01,1.963929948034374595e+00,5.065546432294877555e+00
-8.269446012441455940e-01,1.638464324364106828e+00,1.964843941756267309e+00,5.505381379860173396e+00
-9.828619950110152326e-01,4.413296292006806953e-01,2.020128221380347977e+00,4.899040411311439414e+00
-8.510593197883963290e-01,3.392159724558996281e-01,1.975670986585024602e+00,5.279121140724233996e+00
-9.384075378206009344e-01,-2.333943026240808738e+00,1.986910803139421366e+00,4.917217693501577891e+00
-9.322858101019635413e-01,1.705239337645344522e-01,1.947183161123128059e+00,5.119982522834209959e+00
-8.848118124468709045e-01,2.170997577769360642e+00,2.017877272984806680e+00,5.286161700735963365e+00
-8.572700393637557870e-01,2.053548683203584524e+00,2.004365971602608099e+00,5.168284853265104672e+00
-8.880592092133519078e-01,1.745770333913631234e+00,1.988256018115071910e+00,5.263027186173320437e+00
-9.771059477832284568e-01,-1.605668596738352605e+00,1.944220308998303670e+00,5.012559109761244081e+00
-8.751913534840366493e-01,1.597784375171650506e+00,1.956573134736775632e+00,5.383898018431259480e+00
-7.577401712756259844e-01,6.373652304314970651e-01,1.948463630869453400e+00,5.669183960966814873e+00
-8.662180046268664890e-01,1.927432686468361300e+00,1.966583844986901308e+00,5.531070927410506322e+00
-9.543991417675862232e-01,-2.043875424529759677e+00,1.948743161396572665e+00,4.986002007603009822e+00
-8.218814305503050477e-01,2.223812671568695443e+00,2.034817420674956523e+00,5.392236564228125140e+00
-8.394952133971842478e-01,1.133082273751233604e+00,2.033304856345942824e+00,5.509458893542714009e+00
-7.995563883482184053e-01,8.671369609518480015e-01,2.034887074762520953e+00,5.497941591378715742e+00
-8.697867218447378201e-01,1.403222900931185402e+00,2.029431767242722451e+00,5.576863191844621426e+00
-1.021654304440528627e+00,-2.605941318721719746e+00,1.983501390988098745e+00,4.976869683543119649e+00
-1.016391987884786019e+00,-2.362755769602184142e+00,1.985099231390394792e+00,4.805646042074839919e+00
-1.027654391701096070e+00,-2.254735462378909538e+00,1.984140854946523369e+00,4.824307321820774597e+00
-1.013606294310769096e+00,-9.702077557169552779e-01,1.978842097938567246e+00,4.799915811726054748e+00
-9.623991918427354797e-01,2.996893937587180590e-01,1.952778063801625441e+00,5.077718846848835454e+00
-9.775548662840197744e-01,-2.597006532830608450e+00,1.965578434153907539e+00,4.836281920924457189e+00
-8.479182528195879920e-01,-3.502495715669953658e+00,1.983263847563615512e+00,5.380804003605666352e+00
-8.948104497698199378e-01,-6.330248903534159144e-01,1.905032153017915952e+00,5.342052814982456432e+00
-8.580298710048807065e-01,-6.960669549431035552e-01,2.016994761993992746e+00,5.567450824832008927e+00
-9.544353337928084269e-01,-2.050654424133995235e+00,1.927605713919998909e+00,5.285535674490247082e+00
-9.169686955210420987e-01,-1.979099878847527361e+00,1.971209022582542936e+00,5.137026481259331590e+00
-9.235166868294292231e-01,-4.315537402284920221e-01,1.964128951150151181e+00,5.155690087883044725e+00
-8.979271413528808754e-01,-1.122976153493202345e+00,1.929394478112758771e+00,5.337328746014240011e+00
-9.438176325686877810e-01,1.685133524945459538e+00,1.943534723061173031e+00,4.880180384239984903e+00
-1.010489293861738691e+00,1.197769951991436432e+00,1.949025413638925341e+00,5.042156386177724769e+00
-8.513623390854184736e-01,-1.549169192345245527e+00,1.995186511632622395e+00,5.342878933676349362e+00
-8.628566572653146860e-01,-4.367621698345316439e-01,1.986702313241007989e+00,5.340722994234810450e+00
-7.735362439390526257e-01,-8.446945593777996919e-01,1.913335907544254644e+00,5.900981129961675009e+00
-8.829069367568205262e-01,1.128673468025898519e+00,2.021367873134480408e+00,5.205892167503510137e+00
-1.003279617207911034e+00,5.184003362550855254e-01,1.976974745872206896e+00,4.863475179549868521e+00
-9.615649714571068429e-01,-1.300994692050057244e+00,1.961282717322113456e+00,5.054788823926380736e+00
-9.680945159729342775e-01,1.566006598252633886e-01,1.945012331088013413e+00,4.988271261379505717e+00
-9.564617794061239797e-01,-1.586701930300293384e+00,1.945248548761259855e+00,4.971827955816323197e+00
-9.143155843449939368e-01,9.187849591985459696e-01,1.923476984682412239e+00,5.127316562214765838e+00
-8.784614242410244689e-01,4.315367651402487459e-01,1.928942086375530884e+00,5.249496429483599513e+00
-8.724193984388580736e-01,3.634664709377474767e-01,1.951680271781422338e+00,5.349521534179999094e+00
-8.998149870562172081e-01,-2.496653760530245791e-01,1.989363421407817523e+00,5.258591525501268293e+00
-9.938296217709421398e-01,1.582549862254799766e+00,1.886127120551715386e+00,4.709307717695282669e+00
-8.158473178446549179e-01,1.103130850899686211e-01,2.010376970394668561e+00,5.560612154448453914e+00
-8.047190898659900560e-01,-1.802657068703526377e+00,2.003187336106500904e+00,5.508407026770031578e+00
-9.008407893597035754e-01,1.543970261929688448e+00,1.941772567462998644e+00,5.413364532149777197e+00
-9.959981876378596333e-01,-2.035496564853313206e+00,2.024676352671699320e+00,4.692361742585815065e+00
-9.913058558837681833e-01,8.626621706953023772e-01,2.016656218081903429e+00,4.933483315877503550e+00
-9.939406905290705252e-01,1.890281630675501923e+00,2.002447143627421156e+00,4.835357102801333795e+00
-9.897899484261278857e-01,7.281989945816528254e-01,2.012972044480297651e+00,4.938371671184467182e+00
-1.024258274755709186e+00,-9.924042972664409712e-02,1.995538950258405997e+00,5.061314663823957893e+00
-9.844060014452716834e-01,4.064096550598910729e-01,1.989052644551055238e+00,4.987691731378198767e+00
-9.280363425973762181e-01,-1.016723608887827979e+00,1.929364313962291799e+00,5.155133663537510458e+00
-8.977581245659959075e-01,1.585058229450710510e+00,2.019430530389570322e+00,5.383932854368709719e+00
-8.836639595061995811e-01,1.696265508627130991e+00,2.033383549509873323e+00,5.192880694431917910e+00
-9.958580587720748944e-01,2.713555835321074250e-01,1.968813816449457965e+00,4.833288068038785745e+00
-8.395501922399105643e-01,-9.562947824144828468e-01,2.006414292872870320e+00,5.290509322373220691e+00
-9.544064572346409037e-01,8.305340635116449377e-01,1.966555036858176786e+00,5.011302297640945369e+00
-8.606568200902802168e-01,1.048559752827237013e+00,1.964643011966075159e+00,5.558966223438254417e+00
-9.137162457270102678e-01,-2.863713737070538445e-01,1.983664291893116216e+00,5.263364591145196947e+00
-8.052848654581827859e-01,-3.105803093425431038e-01,1.960719368854166866e+00,5.579187798571765278e+00
-8.518637229772595409e-01,1.219370076584336049e+00,1.983936962119330571e+00,5.337040534329496211e+00
-8.236413337048575922e-01,-1.328949117275823655e+00,1.899956398609975450e+00,5.649405858235406086e+00
-9.919305732434570144e-01,-7.583461391321116851e-01,1.999435620576934580e+00,4.750100163375044815e+00
-8.464495702728476179e-01,1.093788862790775473e+00,1.955437432401537778e+00,5.582102003010637858e+00
-9.705037724397548304e-01,-1.553975162693271850e+00,1.891296538333211874e+00,5.015488619395841674e+00
-8.347803752444927783e-01,-1.800138286754952244e+00,1.993883503546766356e+00,5.324574654935305240e+00
-1.017429631436893356e+00,7.271339429198062643e-01,1.964801837353493452e+00,5.064697693679170776e+00
-9.060728011234453483e-01,-4.726609165406646107e-01,1.949758786903672325e+00,4.948979565558375704e+00
-9.346800120154082903e-01,-8.435097532800914788e-01,1.949277661863358047e+00,5.123470972671796630e+00
-8.621241822901370977e-01,1.462834933625842826e+00,1.916682147410591952e+00,5.578711279271654888e+00
-8.635501419991521432e-01,2.200460894687735980e+00,1.998432458673852885e+00,5.363596739795697843e+00
-8.572305849556025592e-01,2.061279587184061679e-01,1.966238910252656069e+00,5.399577749364349977e+00
-9.565364627888168769e-01,1.084315233403171791e-01,1.975504354866890466e+00,4.946019832115128523e+00
-9.125166003432775286e-01,1.821088974349342582e+00,1.960742129970205472e+00,5.347347298302316254e+00
-9.238398601206881944e-01,-1.782863752589773032e+00,1.997769020168319365e+00,4.974652931925104937e+00
-8.965522225871626061e-01,-5.782391279408336526e-01,1.999934978668860941e+00,5.063724225228339648e+00
-9.311030216764450973e-01,-4.609548429972178951e-01,2.003940194760191584e+00,5.275792426862937035e+00
-9.794071915888997726e-01,1.574166044590478375e+00,1.999626934059279826e+00,5.075149420348404661e+00
-9.280838978753626067e-01,-1.242880386306828289e+00,1.946509456377218950e+00,5.282340021429893895e+00
-8.655784230897372034e-01,2.015900835734508956e+00,1.905910506316323527e+00,5.402157008996587351e+00
-9.914221872515904810e-01,1.018334346288379821e-01,1.928880322862994712e+00,5.056936730234594890e+00
-9.608121309694830359e-01,1.365879108767616756e+00,1.938615617449096273e+00,4.898219199427773951e+00
-9.731032639623694580e-01,-1.225962857160339148e+00,1.906401319513788994e+00,5.017880707345686808e+00
-9.469773203069283829e-01,-5.516300743174001875e-01,1.937126537202249477e+00,5.038136395330463202e+00
-9.431251344793256663e-01,-1.599849052461324583e-02,1.987609050956152146e+00,5.148140935396177120e+00
-9.196040548270636439e-01,-2.885412590105468356e-01,1.953803875608757012e+00,5.242401181694432921e+00
-9.054203195585377451e-01,-7.311372726562825886e-01,1.937677618782538191e+00,5.141772674067273563e+00
-9.452314620239221643e-01,1.459933529321332801e-01,1.975924469474938494e+00,5.186817585345304238e+00
-9.954393829780434633e-01,-5.529999800075446892e-01,2.003658683911853089e+00,4.831122045454845804e+00
-8.253688158090319860e-01,-6.217793781805596165e-01,1.939628026995835919e+00,5.615285912738704255e+00
-8.219370407089682251e-01,2.498899453572913210e+00,1.955438848871544399e+00,5.529814642562815408e+00
-8.989785666656333607e-01,1.127010443292624453e+00,1.985854699505211762e+00,5.362600895050707805e+00
-1.015853598334361729e+00,9.070523768169291845e-02,1.970329916332752784e+00,4.971374390055581571e+00
-9.920502013740220004e-01,-1.377661832172520029e+00,1.954611072094287083e+00,4.739130313077836831e+00
-9.217787435096991278e-01,1.379841804969725416e+00,2.013889947309873030e+00,5.278397177860108869e+00
-9.205179645504396602e-01,3.664773970224448618e-01,2.018333620522208882e+00,5.318904079995284917e+00
-8.281053727977877310e-01,-1.984532098136120304e-01,1.996376276737211075e+00,5.197584411372472069e+00
-8.554975037810172989e-01,-2.524410913105987753e-01,1.999603027841763359e+00,5.268111748300821517e+00
-9.422776116615597664e-01,1.959788719408333879e+00,1.955818248093901035e+00,5.209487368583808120e+00
-8.765855154773333213e-01,-7.628186458621715182e-01,1.967947453301618577e+00,5.169950946558583560e+00
-9.560319228129293689e-01,-7.344365796950924619e-01,1.966630556452541700e+00,5.076768023721388801e+00
-9.206378836670080501e-01,1.687869322427417051e+00,1.999562867936917288e+00,5.146076257518613417e+00
-9.153957282061199185e-01,1.327555476076485608e+00,1.980078078039496425e+00,5.144457894326394332e+00
-9.119793084054512722e-01,-1.896190749606943005e-01,1.946322457461092004e+00,5.129385103933926437e+00
-9.140171222709583265e-01,-2.258400957669790543e+00,1.957612378947467757e+00,5.169345218127164188e+00
-9.473127770761852195e-01,4.140588715036577216e-01,1.969911622203754709e+00,4.978665899934105354e+00
-9.786970705763529121e-01,-1.138320191180698659e-02,2.001538206854835966e+00,4.949655546905090020e+00
-9.037953671299467917e-01,7.332979599670584880e-01,1.938475268297498166e+00,5.205096848414973998e+00
-8.390746113549243379e-01,2.933598097500657031e-01,1.986229650723054130e+00,5.551338364881206466e+00
-9.250862026477433275e-01,-5.107037538248979658e-01,1.972948634161266090e+00,5.198322726531905857e+00
-9.250862026477433275e-01,-5.107037538248979658e-01,1.972948634161266090e+00,5.198322726531905857e+00
-8.680072031696409729e-01,1.548961369446048009e+00,1.923667488678325155e+00,5.438815944286024440e+00
-9.686179319656774700e-01,2.194883631942313174e-01,1.897442824915711590e+00,5.083484559404433334e+00
-9.027888587752188609e-01,-1.695845006133764876e+00,1.943906735573026401e+00,5.276872613071902585e+00
-9.187945889214312878e-01,-2.106152590146806780e+00,1.920080887560680072e+00,5.225030365907521457e+00
-7.975710997700771188e-01,-8.982468310289757341e-01,1.974896622998575824e+00,5.601884525075257137e+00
-8.274007315401582519e-01,1.078678241067002386e+00,1.947319872213875369e+00,5.549658274620068887e+00
-7.985094954250173682e-01,1.852082982626630736e+00,1.953973526846193298e+00,5.434491938638515762e+00
-8.471018255181609335e-01,1.271926149624337699e+00,1.961252349697597097e+00,5.698180625759930784e+00
-8.059557912563459769e-01,1.262435602298224602e+00,1.978812332352007264e+00,5.501615531676420368e+00
-8.059557912563459769e-01,1.262435602298224602e+00,1.978812332352007264e+00,5.501615531676420368e+00
-8.544507481222687328e-01,-1.134873701052481199e+00,2.004528321090253140e+00,5.502290770260469976e+00
-9.542020510763751240e-01,1.639792085210959982e+00,1.990390209009126998e+00,5.325059401449111718e+00
-8.484784570660457437e-01,8.234474684559428548e-02,1.931312904971757893e+00,5.572647135752769820e+00
-8.399480972128593459e-01,-5.268313696832551546e-02,1.936100526639673802e+00,5.541835579628470398e+00
-8.323992814273351026e-01,-2.030907500836733881e+00,1.965272747847118584e+00,5.455694282200891365e+00
-8.653795835503225176e-01,-2.068813163118645271e+00,1.904544428913908849e+00,5.507811997541520732e+00
-8.646444117812810415e-01,-2.260297714386873658e+00,1.903523673614989864e+00,5.565160738220775727e+00
-8.588709462252650528e-01,2.269227496726146320e+00,1.940978057792314804e+00,5.488985414763299708e+00
-8.588709462252650528e-01,2.269227496726146320e+00,1.940978057792314804e+00,5.488985414763299708e+00
-9.216083443247932161e-01,2.154180401739245188e-01,1.939339203018494162e+00,5.249804138910564077e+00
-8.774739940057852960e-01,1.222301054846242518e+00,2.009793515789656926e+00,5.184732186741120685e+00
-1.057570152154205356e+00,-2.714888442060410689e+00,1.955612133330237645e+00,4.600449180485508549e+00
-1.023495192655972108e+00,-2.457465228240257371e+00,1.967861397510623167e+00,4.826044411811214907e+00
-1.029972644307505014e+00,-8.588503492443437803e-01,2.000528780054743994e+00,4.848000658819469955e+00
-8.555618634298610692e-01,1.272547877532376859e+00,1.979408631934293616e+00,5.523389928170548302e+00
-8.892007936886398012e-01,9.208006022668695500e-01,1.974147705975659139e+00,5.365007080973202669e+00
-8.515862635205487807e-01,1.119409454030086071e+00,1.996147815921884838e+00,5.160348528381107691e+00
-8.799641277758912805e-01,4.930823267974432378e-01,1.974515873301643243e+00,5.230006717806134020e+00
-8.385739205464266544e-01,-9.140357908420291277e-01,1.992237007137759308e+00,5.271480878589162700e+00
-8.644404408994026401e-01,-1.005849806854549389e+00,1.973275406767855511e+00,5.378575775002602199e+00
-1.016525942731244303e+00,-3.247664326355272912e-01,1.957356232288510300e+00,4.777482636099085411e+00
-8.315297816489370941e-01,-1.877137662242629901e+00,1.992097745237628281e+00,5.464977899636018321e+00
-9.111300479862409762e-01,-3.366273765596156320e+00,1.987573427506550860e+00,5.197756034505381706e+00
-8.687925807231691167e-01,-2.460148496479527935e+00,1.946286490087440146e+00,5.314282079995198416e+00
-8.672436768314755184e-01,-1.251450501631840906e+00,1.936521867343616643e+00,5.360698817589790721e+00
-9.203250206510206199e-01,-1.614185106650801949e+00,1.922474155520159211e+00,5.288771113233663002e+00
-9.419528163368129370e-01,2.355580907829198711e+00,1.898490763241840185e+00,5.237545629177218665e+00
-9.395065123303897314e-01,-1.187827659384852463e+00,1.912851189692166942e+00,5.143120331027499326e+00
-8.797767974084719222e-01,-1.742230757356455495e-01,1.923381168762085425e+00,5.318930416085119184e+00
-8.407854862226894488e-01,-1.474369165524450631e+00,2.020286794983920942e+00,5.377932916414835951e+00
-9.675877031331452383e-01,1.633970068679255983e+00,1.969790827094131114e+00,4.858378495349022330e+00
-9.896742157338690449e-01,8.686151539750701644e-01,1.945899924109190771e+00,5.030006739300796781e+00
-8.158214360317179725e-01,-1.856190590893333603e+00,1.976133524849180478e+00,5.507301263783395129e+00
-9.238121076680553267e-01,-7.537759126947174426e-02,1.950050813329674781e+00,5.156196522913356617e+00
-9.080672583059410385e-01,3.163163448240142728e-01,1.979867847822381677e+00,5.317632257304344634e+00
-9.912281538051164187e-01,-4.159412570368673512e-01,1.971760434353326152e+00,4.838260199283648255e+00
-7.891494164254175825e-01,8.731343102237314469e-01,1.989682620040336802e+00,5.591613511862948194e+00
-9.956690050791976443e-01,-1.109269163481964471e+00,1.949333265809063187e+00,4.940438440309868895e+00
-9.925243663305073349e-01,4.787081775616920387e-01,2.000912000337809360e+00,4.864988321899345713e+00
-9.743711622488067103e-01,-2.853828214976272371e+00,1.970039092784510837e+00,4.974142967549746608e+00
-8.303701805321185292e-01,1.642680923050126918e+00,1.972785883920102235e+00,5.523325335824150528e+00
-8.849074240639912547e-01,6.645117553771369145e-01,1.967347014203463029e+00,5.357554218929474033e+00
-8.927474708518274849e-01,1.221771023793973843e+00,1.957620806736882990e+00,5.270752444459202657e+00
-9.141588795402938450e-01,6.948999421882029459e-01,1.897457871057899315e+00,5.297710440497116480e+00
-9.241427363946147500e-01,1.711983494118781479e+00,1.907114267888677883e+00,5.300878826802397192e+00
-9.805301904603950236e-01,-2.393917762703428931e+00,1.956926312100274679e+00,4.954898870074379680e+00
-9.274915344473089185e-01,-1.931309415106620131e+00,2.028500032531156627e+00,5.067110997420033236e+00
-9.317349699766982463e-01,2.083096102065966626e+00,1.948816962216075588e+00,5.200930195217152274e+00
-9.836049564397580935e-01,-3.539007946250755099e-01,1.918411971315319819e+00,4.914432282580877498e+00
-1.127008565757890324e+00,9.568107618374230849e-01,1.904432966648080816e+00,4.421484329291449633e+00
-9.553425751189167370e-01,1.326982460753244553e+00,1.973819629580422674e+00,4.993233296973806468e+00
-1.026352848902948089e+00,-1.720384993791995054e+00,1.926434704300754364e+00,4.959615974534595573e+00
-9.536298637874273121e-01,-1.126617394575062825e+00,1.985294920610085390e+00,4.993523716964157089e+00
-9.536141118541519024e-01,-1.701701922763571462e+00,1.986239903188301126e+00,5.074258981148942915e+00
-8.860415958828918859e-01,-4.405395225762435696e-01,1.985949564140739199e+00,5.328880442887026447e+00
-8.910144977746656814e-01,5.702892710117977160e-01,1.972632597509512919e+00,5.268829730933730637e+00
-9.382453871430811443e-01,-1.599721203903389788e-01,1.926775911715851164e+00,5.298073442585119253e+00
-9.385373751699356282e-01,1.134787775304563207e+00,1.977346996638115861e+00,4.911436022565668580e+00
-8.512517656426378254e-01,-5.280726910590500811e-01,2.006907194648654968e+00,5.435321807919113901e+00
-9.552458420889569091e-01,1.150803813013187016e+00,2.049297901914486353e+00,4.969879610557502936e+00
-9.625166450968145604e-01,6.792487984020665337e-01,1.945963162971158900e+00,4.987524718654763767e+00
-9.562776556958815233e-01,1.673098316670189822e+00,1.987622068774944628e+00,4.989577825604922801e+00
-1.056778753152850081e+00,5.785163427326489582e-02,1.917081848743690697e+00,4.681372582870643839e+00
-9.632269993177202672e-01,1.473615227009308581e+00,1.965292379961570246e+00,4.927009455888374134e+00
-9.632269993177202672e-01,1.473615227009308581e+00,1.965292379961570246e+00,4.927009455888374134e+00
-9.333040376271438676e-01,1.366952496140519724e+00,1.949728590498916336e+00,5.175072702224754906e+00
-9.366348980013923242e-01,-3.019597642507442004e+00,1.978639409013023265e+00,5.146065488558678958e+00
-9.544720427974396904e-01,-6.105621927713398289e-01,1.980133910339769043e+00,5.095457061134106347e+00
-9.823165648777238967e-01,-1.273654887220329268e+00,1.976142812574680496e+00,4.958103738045252840e+00
-9.577979369999141124e-01,2.711580391159538195e-01,1.970021867427294238e+00,5.048306767204301160e+00
-9.896422192352256619e-01,1.255275843407116954e+00,1.936364431134119934e+00,5.042466198529990784e+00
-9.862618845239783383e-01,-5.814548615801311549e-01,2.028592205315696173e+00,4.914427034373598069e+00
-1.040706084797025088e+00,-3.960082697999986467e-02,1.956771165159153725e+00,4.571205108172291531e+00
-9.568588995240838724e-01,2.483724838820667857e-01,2.026522429768962130e+00,5.024582018415723716e+00
-9.505125541797190269e-01,1.339390538288275145e+00,1.989540091831558888e+00,5.062775331452781025e+00
-9.219313928031920291e-01,1.039313869826804737e+00,2.012742612265631781e+00,5.086807651914859285e+00
-8.630111530372903683e-01,7.723586629911438628e-01,1.976382327132172101e+00,5.339318973038344573e+00
-8.375695789318878814e-01,-2.110929091011711556e+00,1.947992425125025351e+00,5.619327796051102553e+00
-8.606608548478282827e-01,-3.895946820954410139e+00,1.920341018412794254e+00,5.427166705691832682e+00
-9.074566417085212500e-01,-4.619830595260526751e-01,2.021539445363869092e+00,5.155582412886070109e+00
-9.488995554784176445e-01,-1.689426193765368733e+00,1.916766694693017081e+00,5.162942207876606737e+00
-9.605317150345957788e-01,-1.699018875872378542e+00,1.960125033821803697e+00,4.956412144266976405e+00
-8.207400272231308858e-01,2.300284301884168769e+00,1.936966930186561520e+00,5.471973717445784757e+00
-8.097134722006636975e-01,-1.936982381755667948e+00,1.973633734052773869e+00,5.555832015828240600e+00
-8.991286603127647270e-01,-1.296999900642160863e+00,1.944486540246437523e+00,5.159538702211953876e+00
-9.243393506780400726e-01,-2.510534393747986037e+00,1.926108426364960824e+00,5.202696263581465530e+00
-8.548154207653025916e-01,-2.672640963526227154e+00,1.975292295631114081e+00,5.414804980905135068e+00
-8.580366702076565044e-01,-7.811428518592289372e-02,1.991694477893930504e+00,5.393110406265380519e+00
-9.015232171297171693e-01,4.347101321540777219e-01,1.983488724614160814e+00,5.202442234453073411e+00
-9.300995435440335690e-01,-4.171394828366333796e-01,1.979531640105011814e+00,5.176643143071403053e+00
-7.647802842460945660e-01,-8.112415936515482429e-02,1.948154431152015587e+00,5.821226584601583376e+00
-7.535341990797778111e-01,-8.685663030906770610e-02,1.972837399603002195e+00,5.881040796410133886e+00
-7.740992881445460938e-01,-1.263483846051402626e+00,1.971184609075798289e+00,5.717375215207774808e+00
-9.919815844788898440e-01,-5.795842395864947427e-03,2.016583689959803305e+00,4.777680546116793714e+00
-8.581877994403084298e-01,1.452175682879772167e-01,1.923976885343747334e+00,5.551884204842968629e+00
-9.876100958309338429e-01,2.901284917656726803e-01,2.042186258453829950e+00,4.790154227367482420e+00
-9.740274130029056288e-01,3.916232861792858233e-01,2.047565060659317648e+00,4.811638681069676515e+00
-9.412756620128747143e-01,3.778214236367702372e-01,2.025078779259847472e+00,5.071135165310373338e+00
-8.681002109644843090e-01,-6.363047063093182354e-01,1.906030637622775581e+00,5.360774710649645947e+00
-8.863564087878988973e-01,-2.562294930330057507e+00,1.973944286040608675e+00,5.336983401590924991e+00
-1.009197422612994499e+00,-3.459981547023371906e+00,1.931094432575268804e+00,4.928397992362100410e+00
-9.785999564643752535e-01,8.493089324160618681e-02,2.044352297221257331e+00,5.014300415114901988e+00
-8.901852374437414506e-01,2.500280128756994236e-01,1.989200553539023586e+00,5.465348760562756425e+00
-9.768840719074297629e-01,1.215419731715333240e+00,1.950955767139826769e+00,5.161886708219211251e+00
-1.038948193743806980e+00,-8.736069332681926092e-01,2.030758645678203855e+00,4.900552576359610057e+00
-9.743190284228919751e-01,2.024527267202024028e+00,1.897459399826691762e+00,5.129935817193672420e+00
-9.637218889150068746e-01,-1.013877512763447619e+00,1.997178703417615386e+00,4.946897163822894683e+00
-8.898737770555982252e-01,1.212117302259521967e+00,1.957125906054316689e+00,5.208421502234997114e+00
-8.370476275228267982e-01,1.814181174818027653e+00,1.955269497946214630e+00,5.508429811799454789e+00
-8.418032197254234905e-01,2.383271310091422457e+00,1.953791933759288613e+00,5.484842159903225323e+00
-8.693844665618309930e-01,2.056570295452138097e-01,1.970122706300842186e+00,5.490239493919309766e+00
-1.000344787267315905e+00,-7.469808618334448092e-01,1.964962241320363123e+00,5.012056808871649061e+00
-9.079507218040152594e-01,-2.370608912085351072e+00,1.992508602250059546e+00,5.173477776227692004e+00
-8.682973032854390816e-01,-3.727540460295329261e+00,1.962989979619273351e+00,5.344145406259629638e+00
-1.019024752664587696e+00,-2.038726940731728998e+00,1.990647500772503076e+00,4.875854651908846371e+00
-9.972121246283226492e-01,-1.236727266644480405e+00,2.053673740614241794e+00,4.797633189887842597e+00
-9.710024894941252649e-01,-5.766341994275840932e-01,2.075497224880438196e+00,4.867181685956776249e+00
-8.882393659809342257e-01,-1.915736243010863760e+00,1.906790632346149872e+00,5.289538423713564974e+00
-8.831842744761499997e-01,-2.331191281177896535e+00,1.925515996776296035e+00,5.179278374926424178e+00
-9.071197714605299112e-01,-2.780695683854720990e+00,2.007754180424086154e+00,5.355557481238764517e+00
-9.179939891567021615e-01,1.814651519731435458e+00,1.981808275377085815e+00,4.988663061086906048e+00
-9.060846737812319196e-01,-1.766947433089405717e+00,1.943734955639588868e+00,5.114820934690831322e+00
-8.979286298917414921e-01,-5.719860332765192013e-02,1.929128935971528902e+00,5.419928372937093286e+00
-9.365520922238071977e-01,1.417907688942108280e+00,1.968873136737010032e+00,5.246960469647025782e+00
-8.817037893789717584e-01,1.709448473072880503e+00,1.906173355064569419e+00,5.222320625869658173e+00
-9.074151422989977789e-01,6.398644330327237784e-01,1.977647513630460319e+00,5.320455327130707346e+00
-8.898992135735851461e-01,8.166129764333539542e-01,1.968143023416292214e+00,5.271068365647102461e+00
-8.611821302548945400e-01,2.224460595078677105e+00,1.966967855571501334e+00,5.193976770731825177e+00
-9.274399154404654455e-01,-2.119193827765879945e+00,1.991341032250169008e+00,5.098143232994910790e+00
-9.435988968409928512e-01,-1.164435619920602072e+00,1.965117265711602723e+00,5.088703757713711973e+00
-8.573812421205644352e-01,-2.132050808107254891e+00,1.992347324235048234e+00,5.400881187572550424e+00
-9.873716626541465535e-01,1.487547991468769037e+00,1.953434517956073480e+00,4.875016550018250960e+00
-9.346849483569308337e-01,1.494957190583360296e+00,1.975954143607232760e+00,5.124852038021438183e+00
-9.369390209359451660e-01,2.518244169871591609e+00,1.976504843907393560e+00,5.169809458424998283e+00
-9.387609447093060444e-01,-2.952762839464092348e+00,1.900891945990665022e+00,5.312866207428508680e+00
-8.884553291437974343e-01,2.019790239388711939e+00,2.044746515803184117e+00,5.318418581948431090e+00
-8.682121296342034666e-01,1.492846581671045669e+00,2.030100665174966679e+00,5.227171052232951531e+00
-8.268680427424871526e-01,1.748806122741507485e+00,2.041197597395785657e+00,5.519772237213315336e+00
-8.322721253444382850e-01,1.848954220910122626e+00,2.031644758290335417e+00,5.459986425725491976e+00
-8.306032042155980788e-01,1.567390053060578436e+00,2.032716550501851849e+00,5.448837603948636144e+00
-8.822814370354306046e-01,5.210561150216286297e-01,2.052369538600645971e+00,5.254563879525909975e+00
-8.782101948947625969e-01,1.263338832467277184e+00,2.005818116821700414e+00,5.389972052243424017e+00
-9.774668614765756880e-01,2.633219109156895721e-01,1.985710569158474437e+00,5.031468300831321017e+00
-9.807624402132966157e-01,-1.313961999723451068e+00,1.905247742266152677e+00,4.918781814968455457e+00
-8.928233124919043862e-01,-5.773480566491061561e-01,2.054613893959130078e+00,5.142633240465644739e+00
-8.041791007042486950e-01,9.645093534800638357e-01,2.001077811389727401e+00,5.598684535282951735e+00
-9.151992724278297242e-01,-1.248370428977167101e+00,1.913083891573204243e+00,5.232678285617946123e+00
-9.048313247870376497e-01,-7.055500889012391585e-01,1.981278589882749630e+00,5.242935340479301765e+00
-9.468030214504067343e-01,-1.616151882693030117e+00,1.949142916999206721e+00,5.075228436236667307e+00
-9.235519719921496673e-01,6.934569822076079859e-01,1.985498641594720892e+00,5.003928657345618092e+00
-9.341624480545066556e-01,8.795966991737486085e-03,2.006644639312141543e+00,5.217602427353310368e+00
-9.500654666663914671e-01,-2.124628872129913137e+00,1.982764977866305456e+00,5.120607199117952923e+00
-8.282667413563116199e-01,1.666917544028676312e+00,1.947985146125944533e+00,5.497448157633896493e+00
-9.143166871211915181e-01,1.108086426239338618e+00,1.903299753170473396e+00,5.240092125070090923e+00
-8.696137397535101954e-01,1.873437636461036560e+00,1.969098142204825708e+00,5.310934610550826385e+00
-8.377297722580416828e-01,-5.010100590936652498e-01,1.955036526504376093e+00,5.492551954897477273e+00
-8.573459647266234995e-01,-5.790207895089839463e-01,1.949067819070968266e+00,5.609250353200187611e+00
-9.871289212047933415e-01,1.350084280324339303e-01,1.993268189143708291e+00,4.841194596149147600e+00
-9.527734924832139685e-01,1.344454367645151471e-01,1.997317490860643696e+00,4.882181769604588162e+00
-8.582209222058755360e-01,-1.216271440599516307e+00,1.939983918975593413e+00,5.356439198935531998e+00
-9.071034061300978779e-01,9.557752470394965671e-01,1.965801319036487804e+00,5.209970563822632350e+00
-9.252247658189901580e-01,-1.906593576018488445e+00,1.865064629743533597e+00,5.191237611109239758e+00
-9.222774312218668946e-01,-1.880614053052689805e+00,1.844115815424691940e+00,5.066647111376585855e+00
-8.109182146282750692e-01,-1.473139710471091046e+00,2.026950059570714835e+00,5.248665927497033756e+00
-8.661286721040356573e-01,-9.473006874803042709e-01,2.042735663933200385e+00,5.702734920496786764e+00
-8.246828675550068599e-01,3.162738753225372568e-01,1.992431519940289553e+00,5.289934124008333960e+00
-9.096476203540019290e-01,2.056817237092820161e+00,1.996565239777897460e+00,5.359249958710786466e+00
-8.712382102114166749e-01,-9.757614754422365699e-01,1.956549491327194801e+00,5.113386221054071257e+00
-9.227382039654741241e-01,-1.432251129480609952e+00,1.976127215664288617e+00,5.253297458891333704e+00
-8.691317729305023665e-01,1.204513783356003565e+00,1.940309795222942002e+00,5.274357973874721495e+00
-9.174648309308839345e-01,1.601523829000803367e+00,2.001945470302766150e+00,5.378885616607978370e+00
-9.266412724660347822e-01,-2.549790854286047903e+00,2.004243275196206486e+00,5.047772675498061190e+00
-8.485988211445489870e-01,-2.943727450525949862e+00,1.970799062543285407e+00,5.390007620144271705e+00
-8.660540214479927057e-01,-2.328423235806132752e+00,1.976180965578086424e+00,5.405336228861108872e+00
-8.824564806569920039e-01,-3.640810102063068765e+00,2.011967418328562296e+00,5.239280733928905143e+00
-8.901108374356824227e-01,-2.576886618914553395e+00,1.935378000991097469e+00,5.331749347957281060e+00
-9.465008817801719987e-01,1.386564921018883290e+00,1.944736652113175257e+00,5.170411500419600515e+00
-9.169385833890839610e-01,-9.737838008387296185e-01,1.932224059421092655e+00,5.225550985258094805e+00
-9.583630489527841245e-01,-4.206651037204072185e-01,1.927556869443293186e+00,5.131230835591070516e+00
-8.683584606512898540e-01,-1.601283189892528602e+00,2.002477003051119198e+00,5.313510412252359316e+00
-9.428524350753664240e-01,-2.187573325955281422e+00,1.969845818626188905e+00,5.062348009881907807e+00
-9.429790359103256137e-01,1.316649394430850162e+00,2.005525166888550537e+00,4.998971372040523775e+00
-9.327716181546251706e-01,1.362872632622643687e-01,1.934766348141750747e+00,5.134647609676718183e+00
-9.145847238821646075e-01,-8.872224917957273194e-01,1.978300441618187966e+00,5.232395998569975504e+00
-9.289668784365564536e-01,9.159643553535440352e-02,2.018989664293541431e+00,4.994960700701363443e+00
-9.124421131775114491e-01,-4.670938266846264009e-01,1.978228335665982884e+00,5.280075169916933042e+00
-7.667343774355537267e-01,-2.344626406283255360e+00,1.969685553569745728e+00,5.737490519449343296e+00
-8.675759044649922203e-01,-2.983835445283533616e-02,1.910464451542547515e+00,5.354910750307727341e+00
-7.607720350893293348e-01,1.818605931676654297e+00,1.945853455227826156e+00,5.752924286677343346e+00
-8.541484319243277668e-01,1.425796404830617536e+00,1.942819220480771270e+00,5.610421372214654312e+00
-9.547576406681861361e-01,-1.712935697405683744e+00,2.008786696147517148e+00,5.100488935947786295e+00
-9.460557613429495527e-01,-1.417374028237341932e+00,1.999273764095800932e+00,5.185123946927700622e+00
-9.374453842716546914e-01,-1.421331908153498080e+00,1.995791642291255386e+00,5.111713959551355657e+00
-9.192534177734100753e-01,-3.234985123881748970e-01,1.925989837943669736e+00,5.140348966921484575e+00
-9.334494236891531793e-01,1.941782091579418168e-01,2.006310153265875584e+00,5.121502418947022406e+00
-9.015879742250875184e-01,-2.642536020119992113e-01,1.948556733187126522e+00,5.347945503941511802e+00
-9.166905857026993454e-01,-7.945518507451798662e-01,1.912441565170454938e+00,5.149424075483992169e+00
-9.263165467157196131e-01,-8.244799492504537586e-01,1.927780946101587789e+00,5.136505262438350705e+00
-8.651933415950876505e-01,1.803403603805557864e+00,1.920056636065375022e+00,5.337069148300388477e+00
-8.855580750342156859e-01,1.802784930282800069e+00,1.948834114894456793e+00,5.391613123542589925e+00
-9.531397799031191553e-01,6.073694730826694199e-01,1.944912870750304501e+00,4.922770030396554475e+00
-8.830802858725728122e-01,1.178550672025014290e+00,1.910369075383476556e+00,5.238615345889933828e+00
-8.745022279220611150e-01,1.367990947064791296e+00,1.936782358034292217e+00,5.187891288740213547e+00
-9.722309733482830119e-01,-7.166211917808030796e-01,1.943750548021704327e+00,5.121773920334494079e+00
-8.790493931993680343e-01,-1.187067006715608608e-01,1.946069186422687336e+00,5.321111108972435666e+00
-9.081636075829966348e-01,-5.620403301249488059e-01,1.969145310202959243e+00,5.441863261438198762e+00
-9.657732265386127501e-01,-7.932473208776746887e-02,1.939464810192893296e+00,5.056289155257284840e+00
-1.011880522199185561e+00,1.703311345252405351e+00,2.033126241326836503e+00,4.769894571987607357e+00
-1.015233750831918691e+00,3.147733802947653148e-01,1.999535048679155658e+00,4.827690591088037664e+00
-1.045169071727289234e+00,1.221804209350609155e-01,1.999732584812099256e+00,4.612907932805205391e+00
-9.111224530037215219e-01,1.133330394503786476e+00,1.893479837280827693e+00,5.154498413567113246e+00
-8.265454129739954192e-01,-1.613929376557303064e+00,1.980750432735306266e+00,5.518478172421504624e+00
-9.619756762076654422e-01,1.042249332056625954e+00,1.938455002320340625e+00,4.993504046955736797e+00
-9.750583937297323533e-01,2.332073863612174947e+00,1.935886042748398150e+00,5.058146606930482569e+00
-9.811617818249780409e-01,1.944917530165848563e+00,1.936173290176203876e+00,5.025180210426043459e+00
-9.675037423342446319e-01,2.615700469190540556e-01,2.011792031345456699e+00,4.830045099956500110e+00
-9.405620024956052871e-01,-1.640502411384249459e+00,1.863678718643921872e+00,5.153036616850588558e+00
-8.673394608633699931e-01,1.697729815761571004e+00,2.042673894285263358e+00,5.237125817733509159e+00
-8.986811472317222105e-01,-8.875571246931002189e-01,1.901699621232220361e+00,5.285858089948283656e+00
-9.506001899124645327e-01,1.732919975959367198e+00,1.914409016631931859e+00,5.217632484002544757e+00
-8.558608482250538163e-01,-1.794806933972268870e-01,2.011179527835291747e+00,5.358187135851092187e+00
-1.003852754907939016e+00,-5.985852172154573214e-01,2.028134459705670523e+00,5.014548648293997601e+00
-1.008444599425659005e+00,-6.375895774459413579e-01,2.024278490687798193e+00,4.740086415377035678e+00
-9.233676460608791770e-01,-7.148120393679744389e-01,2.033726438782001100e+00,5.222880214807450905e+00
-8.920379143883856443e-01,1.675933063023569147e-01,2.039382414656713660e+00,5.214211792438065096e+00
-9.035453078813189265e-01,-1.782120964770700144e+00,1.939671618241967543e+00,5.263194602951228873e+00
-9.038493275204069199e-01,3.060090912320014844e-01,1.896649194580391162e+00,5.301847476680652704e+00
-9.434291665194570742e-01,-9.612965606818579811e-01,2.031608659516764170e+00,5.132486150045949991e+00
-9.327646554273990587e-01,-9.879641291516872981e-01,2.032752376056624399e+00,5.087027129157419836e+00
-9.828901449443223637e-01,5.745828152827880952e-02,2.029972593955229776e+00,4.921034676642199734e+00
-9.644763273714510587e-01,-8.457051226264931110e-01,1.928401953332925745e+00,5.035345126327836596e+00
-9.867507736989122868e-01,-6.733884463000399112e-01,1.921253500039318940e+00,4.921852316227309565e+00
-1.024479881800662850e+00,-6.290023040477896732e-01,1.939613335337370570e+00,4.925835894553081573e+00
-9.287302449915473268e-01,1.504303857990346938e+00,2.016295836830451105e+00,5.162283328371472635e+00
-8.744463447189386729e-01,-8.013526542394056040e-01,1.971110428057416541e+00,5.427511559172233824e+00
-9.939064859546832276e-01,-7.738856910354682261e-01,1.972378230510514641e+00,4.947712532507594574e+00
-8.485397224666374472e-01,-3.661250539422152839e-01,1.991857275138182004e+00,5.301050314584045964e+00
-9.536782873047107145e-01,1.357741525666130489e+00,1.931957396804134142e+00,5.085830339751533202e+00
-7.826002720051332684e-01,-5.195276043495329343e-01,1.999078901466175839e+00,5.766891483150101472e+00
-1.006778333916738211e+00,7.955897671724945219e-01,1.923673022362018425e+00,4.814103244244514634e+00
-9.566948303868585413e-01,-5.874540445455485038e-01,2.009115114017483883e+00,4.896286667433488837e+00
-9.303904323161286127e-01,-8.693061666238621754e-03,2.029344328042528733e+00,4.873055017977374170e+00
-9.443406586012438320e-01,-2.566601080826999004e-01,1.943560326568804397e+00,5.061145065989872904e+00
-9.781951895176436151e-01,-8.884645688353249859e-01,1.959129011140692711e+00,5.116491876416558782e+00
-9.738225424424032939e-01,-9.326803940797554482e-01,1.936438269119938438e+00,5.081483183323392439e+00
-8.270721254212969331e-01,2.005063663192646839e+00,1.970193571997094883e+00,5.572863654331097649e+00
-1.023668842273418589e+00,-1.995315647791248370e+00,1.973661807247849120e+00,4.765770867543860589e+00
-1.066477466346584135e+00,-2.672015213344770768e+00,1.955806471570351146e+00,4.720078190198840673e+00
-1.000439796099765744e+00,-2.140858349143499595e+00,1.945410397754832710e+00,4.799262192049986275e+00
-9.952359238611315773e-01,-2.499402850639100393e+00,1.944334279037227109e+00,4.777248343163909006e+00
-8.698818361675747513e-01,-1.594226673246655901e+00,1.972909267639411546e+00,5.219376603473603105e+00
-9.337121858288871534e-01,-1.976944483845839873e+00,1.987387200250069430e+00,5.220810112698456074e+00
-9.402004394191122438e-01,2.008114381637770673e+00,1.946322602126261625e+00,5.007867265761915654e+00
-9.504145058380685240e-01,3.881661986744096016e-01,1.929195540998723368e+00,5.223184650290654929e+00
-9.488784064182236300e-01,2.678268381876093840e-01,2.023510891922654764e+00,4.885132144672200916e+00
-8.441038688938802270e-01,2.150621511344525671e-01,1.922433570639707323e+00,5.481489840213249920e+00
-9.323446151629589673e-01,-2.660813540412865663e+00,1.948254024256962369e+00,5.088710108733867088e+00
-9.394541323828260460e-01,-5.996661710698626413e-01,1.941073307831747918e+00,5.320890771915645523e+00
-9.120654232416722795e-01,1.545848352295831063e+00,1.939463146976494690e+00,5.076245691908088276e+00
-9.070629442414438470e-01,1.249233311451002582e+00,1.914503681817987912e+00,5.201236830629186514e+00
-9.867690138968315816e-01,-1.683666471569746248e+00,1.985650415607866703e+00,5.029819773874569577e+00
-9.505254208325799592e-01,-8.977687579385518202e-01,1.985316542714344434e+00,4.889545023173962335e+00
-8.023975859906229413e-01,1.031082609919254711e+00,1.956879765884799838e+00,5.481435320044724335e+00
-8.639827638292394418e-01,2.301878271546091148e-01,1.952782772584130244e+00,5.614912127922658591e+00
-9.524915726269341798e-01,1.733949682654162494e+00,2.006915771458076314e+00,4.820534228074095040e+00
-9.348234058173778838e-01,-1.954191402146673306e+00,2.015757487463817998e+00,5.057548161381671292e+00
-8.883415275451576054e-01,-1.440967915530004362e+00,1.924082495860119701e+00,5.297664188831578080e+00
-8.825836848990245009e-01,-1.304049906333561548e+00,1.910902985873158544e+00,5.463595789845064665e+00
-7.772778006681478891e-01,9.572674268649548068e-01,1.926970028706755267e+00,5.608159608664890605e+00
-8.001702611563250578e-01,8.550182891047732880e-01,1.934039160088740550e+00,5.716581432150152686e+00
-8.151291386195380628e-01,2.419064382393809609e-03,1.951424600440941015e+00,5.778175237599953995e+00
-7.956189596272194020e-01,-2.620331030733772382e-01,1.936777815670695624e+00,5.765845222443285678e+00
-7.969300844261398842e-01,1.076460977865844049e+00,1.935884823182600689e+00,5.760031092657616369e+00
-9.152220757520797001e-01,-3.766608775634486816e-01,1.980310086349928556e+00,5.200347922031348880e+00
-9.072790760820822475e-01,3.313012170301687931e-01,1.993185294130388918e+00,5.174274114421828941e+00
-9.251859327034260838e-01,2.659841985331972136e-01,2.034105674822504817e+00,5.077462543420275587e+00
-9.267195857084655763e-01,5.274425152231325686e-01,2.049178525921551142e+00,5.058506696153803439e+00
-8.704851292847580746e-01,-1.025919781852816293e+00,1.972669301780413553e+00,5.365253271726719397e+00
-9.130943381800206149e-01,5.238121088021209237e-01,1.937144961256481501e+00,5.223163960373709891e+00
-8.920219816881482799e-01,8.618464330749003866e-01,1.947126076518945315e+00,5.090533672703161372e+00
-9.069893437678707704e-01,2.662908589018484040e+00,1.942534987256736345e+00,5.349517268606624576e+00
-8.191199172236207637e-01,-3.397030251429289827e+00,1.988728235159936464e+00,5.760936860508720336e+00
-9.966426183296954733e-01,2.710786802610599011e+00,1.989688567031566491e+00,5.022577911558367525e+00
-9.656824597404625177e-01,-4.336558366827681255e+00,1.959444964763831010e+00,4.941627499398904888e+00
-9.608606017348917394e-01,-3.602779872043784692e+00,1.946620108403577465e+00,5.086094956865935934e+00
-8.746828764756475749e-01,-2.844850925499264882e-02,1.997959487815627710e+00,5.412588671746402902e+00
-8.880430135746680831e-01,-3.704126675363633714e-01,1.962026073819605365e+00,5.217671994781301059e+00
-8.863658983690736459e-01,-9.129680011523074734e-01,1.975031578405986421e+00,5.277946061789363874e+00
-9.033481987771108113e-01,9.943080836474985640e-01,1.990131188246305971e+00,5.079971239582448561e+00
-9.456513110156252733e-01,-1.284974957388688721e-01,1.947399832227366012e+00,5.216314937800220264e+00
-9.450706347421876652e-01,-2.065889829779586628e-01,1.964057946684629075e+00,4.937953966776219339e+00
-9.533586734889563097e-01,8.371469812718916603e-02,2.030241676284602281e+00,5.043388981271169413e+00
-8.481703989304988367e-01,-1.939070106097806612e+00,1.955934281407208930e+00,5.381838112279785591e+00
-9.364492370880650451e-01,1.403188540285484898e+00,1.954778751179598206e+00,5.018898200760304462e+00
-9.510000494700522333e-01,1.812562590238339322e+00,1.994973463989935691e+00,5.108815830044536987e+00
-8.971392666654806058e-01,-1.028440958616200218e+00,1.929759525616973725e+00,5.191434049194771916e+00
-9.014722560467053336e-01,-1.999365559092734834e+00,1.925953872962997693e+00,5.193296371568352221e+00
-9.413496120381555921e-01,-2.275518843450945017e+00,1.930343714357406704e+00,5.132531436167433014e+00
-8.265445722777923221e-01,1.399875849742607592e+00,2.002707176716048032e+00,5.396743323563296002e+00
-9.031587213411182979e-01,-6.273717974759225324e-01,1.925042895059174475e+00,5.283518247578268046e+00
-7.840854800258592050e-01,-1.310741038522114543e+00,1.991781879875298200e+00,5.719933693913117345e+00
-8.885893541275691199e-01,9.943162132649284723e-01,1.970839990534500430e+00,5.229914671141986382e+00
-1.043460090409017660e+00,3.584907439358921977e-01,1.914890547836118229e+00,4.871753103363049675e+00
-1.050123481903442624e+00,-5.696091629755796193e-01,1.933098456619322336e+00,4.878775383790625142e+00
-8.967510750502207806e-01,1.293168182918876141e+00,2.014479129753795839e+00,5.062254708525743219e+00
-9.336620014097919418e-01,-4.969112420356803783e-01,2.002249079551162492e+00,5.209353937624733533e+00
-9.445329400393400743e-01,-2.018873283265210095e+00,1.932560503802436269e+00,4.980919077557912189e+00
-9.764164066110305740e-01,-1.654784045119478852e+00,2.059748765650414093e+00,5.161369894596288255e+00
-8.302062074558074212e-01,1.330013908521751276e+00,1.981895948253270978e+00,5.429433011081580496e+00
-8.837369957449263680e-01,1.022934470177024213e+00,1.886506098888487859e+00,5.413324150531591883e+00
-8.610791548949138230e-01,7.337566568090103658e-01,1.955049799608832295e+00,5.398252457398134752e+00
-8.405030441491551096e-01,1.418648815716810896e+00,1.954834789212150037e+00,5.599185871334063869e+00
-9.209129098837302019e-01,-1.758179254417822523e+00,1.967632826081795239e+00,5.057313616030937986e+00
-9.326461894361860461e-01,-2.808100107856838612e+00,1.964599418574298539e+00,5.333953954612699278e+00
-9.223116213184140433e-01,-5.800736374876573898e-01,1.944531712297150383e+00,5.012008647184230448e+00
-9.426762110416112561e-01,-3.854927309161367832e-01,1.948328150782905333e+00,5.144981478537651753e+00
-9.612599236654321144e-01,-8.018684145861532109e-01,1.966779728500791080e+00,5.214422465479302993e+00
-9.255889862935666734e-01,3.521057094504953522e-01,1.961416524939320949e+00,5.038324583263229073e+00
-9.505111892356256087e-01,2.067184157540116751e-01,1.958318808597006244e+00,5.099263226296921303e+00
-9.036549755055125477e-01,-2.210897150980632442e-01,1.970546705995283698e+00,5.271221602027618580e+00
-8.850378430165763977e-01,-5.310246596355994164e-01,1.981358171037605365e+00,5.235874739250252041e+00
-9.423405854039665908e-01,-1.972482348679510444e+00,1.954868861654786683e+00,5.047792786832107303e+00
-9.113451595779238357e-01,8.678478230362829393e-03,1.995680030472387623e+00,5.119942947930402610e+00
-8.700361209863675116e-01,-2.275967253273655233e-01,1.957648463759060542e+00,5.338284405723321413e+00
-8.713435109584859450e-01,2.524599217795895356e-01,1.971257353833733905e+00,5.477861583782156707e+00
-7.965746020379486092e-01,6.632117210718436739e-01,1.984139668737865403e+00,5.602797408407648838e+00
-7.920684199434359085e-01,1.184861835000958097e+00,1.933206618279072586e+00,5.806698745159921238e+00
-1.073083109521457024e+00,-4.630695674954726226e-01,1.935376684868559405e+00,4.729324191250023901e+00
-9.418132788630648733e-01,-2.495949829428601330e+00,1.993320518392823093e+00,5.109303633936004729e+00
-8.229334098426762667e-01,1.193202854608742758e+00,1.934623887125953123e+00,5.437515832847365616e+00
-8.484576694651059237e-01,-2.748087647431758374e-01,1.930044806713790306e+00,5.468270273909764612e+00
-9.837283955296132198e-01,-7.232329383701079362e-01,2.032212747002602793e+00,4.878194416872042360e+00
-8.708373726177830454e-01,1.118597467371988285e+00,1.913675497439604412e+00,5.369416488998941972e+00
-9.553803073639970389e-01,7.763938593030695889e-01,1.894112959095294535e+00,5.056582646466220687e+00
-1.039123791166039368e+00,1.181140880937178173e+00,1.966170727907813109e+00,4.959256675285911520e+00
-8.410655766914930664e-01,-5.583308138850902047e-01,1.960698548816656839e+00,5.796004953123857995e+00
-8.364870447301864242e-01,2.422454161015430429e-02,1.957105737386489075e+00,5.390762393464480162e+00
-8.922820112990624830e-01,4.834340349524463704e-02,1.953773960708113266e+00,5.631952364582019754e+00
-8.932646576392703208e-01,-3.489666265140044521e-01,1.939444475837367232e+00,5.589897324421189140e+00
-8.885312455909314400e-01,-3.153798864479246955e-01,1.939577145134150582e+00,5.545974267073862762e+00
-8.453027176990755009e-01,-1.526741821480387673e-01,1.915911239583469428e+00,5.518946662668454906e+00
-8.371987879206241878e-01,-2.564658821190414217e-01,1.882995623779720518e+00,5.473438317805275233e+00
-8.371987879206241878e-01,-2.564658821190414217e-01,1.882995623779720518e+00,5.473438317805275233e+00
-9.041862421866388999e-01,1.268981790230794715e+00,1.881115777549958512e+00,5.514082499366561585e+00
-9.553915097702375681e-01,4.449783840798338108e-02,2.031483547456062855e+00,4.974790758409951330e+00
-8.819056773911969627e-01,-1.408215979478169011e-01,1.908673660158019203e+00,5.435545088711936756e+00
-9.457435834405938380e-01,-3.187846212630271570e+00,1.997116211783183770e+00,4.883420199577319210e+00
-9.727171449138566350e-01,-2.817085615753472716e+00,1.981673056166005864e+00,5.150463898821379338e+00
-9.585383116522179225e-01,-2.823393242733795550e+00,1.981096360668886502e+00,5.130552058514803448e+00
-8.962930506515128792e-01,4.933435641712535791e-01,1.891495668844223044e+00,5.414357586771688879e+00
-8.700485112616785921e-01,-1.278130291455406464e+00,1.914801018071357719e+00,5.322895219914812515e+00
-9.712660346055317362e-01,1.049167203410697358e+00,2.016839623231438061e+00,4.916436776272422371e+00
-9.932988861882252607e-01,8.345447706246744701e-01,2.029764134139281584e+00,4.985922957222391538e+00
-9.693333948667144373e-01,1.020816468395284726e+00,2.028496247052738788e+00,4.947175689413723099e+00
-9.426296019432338635e-01,-1.069327912128711366e+00,1.996918328518731744e+00,4.847627204887232644e+00
-8.651458347903524526e-01,-1.243994676455022930e+00,1.952579808082156143e+00,5.331437386348578222e+00
-9.261706040696052744e-01,-1.922900156006019046e+00,2.004899750216612819e+00,5.035122705917681962e+00
-8.155568550494889379e-01,2.001509063848921688e+00,1.912894322394580016e+00,5.745071822742139567e+00
-8.007296280399471833e-01,2.138018374455827875e+00,1.904109107009840818e+00,5.732739094643423350e+00
-8.030053296582339017e-01,1.777181622379017112e+00,1.931664588444304220e+00,5.578290197800528816e+00
-8.656242210256279712e-01,-1.137156166406994462e+00,1.997011873720495823e+00,5.457430351001754332e+00
-9.403566434432049093e-01,1.057657645662029022e+00,1.908420931062703385e+00,5.126159348745618516e+00
-8.879904709804555818e-01,1.396918524555720076e+00,1.955877942225569655e+00,5.168614988484507400e+00
-9.466004642770899924e-01,1.678308336256356892e+00,2.016045527435397222e+00,5.148275963603500927e+00
-9.296617594043958821e-01,2.343814389852741265e+00,2.012317930046920722e+00,5.148979569590526495e+00
-8.488296095601162161e-01,8.112791913416834699e-01,1.966561280767921360e+00,5.365152061598975841e+00
-9.813243300260184876e-01,-3.827178675131063912e+00,1.987788296447303482e+00,5.077154007880778863e+00
-9.909177201996215434e-01,-3.960588459968740871e+00,1.977474187135289885e+00,4.983143307580585990e+00
-9.614656736276159243e-01,-1.947110045276132295e+00,1.979869201598307704e+00,5.008051393699672005e+00
-8.775297863674844656e-01,-1.897987070540070320e-01,1.956400875059813638e+00,5.248124133869700003e+00
-9.366147328188959564e-01,-5.066065349851915922e-01,1.939698094459921140e+00,5.034391194297457517e+00
-9.060852117554274443e-01,-1.374272345024019626e-01,1.971302803841191498e+00,5.209009945254266860e+00
-9.293936537856953839e-01,-6.665154502932655323e-01,1.951763806720523187e+00,5.135866968908865182e+00
-8.390123870795272998e-01,1.245617354846689562e+00,1.967416531686614789e+00,5.373819891929587200e+00
-9.160709636684349899e-01,5.351208868718732026e-02,1.932040290986468456e+00,5.247626606245783698e+00
-8.995979456277028996e-01,-1.673129826143961996e-01,1.946306381921127260e+00,5.275456259522292690e+00
-9.310399027052033150e-01,9.725850904900801286e-02,1.962531645429718141e+00,5.241307930611618815e+00
-8.878798698522293309e-01,5.410741479815016630e-01,1.975465999495285008e+00,5.190669823438798680e+00
-7.866860982157087845e-01,2.156361224605343629e+00,1.932059510536238367e+00,5.605471037336498874e+00
-9.051419796297729414e-01,-1.161795087118024927e+00,1.954866583453804818e+00,5.143455760598340198e+00
-8.204195957673704465e-01,1.304386581059765460e+00,1.912192483121957221e+00,5.546015909700965807e+00
-9.789151976307317593e-01,2.465604449910167584e-01,2.038478070496539285e+00,4.902352526559599077e+00
-8.642466791502434464e-01,-3.517898090037610004e-01,1.885786129445063963e+00,5.548559030755662036e+00
-8.437909587175538295e-01,-5.404449765690946261e-01,1.941008856785456427e+00,5.505936157129312392e+00
-8.298280559122669375e-01,-6.802396787265019285e-03,1.935126801827887322e+00,5.374982337620195949e+00
-8.157606987848290414e-01,-6.749530807514811381e-02,1.946960284385574003e+00,5.401010436225402778e+00
-8.891362883871384293e-01,2.436273436499305056e+00,1.958757332685277186e+00,5.552791834067281052e+00
-8.330750818757217679e-01,6.511185301296608108e-01,1.932432853109203208e+00,5.482721783037077579e+00
-8.811803051606373893e-01,4.877133455073552892e-01,1.951911373617722267e+00,5.400474266087599062e+00
-8.811803051606373893e-01,4.877133455073552892e-01,1.951911373617722267e+00,5.400474266087599062e+00
-9.775848611998053661e-01,-9.083807026551969921e-01,1.973898083622968480e+00,5.017993535947844030e+00
-9.931637435690523485e-01,-1.828374086336999271e+00,1.970707260469658717e+00,5.074540030578833516e+00
-9.347118631719721904e-01,1.890176015432712742e+00,1.976368463859861535e+00,4.973090973428904604e+00
-9.974398100583565796e-01,-1.224607092674173670e+00,2.004699731761034442e+00,4.713740488687671260e+00
-9.518696529056644984e-01,1.685478017689066021e+00,1.994511445934367799e+00,5.219598591903657159e+00
-9.279532140551974839e-01,1.480203765067021893e+00,1.967534837153780414e+00,4.921557934971440673e+00
-8.162467559393180583e-01,-1.066272988867214444e+00,2.012632781863963327e+00,5.319603504964292462e+00
-9.400048974979702265e-01,-2.145918830339323957e-01,1.920169815698120397e+00,5.334900456313406814e+00
-8.804204467560192704e-01,-3.219465476891736899e-01,1.922525022619697488e+00,5.220021696283463797e+00
-9.595019114774536728e-01,1.081167691909519002e+00,2.065368884875427469e+00,4.865025019203446988e+00
-1.025409972499887301e+00,1.088872990813130492e+00,1.935152431622904734e+00,5.164809776779212491e+00
-9.641053314758410986e-01,1.405502311417798689e+00,1.927126622865353411e+00,4.941889317183425945e+00
-9.757109779543464700e-01,1.131443933533511803e+00,1.892223834267885207e+00,5.088506552049627985e+00
-9.857287079842833588e-01,-1.662326812908399010e-02,1.946071103613672859e+00,4.934097890519158369e+00
-9.162027023300004513e-01,-1.642926864528820197e+00,1.960968986023329030e+00,5.052636432085940044e+00
-8.682196874211456361e-01,1.193430964398903171e+00,1.994326172003484388e+00,5.209593255386109512e+00
-9.561040702626217858e-01,-8.992812260144065206e-01,1.905090259942162412e+00,4.990233768739966713e+00
-9.152022622279039066e-01,8.315543011419679331e-01,1.888440520303222625e+00,5.268957575571569407e+00
-9.164596169303296236e-01,5.898141510394108167e-01,1.905153396576454439e+00,5.307447667899583443e+00
-1.078690105450001324e+00,1.220658660365274262e+00,1.979172379761078959e+00,4.610829622402111916e+00
-1.001738323007862030e+00,-3.220846618084489688e-01,2.001288754597271069e+00,4.697120131787866804e+00
-9.477438970203428958e-01,-2.898438178176777846e+00,1.985182520342716694e+00,4.946712693043590292e+00
-8.925427713281135489e-01,2.099997619106384050e+00,1.943922415154177852e+00,5.413776553859767304e+00
-9.617999327685764488e-01,-4.229275580343468954e-01,1.965346237480112279e+00,4.982863982394883706e+00
-9.793901749462592399e-01,-4.656436568041005253e-01,1.970739242492936860e+00,5.088513270030532887e+00
-9.531429952663830196e-01,3.209760560207771674e-01,1.994420107033643585e+00,4.945684725023412831e+00
-1.000327357980725473e+00,-2.522014117247850518e-01,2.018951017919401014e+00,4.908928204466854517e+00
-8.216938600638143964e-01,9.551432699901090118e-01,1.917367708696362527e+00,5.515405549737555368e+00
-9.315184777046314757e-01,1.402173005101294612e+00,1.998759387929289533e+00,4.864001155629545714e+00
-9.598995758549182522e-01,1.036788655428630745e+00,2.002143327760451008e+00,5.103695818056166011e+00
-9.468489796311776452e-01,1.689314545647809807e+00,1.973587169186384216e+00,5.197663872500567273e+00
-9.221426476600784738e-01,1.230193503986212189e-01,2.045069437933453749e+00,5.141511868078404213e+00
-9.509585555772612775e-01,-5.679565003510521626e-01,1.976987470483260845e+00,5.104289181744073645e+00
-8.392277444764778549e-01,1.422395885837048901e+00,1.958500372827130853e+00,5.431085269666421134e+00
-9.006894873358397557e-01,6.980013685480248586e-01,1.952668050250487619e+00,5.209434522428036729e+00
-9.903581906023855019e-01,2.969084843668315377e-01,1.965019369376329372e+00,4.815542350189534027e+00
-9.533478681048492831e-01,5.295072071475195319e-01,2.073053273356172621e+00,5.056479160555223729e+00
-8.974432747460510118e-01,-7.289281729808645416e-01,1.947002280648061801e+00,5.191886369674673318e+00
-8.926759283543037604e-01,-1.760835574198844622e-01,1.956560242271184746e+00,5.270535871280897844e+00
-8.515345944852615867e-01,-1.274868047810904903e+00,1.942747296155468817e+00,5.317565164900877051e+00
-8.539968424620706378e-01,-2.015473026264281931e+00,1.936356511633949395e+00,5.472644381893156940e+00
-9.584590712507186083e-01,-1.121247279992988233e+00,1.954579007146133529e+00,4.984286037349571430e+00
-1.043541500092898477e+00,1.012489108939331750e+00,1.926936462111592085e+00,4.645404929120468651e+00
-1.007130340034238403e+00,2.607253831840238290e-01,2.006416135248359378e+00,4.838721719674770050e+00
-9.297969016853210311e-01,-1.848815685018939892e+00,1.983807110323473788e+00,5.057146847009669877e+00
-8.853334130843859562e-01,1.509221545946878962e+00,1.936259525176877494e+00,5.229865907266989744e+00
-9.366976783639098247e-01,1.326002239668376159e+00,1.942315416195738553e+00,5.018375389789005325e+00
-8.789083034173804654e-01,-7.741120445214971779e-01,1.973522247293072462e+00,5.313265827040686062e+00
-8.664869360981238833e-01,-1.449684024724680054e-01,1.958666855985746302e+00,5.400081854275183169e+00
-8.703776848331017391e-01,5.502662420290813650e-01,1.930095500243770967e+00,5.428736325076432223e+00
-9.332175086984002554e-01,1.011514755512987973e+00,1.971634806412828178e+00,5.202594746549850768e+00
-9.088405062564663961e-01,-7.008775236167859024e-01,2.046192478226177780e+00,5.229884643077734374e+00
-9.689959809640334987e-01,1.660211142222940417e+00,1.905736622599149888e+00,5.169241823169667072e+00
-9.691888867629462334e-01,2.293727897878051980e+00,1.907573546837318279e+00,5.218297559155338661e+00
-7.883461647515003223e-01,-4.292074208370501687e+00,1.981416915920690469e+00,5.578632775683388445e+00
-8.875699778497295744e-01,-1.597883022262376329e+00,1.930818315961517539e+00,5.390307632313305675e+00
-8.592256820026450415e-01,-1.769274808809259136e+00,1.932084196598666814e+00,5.264874678945372644e+00
-9.108305643259242412e-01,-1.116936787076647342e+00,1.952222278648392040e+00,5.337845180142392287e+00
-8.886649389380658626e-01,-2.575944619524993762e+00,1.958143875174186421e+00,5.190402961896512402e+00
-9.167712303085533421e-01,3.293822032949400569e-02,1.997707898712796748e+00,5.094790039594982112e+00
-9.634298302678961923e-01,9.475113854208121467e-01,1.940956710887239867e+00,5.070261274613065972e+00
-8.221560073736475793e-01,-1.910743221614233378e-01,2.000993050322945166e+00,5.507678421333578100e+00
-9.112854589311731868e-01,3.788816275779505194e-01,1.914431033511391211e+00,5.208848064447356485e+00
-7.847365882283949823e-01,-1.198376781943613745e+00,2.008112139040652888e+00,5.564842800787172195e+00
-8.956127623060807785e-01,-1.632587925880614188e-01,2.003326777780113144e+00,5.335547022995269728e+00
-1.001193510258773234e+00,-3.898810293783097625e-01,1.974838094564058233e+00,4.872675886530825728e+00
-8.492480393314442155e-01,6.835867418388248407e-01,1.969475172786431916e+00,5.427951630670173166e+00
-8.517807850927261448e-01,-8.580086087740823597e-01,1.919056715172021699e+00,5.534074658198830932e+00
-9.463216636055532538e-01,1.166200902633385939e+00,1.990765316211617009e+00,5.046152690439132726e+00
-9.183130930767336997e-01,9.762929796605475108e-01,1.974310330262938340e+00,4.918340009162939452e+00
-8.726838558798712953e-01,-2.791035720769033279e+00,1.954992334681799671e+00,5.485233924268063888e+00
-8.931880829226335194e-01,-1.057176980572706926e+00,1.979059368972046817e+00,5.129179061485566571e+00
-9.109641923173583677e-01,1.397707307461474313e-01,2.006663926561935263e+00,5.141479059278605490e+00
-9.198515767453308012e-01,3.000925508806918662e-01,2.021647851625149261e+00,5.128714679765449702e+00
-8.913204250820059293e-01,1.672425030470306995e-01,1.976660936541208002e+00,5.307727455648604931e+00
-8.908455777007717735e-01,1.283901985558434822e+00,2.009514999079404340e+00,5.243587492440759057e+00
-8.501337516382009296e-01,-1.096557787972863851e+00,2.047981096345922403e+00,5.342384438994909779e+00
-9.244941995658271239e-01,-9.387403422750171256e-01,1.898868304959929754e+00,5.255813667053212512e+00
-9.358911946152707051e-01,4.164082245090340306e-01,2.051231112745225182e+00,5.110520340958574437e+00
-9.923817793519054131e-01,5.536838418276419649e-01,1.942573444809486904e+00,4.996196198898764429e+00
-8.336296330533551346e-01,-5.779994220616251344e-01,1.919687919237784479e+00,5.501303258380538352e+00
-9.213579306228282251e-01,1.181466185529356672e+00,2.001729400825503991e+00,5.198236639445997120e+00
-9.369660483480944935e-01,-1.387098349485298865e+00,1.929204768137395165e+00,5.231940950603757301e+00
-9.580406553708613604e-01,-2.918843043541435645e+00,1.938422468986644720e+00,5.039078365846639151e+00
-9.549325821944006920e-01,-2.039490965963932645e+00,1.953830229085264047e+00,5.003935038660101142e+00
-8.389726672516631956e-01,2.213168600788085527e+00,1.966824831504056625e+00,5.515548036762336181e+00
-9.214345709785672911e-01,-9.144499463386357441e-03,1.929050252194845605e+00,5.372905793171517175e+00
-8.989086942396743440e-01,2.262143022830194125e-02,1.959085167291079621e+00,5.402618090733229295e+00
-8.941167605081938863e-01,-3.065865834450909766e+00,1.974250075610318511e+00,5.130925986933903005e+00
-9.168736235070041873e-01,3.672071851054925506e-01,1.969982105152822571e+00,5.238202035165994808e+00
-9.851243595128422736e-01,-2.050093967429634567e+00,1.961409457175310678e+00,4.837071449557132752e+00
-9.728148176219996168e-01,-1.816195673086317131e+00,1.919022995712374557e+00,5.072719632179531146e+00
-9.240388546705408102e-01,-1.966481795868787685e+00,1.909507306233942492e+00,4.979808663067045948e+00
-1.018493931811603304e+00,-2.178166729591574091e-01,2.010370559336822627e+00,4.721638784482082407e+00
-1.012562222947692270e+00,-3.219363865383284562e-01,2.007837880650135798e+00,4.676569383360035026e+00
-1.025540177744685977e+00,-1.606991294368601331e+00,1.999330582224275732e+00,4.591189582984624096e+00
-9.869249053059383492e-01,1.852131781678989952e+00,1.960556858470820618e+00,4.847729268625045940e+00
-1.011278234063725856e+00,1.842464559230199583e+00,1.964114983153430805e+00,4.817999804499442540e+00
-8.669395817337939292e-01,-2.931784079310921776e-01,1.988110128111290731e+00,5.358047250964531827e+00
-9.012780719573006971e-01,2.170217514404869930e-01,1.958513005340768887e+00,5.335541954066614245e+00
-9.638566953978523477e-01,1.504613060852611373e+00,1.867711053730318538e+00,5.224769357986972729e+00
-9.668685246560123625e-01,7.156016666073383714e-02,1.912811769264793016e+00,5.015711976965507191e+00
-9.429518566064735152e-01,-8.026555866369011749e-01,1.950505045631357515e+00,4.973973159348792805e+00
-8.990104845883678530e-01,1.486338473839918572e+00,1.994682823654476467e+00,5.306975068072798507e+00
-8.839825502802972634e-01,8.217866373070265018e-01,2.018526205166847109e+00,5.155729851378487716e+00
-7.864246363985798460e-01,5.218591492015963729e-01,1.894869407528421590e+00,5.726992742917087931e+00
-8.958984338628560584e-01,-1.066463565193135787e+00,1.994532048594923390e+00,5.156034660146501025e+00
-9.099648224143728203e-01,1.059765846268863498e+00,1.942017455305361739e+00,5.232129607646964331e+00
-8.942394931364703314e-01,-3.251895914083176020e-01,1.968231418176422887e+00,5.424602653188880907e+00
-8.446493438401078135e-01,-1.830679645252470067e+00,1.985155022903775768e+00,5.315276939896897979e+00
-8.623026888062640394e-01,-1.604223503381983607e+00,1.959703568035821020e+00,5.581755803225872725e+00
-9.249580399774384176e-01,1.792562200584792098e+00,1.958705355724557284e+00,5.013865163732214469e+00
-1.038769646423796100e+00,1.465878801847056545e+00,1.977430246065919217e+00,4.835859157003596920e+00
-9.028995812394202680e-01,-3.924638036248666029e-01,1.927496974347252534e+00,5.427805880153979246e+00
-9.075899413393043735e-01,1.785736276030026159e+00,1.933196079581371185e+00,5.424387970336236542e+00
-9.190100107549626918e-01,1.882933395820387101e+00,1.928846228716982525e+00,5.449826057430221304e+00
-8.792026401005096359e-01,1.568013682386650620e+00,1.944206734314567253e+00,5.144258312068686223e+00
-8.420863751515674789e-01,-1.741525775491179706e+00,2.031576041267300070e+00,5.199664171812948155e+00
-8.626446747346327992e-01,-1.976753345229966374e+00,2.023544100433234405e+00,5.566648183473098754e+00
-9.856922655250335286e-01,2.234954067592680893e+00,1.974371750228393507e+00,4.955038358673821364e+00
-8.244214485293598349e-01,-2.060757892052090590e+00,2.011705941645208107e+00,5.546077818650317681e+00
-9.092498012917400452e-01,6.961553744351238748e-01,1.999063454741386137e+00,5.385920060685402078e+00
-9.214062581142311581e-01,7.026764955395092827e-01,1.988648842060643185e+00,5.052104635281100542e+00
-9.218523822227107090e-01,6.355053977621617500e-01,1.976746116782653662e+00,5.055014979496193384e+00
-9.504299314034818646e-01,6.259411695586636348e-01,1.966001551503528066e+00,5.010519228034435280e+00
-8.239141293438771996e-01,7.634933521287673441e-01,1.961015838327611505e+00,5.628504616082545375e+00
-8.748881348503153577e-01,1.185675666711400345e+00,1.955443939824960120e+00,5.429177397775807989e+00
-8.658576584076331795e-01,2.086692157528646785e+00,1.915779457774365424e+00,5.371898545695708016e+00
-9.309503751693349871e-01,-1.355235638320710478e+00,1.953882434852218575e+00,5.233984908270101322e+00
-8.697815550672647333e-01,-7.429636688860787874e-01,1.948623278201743636e+00,5.448434550033096180e+00
-9.301838561676258887e-01,-1.972105101719641151e+00,1.937366211066686272e+00,5.267224691683306759e+00
-9.000330034666046419e-01,-3.426377880091889594e+00,1.953687218068828058e+00,5.309963438125017809e+00
-9.515926877757429070e-01,-2.635091033172755282e+00,2.003798004043384484e+00,5.026843619173647859e+00
-8.568992059632847269e-01,4.049526971360611904e-01,1.878561999655597781e+00,5.605771508025515715e+00
-8.768572854207327127e-01,1.831921533515461054e+00,1.954137878284027519e+00,5.211390274303518311e+00
-8.626577818706950840e-01,1.438267222034297355e+00,1.946610072352944920e+00,5.139825878455906327e+00
-8.868372878425423433e-01,-2.007367016150988448e+00,2.011622691565769561e+00,5.384106545765472873e+00
-9.858737884339630053e-01,1.945784319006171437e+00,1.944148913219252206e+00,5.082198741532456765e+00
-8.815788099693022684e-01,7.738049606666442815e-01,1.940030906760956242e+00,5.220062721159704822e+00
-9.154409769499275429e-01,2.124317179858855598e-01,1.942683763917362638e+00,5.313675285081226107e+00
-8.548791912480436794e-01,-2.190708402889570139e-01,1.968762342951894118e+00,5.286427317992165698e+00
-8.535191591500658204e-01,6.367920610103757761e-01,1.957835533608205614e+00,5.530988790876955719e+00
-9.009022449405551525e-01,-2.960622493616182904e+00,1.963442297397537839e+00,5.073654274697156907e+00
-9.400177996046035211e-01,-3.042604419907039670e+00,1.962104605945821589e+00,5.223531267918029464e+00
-8.535165022316851813e-01,3.203554852851039358e-01,1.958231877501576568e+00,5.378078912226621711e+00
-9.817748377982389307e-01,7.767683134274585566e-01,1.970693552945075533e+00,4.955218537606330464e+00
-9.548841857362110330e-01,6.351501560561843007e-01,1.970789252835563721e+00,4.993513925118848285e+00
-8.829616284411271332e-01,1.018396947865410906e-01,1.970538043983688370e+00,5.290152627335967139e+00
-8.650267283451980038e-01,-6.190738830958084638e-01,1.962263972962372316e+00,5.374179725997765722e+00
-1.004230038564136285e+00,6.670778269544852535e-01,1.968831159400116659e+00,4.822235699152225052e+00
-9.612143509538161323e-01,1.616116300259753391e-01,1.939748436300081202e+00,5.187239305292091984e+00
-9.589467971857998929e-01,2.264600393999678385e+00,2.009223743670121465e+00,4.916429430885971286e+00
-9.979322242570042301e-01,1.416511380418248311e-01,2.016425332719577579e+00,4.820794907899303539e+00
-8.562210810037873543e-01,1.116909656325315359e+00,1.935155288827734577e+00,5.383827558276286673e+00
-8.985498940786652566e-01,1.044069681976466324e+00,1.961180638940260623e+00,5.127405126711681582e+00
-1.003470202667029687e+00,-2.793553672378291108e-01,2.007972808369981710e+00,4.921518636930373169e+00
-8.862061228122477541e-01,-1.960975463294555521e+00,1.881479941625766594e+00,5.607243758489095065e+00
-9.466685123081717279e-01,-2.344277072035659160e+00,2.055298947041711344e+00,4.836040047196387803e+00
-9.110175018481665443e-01,7.475150776970426181e-01,1.897425062496259640e+00,5.257394917775822130e+00
-9.326823449534976662e-01,-3.246863083999673161e-01,1.987161754926152879e+00,5.028982875545443321e+00
-8.927095018513067082e-01,6.592095675120991372e-01,1.955339084590524745e+00,5.234024195564304094e+00
-9.414562509365271836e-01,8.262688554977164479e-01,1.934348490372920892e+00,5.118649523704787541e+00
-8.864570109986729118e-01,-3.150351426216943196e+00,1.982788220920872480e+00,5.118931804685191267e+00
-9.491056055518153345e-01,-1.904408305382802258e+00,2.014326503536726598e+00,5.186480542585894860e+00
-8.985482423430309895e-01,2.056467539279660528e+00,1.935062215840918975e+00,5.230108252380444966e+00
-8.957034132766166223e-01,-3.138773499149543067e+00,1.976811246979314207e+00,5.226685016625532754e+00
-8.950946652069783349e-01,1.131305009476726520e+00,1.934878427976855164e+00,5.304520274346074871e+00
-9.829968950368714875e-01,5.642356856404200371e-01,1.981724726343608411e+00,4.930127399040121539e+00
-9.583184239709201524e-01,-1.307039476504048281e+00,2.013892015955836001e+00,4.987325350204341312e+00
-9.477924822095630253e-01,1.204711363857326356e+00,1.918112735736310359e+00,5.129982257700083537e+00
-9.654590492422301384e-01,7.513860869475835758e-02,2.015371161323073146e+00,4.902402059666552070e+00
-9.351776499921650165e-01,-9.490320945005101261e-02,1.984329794603391761e+00,4.885206971250916297e+00
-1.011928519898965817e+00,-9.996759297118874565e-01,1.998322781829136696e+00,4.969914195183804395e+00
-9.685587394009167461e-01,-1.189847173598653551e+00,1.927993070114003116e+00,4.844158534440722086e+00
-9.985029473599854599e-01,-4.244090176019189031e-01,1.959910166917820940e+00,5.037224190102367771e+00
-9.664658301572481847e-01,-1.746283152338999445e+00,2.005707100992220049e+00,5.010014248318253038e+00
-8.946708157016237672e-01,-3.137544655998167897e+00,1.969665610989728810e+00,5.137097722664542232e+00
-8.928865861189911879e-01,8.165442406410283738e-02,1.930566823269198817e+00,5.130565063368368151e+00
-9.530339989766256625e-01,1.866997664909516574e-01,1.917518880786725832e+00,5.384090470310413323e+00
-8.942093521879309614e-01,-2.216593385295589691e+00,2.040562306889398769e+00,5.282096442820270354e+00
-8.468310724429054526e-01,2.710858668487672318e+00,1.922828245816121884e+00,5.585223705819973183e+00
-8.568456529125666465e-01,1.465070917082053059e+00,1.941763241027787190e+00,5.559867585732248152e+00
-8.867413780836602699e-01,1.910029109016812887e+00,1.917236304988997331e+00,5.411318400611280666e+00
-8.442113245917612918e-01,-1.687343597153045938e+00,2.025270342180693017e+00,5.467293618454825754e+00
-9.131529396645216012e-01,-2.473086333022581407e+00,1.915575547167077231e+00,5.217622890371157673e+00
-8.658026206650973888e-01,-6.724507961276059431e-01,2.012455833324617416e+00,5.284405567277108418e+00
-8.932368302914787117e-01,-1.922203894337621843e+00,1.965455456503574005e+00,5.245624451876367722e+00
-8.784806857837494931e-01,8.351738223277208606e-01,1.967779040917944977e+00,5.372942732811403665e+00
-8.506258282699198370e-01,5.694930440479907263e-01,1.971743172198350713e+00,5.314317322331031157e+00
-7.689253329501531953e-01,-1.065337023247185044e+00,1.969769994558399517e+00,5.720780703975939296e+00
-8.579214947068992680e-01,-4.932499315806115336e-01,2.031394736103283805e+00,5.466931766132809400e+00
-8.613591245659621976e-01,-5.142847792887081937e-01,2.040106794565181847e+00,5.361723424266975790e+00
-9.995195378643566553e-01,9.428276259739946097e-01,1.899283241230198094e+00,5.006265199634748697e+00
-9.923552501320888064e-01,-9.851137972823886813e-02,1.911899772332317671e+00,5.131173593123902421e+00
-8.992481450943459187e-01,-3.093553429977515673e-02,1.884769101746076592e+00,5.205832930449592943e+00
-8.930847658906228004e-01,-1.937654702472719315e+00,1.994912936298150585e+00,5.145766181984508414e+00
-9.252936240244785671e-01,-3.326897447411919284e+00,2.018716114763817959e+00,5.185130800739110590e+00
-8.982593656259698633e-01,7.904563813067658762e-01,1.980849157511042735e+00,5.335514877564926373e+00
-9.607350195968137330e-01,-1.614982387688391974e+00,1.934366638841790831e+00,5.189125909885207832e+00
-8.794497440411306322e-01,1.299365343198363387e+00,2.001075169551035149e+00,5.476131585993114115e+00
-8.752138225597209109e-01,1.822869197223330184e-01,1.928123604472625541e+00,5.500324797721154013e+00
-9.205267001514414460e-01,-4.612570882089471747e-01,1.983071567251256662e+00,5.193481917694277250e+00
-9.429719397089467714e-01,-9.076423624163694193e-01,1.987713112883084055e+00,5.160188874074458809e+00
-9.170297402463098990e-01,-8.794302191026208693e-01,1.996641734335014684e+00,5.025964265319094793e+00
-8.954255041654006764e-01,7.500817728819644259e-01,1.937696998802329373e+00,5.280385870463459419e+00
-9.109341268426633942e-01,1.611792167918464580e+00,1.914815189367808701e+00,5.494436937450569047e+00
-8.429056378098386260e-01,1.998217363322097651e+00,1.920477201002824374e+00,5.366296247920283591e+00
-8.767847112726626646e-01,2.409431648874676757e+00,1.920137767663405493e+00,5.389196787597715144e+00
-7.851775703894853242e-01,-2.743720349068063946e+00,1.998456807956919157e+00,5.756153935799216192e+00
-7.167588069928011452e-01,-3.381186311982165460e+00,1.942826361202739660e+00,6.041322367366631418e+00
-7.332115511288713749e-01,-1.103282488598323230e+00,1.967983763097524319e+00,6.060108950208664247e+00
-1.048733059389356459e+00,8.977142604136530979e-01,1.959147014124787756e+00,4.735490503975146481e+00
-9.930131045775956178e-01,1.254036098919655284e+00,1.988615282517508742e+00,4.905334295211474682e+00
-8.967196820430014537e-01,7.199431713818311707e-01,1.980083505197689497e+00,5.243608988464464993e+00
-8.899325739014565251e-01,1.229549724724134485e+00,1.999140637485996352e+00,5.203963919934141202e+00
-1.007101211174735722e+00,-8.444665606583918738e-01,1.958320205914270362e+00,4.900249795789004992e+00
-8.971016013674419920e-01,-2.006945071421933902e-01,1.985889700137385638e+00,5.083925040306409571e+00
-9.079744655826836874e-01,6.857937067951229704e-01,2.031794746114794048e+00,5.138576084652270559e+00
-9.306207434465085804e-01,-2.768782419347974422e+00,1.921814636778740981e+00,5.158023254855484296e+00
-9.271835740612603960e-01,-3.778659592006341050e+00,1.987307849069220200e+00,5.124967786921515334e+00
-9.036103384492421009e-01,-2.393992436513658451e+00,1.947845747765033497e+00,5.218771514263507605e+00
-8.367760113415091405e-01,-1.669284938409051122e+00,1.993247819281093625e+00,5.451408430396542215e+00
-9.687798778355606322e-01,-1.167456207076972285e-02,1.897818670527783746e+00,5.213151712079838518e+00
-9.214724869141243113e-01,4.812350523738533337e-01,1.983389707873132179e+00,5.108755026524421261e+00
-9.530998668423611431e-01,2.798327347399398035e-01,1.998978457961279709e+00,5.082449780473507595e+00
-8.688817812180826827e-01,8.431196002907754838e-01,2.036214460826979877e+00,5.423952855742522949e+00
-8.622788580075307907e-01,1.020273096190640993e+00,2.020749839211521959e+00,5.377189555859854586e+00
-1.075694756409297126e+00,6.867845607506641858e-01,1.877875847489922645e+00,4.678642493796779434e+00
-8.938827048263473518e-01,-1.488280624421150167e+00,1.990400814137567531e+00,5.110506094223994822e+00
-8.781375254130350250e-01,7.743817959293579634e-01,1.987372384770204947e+00,5.224461050377545490e+00
-9.803137751389627841e-01,-1.520369966177723464e+00,1.964860806177934238e+00,4.835416962215464132e+00
-9.525930007486522744e-01,-7.967317593353264726e-01,1.981911811784398569e+00,5.116562714129980982e+00
-9.531605668363971606e-01,2.418652618895622552e-03,1.971854701522104847e+00,4.923892626394961169e+00
-9.827844278883188789e-01,6.235512851190266187e-02,1.971279834453885549e+00,4.806333791849258574e+00
-8.246480297116841607e-01,2.007094391606903949e-01,1.936175447893714097e+00,5.466893254379811218e+00
-8.569278533858900593e-01,-1.118476290750413549e+00,1.947399307983293859e+00,5.502249700606309801e+00
-8.979374323437041561e-01,-3.398866429731150607e+00,1.895163375044111476e+00,5.234722259854150295e+00
-9.749546197120263491e-01,-2.427200522996630916e+00,1.896680061833805109e+00,5.169423301340785315e+00
-8.279706313169077347e-01,-2.591365646258964039e-01,2.037277839066446550e+00,5.374360316007642524e+00
-7.876612465479040370e-01,5.980849716698573015e-01,2.049561552419000954e+00,5.618854648167340038e+00
-9.193197127720250661e-01,-1.112382086218066668e-02,1.953916289030286357e+00,5.058939883383338554e+00
-1.006177401321790121e+00,-7.041322489169811183e-01,1.987877643863624977e+00,5.066912309978489404e+00
-8.443213219785424828e-01,-7.786571229373822067e-01,1.924935999640426276e+00,5.284821835605868934e+00
-9.268215677327094060e-01,-8.513940191396570656e-01,1.948246397376149242e+00,5.355423651373421912e+00
-8.451602975608780710e-01,6.460855497365642908e-01,1.951673663547269344e+00,5.331735439721475345e+00
-8.269400333098195777e-01,1.044763379046432350e+00,1.987517863657473960e+00,5.621278852831823158e+00
-9.004603506779099709e-01,8.891055821312879304e-02,1.918973763365329877e+00,5.321530383595741043e+00
-8.576925393120928831e-01,8.497414312142950177e-01,2.027799811954324127e+00,5.210308064418519791e+00
-8.564004495931686334e-01,1.698624229802094598e+00,2.007814578419823803e+00,5.168892344038797937e+00
-8.897802672888602826e-01,1.587005328316812847e-01,1.992637833165740613e+00,5.345295736362411176e+00
-8.664391222542480175e-01,1.822875602629395186e-01,1.982809432934108607e+00,5.258703303665523521e+00
-7.991290237611233804e-01,1.787282170839851414e+00,1.981401010033603027e+00,5.529715292114627978e+00
-8.334952317242197983e-01,3.999665065060332148e-01,1.925577520395170161e+00,5.485986490198268228e+00
-8.228231342442039464e-01,-4.883863671435607623e-01,1.915171407372867396e+00,5.457911980543765473e+00
-8.774167779247132870e-01,-1.220115611144003243e+00,1.897735526465790468e+00,5.380506792649883074e+00
-9.365141445402913600e-01,-1.967842898022621467e+00,1.957622563248237579e+00,5.180644469236427518e+00
-8.678025665814063094e-01,6.155750592968393109e-01,1.930737005236902837e+00,5.505459018829250262e+00
-8.734674703036616750e-01,-1.119753848618348924e-01,1.935764952942240491e+00,5.457966164852426694e+00
-1.022031502248812007e+00,-2.446440586301028564e+00,1.919224783287757141e+00,4.860041312062070240e+00
-9.789396716909540830e-01,-3.996121612699710113e-02,1.932152773716982574e+00,5.004457674662414313e+00
-8.935727068777961080e-01,-4.288435625422676312e-02,2.009749509515792454e+00,5.249638419146458901e+00
-8.979191270587563167e-01,-1.152068986562212238e+00,1.917145753537356834e+00,5.310916000564558814e+00
-7.872186612142986206e-01,5.189590888707953376e-01,2.075508770747895859e+00,5.478121715600784647e+00
-8.814491343773381837e-01,-1.118630168360188470e+00,1.982902126460654779e+00,5.472244349568210708e+00
-8.892135240091504356e-01,-1.700982906683376483e-01,1.912275851381990854e+00,5.444013220109555462e+00
-8.562472725491787617e-01,8.541705694824639483e-01,1.985566979265725118e+00,5.343450397861661649e+00
-8.661193068454942079e-01,-3.204744456683000786e-02,2.048949941304158529e+00,5.350821684183645566e+00
-8.762975096852775314e-01,7.834220069965423805e-02,1.907152027278865569e+00,5.457385058104546438e+00
-8.841693205483365237e-01,-1.969093746738479256e+00,2.012783037592805968e+00,5.206773022735056600e+00
-8.621609895695100390e-01,-9.303508750161455509e-01,1.997076377232087419e+00,5.417378309977314288e+00
-1.030196970490582453e+00,2.449525855548773112e-02,1.926108639292533287e+00,4.975921614215124578e+00
-1.016987319884262719e+00,-3.107094948336132090e-01,1.926689390467195562e+00,4.933350243313913808e+00
-9.629809522568694158e-01,-2.923750870592875528e-01,1.963167105938242729e+00,5.037670217598539502e+00
-8.795368473525690955e-01,8.897113052664644695e-01,1.976634289963156599e+00,5.239332192652434550e+00
-9.016767809848608151e-01,1.788926520573986600e+00,1.978123531290017167e+00,5.298742280539797456e+00
-9.701936266415877030e-01,-1.275791965511000381e+00,1.961937693386278436e+00,4.936741009740921449e+00
-9.202415498436266050e-01,8.422457218484151742e-01,1.979536367395432039e+00,5.178638911305859516e+00
-8.016443376008369759e-01,-6.273751534395604068e-01,1.937931607957448676e+00,5.795244136916606337e+00
-8.475236989033696489e-01,-2.233455879870155592e+00,1.938604954860655205e+00,5.411836229966999312e+00
-8.263608736856452586e-01,4.581738455180048852e-01,1.915943688353631158e+00,5.635253501940017173e+00
-9.648224954719711866e-01,-3.950934586956246219e-01,1.973447848572212227e+00,5.127510760149942115e+00
-8.799532179056459569e-01,-7.676328954922199133e-01,1.899293442124436293e+00,5.260280044782692954e+00
-9.355825460445217345e-01,-7.946427856350646302e-01,2.020286201883398913e+00,5.189247115455918546e+00
-1.007397980900964773e+00,4.661376982451419515e-01,1.939478986640124081e+00,4.888913603382465389e+00
-9.061245042514201042e-01,1.472475250575140393e-01,1.990463367837044029e+00,5.250373063269110574e+00
-8.867928330274169602e-01,8.946279675402561971e-01,1.997887261764257127e+00,5.205249769034582918e+00
-9.614812318098552302e-01,-1.336985891991935516e+00,1.920985931388882406e+00,5.094470784910253514e+00
-9.641415515627783650e-01,-4.817580416528538523e-01,1.906130787768750556e+00,5.074822261801256396e+00
-8.472791017276659620e-01,-9.222611131792127770e-01,2.008682113686396598e+00,5.459116117397715406e+00
-9.520079970513182221e-01,-4.430878451815559727e-01,1.913351004178076353e+00,5.038736303278776418e+00
-8.655262071994572759e-01,-3.579364309398048061e+00,1.979190356209539869e+00,5.226417747082890308e+00
-9.461648573357885894e-01,-1.666624580245258613e+00,1.968442040628037848e+00,5.034384260076967266e+00
-1.028725025056162368e+00,-3.004769719965113550e-01,1.986072190295408824e+00,4.755099027894847730e+00
-1.000245410698118453e+00,2.118774559865308937e+00,1.988803779810457195e+00,4.820795678170409104e+00
-1.017229623123480753e+00,4.067264126204339636e-01,1.991940969688835716e+00,4.771362990882637156e+00
-7.497416614168357363e-01,1.090314270037659794e+00,1.934437214066559996e+00,5.970764634719325059e+00
-7.380721033784151119e-01,2.143379247602525073e+00,1.933423895523245228e+00,5.983554062762751258e+00
-8.914778184446761067e-01,-3.208718628224753289e+00,2.035057177112064242e+00,5.311551659987420848e+00
-8.894179968360719224e-01,-3.177784186907133268e+00,2.016144752434748000e+00,5.392026586555894063e+00
-9.449611567391597022e-01,-2.036348197514892266e+00,2.022865038987258668e+00,4.969896934225248586e+00
-8.906530725478708499e-01,2.351421124791774453e+00,1.969147126416777027e+00,5.240077988158963862e+00
-9.053488609036816070e-01,-1.738411834889886931e-01,2.017407191998067617e+00,5.148747971611918217e+00
-9.154727599861076648e-01,-8.035932524506635977e-01,2.003987213309924797e+00,5.155711228518799594e+00
-9.246154807979256596e-01,1.027189840276872657e+00,2.014114762737043041e+00,5.102301595473202056e+00
-9.717674169015456664e-01,7.466837743876225675e-01,1.949992142125979822e+00,4.959524125882596834e+00
-9.943259438068717815e-01,1.765884683727984905e+00,1.941590516836797509e+00,4.839655140059425875e+00
-9.502157391185188651e-01,4.121953001187306231e-01,1.968771075290198347e+00,5.130311105105386460e+00
-8.211853465423459841e-01,-1.395545093169616058e+00,1.985087959311393258e+00,5.496983795597071953e+00
-8.625531587583733506e-01,8.751255333293744831e-01,1.942421846081822112e+00,5.302025423508283097e+00
-9.988433970512117233e-01,6.581276584421947851e-01,2.050138285836856422e+00,4.805484309766420381e+00
-9.981550942863161024e-01,3.055072409869216132e-01,2.039565254771531500e+00,4.840202794288001265e+00
-1.022185198260064265e+00,5.305605818362674198e-01,2.041752650679537595e+00,4.740243624587488824e+00
-9.570064617871906210e-01,1.996099468740279992e+00,2.012270825193086310e+00,4.936530375965540784e+00
-9.365030220360542890e-01,5.456732258636742827e-01,2.013469475342959392e+00,4.965786430955855479e+00
-9.391772560450818430e-01,6.874101481744709918e-02,1.944418149921136596e+00,5.093080371782086502e+00
-9.175916751825038409e-01,1.732575729481864446e+00,1.992661521240469025e+00,5.276019266723989354e+00
-8.845720864263496575e-01,-7.482940081745194094e-01,1.981761036637449180e+00,5.156216803318132591e+00
-9.074762647015198747e-01,-1.070248526655423582e+00,1.947013219591558375e+00,5.420056916133353830e+00
-9.236753248898140756e-01,-2.990099756238306039e+00,1.994312089670545518e+00,5.225955871281255050e+00
-9.485020852247372236e-01,-3.026750971292274439e+00,1.975269981601500691e+00,5.042325411948106684e+00
-9.607132578614158147e-01,-3.082993715290901271e+00,1.968083526206891198e+00,5.050514997515460180e+00
-9.055364502387537318e-01,-2.648500800355430673e+00,1.930148553037681625e+00,5.325031451239161662e+00
-9.128719879977553742e-01,-2.141523983965438749e+00,1.936567702874065544e+00,5.229837891297432151e+00
-9.426815515054702832e-01,4.051422158049633460e-01,1.911029625795055198e+00,5.272555999652041692e+00
-9.664807300086584174e-01,8.014893405407288451e-01,1.951947115813969402e+00,4.781088156609724749e+00
-9.890650567398607818e-01,8.409821979380146528e-01,1.998429028117540529e+00,4.941101874979032971e+00
-8.233982234332279937e-01,-1.288416530668385074e-01,1.982061166783406048e+00,5.626211090173383944e+00
-1.002784215677263724e+00,-5.038713548063240566e-01,1.949404093326516652e+00,4.969398041359366580e+00
-8.390915521377618758e-01,1.337654844159013034e+00,1.996905092302112106e+00,5.358237512926545598e+00
-8.961882038980650833e-01,1.492270813230017756e+00,2.013499103807786739e+00,5.222526930192609385e+00
-9.046559378775717031e-01,-1.122167465297403854e+00,1.909177697121021477e+00,5.354716060704849845e+00
-8.690882517682768649e-01,-1.199542069215318474e+00,2.000410535397219913e+00,5.356522795828730921e+00
-9.010153997312767560e-01,1.893316307227431716e+00,1.933149378508527416e+00,5.235356558473656108e+00
-8.348506637160842958e-01,-2.943482737285150752e-01,1.932231921386809548e+00,5.569314037210501667e+00
-8.413872851715501477e-01,1.008379441575432134e-01,1.929495070754600361e+00,5.504577916270461557e+00
-9.180408896606921942e-01,1.419348451490327179e+00,1.974695579792964617e+00,5.134329656670344022e+00
-8.905222337839233671e-01,-1.525768626580307430e+00,2.000598177181950099e+00,5.320075841083850676e+00
-1.006837249543157675e+00,1.598392216302922053e+00,1.956169011556776027e+00,4.759834684167341123e+00
-8.260378694777562592e-01,-1.781745000936488244e-01,1.955028406351555503e+00,5.453689334803336841e+00
-8.654504198752226429e-01,-1.445290119150380859e+00,1.948060317168497146e+00,5.494635034391787798e+00
-8.561665331414864966e-01,-5.477041474962320855e-01,1.961249046845032984e+00,5.378010518531930018e+00
-7.944677087421575523e-01,5.962729825037426101e-01,1.977884201862508240e+00,5.645235961662092627e+00
-1.007550213689856644e+00,6.610439104171667024e-01,1.952534757256051412e+00,4.821197532313421519e+00
-9.092468990317016386e-01,5.513752891159745539e-01,1.876772095760728121e+00,5.246119828473263524e+00
-9.837737549479921295e-01,7.009470140702298568e-01,1.909447645554094963e+00,5.127698503885410375e+00
-9.499403410487803345e-01,1.168874253155398613e+00,1.878142288307409702e+00,5.029692041304068439e+00
-8.978557237794579926e-01,8.190611260650828562e-01,1.872994437529221345e+00,5.602315605744202287e+00
-9.979156459082452191e-01,-1.658550759760686111e+00,2.050771552512002049e+00,4.980250525098739445e+00
-9.558108584081927983e-01,2.184416472376441209e+00,1.921953917509320986e+00,5.154315290600023580e+00
-9.132663386684680695e-01,4.416988496343797754e-01,1.927900558943749898e+00,5.165902511632681104e+00
-8.463731285557964945e-01,5.077637141379895969e-01,1.994910009043082466e+00,5.549839015205947135e+00
-7.944413752958040531e-01,-4.251711451485987170e-02,2.006396608139323412e+00,5.778893321977475850e+00
-8.072500753086180314e-01,-1.293680533910723351e+00,2.001864013916737406e+00,5.470093726127075229e+00
-8.345674986924512817e-01,-1.181432967192989514e+00,2.009598377429122174e+00,5.507730594946638192e+00
-8.532067191142573837e-01,-1.055437711383778288e+00,1.983742357005831902e+00,5.492938857717541090e+00
-9.031709936460960986e-01,1.405478586375431327e+00,1.951241879555947856e+00,5.220710981285486163e+00
-9.550137962188733898e-01,9.496549649982766184e-01,1.919382021265345184e+00,5.133508019014437984e+00
-8.559248130167944613e-01,6.768560901131992491e-01,1.911645316550300011e+00,5.384321784756985529e+00
-9.093975790525957725e-01,5.038917589142184461e-01,2.034247822771152236e+00,5.262272776440251043e+00
-9.804294274359576233e-01,3.752509943632605094e-02,2.000656290713139551e+00,5.017774078486337608e+00
-8.914643220917704003e-01,-1.394944576782646273e+00,1.940664020195669082e+00,5.309779304885727136e+00
-9.576680144657476745e-01,7.792728011709575409e-01,1.988338610544518659e+00,4.922458931295737194e+00
-9.823286941404777428e-01,1.945281385751756464e-01,1.970430232513572966e+00,4.896554507862215466e+00
-1.027737015604006432e+00,-3.126865545965094029e-01,1.968574781195123302e+00,4.791521340594041334e+00
-1.091637679512737158e+00,6.050805639338771025e-01,1.944484955656182734e+00,4.749577388274071943e+00
-1.077295234301543836e+00,6.937723153197032921e-01,1.942364777416266897e+00,4.700642355647870474e+00
-1.050705368562881326e+00,6.147310571615708374e-01,1.964017393513279863e+00,4.806384372148330364e+00
-1.042511902627711429e+00,9.584313701175445344e-01,1.966411661850932857e+00,4.845328816621411683e+00
-8.677007902048669008e-01,1.761145503168240478e-01,1.958196039031774527e+00,5.224739725005910884e+00
-9.055056939941202865e-01,5.473122971931082548e-01,1.982947952141081993e+00,5.369380588239195617e+00
