x,y,reference,fixed_mean,fixed_std,map_mean,map_std,hmc_mean,hmc_std
-3.152209176461626683e+00,-3.430947876461627466e+00,1.321020947669741474e+01,4.619797817783819482e+01,6.253670475395883166e+00,5.167125025033760721e+01,1.573350343053364497e+01,2.311767627511423484e+01,1.177985581094531682e+02
-3.152209176461626683e+00,-3.179122556609059735e+00,1.933160828860698999e+01,5.055359940332255064e+01,6.299477038721804867e+00,5.244615658312216055e+01,1.607118966077242916e+01,1.957380734398344657e+01,1.196596141764357668e+02
-3.152209176461626683e+00,-2.927297236756492005e+00,2.545300710051656878e+01,5.568424010190256013e+01,6.330812245599170218e+00,5.740262135594281290e+01,1.578328566745324402e+01,2.727314689581834273e+01,1.189550688667850551e+02
-3.152209176461626683e+00,-2.675471916903924274e+00,3.150629652542004067e+01,6.058992263146956248e+01,6.320259886130659588e+00,6.428700600737623461e+01,1.642421670746335138e+01,3.855111544425250258e+01,1.179233741299616014e+02
-3.152209176461626683e+00,-2.423646597051356544e+00,3.721692557031785498e+01,6.409133346850103408e+01,6.291446572101767387e+00,7.458642784857106278e+01,2.209379680117070421e+01,7.243217037891770360e+01,1.316338360916413421e+02
-3.152209176461626683e+00,-2.171821277198788369e+00,4.086067458088704285e+01,6.545311141831916757e+01,6.265251832226044648e+00,8.777321702196647379e+01,2.598419535604958241e+01,1.499272006234471064e+02,1.605372146381189964e+02
-3.152209176461626683e+00,-1.919995957346220639e+00,4.162617228347630061e+01,6.479254780803273661e+01,6.222414467926414616e+00,1.073005011832485422e+02,2.626390427195097388e+01,2.468857765927431558e+02,1.626105347010239086e+02
-3.152209176461626683e+00,-1.668170637493652908e+00,4.028947732214137289e+01,6.294054878193310287e+01,6.156284266024532492e+00,1.348499151314954929e+02,2.279418344490924397e+01,3.081564978839380160e+02,1.222141175849649954e+02
-3.152209176461626683e+00,-1.416345317641085177e+00,3.664653206722490353e+01,6.082908465201580839e+01,6.107640701258461924e+00,1.365709792011980994e+02,1.610348651855801805e+01,2.837793573984088198e+02,7.815255234507941395e+01
-3.152209176461626683e+00,-1.164519997788517447e+00,3.204999236585187816e+01,5.887443066474179432e+01,6.101787329462091236e+00,9.031411444739467242e+01,1.476948684176925752e+01,2.072174494954631712e+02,7.403387517400463480e+01
-3.152209176461626683e+00,-9.126946779359496054e-01,2.822124238946564390e+01,5.685350380042700635e+01,6.107745621975510630e+00,5.513522488528735721e+01,1.468598881438293446e+01,1.649422213597785856e+02,7.358887894004797658e+01
-3.152209176461626683e+00,-6.608693580833817638e-01,2.688537302019483377e+01,5.437199967663218558e+01,6.097396136703686409e+00,7.131842003520719686e+01,1.503890306840128765e+01,1.808592194432120550e+02,7.464305225023467472e+01
-3.152209176461626683e+00,-4.090440382308140332e-01,2.846199425108918035e+01,5.151912004851556048e+01,6.090147603951822752e+00,1.051933083892380552e+02,1.466447498534021854e+01,2.392448788632928540e+02,7.283233682860205249e+01
-3.152209176461626683e+00,-1.572187183782462472e-01,3.118137177443318819e+01,4.912726166813081363e+01,6.107718894828123801e+00,1.185754310814213000e+02,2.053014113680609753e+01,2.993691275468819413e+02,1.019145487613417771e+02
-3.152209176461626683e+00,9.460660147432153888e-02,3.328490603573183648e+01,4.836352910865116428e+01,6.129886065034810372e+00,1.162505894823512165e+02,2.536589261695245767e+01,3.192254958148038213e+02,1.415528981199146585e+02
-3.152209176461626683e+00,3.464319213268893249e-01,3.357396361074113145e+01,4.991439817371974641e+01,6.129932541211873698e+00,1.194864458296059979e+02,2.329773796750588843e+01,2.889280415399848039e+02,1.240861408648902255e+02
-3.152209176461626683e+00,5.982572411794571110e-01,3.402485005395620732e+01,5.334551588121121313e+01,6.118881191096489758e+00,1.114644837639254717e+02,1.631150251365625437e+01,2.075451518963100739e+02,8.244868622106115197e+01
-3.152209176461626683e+00,8.500825610320248416e-01,3.189283229071346426e+01,5.708794499774739961e+01,6.120557358172365348e+00,7.195222025560047996e+01,1.492030408466571245e+01,1.167873044541931762e+02,7.959615478804428790e+01
-3.152209176461626683e+00,1.101907880884592572e+00,3.100764577652816456e+01,5.906190883925501112e+01,6.127927317603981017e+00,3.692553667634740577e+01,1.475142601691676703e+01,7.374392772261631990e+01,7.916164467618408196e+01
-3.152209176461626683e+00,1.353733200737160525e+00,3.099185359119015359e+01,5.755710184829149512e+01,6.120476578200997331e+00,3.052429170492766275e+01,1.494115693655940369e+01,6.699662853384532468e+01,7.968882802906060192e+01
-3.152209176461626683e+00,1.605558520589728255e+00,2.986844233814414196e+01,5.190289132555881224e+01,6.125467674067161639e+00,3.736858819085577466e+01,1.471215988849412781e+01,7.676634136211512782e+01,7.898817435715079682e+01
-3.152209176461626683e+00,1.857383840442295986e+00,2.708057209978693436e+01,4.266554364923831599e+01,6.251616841614080045e+00,5.549808155526228148e+01,1.893807281303260837e+01,1.151730291989839401e+02,9.790753670894847005e+01
-3.152209176461626683e+00,2.109209160294863938e+00,2.325866561524020071e+01,3.139411052243258382e+01,6.641667097419626131e+00,7.721010415726581755e+01,2.512602589832186339e+01,1.718028025025715522e+02,1.491416179889966998e+02
-3.152209176461626683e+00,2.361034480147431669e+00,1.965481023477717670e+01,2.011012986041578188e+01,7.364544782489153008e+00,9.173134172454983570e+01,2.669483953889164951e+01,2.256120931582085802e+02,1.781870472271819779e+02
-3.152209176461626683e+00,2.612859799999999399e+00,1.740971325944369497e+01,1.075432709656706720e+01,8.381707350627481290e+00,9.983932359991941041e+01,2.682337990368689873e+01,2.703008585616307755e+02,1.860976504968884910e+02
-2.904494577442392256e+00,-3.430947876461627466e+00,4.608823620787482866e+00,3.896939358033796452e+01,6.293705627148035830e+00,4.150123081651196344e+01,1.604825169700529841e+01,6.519687884065319849e+00,1.188098461562334336e+02
-2.904494577442392256e+00,-3.179122556609059735e+00,1.042879337786344074e+01,4.216363456615363248e+01,6.330612211219604823e+00,4.288460313166945070e+01,1.612128553266894215e+01,1.178461590815615523e+01,1.196957739531014369e+02
-2.904494577442392256e+00,-2.927297236756492005e+00,1.624876313493939506e+01,4.722295111171388271e+01,6.320566738001732965e+00,5.022854618336748445e+01,1.618983658778799750e+01,1.726487012430831669e+01,1.197815170545462280e+02
-2.904494577442392256e+00,-2.675471916903924274e+00,2.210648215813215955e+01,5.293159784294539350e+01,6.265787642641453381e+00,5.649619326380957318e+01,1.629718256876540039e+01,2.097399780050506024e+01,1.156744679866304182e+02
-2.904494577442392256e+00,-2.423646597051356544e+00,2.729012596071182628e+01,5.763630386929571614e+01,6.200305793575550339e+00,6.301471317117650983e+01,2.093150775570495625e+01,4.365399848201064970e+01,1.192586172828811897e+02
-2.904494577442392256e+00,-2.171821277198788369e+00,3.082240865306810562e+01,6.008365506685595392e+01,6.154200991446436397e+00,7.378934371668655956e+01,2.454616612767113182e+01,1.042214858059016080e+02,1.396723025699774610e+02
-2.904494577442392256e+00,-1.919995957346220639e+00,3.183414588555473301e+01,6.003252905957742769e+01,6.120036826955626452e+00,8.808499072113497164e+01,2.477912372817493036e+01,1.703918422093781260e+02,1.400607208122320344e+02
-2.904494577442392256e+00,-1.668170637493652908e+00,3.090169178563975549e+01,5.821482355963235023e+01,6.088279230066770964e+00,9.707124462884144123e+01,2.155073633241839559e+01,2.003078484098561205e+02,1.080250319306177857e+02
-2.904494577442392256e+00,-1.416345317641085177e+00,2.762603264557468918e+01,5.569756482494358352e+01,6.078442762224118390e+00,7.787747022665953978e+01,1.557951866669100838e+01,1.809218966760952299e+02,7.539015196452386647e+01
-2.904494577442392256e+00,-1.164519997788517447e+00,2.362998797193735356e+01,5.315810086719557148e+01,6.098144314523195497e+00,5.082442007282497798e+01,1.505362638124667995e+01,1.574469265366013815e+02,7.437991954632283864e+01
-2.904494577442392256e+00,-9.126946779359496054e-01,2.028802337563357128e+01,5.062970182373101125e+01,6.115093547736647039e+00,4.668510196207256513e+01,1.482976947523131628e+01,1.573623105091884611e+02,7.390817830003953759e+01
-2.904494577442392256e+00,-6.608693580833817638e-01,1.920618445059547952e+01,4.786107032941481521e+01,6.101194646367060770e+00,4.397054986028928170e+01,1.518840908923477429e+01,1.506220274167357047e+02,7.471123976387919186e+01
-2.904494577442392256e+00,-4.090440382308140332e-01,2.006291987773159846e+01,4.491575842353267944e+01,6.070397759662579773e+00,5.430534686498123165e+01,1.469542074336591853e+01,1.631451752140329745e+02,7.270712401113584633e+01
-2.904494577442392256e+00,-1.572187183782462472e-01,2.117276436879321011e+01,4.245719746338386358e+01,6.051470057390539559e+00,7.975039003512324598e+01,1.956219876960270199e+01,2.068579993559727654e+02,9.228864267411405820e+01
-2.904494577442392256e+00,9.460660147432153888e-02,2.127135514168328712e+01,4.145393535665607487e+01,6.049637752049218165e+00,9.208822536090451649e+01,2.415696920449677521e+01,2.280794439626280621e+02,1.231720097394632774e+02
-2.904494577442392256e+00,3.464319213268893249e-01,2.076276294100014042e+01,4.252278325930546998e+01,6.057160496824199214e+00,8.275394052934069578e+01,2.215284633154068672e+01,1.865011219128976450e+02,1.093684252848252072e+02
-2.904494577442392256e+00,5.982572411794571110e-01,2.091677675611959941e+01,4.539656398425904626e+01,6.076864085916011682e+00,5.230213875451175909e+01,1.576988633201072965e+01,1.028181644175038230e+02,7.928693614690654101e+01
-2.904494577442392256e+00,8.500825610320248416e-01,2.050084113416744458e+01,4.887820582451058726e+01,6.108448370436208918e+00,2.420147694509125813e+01,1.522334198879691236e+01,5.538578415125058996e+01,8.024109813047030570e+01
-2.904494577442392256e+00,1.101907880884592572e+00,2.104113998996385249e+01,5.128534009308532404e+01,6.131295307089637880e+00,2.315686869760841660e+01,1.499184768876280316e+01,6.064511023680739754e+01,7.973856553828044014e+01
-2.904494577442392256e+00,1.353733200737160525e+00,2.178509356113779205e+01,5.110362235212596715e+01,6.125852594924359629e+00,2.425796104435144684e+01,1.520497840880029905e+01,5.835212842198478711e+01,8.033559330494280459e+01
-2.904494577442392256e+00,1.605558520589728255e+00,2.085526625258568600e+01,4.752451316918450175e+01,6.106592474685876404e+00,2.403555866138040642e+01,1.485177396312666964e+01,6.157553108228259475e+01,7.852127249022977651e+01
-2.904494577442392256e+00,1.857383840442295986e+00,1.841340064744047567e+01,4.068799955257145484e+01,6.129111474500549939e+00,4.334071910413609885e+01,1.802666274789726586e+01,1.094959715201061670e+02,8.839362870342181111e+01
-2.904494577442392256e+00,2.109209160294863938e+00,1.482474163191108474e+01,3.161878803910349234e+01,6.268307239565523048e+00,6.814800269715669856e+01,2.388260676668043558e+01,1.741040322466835164e+02,1.287998134749389010e+02
-2.904494577442392256e+00,2.361034480147431669e+00,1.135085761946486649e+01,2.193287881906690018e+01,6.587029514938270047e+00,9.155081326882756798e+01,2.543273626864437276e+01,2.403021944979113869e+02,1.521202696353807369e+02
-2.904494577442392256e+00,2.612859799999999399e+00,9.122006126363739753e+00,1.341163308130307996e+01,7.135874423252975163e+00,1.155575634643342795e+02,2.576449694668004753e+01,3.202513592765982366e+02,1.612965207818346016e+02
-2.656779978423157829e+00,-3.430947876461627466e+00,1.065222573999585975e+00,3.345023051816497173e+01,6.318809966762524155e+00,5.956500738373051718e+01,1.606729518980109006e+01,2.809813392490883643e+01,1.193376582326698241e+02
-2.656779978423157829e+00,-3.179122556609059735e+00,6.189595481166527691e+00,3.633703480433200639e+01,6.318879530507187425e+00,3.421664714592296264e+01,1.625875360289312965e+01,0.000000000000000000e+00,1.197608705033783849e+02
-2.656779978423157829e+00,-2.927297236756492005e+00,1.131396838833347118e+01,4.195417220507988532e+01,6.270663678725624912e+00,5.185142118382657372e+01,1.634679099008106107e+01,1.864764169825477325e+01,1.205666932243638456e+02
-2.656779978423157829e+00,-2.675471916903924274e+00,1.663917876518475225e+01,4.873130050298095739e+01,6.195570853229245500e+00,7.622022823455699836e+01,1.536767661648790728e+01,4.500322630390596146e+01,1.095572362369731820e+02
-2.656779978423157829e+00,-2.423646597051356544e+00,2.146169137859153864e+01,5.452481833739966532e+01,6.133591542538258778e+00,6.825709508766095723e+01,1.715762377687339324e+01,5.136315822432098344e+01,9.479243719141595648e+01
-2.656779978423157829e+00,-2.171821277198788369e+00,2.462255927963288116e+01,5.765142924453084561e+01,6.103375206085170035e+00,5.966784580266455862e+01,1.889434771175559291e+01,7.478299051645805662e+01,9.882742624779734797e+01
-2.656779978423157829e+00,-1.919995957346220639e+00,2.580745075489392093e+01,5.764417836245411308e+01,6.085597242385451189e+00,7.038944687588850968e+01,1.883698267582278874e+01,1.103854382783226242e+02,9.771305924862390668e+01
-2.656779978423157829e+00,-1.668170637493652908e+00,2.508661444511328398e+01,5.526283849327955977e+01,6.065310743557232875e+00,8.820414653004377215e+01,1.733341868966084931e+01,1.451405078139924285e+02,8.519469578886949535e+01
-2.656779978423157829e+00,-1.416345317641085177e+00,2.214748922116493901e+01,5.182413397338268624e+01,6.059211863336547488e+00,7.573308864533120754e+01,1.385851749520837473e+01,1.629929227889512049e+02,7.050622265834209657e+01
-2.656779978423157829e+00,-1.164519997788517447e+00,1.885927660537256045e+01,4.838834038111053815e+01,6.076677735182162365e+00,4.707749840837345801e+01,1.478603303641700428e+01,1.572040155802557706e+02,7.390366783590248190e+01
-2.656779978423157829e+00,-9.126946779359496054e-01,1.601059576678432705e+01,4.536823344100957911e+01,6.091812299418034371e+00,4.248787762097643395e+01,1.506224832703987104e+01,1.515529422371399164e+02,7.443651585023975770e+01
-2.656779978423157829e+00,-6.608693580833817638e-01,1.495993740853751852e+01,4.271916295024311694e+01,6.079384016270457991e+00,5.441557677718844843e+01,1.511896309347040379e+01,1.635477437973667065e+02,7.480952219092445432e+01
-2.656779978423157829e+00,-4.090440382308140332e-01,1.479615472993624259e+01,4.040080881743506325e+01,6.050382633169947511e+00,8.014204110839648365e+01,1.390153582150685097e+01,2.029647182093774234e+02,6.967680458153235179e+01
-2.656779978423157829e+00,-1.572187183782462472e-01,1.428722051723332598e+01,3.866092549586755922e+01,6.031137176686633516e+00,9.852327443392155715e+01,1.633668683412599520e+01,2.383586194891587411e+02,7.244433279835872952e+01
-2.656779978423157829e+00,9.460660147432153888e-02,1.329128006310077481e+01,3.793584746001988606e+01,6.027710572512878784e+00,1.010436785360731591e+02,1.903535517538233535e+01,2.449670463759732684e+02,8.615770508673367090e+01
-2.656779978423157829e+00,3.464319213268893249e-01,1.280964375643559272e+01,3.851288592151468038e+01,6.033760473646371025e+00,9.332673755085599510e+01,1.793690135662701834e+01,2.138333160957665768e+02,8.006182387263018541e+01
-2.656779978423157829e+00,5.982572411794571110e-01,1.317487149656699330e+01,4.024732191749149024e+01,6.053260147836128979e+00,7.206661153932833486e+01,1.425522159667356270e+01,1.434125400080326358e+02,7.057804398354103625e+01
-2.656779978423157829e+00,8.500825610320248416e-01,1.412431398799646942e+01,4.251212155831308337e+01,6.086970895001286408e+00,3.943004624983497308e+01,1.500899737664979838e+01,7.753862707751795824e+01,7.983738279820222772e+01
-2.656779978423157829e+00,1.101907880884592572e+00,1.562323305324580858e+01,4.436126339934435237e+01,6.113965678610313148e+00,1.686066655560864547e+01,1.518135172734538685e+01,5.136771777749260082e+01,8.022665798975441476e+01
-2.656779978423157829e+00,1.353733200737160525e+00,1.627715878220018553e+01,4.479444645834155381e+01,6.113577388193030870e+00,2.344542287247838885e+01,1.532259478344129633e+01,5.679561474911162122e+01,8.076366808442983825e+01
-2.656779978423157829e+00,1.605558520589728255e+00,1.566680307642660175e+01,4.303990544972202770e+01,6.095384690089836965e+00,5.025273932249535846e+01,1.441263477855716957e+01,9.564653450122978029e+01,7.687113178043973960e+01
-2.656779978423157829e+00,1.857383840442295986e+00,1.336255911050547063e+01,3.881413344521206454e+01,6.091857789063601203e+00,6.606253913240254860e+01,1.561953822588979257e+01,1.528440238041289376e+02,7.391193332174483999e+01
-2.656779978423157829e+00,2.109209160294863938e+00,1.010891866622495883e+01,3.249877479962196958e+01,6.129409798002703802e+00,6.743442844511872636e+01,1.898944138408010218e+01,1.934821815019686539e+02,9.186835170948893392e+01
-2.656779978423157829e+00,2.361034480147431669e+00,6.767930398860119823e+00,2.513821331944018311e+01,6.224276084248206331e+00,8.970664274767652557e+01,1.986198304700057804e+01,2.437687658376082993e+02,1.016822770856574749e+02
-2.656779978423157829e+00,2.612859799999999399e+00,4.584660702300949353e+00,1.819371634726292086e+01,6.426181324254383931e+00,1.375412418050236454e+02,2.073667164537292606e+01,3.489117605412659486e+02,1.097410498800344385e+02
-2.409065379403923401e+00,-3.430947876461627466e+00,4.917520501989454118e-01,2.924100704580905585e+01,6.305908873157864747e+00,1.022336557766949454e+02,1.600893737581173326e+01,1.125753515632844568e+02,1.138790689374123843e+02
-2.409065379403923401e+00,-3.179122556609059735e+00,5.425859230968629099e+00,3.257677129789180981e+01,6.261439646218505573e+00,5.526724622677943444e+01,1.604154402548667946e+01,2.583891211135662047e+01,1.173749737337641221e+02
-2.409065379403923401e+00,-2.927297236756492005e+00,1.035996641173831634e+01,3.918684150549142942e+01,6.194859865939083221e+00,7.808425407942627317e+01,1.581886884847557262e+01,5.757162002633143061e+01,1.172191753227973976e+02
-2.409065379403923401e+00,-2.675471916903924274e+00,1.518429727693489362e+01,4.711404720137488766e+01,6.128920918244176619e+00,1.072202241384781018e+02,1.417820428969728219e+01,1.057966988286317758e+02,9.973129736712091642e+01
-2.409065379403923401e+00,-2.423646597051356544e+00,1.968101072404586915e+01,5.385005594688118435e+01,6.098213384420076544e+00,7.609603692643983663e+01,1.340148616505607038e+01,8.260752565764821043e+01,7.961916127699956292e+01
-2.409065379403923401e+00,-2.171821277198788369e+00,2.257738472702006050e+01,5.747852042322028865e+01,6.100627626390855873e+00,4.930448174673068706e+01,1.429892864948186215e+01,6.500250032831968383e+01,7.946401054617622606e+01
-2.409065379403923401e+00,-1.919995957346220639e+00,2.361713511462258452e+01,5.745038349160313373e+01,6.099548266602178970e+00,5.720127210581756572e+01,1.422634314937723410e+01,7.590894812968170413e+01,7.870311876680894159e+01
-2.409065379403923401e+00,-1.668170637493652908e+00,2.301636129054728741e+01,5.457058525293177809e+01,6.076951424514173361e+00,8.577172374867944882e+01,1.397892248311969077e+01,1.106359138811864540e+02,7.781063305477088932e+01
-2.409065379403923401e+00,-1.416345317641085177e+00,2.051405346827501575e+01,5.032410877725124010e+01,6.055145309567580902e+00,9.134221033339929363e+01,1.232457861686023470e+01,1.483475077370565600e+02,6.967261120634483973e+01
-2.409065379403923401e+00,-1.164519997788517447e+00,1.760569059493366950e+01,4.607130621068972687e+01,6.053728403090860688e+00,5.762519614682935298e+01,1.441653578365910171e+01,1.420298426080380523e+02,7.185957989701960003e+01
-2.409065379403923401e+00,-9.126946779359496054e-01,1.503124010785821874e+01,4.259977724638247309e+01,6.058277164843149265e+00,4.341104101727455600e+01,1.568827546142612128e+01,1.331889167981519790e+02,7.624038761140219833e+01
-2.409065379403923401e+00,-6.608693580833817638e-01,1.363934370600621726e+01,4.013921078151633992e+01,6.049863592467034756e+00,7.908923407650303261e+01,1.517796567058420187e+01,1.873926357023074729e+02,7.288530377278031835e+01
-2.409065379403923401e+00,-4.090440382308140332e-01,1.238671997124058599e+01,3.860533160803788633e+01,6.037382842278787187e+00,1.218926420451572312e+02,1.260786995868043192e+01,2.685496061764491742e+02,6.156998245909111489e+01
-2.409065379403923401e+00,-1.572187183782462472e-01,1.092279463877990686e+01,3.780528595018677152e+01,6.037744028941332886e+00,1.274832650086369767e+02,1.304934372525242203e+01,2.994950301695214421e+02,6.042904167917673419e+01
-2.409065379403923401e+00,9.460660147432153888e-02,9.664725327130319954e+00,3.753100015127711231e+01,6.044542603216752852e+00,1.214612427111885893e+02,1.420676576851315787e+01,2.976504863921925903e+02,6.353849928140468961e+01
-2.409065379403923401e+00,3.464319213268893249e-01,9.490393600416252795e+00,3.761458654103535082e+01,6.044353896618182453e+00,1.226129357546401621e+02,1.371981328826023372e+01,2.916156919096338243e+02,6.233235606433648712e+01
-2.409065379403923401e+00,5.982572411794571110e-01,1.039847882059783579e+01,3.797907125750316482e+01,6.046305868055828370e+00,1.207473768081233487e+02,1.216823266908007284e+01,2.452723638189863209e+02,6.048741892418748733e+01
-2.409065379403923401e+00,8.500825610320248416e-01,1.186070645530384837e+01,3.861036345652792079e+01,6.064321965444653628e+00,8.526442899679443599e+01,1.444007934037535712e+01,1.446029694309228546e+02,7.386953733349619711e+01
-2.409065379403923401e+00,1.101907880884592572e+00,1.375747472245941871e+01,3.939715236289703171e+01,6.086383826552483889e+00,3.676975451489340685e+01,1.566824169606965356e+01,6.955292815204683166e+01,8.010775696223859654e+01
-2.409065379403923401e+00,1.353733200737160525e+00,1.462344668130344871e+01,3.994443578149525820e+01,6.092471893996962429e+00,4.882202313137520377e+01,1.563544086860066074e+01,9.480385352233761864e+01,7.992405170953254867e+01
-2.409065379403923401e+00,1.605558520589728255e+00,1.419139629928733015e+01,3.957357550425331283e+01,6.088944974063446480e+00,9.271526236701021162e+01,1.393184254310355108e+01,1.717668012686640964e+02,7.190826316483298797e+01
-2.409065379403923401e+00,1.857383840442295986e+00,1.214048616706841166e+01,3.761681970406880282e+01,6.097664733225226286e+00,9.142369725950325687e+01,1.319735715263629139e+01,2.143120713955811709e+02,6.903348696253731021e+01
-2.409065379403923401e+00,2.109209160294863938e+00,9.046423761616281922e+00,3.386252179317671107e+01,6.119759162370344896e+00,6.852556055432052062e+01,1.485502099937722242e+01,2.157355337008129936e+02,7.712049073625615847e+01
-2.409065379403923401e+00,2.361034480147431669e+00,5.901570352854625945e+00,2.884074973793758545e+01,6.136578381699631990e+00,8.068392426402903084e+01,1.499610928187219017e+01,2.303556261140016090e+02,7.753819561354957557e+01
-2.409065379403923401e+00,2.612859799999999399e+00,3.876088583285886013e+00,2.371937047122446529e+01,6.163636815465581620e+00,1.314573191365466869e+02,1.505130595409617555e+01,3.119377022622484787e+02,7.884059411399469752e+01
-2.161350780384688974e+00,-3.430947876461627466e+00,2.516560545351532063e+00,2.613445537681946007e+01,6.267857205552023636e+00,1.280373299836396654e+02,2.085203021951054581e+01,2.311285418053392675e+02,1.150074602807894593e+02
-2.161350780384688974e+00,-3.179122556609059735e+00,6.968590490435232709e+00,3.031819130494477577e+01,6.185835890637391365e+00,8.698265813754420606e+01,2.018324683755950844e+01,1.021614935459938351e+02,1.195688044954144829e+02
-2.161350780384688974e+00,-2.927297236756492005e+00,1.142062043551893247e+01,3.792693261507156421e+01,6.120302010423700700e+00,9.655571034766182947e+01,1.972509085227825665e+01,1.076263494855545559e+02,1.174478309166962759e+02
-2.161350780384688974e+00,-2.675471916903924274e+00,1.606622755682020198e+01,4.671567335641339014e+01,6.082535556082692807e+00,1.043950503681241031e+02,1.687883031726353522e+01,1.339304993591553341e+02,9.475766638551326082e+01
-2.161350780384688974e+00,-2.423646597051356544e+00,2.016570188484829274e+01,5.407016316718636517e+01,6.091243196717865516e+00,6.711261603728246428e+01,1.396899041970720923e+01,8.923631213706804033e+01,7.827038151971224522e+01
-2.161350780384688974e+00,-2.171821277198788369e+00,2.274334117898980523e+01,5.811482909840015054e+01,6.125027035831320354e+00,4.859428266736875912e+01,1.464261754009195649e+01,6.584885775549321352e+01,7.993403897072963105e+01
-2.161350780384688974e+00,-1.919995957346220639e+00,2.365666065438422905e+01,5.834207958746947043e+01,6.136315833874732562e+00,5.318230109973015374e+01,1.437379761527030197e+01,7.025486280581748133e+01,7.934739441675694138e+01
-2.161350780384688974e+00,-1.668170637493652908e+00,2.312800747189266914e+01,5.549857128878466028e+01,6.106554091777889326e+00,6.065545292215779227e+01,1.476080536019264855e+01,7.570971617338793180e+01,8.047937915773277950e+01
-2.161350780384688974e+00,-1.416345317641085177e+00,2.070985363269837265e+01,5.097248575655248715e+01,6.063570964460871515e+00,6.804944255223171012e+01,1.396740705011125705e+01,9.380548780540433995e+01,7.565338266652437937e+01
-2.161350780384688974e+00,-1.164519997788517447e+00,1.796079644670734510e+01,4.616047376870301377e+01,6.038421395981057316e+00,5.861023706642447451e+01,1.856962735906984463e+01,1.010241570924234509e+02,8.788275033929753022e+01
-2.161350780384688974e+00,-9.126946779359496054e-01,1.516358953605364590e+01,4.211242147358734655e+01,6.030813017559611744e+00,5.788286216277290208e+01,2.150416059314413175e+01,1.195216561109542539e+02,1.034641593133899704e+02
-2.161350780384688974e+00,-6.608693580833817638e-01,1.304329200574594338e+01,3.941567681858577998e+01,6.029267258416185271e+00,9.117299617264288258e+01,1.985290984735939546e+01,1.944588144660728233e+02,8.989983014639595638e+01
-2.161350780384688974e+00,-4.090440382308140332e-01,1.090974762101278017e+01,3.815089444904515403e+01,6.038083382738636651e+00,1.242478289047876387e+02,1.475735537664045438e+01,2.814714082518825080e+02,6.370541077240523009e+01
-2.161350780384688974e+00,-1.572187183782462472e-01,9.136821926931897764e+00,3.790054062958188297e+01,6.060834180562646445e+00,1.300004729908400805e+02,1.416079540860690855e+01,3.128600368823897497e+02,6.391803324510630091e+01
-2.161350780384688974e+00,9.460660147432153888e-02,8.155853651018439621e+00,3.794645756575255291e+01,6.077782449951846466e+00,1.290471769872697223e+02,1.421605650333832216e+01,3.119580861737661621e+02,6.401413246768663612e+01
-2.161350780384688974e+00,3.464319213268893249e-01,8.445508040426027208e+00,3.768973054389607569e+01,6.070039745736058201e+00,1.298245912219520051e+02,1.433999383548563777e+01,3.152015215179911820e+02,6.455027197486766966e+01
-2.161350780384688974e+00,5.982572411794571110e-01,9.937058782140427482e+00,3.704591218224641125e+01,6.051696333214754198e+00,1.290005652495524373e+02,1.378460350120636946e+01,2.876745683836824128e+02,6.135054029783611895e+01
-2.161350780384688974e+00,8.500825610320248416e-01,1.173515880239229325e+01,3.646073917372632422e+01,6.048734340018637745e+00,1.038680481907966850e+02,1.796475818012618575e+01,1.955021014615996080e+02,7.903341659502120820e+01
-2.161350780384688974e+00,1.101907880884592572e+00,1.365297613241069996e+01,3.645822766392416270e+01,6.060449791719813462e+00,6.739537883036854282e+01,2.109147653154465019e+01,1.225557143935822353e+02,9.915651753305334637e+01
-2.161350780384688974e+00,1.353733200737160525e+00,1.457623503253339337e+01,3.706249183126237767e+01,6.071690109848796979e+00,7.549677138315132652e+01,2.086733312192975376e+01,1.546005343257758113e+02,9.708774076241955697e+01
-2.161350780384688974e+00,1.605558520589728255e+00,1.416536927098635346e+01,3.759957566998764378e+01,6.086634638265137731e+00,9.797061111674084088e+01,1.744864894014825296e+01,2.172192830090882580e+02,7.891506070444316379e+01
-2.161350780384688974e+00,1.857383840442295986e+00,1.242057948461876293e+01,3.709415382659062743e+01,6.117668931874008287e+00,8.550558861818939249e+01,1.479551675004787903e+01,2.308578226041170467e+02,7.565251751980926542e+01
-2.161350780384688974e+00,2.109209160294863938e+00,9.602335891654050215e+00,3.497896138225200957e+01,6.151556524823094563e+00,7.158672471165874640e+01,1.526547719826599270e+01,2.259053482902691314e+02,7.945802437955670428e+01
-2.161350780384688974e+00,2.361034480147431669e+00,6.536284774693010391e+00,3.157591112927821086e+01,6.155215753876245977e+00,7.243443814115661894e+01,1.530178384273783543e+01,2.227064732297566820e+02,7.925297474920860452e+01
-2.161350780384688974e+00,2.612859799999999399e+00,4.998984774801748188e+00,2.799687543935738177e+01,6.123062773155216298e+00,8.831340092729561775e+01,1.509201394190649737e+01,2.426498316152707844e+02,7.862729254367248188e+01
-1.913636181365454547e+00,-3.430947876461627466e+00,3.120516897050485738e+00,2.452854195874988363e+01,6.228245287996412749e+00,1.342106725360787323e+02,2.443182716559772416e+01,3.083109183671369919e+02,1.284320606920171315e+02
-1.913636181365454547e+00,-3.179122556609059735e+00,7.445767623640074717e+00,2.954780387409027753e+01,6.133741381688351701e+00,9.543357939228154407e+01,2.404115605116812660e+01,1.574739922142146895e+02,1.287732032652834278e+02
-1.913636181365454547e+00,-2.927297236756492005e+00,1.177101835022966014e+01,3.770989215960662477e+01,6.077396488346816561e+00,8.744196904990066344e+01,2.330661095529083227e+01,1.216470360252586715e+02,1.238251652619896674e+02
-1.913636181365454547e+00,-2.675471916903924274e+00,1.638646073660828506e+01,4.667650124911233434e+01,6.060124620995572364e+00,8.180948851929210264e+01,1.896767735133519039e+01,1.180029409638380429e+02,9.609039092853006991e+01
-1.913636181365454547e+00,-2.423646597051356544e+00,2.033512645755566695e+01,5.405311283715127502e+01,6.088279445691221703e+00,5.754559281598483267e+01,1.426025485587237718e+01,7.881800621184336819e+01,7.839311690692312595e+01
-1.913636181365454547e+00,-2.171821277198788369e+00,2.299172003704071443e+01,5.829743326518746471e+01,6.134069427812575803e+00,5.219814495109753238e+01,1.439644592289088010e+01,6.899530142547615696e+01,7.952209779653472310e+01
-1.913636181365454547e+00,-1.919995957346220639e+00,2.375131835032576078e+01,5.904060063156975957e+01,6.149372453473728406e+00,5.409730074689225177e+01,1.411184049968164089e+01,7.327169870486292780e+01,7.873663897191335082e+01
-1.913636181365454547e+00,-1.668170637493652908e+00,2.325534793057203586e+01,5.681359893905937497e+01,6.116081729392183419e+00,4.944531160842149120e+01,1.459183637247700638e+01,6.431933637465024844e+01,8.015039459268700739e+01
-1.913636181365454547e+00,-1.416345317641085177e+00,2.076271301609455833e+01,5.257929041147508542e+01,6.063260042867736566e+00,5.725674639797642840e+01,1.435281010524585987e+01,7.770778500530448696e+01,7.675129480266589610e+01
-1.913636181365454547e+00,-1.164519997788517447e+00,1.774275546136285797e+01,4.744737708103548357e+01,6.027484233285612447e+00,6.545228962120532401e+01,2.016167146624263395e+01,1.067248276918962944e+02,9.557141833670162612e+01
-1.913636181365454547e+00,-9.126946779359496054e-01,1.433422713107522029e+01,4.257646365397158661e+01,6.016294935457231041e+00,7.320184956777590912e+01,2.377678258068786121e+01,1.420761106785021184e+02,1.166572642505461204e+02
-1.913636181365454547e+00,-6.608693580833817638e-01,1.136849800465422078e+01,3.899323040751005465e+01,6.021069964769081295e+00,9.320372777392044839e+01,2.167345737033271291e+01,2.034386222161405726e+02,9.954532947320346636e+01
-1.913636181365454547e+00,-4.090440382308140332e-01,8.738579143057737753e+00,3.720952789860075427e+01,6.041039768292878698e+00,1.159603514759269274e+02,1.549360333722743199e+01,2.749012494802734068e+02,6.604051174728121509e+01
-1.913636181365454547e+00,-1.572187183782462472e-01,7.024881718218594528e+00,3.691318918436354579e+01,6.071933954914271681e+00,1.272442164123240360e+02,1.423523526984594945e+01,3.098059487723321013e+02,6.398502927270112650e+01
-1.913636181365454547e+00,9.460660147432153888e-02,6.768026193069037078e+00,3.714149501966312528e+01,6.090295789723197295e+00,1.291821430907158401e+02,1.390128797093056967e+01,3.107990659775319386e+02,6.308676898374339714e+01
-1.913636181365454547e+00,3.464319213268893249e-01,7.685566631255414727e+00,3.696993511561504420e+01,6.078323216067123447e+00,1.286959481969408614e+02,1.421639457151859531e+01,3.118576792045149091e+02,6.419846456738801521e+01
-1.913636181365454547e+00,5.982572411794571110e-01,9.680628185335326208e+00,3.620502686511463253e+01,6.052443707522504823e+00,1.223282177899550334e+02,1.427500205216026430e+01,2.914315395040604812e+02,6.200593774685409443e+01
-1.913636181365454547e+00,8.500825610320248416e-01,1.133230456189222934e+01,3.545698262812220491e+01,6.041189433960565403e+00,1.008053233292408635e+02,1.937630355980246222e+01,2.245518469561681627e+02,8.294273686922893773e+01
-1.913636181365454547e+00,1.101907880884592572e+00,1.295841016755103503e+01,3.548136582648658077e+01,6.047367652916450176e+00,7.917302723969189060e+01,2.326244567055956836e+01,1.779561174570524145e+02,1.081830486730931398e+02
-1.913636181365454547e+00,1.353733200737160525e+00,1.388423292839343048e+01,3.635763586455232144e+01,6.059010542328718607e+00,8.000806670614147720e+01,2.296386567768373865e+01,2.001707971221683522e+02,1.058710889330624525e+02
-1.913636181365454547e+00,1.605558520589728255e+00,1.376291395056702882e+01,3.725251598389149876e+01,6.080570554669028738e+00,8.345773563942526607e+01,1.876680193448532208e+01,2.268938557196560737e+02,8.359449876721561168e+01
-1.913636181365454547e+00,1.857383840442295986e+00,1.219099049167601123e+01,3.700930821428528361e+01,6.120792421184904519e+00,7.492111054499889633e+01,1.514109190146680106e+01,2.238408476910270508e+02,7.697287898001107465e+01
-1.913636181365454547e+00,2.109209160294863938e+00,9.682969928618163635e+00,3.508322438092545781e+01,6.161839721726097174e+00,7.393791918427092469e+01,1.502021637430881640e+01,2.269327383595368701e+02,7.853391119680497923e+01
-1.913636181365454547e+00,2.361034480147431669e+00,6.929211611964971596e+00,3.206014636408781371e+01,6.168592494359748990e+00,6.954648322382421100e+01,1.507345467611043510e+01,2.227404239121379987e+02,7.873270342543038680e+01
-1.913636181365454547e+00,2.612859799999999399e+00,5.378372671705279551e+00,2.936439244638677337e+01,6.131620487508602224e+00,6.788172448394539060e+01,1.506168960676327906e+01,2.175755319361664704e+02,7.817890978279901049e+01
-1.665921582346220120e+00,-3.430947876461627466e+00,1.900555350720118497e+00,2.524115740758861648e+01,6.198241568759367048e+00,1.300380724679009745e+02,2.061496445790645282e+01,2.797750822262289603e+02,1.094985241903584949e+02
-1.665921582346220120e+00,-3.179122556609059735e+00,6.668109521716545807e+00,3.083422832963969995e+01,6.122585626471060749e+00,7.547861082157439228e+01,2.034235521204743691e+01,1.339930994219832314e+02,1.107816803323838712e+02
-1.665921582346220120e+00,-2.927297236756492005e+00,1.143566369271296779e+01,3.887471792785436264e+01,6.076729856096324767e+00,6.327425218399560691e+01,1.987100052218106683e+01,9.769893369910843717e+01,1.074354577175834464e+02
-1.665921582346220120e+00,-2.675471916903924274e+00,1.612131055151263936e+01,4.713810156662111694e+01,6.059718501050915584e+00,6.601749699209648270e+01,1.696714160965532514e+01,9.637528107528407872e+01,8.714990268564048392e+01
-1.665921582346220120e+00,-2.423646597051356544e+00,2.029280536460185758e+01,5.373766464951040689e+01,6.077257124033859093e+00,5.757757921501954002e+01,1.381486670646122050e+01,7.696681120101038687e+01,7.627957216503760662e+01
-1.665921582346220120e+00,-2.171821277198788369e+00,2.299658625074808782e+01,5.770474612345969945e+01,6.110263695527177852e+00,5.126978174320397841e+01,1.454443028114359038e+01,6.861731489559110742e+01,8.000485576373620233e+01
-1.665921582346220120e+00,-1.919995957346220639e+00,2.393564720357971964e+01,5.889353261753421975e+01,6.119344179739435674e+00,5.243494754698377847e+01,1.440194878595586481e+01,6.769795730688434787e+01,7.939047025496282117e+01
-1.665921582346220120e+00,-1.668170637493652908e+00,2.315791199552413460e+01,5.751965535834733600e+01,6.088460078574557066e+00,7.354832646011607267e+01,1.451987975377743822e+01,9.023922123903480497e+01,8.006433260671444430e+01
-1.665921582346220120e+00,-1.416345317641085177e+00,2.021756807727097538e+01,5.390160572419154050e+01,6.044402909680625768e+00,9.714015194531719999e+01,1.343747608899488633e+01,1.451884224427538470e+02,7.121511067458790478e+01
-1.665921582346220120e+00,-1.164519997788517447e+00,1.665223852341334165e+01,4.863993910585486447e+01,6.019746517032597666e+00,9.234093133087159799e+01,1.680897809898872453e+01,1.842648137949657041e+02,7.521743357690515097e+01
-1.665921582346220120e+00,-9.126946779359496054e-01,1.262575378988561958e+01,4.288125206627046282e+01,6.016992294823012344e+00,8.466154024661817346e+01,1.901301652499637740e+01,2.004910988837890784e+02,8.642206305503283659e+01
-1.665921582346220120e+00,-6.608693580833817638e-01,9.181357904420575977e+00,3.812038362296061678e+01,6.023185217274973802e+00,9.173421600297085376e+01,1.785431360177018689e+01,2.264648406650113088e+02,7.766248820724402435e+01
-1.665921582346220120e+00,-4.090440382308140332e-01,6.288155686237725916e+00,3.546178153947221290e+01,6.036446468950876110e+00,1.082472568539310345e+02,1.387092803099661964e+01,2.720031382989752728e+02,6.055715604544182185e+01
-1.665921582346220120e+00,-1.572187183782462472e-01,5.083118019072340843e+00,3.492720095289405435e+01,6.056440911995563781e+00,1.227675431802620380e+02,1.389527078659188852e+01,3.049144718055965768e+02,6.328381549005342066e+01
-1.665921582346220120e+00,9.460660147432153888e-02,5.521860931380817128e+00,3.551333112382781110e+01,6.067365222862385998e+00,1.271362236693017564e+02,1.437592503330356131e+01,3.102820787428005360e+02,6.440141272580301290e+01
-1.665921582346220120e+00,3.464319213268893249e-01,7.190658862230515425e+00,3.605398781793883245e+01,6.057031710073238706e+00,1.278422063769234853e+02,1.426059313425196606e+01,3.114042151487651608e+02,6.438633617845457024e+01
-1.665921582346220120e+00,5.982572411794571110e-01,9.170463753905991666e+00,3.614266700256757758e+01,6.040565796288866807e+00,1.163355984275772244e+02,1.305136946132582310e+01,2.907915633250599967e+02,5.891945726210405354e+01
-1.665921582346220120e+00,8.500825610320248416e-01,1.049095044180700143e+01,3.626131020505454217e+01,6.039727878630987590e+00,9.156606779686995878e+01,1.603346649701513016e+01,2.402339032501272413e+02,6.805743333431854580e+01
-1.665921582346220120e+00,1.101907880884592572e+00,1.162512490982956948e+01,3.700571776074320951e+01,6.050468014472041745e+00,7.482371055443030627e+01,1.829353324098288169e+01,2.123887184696127122e+02,8.007431313450683774e+01
-1.665921582346220120e+00,1.353733200737160525e+00,1.236595314518814348e+01,3.818033752058545360e+01,6.057598834797605747e+00,7.375928425839505564e+01,1.815748142571754542e+01,2.235211000655154407e+02,7.987086396582745351e+01
-1.665921582346220120e+00,1.605558520589728255e+00,1.250759950014985655e+01,3.868002988036050738e+01,6.067428394499136957e+00,7.736630439430248884e+01,1.563499994173274743e+01,2.334139986231373314e+02,7.033986078921584806e+01
-1.665921582346220120e+00,1.857383840442295986e+00,1.122497952725986359e+01,3.734065812216431368e+01,6.095407671614029077e+00,7.573497986495861767e+01,1.411248061731262560e+01,2.289364978552100354e+02,7.306661520771301355e+01
-1.665921582346220120e+00,2.109209160294863938e+00,8.953111603498044246e+00,3.403723530605338965e+01,6.131547630052583742e+00,6.962939213282572837e+01,1.529028219344428585e+01,2.223789179844702346e+02,7.958812770639873690e+01
-1.665921582346220120e+00,2.361034480147431669e+00,6.078938593671015411e+00,3.007560860251305712e+01,6.146400281309054137e+00,7.256425280462519822e+01,1.529344191241117557e+01,2.218473792405033862e+02,7.908134081268303817e+01
-1.665921582346220120e+00,2.612859799999999399e+00,4.661100053152203770e+00,2.752677808089174505e+01,6.137564412809925152e+00,1.030407953719030161e+02,1.494057245349835483e+01,2.628567688236109348e+02,7.854506755417433794e+01
-1.418206983326985693e+00,-3.430947876461627466e+00,2.143417051872216206e-01,2.881126761888572219e+01,6.176117130717922343e+00,9.055153207331829890e+01,1.617838851979053416e+01,1.625894833902204368e+02,1.010147584394572391e+02
-1.418206983326985693e+00,-3.179122556609059735e+00,5.975316199712388254e+00,3.473846869118096947e+01,6.139084770051445261e+00,4.326218189387100210e+01,1.634251087489895227e+01,7.984192719823963102e+01,1.023742306888189546e+02
-1.418206983326985693e+00,-2.927297236756492005e+00,1.173629069423755844e+01,4.211362921982799890e+01,6.107270750501447409e+00,4.252306227714484521e+01,1.618454990523945369e+01,7.847065393405415534e+01,1.018879347818892995e+02
-1.418206983326985693e+00,-2.675471916903924274e+00,1.738474535052767322e+01,4.895363031606939330e+01,6.080878317012794909e+00,5.456548020878898342e+01,1.459634699230023891e+01,8.541569102682726111e+01,8.861771001515865009e+01
-1.418206983326985693e+00,-2.423646597051356544e+00,2.219928620052515811e+01,5.402733013049964939e+01,6.071312269391768268e+00,6.138947445469754882e+01,1.443193858328555557e+01,8.628822233207205272e+01,7.689377972700289376e+01
-1.418206983326985693e+00,-2.171821277198788369e+00,2.500763007562666473e+01,5.706318096447103017e+01,6.076680093137512451e+00,5.857169728035768230e+01,1.543189463603353317e+01,8.726329555971906871e+01,8.122086330922667230e+01
-1.418206983326985693e+00,-1.919995957346220639e+00,2.531839762422869455e+01,5.822075553796457825e+01,6.072736345265806968e+00,6.240412105522631236e+01,1.538212612803539869e+01,9.396245287997172113e+01,8.092980975121152198e+01
-1.418206983326985693e+00,-1.668170637493652908e+00,2.360912218029680076e+01,5.744859275201133642e+01,6.048389058702404952e+00,9.979613004008024291e+01,1.499815711924217787e+01,1.518150925996152409e+02,7.669778271494627120e+01
-1.418206983326985693e+00,-1.416345317641085177e+00,1.976642284187900955e+01,5.444421437763412541e+01,6.026267445329822614e+00,1.248282414081256491e+02,1.294304832487932622e+01,2.290704125385986742e+02,6.425689544324232827e+01
-1.418206983326985693e+00,-1.164519997788517447e+00,1.519200953455626468e+01,4.929300632852391573e+01,6.026828787517724884e+00,1.056897669705360840e+02,1.373538570959621552e+01,2.535315368715935733e+02,6.504490222600560401e+01
-1.418206983326985693e+00,-9.126946779359496054e-01,1.035193479955263030e+01,4.308319079232205695e+01,6.037807844543729097e+00,9.244510828788708068e+01,1.470266137227113923e+01,2.503620808944779412e+02,6.830031142340267536e+01
-1.418206983326985693e+00,-6.608693580833817638e-01,6.530491458498252300e+00,3.769637385619898851e+01,6.038752305504423212e+00,9.254789471531100276e+01,1.447869054349004436e+01,2.520516633206682400e+02,6.739701292879772154e+01
-1.418206983326985693e+00,-4.090440382308140332e-01,4.052516072326870500e+00,3.474502601630229037e+01,6.032067765736354836e+00,9.740491075572978730e+01,1.257704240841314203e+01,2.667559436212776518e+02,6.021425134699092041e+01
-1.418206983326985693e+00,-1.572187183782462472e-01,3.691349392992361977e+00,3.453550413918492268e+01,6.030019253929481238e+00,1.108804104206156467e+02,1.336023993154287659e+01,2.887683218014562954e+02,6.033092574945401054e+01
-1.418206983326985693e+00,9.460660147432153888e-02,5.502502076353330551e+00,3.601875209035551961e+01,6.029981041227162386e+00,1.196169544816278147e+02,1.467541718433405329e+01,2.979442726131575228e+02,6.513418950825109732e+01
-1.418206983326985693e+00,3.464319213268893249e-01,7.937334852321719758e+00,3.778913745299360016e+01,6.025534528425269265e+00,1.176152215707282949e+02,1.419497283095921780e+01,2.948238564580933030e+02,6.292774561952376189e+01
-1.418206983326985693e+00,5.982572411794571110e-01,9.841928194720862777e+00,3.918061126047905418e+01,6.027290984176868704e+00,1.007000569505250951e+02,1.235174380633999469e+01,2.728309420630133673e+02,5.764219018316801169e+01
-1.418206983326985693e+00,8.500825610320248416e-01,1.056251236072810862e+01,4.042791078975096752e+01,6.046100097588917421e+00,8.142885405620194206e+01,1.401181968975001269e+01,2.441637774259779121e+02,6.662439482696996151e+01
-1.418206983326985693e+00,1.101907880884592572e+00,1.127690426761157205e+01,4.181698832067104377e+01,6.066792533036035273e+00,7.532035972745407548e+01,1.484667712498865555e+01,2.349076521251955114e+02,6.932307491182214676e+01
-1.418206983326985693e+00,1.353733200737160525e+00,1.180217977340524094e+01,4.278340556651073712e+01,6.067415714836419838e+00,7.434966323776360753e+01,1.486765401522823993e+01,2.368439499493508436e+02,6.965610043815652830e+01
-1.418206983326985693e+00,1.605558520589728255e+00,1.155455304473298916e+01,4.198717502279669134e+01,6.055997809059515902e+00,7.661147168705620913e+01,1.355039202772970164e+01,2.398930362900663056e+02,6.589760053436272358e+01
-1.418206983326985693e+00,1.857383840442295986e+00,1.001318135263412756e+01,3.843313010152724019e+01,6.059956235344685638e+00,7.839970007602539681e+01,1.333705385393317044e+01,2.393598853526316930e+02,6.616648757756364319e+01
-1.418206983326985693e+00,2.109209160294863938e+00,7.466701530736003178e+00,3.266612953957246646e+01,6.084634666701274952e+00,7.133083684673698599e+01,1.533284884800433545e+01,2.261221367444060490e+02,7.733484049746785161e+01
-1.418206983326985693e+00,2.361034480147431669e+00,4.629690546108386151e+00,2.693588207308175697e+01,6.111829023883189826e+00,8.542122646206831860e+01,1.567558445533471989e+01,2.385858703446256754e+02,7.961790816037404284e+01
-1.418206983326985693e+00,2.612859799999999399e+00,3.345756553760286245e+00,2.408030809216188572e+01,6.154283235767358029e+00,1.384768777642439090e+02,1.623812618121859686e+01,3.305521001955458473e+02,8.334861889448421834e+01
-1.170492384307751266e+00,-3.430947876461627466e+00,0.000000000000000000e+00,3.476756201654734468e+01,6.156257699253250948e+00,4.255887025863921735e+01,1.634571470025033335e+01,7.729190263461669019e+01,1.034461154073033526e+02
-1.170492384307751266e+00,-3.179122556609059735e+00,7.580168083662741196e+00,4.102832896036852617e+01,6.159401531833712973e+00,3.753649394883049695e+01,1.632263500828255687e+01,7.274827324892851266e+01,1.031428841794712810e+02
-1.170492384307751266e+00,-2.927297236756492005e+00,1.516033616732548595e+01,4.763625909577240236e+01,6.146155393372291442e+00,4.216417484204418997e+01,1.649806816313540381e+01,8.014185261896039947e+01,1.040954258356270969e+02
-1.170492384307751266e+00,-2.675471916903924274e+00,2.247844339921644519e+01,5.284234002258426699e+01,6.113318235976890946e+00,5.413298633184589903e+01,1.584891766850114792e+01,8.793944175089205828e+01,9.824677418538414031e+01
-1.170492384307751266e+00,-2.423646597051356544e+00,2.800679768564743455e+01,5.602143326511213672e+01,6.078184935928814703e+00,7.799986533751513207e+01,1.868925703328591936e+01,1.249141709491860155e+02,9.493760690173877492e+01
-1.170492384307751266e+00,-2.171821277198788369e+00,3.062687534977179027e+01,5.756667204761470202e+01,6.056913787715608066e+00,8.342646032640698195e+01,2.193413726528315877e+01,1.539462245997274294e+02,1.111849207715974472e+02
-1.170492384307751266e+00,-1.919995957346220639e+00,2.936380363865331233e+01,5.801101492055795461e+01,6.041275845664342725e+00,8.442500421968470903e+01,2.230392320201773160e+01,1.704806532821658323e+02,1.153962470157311202e+02
-1.170492384307751266e+00,-1.668170637493652908e+00,2.591562420212707352e+01,5.724071830919820059e+01,6.025441518279556874e+00,1.069800763071093712e+02,2.055100293725073257e+01,2.208789431739988345e+02,9.689560813368666459e+01
-1.170492384307751266e+00,-1.416345317641085177e+00,2.066912048703413873e+01,5.461298703487045714e+01,6.026421587348728792e+00,1.170238171250536254e+02,1.577251281282476114e+01,2.669087789719813486e+02,7.033060365921554080e+01
-1.170492384307751266e+00,-1.164519997788517447e+00,1.498981274582981271e+01,4.991529513330169721e+01,6.050459069717178728e+00,1.015461731671849464e+02,1.491769794895750145e+01,2.676921433807127642e+02,6.935185272693813374e+01
-1.170492384307751266e+00,-9.126946779359496054e-01,9.534161512596300625e+00,4.419914426751529390e+01,6.070831720605447401e+00,9.638538282442937088e+01,1.510208085048292226e+01,2.639302947703866948e+02,6.984430943616756338e+01
-1.170492384307751266e+00,-6.608693580833817638e-01,5.792056061906833087e+00,3.952433170639960736e+01,6.062567926179212030e+00,9.212990529580406474e+01,1.523579057079820842e+01,2.588013030743025524e+02,7.036171101781536663e+01
-1.170492384307751266e+00,-4.090440382308140332e-01,4.177551712327797873e+00,3.766054707347211661e+01,6.035010151643565024e+00,8.823224512738426029e+01,1.433332388421129977e+01,2.549681423179126227e+02,6.610191483844188554e+01
-1.170492384307751266e+00,-1.572187183782462472e-01,5.563771637822566341e+00,3.885681752680102363e+01,6.012886124389250853e+00,9.892555111187463979e+01,1.776089759913950417e+01,2.685006041775451422e+02,7.704387970557573340e+01
-1.170492384307751266e+00,9.460660147432153888e-02,9.126458597145813201e+00,4.180536888843562338e+01,6.004169938085857972e+00,1.083718577255721556e+02,2.106212323936046360e+01,2.773320057182272649e+02,9.776734815430090464e+01
-1.170492384307751266e+00,3.464319213268893249e-01,1.214914149080236427e+01,4.481118702071762527e+01,6.005696793055914640e+00,1.059296098455635047e+02,1.976571962430598361e+01,2.710498970471671214e+02,8.822180219311844951e+01
-1.170492384307751266e+00,5.982572411794571110e-01,1.428314346667236023e+01,4.702579362923643203e+01,6.023143865254460216e+00,9.088987479034420858e+01,1.493143636598924395e+01,2.533214095217041404e+02,6.576710959989351579e+01
-1.170492384307751266e+00,8.500825610320248416e-01,1.499684920037789659e+01,4.858881580413935808e+01,6.058079805393346007e+00,7.847040822085391198e+01,1.486300049298978365e+01,2.424660818575920302e+02,6.967215645215580366e+01
-1.170492384307751266e+00,1.101907880884592572e+00,1.534705835770284565e+01,4.966941972594759136e+01,6.086515864814693977e+00,8.186864307096939797e+01,1.487587400009361360e+01,2.472939270266521987e+02,6.996007562089130261e+01
-1.170492384307751266e+00,1.353733200737160525e+00,1.496114186739840690e+01,4.954252245019688417e+01,6.081424879142650397e+00,8.335427552178164490e+01,1.502411245738901613e+01,2.470474317022031983e+02,7.021607134706972886e+01
-1.170492384307751266e+00,1.605558520589728255e+00,1.331416335902029147e+01,4.681305174966837512e+01,6.052495325508902013e+00,7.894312652105436712e+01,1.446697965173213696e+01,2.438621617215941342e+02,6.795563458305834104e+01
-1.170492384307751266e+00,1.857383840442295986e+00,1.057370372463796215e+01,4.074509059686897672e+01,6.036687162234722237e+00,7.930688084629849754e+01,1.660476415760022917e+01,2.448392094055513724e+02,7.403167198149400008e+01
-1.170492384307751266e+00,2.109209160294863938e+00,7.369813130216311237e+00,3.251237850580309896e+01,6.051634888832817971e+00,7.970909403473412169e+01,2.109557956511882182e+01,2.400917341027727900e+02,1.019245410648372712e+02
-1.170492384307751266e+00,2.361034480147431669e+00,4.463346609762512074e+00,2.515306884819619881e+01,6.089788615764372359e+00,9.458000122600782333e+01,2.225656469486892064e+01,2.622988484055997560e+02,1.152860997016957896e+02
-1.170492384307751266e+00,2.612859799999999399e+00,3.432510411243369752e+00,2.207906889139849227e+01,6.181927869999119807e+00,1.309337875916478993e+02,2.291134804764754307e+01,3.475650225573540979e+02,1.240317776941494117e+02
-9.227777852885168386e-01,-3.430947876461627466e+00,4.933997028808256857e+00,4.141221065606077900e+01,6.137327394335896358e+00,3.499622324312832689e+01,1.633945789814615424e+01,7.197219832146700469e+01,1.034045132683920940e+02
-9.227777852885168386e-01,-3.179122556609059735e+00,1.464839520999327860e+01,4.827870502062251035e+01,6.162874625421475905e+00,4.769191150352048680e+01,1.640383075713033278e+01,8.392944247688356540e+01,1.036635291326194022e+02
-9.227777852885168386e-01,-2.927297236756492005e+00,2.436279339117830034e+01,5.454213884317800876e+01,6.164444784688498657e+00,5.507603050429747782e+01,1.635505906426025291e+01,8.929306480817842839e+01,1.033870753226983510e+02
-9.227777852885168386e-01,-2.675471916903924274e+00,3.326030472949732086e+01,5.855672401011361217e+01,6.129901588438459115e+00,9.348109061969523736e+01,1.616398433654757483e+01,1.507418273315529120e+02,1.009910929460972113e+02
-9.227777852885168386e-01,-2.423646597051356544e+00,3.895006766196171810e+01,6.007460190145684464e+01,6.081535005946125061e+00,1.331937873227215903e+02,2.059962111492814429e+01,2.446747863587673919e+02,1.070518907877401773e+02
-9.227777852885168386e-01,-2.171821277198788369e+00,4.011479631757857334e+01,5.996892522579764773e+01,6.047812607282629038e+00,1.246995322566244795e+02,2.503462577234507336e+01,2.708170903046196258e+02,1.352231720774990151e+02
-9.227777852885168386e-01,-1.919995957346220639e+00,3.650447110370392068e+01,5.916321616104323766e+01,6.028861205121798683e+00,1.057540199530060363e+02,2.571288030335574959e+01,2.555826360800843986e+02,1.433396776809949245e+02
-9.227777852885168386e-01,-1.668170637493652908e+00,3.063896632842030954e+01,5.775537051357605378e+01,6.019673252951380782e+00,1.070057269048189852e+02,2.308572412003897512e+01,2.654026835064155989e+02,1.147823011288884913e+02
-9.227777852885168386e-01,-1.416345317641085177e+00,2.397121531964150165e+01,5.518047409964128747e+01,6.032410283595396550e+00,1.096738133936375732e+02,1.692778663596102362e+01,2.759309995251634859e+02,7.567296309369899632e+01
-9.227777852885168386e-01,-1.164519997788517447e+00,1.712080550005368451e+01,5.126241968687463668e+01,6.065524734175601118e+00,1.038196341479804801e+02,1.482423806261842714e+01,2.693395287278401611e+02,6.912983752111853164e+01
-9.227777852885168386e-01,-9.126946779359496054e-01,1.157829018599609761e+01,4.706460048161352461e+01,6.086698896392984004e+00,9.910096505432426284e+01,1.475660174863477181e+01,2.651884972287861046e+02,6.865621335254800783e+01
-9.227777852885168386e-01,-6.608693580833817638e-01,8.684029420567366486e+00,4.454267444139622967e+01,6.071711832017105515e+00,9.719360109036898621e+01,1.507272532569660761e+01,2.618611164966342812e+02,6.983124091993722971e+01
-9.227777852885168386e-01,-4.090440382308140332e-01,9.175327828410019038e+00,4.514427412002987694e+01,6.035180285192338623e+00,1.054519661999531621e+02,1.474071594652223638e+01,2.719667348629357662e+02,6.797129445714915619e+01
-9.227777852885168386e-01,-1.572187183782462472e-01,1.305284960777901482e+01,4.860368635767554224e+01,6.006672991801810468e+00,1.121337377350101860e+02,2.000945073161718923e+01,2.825469205913617543e+02,9.229336008066636055e+01
-9.227777852885168386e-01,9.460660147432153888e-02,1.803137243288637137e+01,5.309301864949338778e+01,5.996092471726416129e+00,1.107396842573639191e+02,2.469716049907353650e+01,2.747843016871167947e+02,1.257922888410772373e+02
-9.227777852885168386e-01,3.464319213268893249e-01,2.166581684551535503e+01,5.662342578718744335e+01,6.000079569584939598e+00,1.180252589211122540e+02,2.278725482107976674e+01,2.784992407909696226e+02,1.110554588411027055e+02
-9.227777852885168386e-01,5.982572411794571110e-01,2.426467501182369801e+01,5.838332587015429453e+01,6.022814392145716234e+00,1.223656893969242674e+02,1.598416212117347612e+01,2.845855626670880270e+02,7.260793259369130226e+01
-9.227777852885168386e-01,8.500825610320248416e-01,2.485508498178520753e+01,5.878748728763730469e+01,6.062934996176425173e+00,1.042047036862876439e+02,1.488516967924114809e+01,2.665089144443811051e+02,6.994044728453739879e+01
-9.227777852885168386e-01,1.101907880884592572e+00,2.430612916080557540e+01,5.832268880858555349e+01,6.093134905721599104e+00,8.931090475947156904e+01,1.481229894436000905e+01,2.524461981286748085e+02,6.970739996728931942e+01
-9.227777852885168386e-01,1.353733200737160525e+00,2.218315242294525191e+01,5.649077294327980781e+01,6.085116617787416082e+00,8.902650592236028615e+01,1.499352977912915463e+01,2.521089367116950370e+02,7.039085307340882025e+01
-9.227777852885168386e-01,1.605558520589728255e+00,1.839882344957828764e+01,5.204843356769788443e+01,6.050376883293441921e+00,8.457712919090970161e+01,1.459887037371950136e+01,2.485671211286193909e+02,6.886699931985617695e+01
-9.227777852885168386e-01,1.857383840442295986e+00,1.399872683939455698e+01,4.443909051351693051e+01,6.029025961110002108e+00,8.192224682977007433e+01,1.786190014580080643e+01,2.474909460554617624e+02,8.087075770241183648e+01
-9.227777852885168386e-01,2.109209160294863938e+00,9.960021786912049535e+00,3.509663422972334956e+01,6.040784441659203807e+00,8.509694077421058012e+01,2.381360935216868313e+01,2.516095469664049347e+02,1.197015344373499062e+02
-9.227777852885168386e-01,2.361034480147431669e+00,7.154971621821721861e+00,2.732521448825218613e+01,6.080534186004315167e+00,9.299734052675579221e+01,2.536687731501447374e+01,2.684655604859132154e+02,1.393486947823441824e+02
-9.227777852885168386e-01,2.612859799999999399e+00,6.872062778009746076e+00,2.465267810296927564e+01,6.190270583825296491e+00,1.063229262343572827e+02,2.575254468126774299e+01,3.106070344102462855e+02,1.493641083984708189e+02
-6.750631862692824114e-01,-3.430947876461627466e+00,1.588376186497647780e+01,4.636068114057889034e+01,6.133035252664680748e+00,4.792640265569801272e+01,1.605477420425800261e+01,8.363105138714780651e+01,1.009959319205796930e+02
-6.750631862692824114e-01,-3.179122556609059735e+00,2.724499964264201424e+01,5.420322060851322021e+01,6.143387530981626377e+00,4.859306962319631396e+01,1.622629018613027441e+01,8.493889335043223809e+01,1.016645670180472081e+02
-6.750631862692824114e-01,-2.927297236756492005e+00,3.860623742030757199e+01,6.085661426247133932e+01,6.143997396826369695e+00,8.120845177511989732e+01,1.581280508391867556e+01,1.449084278630950564e+02,1.004724561962526934e+02
-6.750631862692824114e-01,-2.675471916903924274e+00,4.818189224760171641e+01,6.460104134944685939e+01,6.110485695534628725e+00,1.657209023298198645e+02,1.661078607061959289e+01,3.075756604992338907e+02,9.633176259107354156e+01
-6.750631862692824114e-01,-2.423646597051356544e+00,5.230987336444448488e+01,6.525208995629145647e+01,6.066605632458893282e+00,2.082113807165378034e+02,2.073877839524362088e+01,4.256265733410463099e+02,9.957381398854442978e+01
-6.750631862692824114e-01,-2.171821277198788369e+00,5.025179067916340614e+01,6.388090785937765759e+01,6.040783470004738476e+00,1.688984336212100743e+02,2.370323199970934880e+01,3.870627054307633443e+02,1.202900549874704694e+02
-6.750631862692824114e-01,-1.919995957346220639e+00,4.343081905378468122e+01,6.173175434419681551e+01,6.028092432983935822e+00,1.215453296978112263e+02,2.399709702969239800e+01,3.077715468049831884e+02,1.247829286908641961e+02
-6.750631862692824114e-01,-1.668170637493652908e+00,3.541370138244213450e+01,5.931804063942945504e+01,6.019216870605204051e+00,1.075815757788919029e+02,2.205447415302458936e+01,2.842822372708957346e+02,1.031554672181060255e+02
-6.750631862692824114e-01,-1.416345317641085177e+00,2.774538841564069713e+01,5.651227017587279988e+01,6.026331953817965825e+00,1.087284140177411871e+02,1.669424573444138460e+01,2.815944256557524454e+02,7.253526613536143941e+01
-6.750631862692824114e-01,-1.164519997788517447e+00,2.098451395590908319e+01,5.346088029201382597e+01,6.051351127963569887e+00,1.061522955576363643e+02,1.466851093492225289e+01,2.730504167615847564e+02,6.850557277792869115e+01
-6.750631862692824114e-01,-9.126946779359496054e-01,1.658451174261970351e+01,5.126671622995854705e+01,6.066683205807962942e+00,1.022762143943668889e+02,1.480206126577370362e+01,2.662752145503993688e+02,6.904810502596058086e+01
-6.750631862692824114e-01,-6.608693580833817638e-01,1.600103379362925438e+01,5.153299850010080263e+01,6.052218757720282838e+00,1.211087877294141606e+02,1.492541676265953399e+01,2.868053131529463258e+02,6.938480403790364903e+01
-6.750631862692824114e-01,-4.090440382308140332e-01,1.961731902122709315e+01,5.501087900768834515e+01,6.023603532123914306e+00,1.518345537167803627e+02,1.449980206156031137e+01,3.323711509493134031e+02,6.624957818949815191e+01
-6.750631862692824114e-01,-1.572187183782462472e-01,2.539604095588389043e+01,6.062184256289310724e+01,6.005902340455806510e+00,1.432874773131597124e+02,1.968542412301382782e+01,3.259105334800399305e+02,8.602071293781622785e+01
-6.750631862692824114e-01,9.460660147432153888e-02,3.077907223727136454e+01,6.592572504211420892e+01,6.001453446854362106e+00,1.197013743124940106e+02,2.369827722920090451e+01,2.798819828641494496e+02,1.136618956970920920e+02
-6.750631862692824114e-01,3.464319213268893249e-01,3.485074141644005152e+01,6.876812633597364766e+01,6.003334675383093177e+00,1.417603842571926407e+02,2.228277471422218881e+01,3.031483157628936169e+02,1.025603069813173107e+02
-6.750631862692824114e-01,5.982572411794571110e-01,3.746829760752901706e+01,6.866793831136783410e+01,6.018772306190242283e+00,1.812400770129885643e+02,1.644111085531591243e+01,3.644526129481877206e+02,7.088500662448998924e+01
-6.750631862692824114e-01,8.500825610320248416e-01,3.717563042417096852e+01,6.670666399522451684e+01,6.051553542172581679e+00,1.617407099628706533e+02,1.457174581768105703e+01,3.455690115829595470e+02,6.738191727554833221e+01
-6.750631862692824114e-01,1.101907880884592572e+00,3.487757364142703409e+01,6.410404950886913866e+01,6.077869356892928288e+00,1.120540764438466823e+02,1.432160709512725383e+01,2.847077231595149556e+02,6.758441407386763444e+01
-6.750631862692824114e-01,1.353733200737160525e+00,3.031817445339194350e+01,6.091527861656413734e+01,6.071772746596250769e+00,9.484259346525840328e+01,1.445110561628951906e+01,2.630397024873947203e+02,6.724966247483382631e+01
-6.750631862692824114e-01,1.605558520589728255e+00,2.411658709055940619e+01,5.613782991759399010e+01,6.045032086829339235e+00,9.133128793153082370e+01,1.366987369459683954e+01,2.588986266086409955e+02,6.331386448727155170e+01
-6.750631862692824114e-01,1.857383840442295986e+00,1.873774009020000619e+01,4.913667312102097640e+01,6.033166074277176882e+00,8.718451860493412653e+01,1.623449651747182898e+01,2.571997720524932447e+02,6.944302395776807657e+01
-6.750631862692824114e-01,2.109209160294863938e+00,1.489599999015498710e+01,4.103005177183376873e+01,6.048137561496523595e+00,8.751131794777737127e+01,2.039694281409220267e+01,2.628177883614791313e+02,9.443577407392635337e+01
-6.750631862692824114e-01,2.361034480147431669e+00,1.292235278553941136e+01,3.469177345569551107e+01,6.078032271937513720e+00,8.918240147522315908e+01,2.148544470767281922e+01,2.681582814768493108e+02,1.076991191241976935e+02
-6.750631862692824114e-01,2.612859799999999399e+00,1.431995875368379956e+01,3.323000373686500097e+01,6.162414313403397514e+00,9.246537598974919092e+01,2.256178202526579568e+01,2.767735318791049508e+02,1.182674202090767182e+02
-4.273485872500479843e-01,-3.430947876461627466e+00,3.108746848575268729e+01,4.761307791388117039e+01,6.163495089885372202e+00,6.466794778875303962e+01,2.083866133929174325e+01,1.049326533329599158e+02,1.173531654340726362e+02
-4.273485872500479843e-01,-3.179122556609059735e+00,4.262996475609329394e+01,5.661217971922997094e+01,6.117038112439517228e+00,6.399371878102294886e+01,2.055310192902614119e+01,1.210129104951943191e+02,1.149926901393247221e+02
-4.273485872500479843e-01,-2.927297236756492005e+00,5.417246102643390060e+01,6.428038523965005879e+01,6.097756520267721747e+00,1.138092177599027650e+02,2.041122996942400647e+01,2.417975819531702086e+02,1.115223754270740528e+02
-4.273485872500479843e-01,-2.675471916903924274e+00,6.157526311771351857e+01,6.870939876940610702e+01,6.067568439116492129e+00,2.050410999730797244e+02,2.039988581160408998e+01,4.395013851720167395e+02,9.925345331565547724e+01
-4.273485872500479843e-01,-2.423646597051356544e+00,6.194122582811009181e+01,6.951664939533793586e+01,6.043764221150676796e+00,2.389477824574972260e+02,1.910904706232140171e+01,5.180993917797893573e+02,8.533760925261336183e+01
-4.273485872500479843e-01,-2.171821277198788369e+00,5.570514499042349854e+01,6.768917341091582784e+01,6.040953442578273602e+00,1.853504470461663232e+02,1.811220364471416744e+01,4.188642221608739646e+02,8.619890749674496533e+01
-4.273485872500479843e-01,-1.919995957346220639e+00,4.698275860062959453e+01,6.463312344907353690e+01,6.039488973887682022e+00,1.238716682058469587e+02,1.792150507650377378e+01,3.145884786517212888e+02,8.530879408362191896e+01
-4.273485872500479843e-01,-1.668170637493652908e+00,3.845190145892846800e+01,6.129875640056980046e+01,6.025012801200367640e+00,1.054801623843277127e+02,1.726550742941862282e+01,2.909504419100302357e+02,7.746048347200307660e+01
-4.273485872500479843e-01,-1.416345317641085177e+00,3.129378585651842215e+01,5.812506690827285638e+01,6.014992302811054792e+00,1.043789180732726294e+02,1.563230380279135368e+01,2.812062267392971648e+02,6.434634243455289493e+01
-4.273485872500479843e-01,-1.164519997788517447e+00,2.596471524516423557e+01,5.567771670106594684e+01,6.022203058589691516e+00,9.868903883830604684e+01,1.606379725456613272e+01,2.559140141278956264e+02,6.850650508000687466e+01
-4.273485872500479843e-01,-9.126946779359496054e-01,2.386941020848791339e+01,5.507419874328479636e+01,6.029292642145896330e+00,9.894189007456154172e+01,1.667456857810726234e+01,2.449728104605871692e+02,7.335993254274761455e+01
-4.273485872500479843e-01,-6.608693580833817638e-01,2.650340138524794753e+01,5.745465476400022453e+01,6.020895163391714711e+00,1.305634728134261309e+02,1.608377207023663757e+01,2.874868820912445813e+02,6.856894802409973977e+01
-4.273485872500479843e-01,-4.090440382308140332e-01,3.253904619323783720e+01,6.280144901679886971e+01,6.010011675646886431e+00,1.640900647317509140e+02,1.459258640925578732e+01,3.467248700768969343e+02,5.794416899186973779e+01
-4.273485872500479843e-01,-1.572187183782462472e-01,3.861771300505672144e+01,6.929153258121004910e+01,6.012036774668055195e+00,1.482610350590152848e+02,1.624157246514103292e+01,3.300690841527991211e+02,6.325794236919116287e+01
-4.273485872500479843e-01,9.460660147432153888e-02,4.398682833725477792e+01,7.408025157554220641e+01,6.017676199423630301e+00,1.223803915259997552e+02,1.794504640500415960e+01,2.762765847519564204e+02,7.469440273131071706e+01
-4.273485872500479843e-01,3.464319213268893249e-01,4.744012904194828195e+01,7.510849154282004747e+01,6.014838056090489715e+00,1.528265117010346330e+02,1.749675885082125504e+01,3.117648435323401372e+02,7.132385662123209613e+01
-4.273485872500479843e-01,5.982572411794571110e-01,4.874393309398477214e+01,7.245428237805754179e+01,6.015194927649523571e+00,2.121903051632859842e+02,1.586232907965383099e+01,4.137572616322260046e+02,6.124867952860585518e+01
-4.273485872500479843e-01,8.500825610320248416e-01,4.689395630267376447e+01,6.803814476356637897e+01,6.032175257456895423e+00,2.022891408624439009e+02,1.741914869473331251e+01,4.227474552820306712e+02,7.023728500424027743e+01
-4.273485872500479843e-01,1.101907880884592572e+00,4.249015087653176437e+01,6.394016589242164628e+01,6.051326533568137656e+00,1.381865737924876782e+02,1.904096876097345614e+01,3.395835825296308030e+02,8.412319307422558268e+01
-4.273485872500479843e-01,1.353733200737160525e+00,3.538693572508523744e+01,6.082722165641098400e+01,6.052154566137252445e+00,1.033804623224987722e+02,1.828248625286001783e+01,2.869353535289513388e+02,7.888090903447378821e+01
-4.273485872500479843e-01,1.605558520589728255e+00,2.836249161702157551e+01,5.784225647620405653e+01,6.043741838488195128e+00,9.568089494513877469e+01,1.456398887781698903e+01,2.757223025784514903e+02,6.282024470059196375e+01
-4.273485872500479843e-01,1.857383840442295986e+00,2.373477080831884578e+01,5.394305301752865489e+01,6.050347605235049997e+00,9.183864513274522778e+01,1.359483208688049949e+01,2.742217941374136672e+02,6.391174795990860957e+01
-4.273485872500479843e-01,2.109209160294863938e+00,2.133082599534476032e+01,4.939664106685086153e+01,6.071851356872456584e+00,9.112343623855261399e+01,1.454434911639030226e+01,2.765130527467183583e+02,6.940621599525232455e+01
-4.273485872500479843e-01,2.361034480147431669e+00,2.102282407130413944e+01,4.607361610143379949e+01,6.086258965316679870e+00,9.210775393213324946e+01,1.478877385989774673e+01,2.771392001083355581e+02,7.217127662847198621e+01
-4.273485872500479843e-01,2.612859799999999399e+00,2.469613619920452052e+01,4.628814916357987386e+01,6.119065189922163306e+00,9.358042400932572491e+01,1.601074233991679918e+01,2.762229045743504798e+02,7.742594933730271123e+01
-1.796339882308131131e-01,-3.430947876461627466e+00,4.955175361393975919e+01,4.459937916551098169e+01,6.217934555089158266e+00,8.175584253698980319e+01,2.568951399367824706e+01,1.433935436313586251e+02,1.601150956107867103e+02
-1.796339882308131131e-01,-3.179122556609059735e+00,5.704302852123399958e+01,5.450991536826040829e+01,6.103502308014377320e+00,8.531912443588510087e+01,2.557665070099445259e+01,1.686993968511885384e+02,1.560368521657893837e+02
-1.796339882308131131e-01,-2.927297236756492005e+00,6.453430342852823287e+01,6.328655638019154139e+01,6.057942106391506876e+00,1.218454977296749036e+02,2.528819073190664923e+01,2.773433012461117642e+02,1.453719170341621805e+02
-1.796339882308131131e-01,-2.675471916903924274e+00,6.598395659088910747e+01,6.886956077358172479e+01,6.032146780017425769e+00,1.804285086773543014e+02,2.276200609479577963e+01,4.145298302451377594e+02,1.142576562999538226e+02
-1.796339882308131131e-01,-2.423646597051356544e+00,5.994581596783780952e+01,7.059315052299825766e+01,6.031504651561870212e+00,1.998812238241398802e+02,1.699701999294004295e+01,4.445720724443882546e+02,8.182172655822689933e+01
-1.796339882308131131e-01,-2.171821277198788369e+00,5.225236722839868264e+01,6.918664432236892026e+01,6.051923947328590181e+00,1.553583140474120228e+02,1.510866496192456232e+01,3.623018418138738070e+02,7.748059114045817353e+01
-1.796339882308131131e-01,-1.919995957346220639e+00,4.481879283976861927e+01,6.601878660440161184e+01,6.060120045154555157e+00,1.085646151617146415e+02,1.521884570934543390e+01,2.989950080756344732e+02,7.715753042802099060e+01
-1.796339882308131131e-01,-1.668170637493652908e+00,3.817871494551589961e+01,6.229436652774302274e+01,6.039742664601347677e+00,9.986861315305782227e+01,1.496252573580528278e+01,2.925510976980923488e+02,7.606682643317093095e+01
-1.796339882308131131e-01,-1.416345317641085177e+00,3.323098517324413592e+01,5.885756868444514112e+01,6.013946810074296323e+00,9.840214261903354043e+01,1.551302405167896303e+01,2.760064505527791425e+02,7.058550573062974820e+01
-1.796339882308131131e-01,-1.164519997788517447e+00,3.078685370540084776e+01,5.655129371491420898e+01,6.005115269809566669e+00,9.139615949233159142e+01,2.054911456845274387e+01,2.364549197723261784e+02,9.088523969484792531e+01
-1.796339882308131131e-01,-9.126946779359496054e-01,3.239664089563549254e+01,5.642585122948185017e+01,6.005359243797373736e+00,9.313810731107518848e+01,2.268280805188935290e+01,2.202144009470646608e+02,1.085571097975876143e+02
-1.796339882308131131e-01,-6.608693580833817638e-01,3.746630837452197937e+01,5.922183953176318028e+01,6.003062022115313923e+00,1.154247891305085290e+02,2.103017463814065735e+01,2.559097340267895504e+02,9.312824758306109629e+01
-1.796339882308131131e-01,-4.090440382308140332e-01,4.320220904743795387e+01,6.442552417211118154e+01,6.007317999456844859e+00,1.382994314318583520e+02,1.525043858386800899e+01,3.012921266168962120e+02,6.098984386931871882e+01
-1.796339882308131131e-01,-1.572187183782462472e-01,4.829208441123959261e+01,6.991257298673735932e+01,6.024932054866782849e+00,1.400254392501385610e+02,1.258416209540225061e+01,3.067374349505940359e+02,5.533757685055199005e+01
-1.796339882308131131e-01,9.460660147432153888e-02,5.269322186231792671e+01,7.289364621183631243e+01,6.038434315353088166e+00,1.365442462301462569e+02,1.263289342428511830e+01,2.935835567694680890e+02,5.680228187766604719e+01
-1.796339882308131131e-01,3.464319213268893249e-01,5.413143413696607098e+01,7.169647380332025932e+01,6.031888950595836185e+00,1.573063319629035846e+02,1.272722221486853478e+01,3.156307952535834147e+02,5.688551533404736205e+01
-1.796339882308131131e-01,5.982572411794571110e-01,5.276315349560498902e+01,6.698583680262163398e+01,6.018776244006401654e+00,1.980027795776113635e+02,1.292675447336118744e+01,3.860802835095406067e+02,5.593656098359441842e+01
-1.796339882308131131e-01,8.500825610320248416e-01,4.813592210472405952e+01,6.133183369921243866e+01,6.019878670447048385e+00,1.919952540510341521e+02,1.894317548665324935e+01,4.096451668521447118e+02,8.223247068633658330e+01
-1.796339882308131131e-01,1.101907880884592572e+00,4.109416614731136974e+01,5.740071071190322982e+01,6.031354426798587909e+00,1.391137851463575430e+02,2.393062035943075827e+01,3.480837695901662983e+02,1.178266680041778613e+02
-1.796339882308131131e-01,1.353733200737160525e+00,3.434477117436989602e+01,5.621825333197466534e+01,6.039787610273203100e+00,1.044375329942860162e+02,2.262494263517072923e+01,2.950369369956295031e+02,1.088646874600120356e+02
-1.796339882308131131e-01,1.605558520589728255e+00,2.982396360511161504e+01,5.685723926829450647e+01,6.050421357650168197e+00,9.650746218950159516e+01,1.627267072395747505e+01,2.850399940226497506e+02,7.528764229028968202e+01
-1.796339882308131131e-01,1.857383840442295986e+00,2.765313065242786905e+01,5.764810845416150187e+01,6.074930462922472074e+00,9.650322391300117886e+01,1.440093706372900861e+01,2.859321922327983998e+02,7.134572298478924779e+01
-1.796339882308131131e-01,2.109209160294863938e+00,2.787870886710052076e+01,5.776824637205663748e+01,6.102731674141569584e+00,9.900577453352613588e+01,1.464637363965055172e+01,2.874649360768171391e+02,7.186338900687115938e+01
-1.796339882308131131e-01,2.361034480147431669e+00,3.008424366766904612e+01,5.789084607196764409e+01,6.103975726418569003e+00,1.016580393167643308e+02,1.465499227391222981e+01,2.907315493558178900e+02,7.173852795167245233e+01
-1.796339882308131131e-01,2.612859799999999399e+00,3.589758012330074166e+01,5.948956367216806029e+01,6.088113672693221012e+00,1.016428643620596688e+02,1.451050426216690248e+01,2.889192463952874164e+02,7.134233838578039411e+01
6.808061078842131408e-02,-3.430947876461627466e+00,6.346042021380741716e+01,3.861668264202444334e+01,6.246957377898341157e+00,8.607450621017298431e+01,2.661306457100666378e+01,1.556215776269737603e+02,1.751742709304416223e+02
6.808061078842131408e-02,-3.179122556609059735e+00,6.164476400500614517e+01,4.873039830364359659e+01,6.100183082366519294e+00,8.776363179615570687e+01,2.649732753590004108e+01,1.647556355269990718e+02,1.696327215340814973e+02
6.808061078842131408e-02,-2.927297236756492005e+00,5.982910779620486608e+01,5.798258666351011925e+01,6.041192678451817066e+00,1.074484250853253684e+02,2.603013592946046373e+01,2.288917199161685119e+02,1.548802075179068538e+02
6.808061078842131408e-02,-2.675471916903924274e+00,5.636695701115841217e+01,6.437246687320111960e+01,6.018790441976926253e+00,1.347129861105410953e+02,2.272051483465648047e+01,3.058523042234953664e+02,1.152134448441997989e+02
6.808061078842131408e-02,-2.423646597051356544e+00,5.036910384061745560e+01,6.709631530348542583e+01,6.031035130305441250e+00,1.363821177131717377e+02,1.672211219625255296e+01,3.268014751101173943e+02,7.967290536823044533e+01
6.808061078842131408e-02,-2.171821277198788369e+00,4.435705771216099436e+01,6.663390727014302684e+01,6.062793236758866833e+00,1.116730728769352936e+02,1.519353374983422889e+01,3.037297440574528196e+02,7.740005727277787173e+01
6.808061078842131408e-02,-1.919995957346220639e+00,3.927768563060478613e+01,6.415745464787050878e+01,6.075576629107868776e+00,9.667805025901458293e+01,1.518845231228308101e+01,2.899772168034670585e+02,7.723696002694886431e+01
6.808061078842131408e-02,-1.668170637493652908e+00,3.533244407738548176e+01,6.082211086929601151e+01,6.053449797386747377e+00,9.594406405905229462e+01,1.540778510410284241e+01,2.894374241309309355e+02,7.813156207019002863e+01
6.808061078842131408e-02,-1.416345317641085177e+00,3.364670896121844379e+01,5.750440042111949879e+01,6.021165982855328558e+00,9.157216088664512199e+01,1.584645024948268244e+01,2.728914864031074785e+02,7.597798058017329481e+01
6.808061078842131408e-02,-1.164519997788517447e+00,3.493560637360330645e+01,5.500690157027383975e+01,6.004777598230305102e+00,8.754163125186704519e+01,2.223626998395001664e+01,2.384554410030142719e+02,1.092624925660478823e+02
6.808061078842131408e-02,-9.126946779359496054e-01,3.914238657953654155e+01,5.419425829079682444e+01,6.001880147091076978e+00,9.159926439093338502e+01,2.546543488080737916e+01,2.227885372519762939e+02,1.373144272517156423e+02
6.808061078842131408e-02,-6.608693580833817638e-01,4.415795875747573973e+01,5.559191842164727859e+01,6.002848839385262814e+00,1.063818189838121100e+02,2.290912245793736801e+01,2.471818255975683769e+02,1.133834956749001179e+02
6.808061078842131408e-02,-4.090440382308140332e-01,4.808016102233044364e+01,5.866865947630139999e+01,6.013343781662512377e+00,1.244550856576355500e+02,1.534279552382692202e+01,2.796501333997304641e+02,6.616271869346212497e+01
6.808061078842131408e-02,-1.572187183782462472e-01,5.088775326435502677e+01,6.161742550857889000e+01,6.036068991756361690e+00,1.366412763689473309e+02,1.257918390567891365e+01,2.967941626222431069e+02,5.671667131442395515e+01
6.808061078842131408e-02,9.460660147432153888e-02,5.215391103247791449e+01,6.221403936823298864e+01,6.052312376519898507e+00,1.406310903625643505e+02,1.244392100517535127e+01,3.040306132063365681e+02,5.626981141863090130e+01
6.808061078842131408e-02,3.464319213268893249e-01,5.092507268090497519e+01,5.935487090322021686e+01,6.045430190382317548e+00,1.420463976376337314e+02,1.268439706372222098e+01,3.028995516013270617e+02,5.705121771081235948e+01
6.808061078842131408e-02,5.982572411794571110e-01,4.734796786529410184e+01,5.407584926904019085e+01,6.027135352209313623e+00,1.520214914164945981e+02,1.262084934783102241e+01,3.162985747176664404e+02,5.655679366528855923e+01
6.808061078842131408e-02,8.500825610320248416e-01,4.072104292716933571e+01,4.909760487446874322e+01,6.019281941549132320e+00,1.441309293534495168e+02,1.847786299195414728e+01,3.190646212545490243e+02,8.389430630132211775e+01
6.808061078842131408e-02,1.101907880884592572e+00,3.394924304227096457e+01,4.711100501125383744e+01,6.024358418121456005e+00,1.104292483476788789e+02,2.449509066967004500e+01,2.788073398636085471e+02,1.246334679845003279e+02
6.808061078842131408e-02,1.353733200737160525e+00,3.025707731619350227e+01,4.907818432118074270e+01,6.034797380057890237e+00,9.083180091219173846e+01,2.315337204444817232e+01,2.539665845970322664e+02,1.151157263119374647e+02
6.808061078842131408e-02,1.605558520589728255e+00,2.946184044373681132e+01,5.381281339224733529e+01,6.054346632269460571e+00,9.324077689837481842e+01,1.619906140639025693e+01,2.707886830910225058e+02,7.653158458141112419e+01
6.808061078842131408e-02,1.857383840442295986e+00,3.056918204455212162e+01,5.904769045695502427e+01,6.087761143382761198e+00,1.008039976886917373e+02,1.436759325753938299e+01,2.884117705839701102e+02,7.075569500098619358e+01
6.808061078842131408e-02,2.109209160294863938e+00,3.320058552150183573e+01,6.305002305714833710e+01,6.119005117063450960e+00,1.057127547153699823e+02,1.424529710029256790e+01,2.938701291269668445e+02,7.069883097540093786e+01
6.808061078842131408e-02,2.361034480147431669e+00,3.760189466861330487e+01,6.555598788662609877e+01,6.114220296385564524e+00,1.075441168588675964e+02,1.427868201686129623e+01,2.967142151210013026e+02,7.085033505917587604e+01
6.808061078842131408e-02,2.612859799999999399e+00,4.482045418559697936e+01,6.748679120770793816e+01,6.075550856689424961e+00,1.091270733348408726e+02,1.447563182952486649e+01,2.949124701852377939e+02,7.066633405134012946e+01
3.157952098076557412e-01,-3.430947876461627466e+00,5.241361141993802875e+01,3.235958470915829821e+01,6.217405439035684545e+00,7.174025350202165896e+01,2.480510203005206549e+01,1.227068431411582026e+02,1.464328674131598120e+02
3.157952098076557412e-01,-3.179122556609059735e+00,4.868766728849473679e+01,4.170969890536616731e+01,6.094325460494861346e+00,6.896630308228108674e+01,2.404956456135350606e+01,1.137630744629268662e+02,1.369939553731919091e+02
3.157952098076557412e-01,-2.927297236756492005e+00,4.496172315705145905e+01,5.023545526183443144e+01,6.042855990117271148e+00,9.064017474113333606e+01,2.361561542121085466e+01,1.653578044910079825e+02,1.264814214665750853e+02
3.157952098076557412e-01,-2.675471916903924274e+00,4.126558146598529930e+01,5.631773772647466103e+01,6.021959381600849426e+00,1.179700695013103200e+02,2.100957737545677873e+01,2.451359914040523051e+02,9.887022231943491590e+01
3.157952098076557412e-01,-2.423646597051356544e+00,3.723042857556517049e+01,5.934206262813677313e+01,6.033037476116337672e+00,1.119758536421673227e+02,1.602661829494893198e+01,2.859959965618040201e+02,7.512258742303366432e+01
3.157952098076557412e-01,-2.171821277198788369e+00,3.409200448193455202e+01,5.972525937802492990e+01,6.062474100292429391e+00,9.406795037127673709e+01,1.538239574596876835e+01,2.888454745126233547e+02,7.804193790436775657e+01
3.157952098076557412e-01,-1.919995957346220639e+00,3.191456458961337361e+01,5.839072395325274556e+01,6.075057561608664614e+00,9.377817178067937220e+01,1.533979709704206407e+01,2.864000971707337158e+02,7.760707414710485352e+01
3.157952098076557412e-01,-1.668170637493652908e+00,3.103838197164793300e+01,5.615522709877404850e+01,6.055645493823434755e+00,9.186018767473075286e+01,1.543069636700585789e+01,2.845346698487984440e+02,7.817928075741269822e+01
3.157952098076557412e-01,-1.416345317641085177e+00,3.203914389682293518e+01,5.351614980065278360e+01,6.026258052663651554e+00,8.476815649127412655e+01,1.572123805385671602e+01,2.733731399719117121e+02,7.507616931649795333e+01
3.157952098076557412e-01,-1.164519997788517447e+00,3.512151426570454049e+01,5.088498425322632102e+01,6.011373758579613202e+00,8.337028121449891671e+01,2.149670282059314275e+01,2.454998492745752401e+02,1.015781321525591068e+02
3.157952098076557412e-01,-9.126946779359496054e-01,3.912403726107223179e+01,4.882412443385692313e+01,6.009677673173948520e+00,8.898325722340079835e+01,2.437438453776499259e+01,2.280259185603728724e+02,1.252576708171378783e+02
3.157952098076557412e-01,-6.608693580833817638e-01,4.175171583616641158e+01,4.784002254257939057e+01,6.011460404213960551e+00,1.037162400851308064e+02,2.211087547492276428e+01,2.479771707646655727e+02,1.049846734997973954e+02
3.157952098076557412e-01,-4.090440382308140332e-01,4.335610580632462785e+01,4.782765149744045630e+01,6.020273079834536745e+00,1.209777278609307984e+02,1.494907340960140729e+01,2.794736774421431846e+02,6.385571118625291831e+01
3.157952098076557412e-01,-1.572187183782462472e-01,4.348002319855050501e+01,4.779753659966718260e+01,6.039253058003821728e+00,1.275637967890342566e+02,1.253090202930576957e+01,2.894551095257757538e+02,5.642072663751025630e+01
3.157952098076557412e-01,9.460660147432153888e-02,4.197982513962288920e+01,4.641554059718509961e+01,6.053883021972718659e+00,1.248954232478192807e+02,1.237847987431933916e+01,2.861305456761470509e+02,5.625882260208818053e+01
3.157952098076557412e-01,3.464319213268893249e-01,3.903900122318314914e+01,4.313426410027750535e+01,6.049581415564984077e+00,1.208445737434430498e+02,1.263478389013311975e+01,2.829147303197703422e+02,5.696422544509076857e+01
3.157952098076557412e-01,5.982572411794571110e-01,3.376148540263064746e+01,3.899746967486134963e+01,6.034568204774089395e+00,1.195004622568422974e+02,1.228401553635617738e+01,2.769232628537151299e+02,5.547924303522042067e+01
3.157952098076557412e-01,8.500825610320248416e-01,2.813235997255634757e+01,3.629912556038834737e+01,6.026478623104918775e+00,1.021558036424230238e+02,1.680022684521831167e+01,2.415792322401783849e+02,7.154676843503335704e+01
3.157952098076557412e-01,1.101907880884592572e+00,2.497009086127165389e+01,3.718192708178412431e+01,6.027622382053260175e+00,6.805260948661330644e+01,2.150635529615075825e+01,1.853069809960271357e+02,9.840230349316956904e+01
3.157952098076557412e-01,1.353733200737160525e+00,2.514963413765659794e+01,4.217876833092122979e+01,6.032417948597839086e+00,6.477013919653316520e+01,2.047467299182511979e+01,1.845648201190944917e+02,9.215700760643997569e+01
3.157952098076557412e-01,1.605558520589728255e+00,2.756123259321386598e+01,4.979978071581899712e+01,6.046277256537322842e+00,8.924300039285196817e+01,1.519802050831321161e+01,2.462337777131013752e+02,6.929723698057273396e+01
3.157952098076557412e-01,1.857383840442295986e+00,3.070887564087780675e+01,5.745667724493887363e+01,6.075738838124579821e+00,1.028828135372790911e+02,1.451858368336447214e+01,2.912404497958312390e+02,7.154450513498990460e+01
3.157952098076557412e-01,2.109209160294863938e+00,3.492932771198257313e+01,6.300641739939555919e+01,6.105970484699500211e+00,1.046384584216291387e+02,1.458127447681313349e+01,2.956121341404394798e+02,7.191909777762508327e+01
3.157952098076557412e-01,2.361034480147431669e+00,4.028181552595168569e+01,6.581624439590814291e+01,6.104064696558729963e+00,1.157994575248917499e+02,1.447145912644907462e+01,3.022141598861759917e+02,7.116632713662404797e+01
3.157952098076557412e-01,2.612859799999999399e+00,4.546884910108723687e+01,6.672708562781235742e+01,6.078096240579730747e+00,1.359517806907611259e+02,1.463499141363717904e+01,3.269068358194663233e+02,7.168446831509319850e+01
5.635098088268901684e-01,-3.430947876461627466e+00,3.527343165943824488e+01,2.869927873805045238e+01,6.154869694863004170e+00,4.483751707160315902e+01,1.913053963587837458e+01,7.772624252771998954e+01,9.883120190132572702e+01
5.635098088268901684e-01,-3.179122556609059735e+00,3.254907108212061928e+01,3.642200348304959334e+01,6.090867341430224791e+00,3.932348236070785674e+01,1.750785468158376901e+01,6.258546929763076605e+01,8.989023776094191476e+01
5.635098088268901684e-01,-2.927297236756492005e+00,2.982471050480298658e+01,4.291694988733343052e+01,6.059365430033877509e+00,6.593227578643438846e+01,1.736491304300581717e+01,1.064349757854189278e+02,8.768297470809785921e+01
5.635098088268901684e-01,-2.675471916903924274e+00,2.749524204886299117e+01,4.726063609214543249e+01,6.037685921072070805e+00,1.081237201240493846e+02,1.636462746443303473e+01,1.947428905723032813e+02,8.043561347325220368e+01
5.635098088268901684e-01,-2.423646597051356544e+00,2.582313601840163031e+01,4.939901465432558325e+01,6.037030211744973229e+00,1.113270768810596110e+02,1.392891593428779018e+01,2.599320512785070605e+02,6.937564679112715282e+01
5.635098088268901684e-01,-2.171821277198788369e+00,2.509104468970141966e+01,4.995977106803911738e+01,6.053948029193824354e+00,8.815217923720442172e+01,1.477806275856402074e+01,2.757094368446141743e+02,7.601481671437805687e+01
5.635098088268901684e-01,-1.919995957346220639e+00,2.503441127411555911e+01,4.968031860067458183e+01,6.062578302766874927e+00,8.367420272052390828e+01,1.530191190167572657e+01,2.766730045460949441e+02,7.766407364309783645e+01
5.635098088268901684e-01,-1.668170637493652908e+00,2.577719586321197198e+01,4.888336107520444784e+01,6.049437353352804969e+00,8.469155366563933285e+01,1.490205774364814495e+01,2.777699013961329229e+02,7.638849258307942591e+01
5.635098088268901684e-01,-1.416345317641085177e+00,2.819340614722531768e+01,4.741733105692583194e+01,6.031433490478783632e+00,8.116895958442759706e+01,1.417543676050625834e+01,2.661192281818144920e+02,6.653781425670032945e+01
5.635098088268901684e-01,-1.164519997788517447e+00,3.077780663302174347e+01,4.507505364996177377e+01,6.026852065959604765e+00,8.021864208840987942e+01,1.710135961080902689e+01,2.388351347771108522e+02,7.134381727215259161e+01
5.635098088268901684e-01,-9.126946779359496054e-01,3.237829613652093030e+01,4.204979640974852373e+01,6.030191614617751661e+00,8.601154629698262966e+01,1.849847804680799612e+01,2.228723974319180456e+02,8.040478270939782135e+01
5.635098088268901684e-01,-6.608693580833817638e-01,3.287121817775879862e+01,3.893924270262868959e+01,6.029748208480445015e+00,9.949271999456685478e+01,1.743735743563367535e+01,2.381968734780487864e+02,7.341930948361131470e+01
5.635098088268901684e-01,-4.090440382308140332e-01,3.233509488826940981e+01,3.626477740008704131e+01,6.029764827436578933e+00,1.128825865409262548e+02,1.330972637483845844e+01,2.674974828854670363e+02,5.700244612741451533e+01
5.635098088268901684e-01,-1.572187183782462472e-01,3.079923193871980658e+01,3.401051922648184700e+01,6.038114987743162132e+00,1.171534311195761688e+02,1.252011101804853688e+01,2.799065750181437693e+02,5.659595949398985226e+01
5.635098088268901684e-01,9.460660147432153888e-02,2.851419680513475896e+01,3.173696761597602745e+01,6.047406234587998419e+00,1.153953379771365917e+02,1.270611223910421295e+01,2.766293498729839371e+02,5.676640951953290681e+01
5.635098088268901684e-01,3.464319213268893249e-01,2.475702008588364578e+01,2.927321039819435100e+01,6.046561189186197893e+00,1.137767647898751306e+02,1.286404650591808974e+01,2.784765209077088457e+02,5.721544851883398763e+01
5.635098088268901684e-01,5.982572411794571110e-01,1.980407193310743352e+01,2.735058793321331905e+01,6.040313387302670201e+00,1.078336341635611006e+02,1.166652037080435100e+01,2.615691717485486834e+02,5.438175446349426068e+01
5.635098088268901684e-01,8.500825610320248416e-01,1.700030244665432377e+01,2.746830487096940487e+01,6.039586513253088818e+00,7.259063278040576961e+01,1.288699766243688316e+01,1.916053845611080533e+02,5.602281145901189774e+01
5.635098088268901684e-01,1.101907880884592572e+00,1.757473617758605755e+01,3.091464624924810778e+01,6.041377047459763006e+00,2.532340708410445984e+01,1.461206079165165406e+01,1.194481630736381703e+02,6.194266584109750085e+01
5.635098088268901684e-01,1.353733200737160525e+00,2.043994728325564481e+01,3.765254284493676096e+01,6.037392950485926946e+00,3.339758979955644236e+01,1.416330825386269332e+01,1.298763384926676281e+02,6.030573752364587392e+01
5.635098088268901684e-01,1.605558520589728255e+00,2.441722641397917215e+01,4.598910137105303875e+01,6.035241300308956447e+00,7.822278923624904223e+01,1.201224640835546609e+01,2.110353396708871401e+02,5.638740611167232686e+01
5.635098088268901684e-01,1.857383840442295986e+00,2.859166703534935650e+01,5.337457366253170221e+01,6.049730834741578356e+00,9.695178123752117472e+01,1.286856242249025328e+01,2.708784391428127378e+02,6.453141793149131900e+01
5.635098088268901684e-01,2.109209160294863938e+00,3.269060389797983390e+01,5.780639319831243483e+01,6.074648973549972908e+00,9.951030596224978808e+01,1.422115800175701672e+01,2.828524599733504488e+02,6.979643830621903078e+01
5.635098088268901684e-01,2.361034480147431669e+00,3.597614203506461195e+01,5.887190403791282733e+01,6.083928636447239136e+00,1.307162778725424914e+02,1.428999435042084798e+01,3.201204363298742237e+02,7.069550102409944259e+01
5.635098088268901684e-01,2.612859799999999399e+00,3.680085501288097305e+01,5.777011859150161399e+01,6.098540924475468472e+00,1.721240347697798256e+02,1.492976836407967411e+01,3.968233905973621063e+02,7.459374261596953204e+01
8.112244078461245955e-01,-3.430947876461627466e+00,2.111490799263097884e+01,2.928209798197894997e+01,6.107602303654960707e+00,2.540110925740025039e+01,1.537628176962174642e+01,5.245092209750563939e+01,8.199907300649697106e+01
8.112244078461245955e-01,-3.179122556609059735e+00,2.010512834262531356e+01,3.496963138775231528e+01,6.101498377866162670e+00,2.400156740745876505e+01,1.545465077139239085e+01,4.416132613226182002e+01,8.285573494127652339e+01
8.112244078461245955e-01,-2.927297236756492005e+00,1.909534869261964474e+01,3.860884024770712131e+01,6.089019568033942953e+00,3.260316969479924865e+01,1.554951161014668592e+01,5.333287435667409682e+01,8.316650161280691123e+01
8.112244078461245955e-01,-2.675471916903924274e+00,1.897828030110700226e+01,4.014716414199028804e+01,6.064524510745824770e+00,6.227559940505778968e+01,1.491440351858672564e+01,9.731232474940111388e+01,8.126447542369591304e+01
8.112244078461245955e-01,-2.423646597051356544e+00,1.953395786202302986e+01,4.033294913157442352e+01,6.048131372155801877e+00,8.598507313049969980e+01,1.376250117191088229e+01,1.723426607019993071e+02,6.985298728686137792e+01
8.112244078461245955e-01,-2.171821277198788369e+00,2.029831663604093706e+01,4.021812530387614970e+01,6.048138527360063854e+00,7.955554365105911074e+01,1.594373943637874014e+01,2.267094955178567375e+02,7.546032154603227582e+01
8.112244078461245955e-01,-1.919995957346220639e+00,2.105457754510105062e+01,4.047027239005910815e+01,6.050516127754991480e+00,7.637373452956323661e+01,1.682307450737089383e+01,2.501660358371644861e+02,8.029491408625644056e+01
8.112244078461245955e-01,-1.668170637493652908e+00,2.208101157885053922e+01,4.093679263983358396e+01,6.045520487710436264e+00,8.044744304510921040e+01,1.558585335603515354e+01,2.540195635196438673e+02,7.150563305236771328e+01
8.112244078461245955e-01,-1.416345317641085177e+00,2.339062494350026356e+01,4.079735246235941304e+01,6.044950233891509761e+00,8.068242388869266790e+01,1.227053058625762283e+01,2.416828060898473041e+02,5.481617574585576591e+01
8.112244078461245955e-01,-1.164519997788517447e+00,2.378049985640709707e+01,3.922843795055814553e+01,6.057120313923281429e+00,8.236483734640384569e+01,1.254614526128074559e+01,2.276016289043964491e+02,5.456768958484841647e+01
8.112244078461245955e-01,-9.126946779359496054e-01,2.342959679129286243e+01,3.608267974521913857e+01,6.067310817111507326e+00,8.890608720102316909e+01,1.314173491922687376e+01,2.262189794841933121e+02,5.643952651364634221e+01
8.112244078461245955e-01,-6.608693580833817638e-01,2.265881640554287912e+01,3.204237215573084541e+01,6.060826168948193704e+00,9.439572336065890568e+01,1.278542122670607917e+01,2.329975694978990362e+02,5.571270570875125827e+01
8.112244078461245955e-01,-4.090440382308140332e-01,2.127417045828067188e+01,2.813991830623126589e+01,6.046076723124187424e+00,9.497238978007996479e+01,1.080108938935083351e+01,2.423287692520255234e+02,5.144704495452359083e+01
8.112244078461245955e-01,-1.572187183782462472e-01,1.950001031133936280e+01,2.509398321029220824e+01,6.038918861901032109e+00,9.458488047011556432e+01,1.149406988179301869e+01,2.498542052411785619e+02,5.364036609326330307e+01
8.112244078461245955e-01,9.460660147432153888e-02,1.688385922587232812e+01,2.306752500247239368e+01,6.039717013243735444e+00,9.277449306655566375e+01,1.278143016051469338e+01,2.495533717449530400e+02,5.704454928424836879e+01
8.112244078461245955e-01,3.464319213268893249e-01,1.348804473609832044e+01,2.203253291323926533e+01,6.041013495891459861e+00,8.532370446863291136e+01,1.272283390027009986e+01,2.414949064896873949e+02,5.697293174037667285e+01
8.112244078461245955e-01,5.982572411794571110e-01,1.095625391838296103e+01,2.230731520523431755e+01,6.044985399750012256e+00,6.676707727603195508e+01,1.089825726826697228e+01,2.003273671001390142e+02,5.291583142464422451e+01
8.112244078461245955e-01,8.500825610320248416e-01,1.136511431877672074e+01,2.462109626564597420e+01,6.056054641516738002e+00,2.962225115452395130e+01,1.218127848200547270e+01,1.298330353225750855e+02,5.496766986485927475e+01
8.112244078461245955e-01,1.101907880884592572e+00,1.424065579074640198e+01,2.949548588141260552e+01,6.063963642564906387e+00,4.482858976141983476e-01,1.276318659478937967e+01,9.245171591904571073e+01,5.587743656071673826e+01
8.112244078461245955e-01,1.353733200737160525e+00,1.804646027122483432e+01,3.642740324630449322e+01,6.054515486479384201e+00,9.238748096133377885e+00,1.275832279822770410e+01,1.027645971989783220e+02,5.597583753907000670e+01
8.112244078461245955e-01,1.605558520589728255e+00,2.212486241033256817e+01,4.365557720586684809e+01,6.035830543118878566e+00,3.831868558349913201e+01,1.188590552943997203e+01,1.426565818287280365e+02,5.414946206968719622e+01
8.112244078461245955e-01,1.857383840442295986e+00,2.537785982878656199e+01,4.888579462775942375e+01,6.033167240176928736e+00,6.300147424092460824e+01,1.388153371059386387e+01,1.943173363754487468e+02,6.078768690157935595e+01
8.112244078461245955e-01,2.109209160294863938e+00,2.750043070583980054e+01,5.057219352417632763e+01,6.053466625468080231e+00,8.539245139165615228e+01,1.775658648591587152e+01,2.427942564458196557e+02,8.077382419496163379e+01
8.112244078461245955e-01,2.361034480147431669e+00,2.753409690323666581e+01,4.886790627890422911e+01,6.078707152076709086e+00,1.272271739564006907e+02,1.883336068130399710e+01,3.255512757884130224e+02,9.253632611867169544e+01
8.112244078461245955e-01,2.612859799999999399e+00,2.555457807804259218e+01,4.556886147832028655e+01,6.135148586620050359e+00,1.657137559412496444e+02,2.036083954100236326e+01,4.285006240970631097e+02,1.064859744815077391e+02
1.058939006865359023e+00,-3.430947876461627466e+00,1.553917347037620900e+01,3.366825640707338607e+01,6.085913543572691431e+00,2.318915304487842377e+01,1.543724757717786211e+01,4.404382259295496738e+01,8.156203931437241295e+01
1.058939006865359023e+00,-3.179122556609059735e+00,1.658677063565561483e+01,3.755804582129894698e+01,6.114712679097428882e+00,2.645607074998326880e+01,1.568395934232687949e+01,4.732053017551149310e+01,8.371392042236458053e+01
1.058939006865359023e+00,-2.927297236756492005e+00,1.763436780093502065e+01,3.844136351334418578e+01,6.115004183858623321e+00,2.161098307884552128e+01,1.551646505510043994e+01,4.292873193243383412e+01,8.300598041481926259e+01
1.058939006865359023e+00,-2.675471916903924274e+00,1.922366083355958111e+01,3.708801915341973654e+01,6.089193717491030888e+00,4.168504623000200127e+01,1.565148592330378996e+01,5.937339687221310669e+01,8.330105348249961139e+01
1.058939006865359023e+00,-2.423646597051356544e+00,2.094301426684281608e+01,3.502512568645943247e+01,6.063299188998790612e+00,7.949869906392211760e+01,1.574340689207216748e+01,1.313857212786161028e+02,7.777702034014596677e+01
1.058939006865359023e+00,-2.171821277198788369e+00,2.207266791068814271e+01,3.374175218273012433e+01,6.052646850065723783e+00,8.515709095161554387e+01,2.068671548706373997e+01,1.958556605374587889e+02,9.305850276447084468e+01
1.058939006865359023e+00,-1.919995957346220639e+00,2.250772878900485097e+01,3.390524146785901394e+01,6.050177864391599769e+00,7.903881670474194721e+01,2.242811175827558046e+01,2.185625312281001413e+02,1.022255840073961508e+02
1.058939006865359023e+00,-1.668170637493652908e+00,2.259570930192860772e+01,3.503878267855543527e+01,6.049707218621705351e+00,7.981153641259686538e+01,1.978638732158320224e+01,2.208053808644681624e+02,8.390479417630697867e+01
1.058939006865359023e+00,-1.416345317641085177e+00,2.177164960554796735e+01,3.588629756305454066e+01,6.061256603916052477e+00,8.438473430962577027e+01,1.373013634940667238e+01,2.229580778583647884e+02,5.789854945657636165e+01
1.058939006865359023e+00,-1.164519997788517447e+00,2.034089403090928982e+01,3.526277986647255602e+01,6.085803051900387395e+00,8.806336891360552954e+01,1.254677123296995411e+01,2.268696884261309776e+02,5.566653737403236590e+01
1.058939006865359023e+00,-9.126946779359496054e-01,1.879213857570927004e+01,3.283342931869265158e+01,6.100302030852177815e+00,8.661129471599758745e+01,1.235673909808228110e+01,2.263920392671678599e+02,5.514015195654281598e+01
1.058939006865359023e+00,-6.608693580833817638e-01,1.752250446004045159e+01,2.928749595136287098e+01,6.087858291885254403e+00,8.167710508631842004e+01,1.289721760797429972e+01,2.217208285463233892e+02,5.634282925285830146e+01
1.058939006865359023e+00,-4.090440382308140332e-01,1.615830871309531602e+01,2.581945151091713342e+01,6.061506941018938832e+00,7.364548068431338379e+01,1.194078007533872743e+01,2.127622559137419103e+02,5.409244807528701671e+01
1.058939006865359023e+00,-1.572187183782462472e-01,1.469579365433592066e+01,2.337196019461771357e+01,6.043076712302879017e+00,6.611214952772780862e+01,1.365520318706584035e+01,2.021985586295932364e+02,5.730368694411064467e+01
1.058939006865359023e+00,9.460660147432153888e-02,1.228533127206634568e+01,2.226299086481958511e+01,6.036835576545399817e+00,5.848716715313184977e+01,1.625549694009447776e+01,1.927404346741630548e+02,6.482617307972046206e+01
1.058939006865359023e+00,3.464319213268893249e-01,1.077715197132608083e+01,2.243638089977230266e+01,6.037243450225358465e+00,4.464626679811311760e+01,1.570357882886150591e+01,1.757453449817037949e+02,6.328249433889450160e+01
1.058939006865359023e+00,5.982572411794571110e-01,1.107074446296496539e+01,2.397054452045631479e+01,6.046292081858242184e+00,2.030384491384251078e+01,1.232261366089875665e+01,1.313819133246490196e+02,5.447184983386095070e+01
1.058939006865359023e+00,8.500825610320248416e-01,1.335598502971699020e+01,2.722338076122650818e+01,6.065872183947333518e+00,0.000000000000000000e+00,1.274632424270645181e+01,9.229021283008003707e+01,5.589288577577088546e+01
1.058939006865359023e+00,1.101907880884592572e+00,1.697813032582258330e+01,3.235464436024631141e+01,6.080932094597741866e+00,2.560603027392716058e+00,1.248675668627244306e+01,9.814625506776226871e+01,5.535044010261660219e+01
1.058939006865359023e+00,1.353733200737160525e+00,2.058090035488738323e+01,3.863331117562893269e+01,6.071821369646034583e+00,5.655444607844259508e+00,1.272406750168722667e+01,1.009224707333052891e+02,5.591673432456274639e+01
1.058939006865359023e+00,1.605558520589728255e+00,2.357077507310897602e+01,4.427131735686452885e+01,6.046357867640196559e+00,7.878960755272601091e+00,1.254234248919174455e+01,9.874114193065815925e+01,5.518428655511578995e+01
1.058939006865359023e+00,1.857383840442295986e+00,2.490492244509418640e+01,4.716945076907541079e+01,6.038270092986827819e+00,3.516209994680713180e+01,1.626922659810707472e+01,1.420232760045410885e+02,6.998366939582432167e+01
1.058939006865359023e+00,2.109209160294863938e+00,2.453207716766218383e+01,4.619025073361808609e+01,6.063943877465607812e+00,7.259683656589427869e+01,2.283656351551337949e+01,2.176298782753112278e+02,1.104564488808410516e+02
1.058939006865359023e+00,2.361034480147431669e+00,2.253420996791917474e+01,4.205500828559343063e+01,6.105052338444718174e+00,1.066157036087201249e+02,2.462476160943677428e+01,3.091266129826060478e+02,1.331752178243847027e+02
1.058939006865359023e+00,2.612859799999999399e+00,1.971393414185430615e+01,3.715766048587465775e+01,6.175532286058246889e+00,1.268166393823585736e+02,2.518952376993777875e+01,3.867794761025249954e+02,1.472830845862638967e+02
1.306653605884593450e+00,-3.430947876461627466e+00,1.913052172704473008e+01,3.948506592281046323e+01,6.075558822976241835e+00,3.434398322664620196e+01,1.537517748307103105e+01,5.762710556134945250e+01,8.207969763267310270e+01
1.306653605884593450e+00,-3.179122556609059735e+00,2.176956064442606831e+01,4.241150764800659090e+01,6.106924105954997017e+00,2.758534107976731775e+01,1.551176574437244682e+01,4.885133778381279512e+01,8.326147234633239691e+01
1.306653605884593450e+00,-2.927297236756492005e+00,2.440859956180740298e+01,4.167415585260641819e+01,6.114602649019897029e+00,3.198440258923420743e+01,1.548616098769787541e+01,5.257911771151105995e+01,8.318091123660283870e+01
1.306653605884593450e+00,-2.675471916903924274e+00,2.698906043464934257e+01,3.858467395434490754e+01,6.094319920550770320e+00,7.473784145242768773e+01,1.529983192390999847e+01,1.018028706011453153e+02,8.254025015781041930e+01
1.306653605884593450e+00,-2.423646597051356544e+00,2.894501517816676284e+01,3.511857682139088865e+01,6.074087814994392431e+00,1.096282890230121438e+02,1.485260165551919798e+01,1.832000259196086631e+02,7.418480464519457485e+01
1.306653605884593450e+00,-2.171821277198788369e+00,2.995457397821441603e+01,3.294914720591987134e+01,6.068229361140019762e+00,9.780230591556878039e+01,1.939528470744496857e+01,2.194647452222347113e+02,8.655562474337520484e+01
1.306653605884593450e+00,-1.919995957346220639e+00,2.987157627903642521e+01,3.268706248260423308e+01,6.066095022957919802e+00,8.090566411257719892e+01,2.096289896683162368e+01,2.141759606421720719e+02,9.493660701477702446e+01
1.306653605884593450e+00,-1.668170637493652908e+00,2.895205361306326708e+01,3.372858356690994697e+01,6.060969610760295723e+00,7.813272575579131285e+01,1.862299889473971959e+01,2.124574897474962256e+02,7.984961293052739961e+01
1.306653605884593450e+00,-1.416345317641085177e+00,2.653259872138372089e+01,3.478477327754444559e+01,6.066237619666481784e+00,8.680084270932269419e+01,1.323578724529814465e+01,2.260843525649560490e+02,5.716015685407205638e+01
1.306653605884593450e+00,-1.164519997788517447e+00,2.403368891879322788e+01,3.475775460951263085e+01,6.086052050830039306e+00,8.973051861230055692e+01,1.253418699340059383e+01,2.305644307673754270e+02,5.553198276521042942e+01
1.306653605884593450e+00,-9.126946779359496054e-01,2.165166918817766373e+01,3.340188308782308013e+01,6.098145874256371002e+00,8.809532372924252286e+01,1.237710270317155192e+01,2.278352605236611339e+02,5.520546756670069755e+01
1.306653605884593450e+00,-6.608693580833817638e-01,2.040554595340769239e+01,3.134996682623022934e+01,6.086045249079404584e+00,9.912180514530103892e+01,1.287844826270774234e+01,2.399460608674085904e+02,5.605277479899648796e+01
1.306653605884593450e+00,-4.090440382308140332e-01,1.922357949689903123e+01,2.954662743689550553e+01,6.063133435724994413e+00,9.402184272454435643e+01,1.173309199986833917e+01,2.285118408074986576e+02,5.443751848288735573e+01
1.306653605884593450e+00,-1.572187183782462472e-01,1.806909723545571822e+01,2.858398992774891667e+01,6.048844017585644828e+00,6.402905140038984655e+01,1.283993535056079871e+01,1.849138483132657882e+02,5.731958957020674461e+01
1.306653605884593450e+00,9.460660147432153888e-02,1.672904347719856588e+01,2.849416553319952072e+01,6.043339205923875745e+00,4.063379614753446845e+01,1.476795939099324251e+01,1.564473548969214676e+02,6.232962573276510199e+01
1.306653605884593450e+00,3.464319213268893249e-01,1.697416885393100117e+01,2.912495620637128013e+01,6.039926344517747125e+00,3.035764977480644689e+01,1.414507372042270639e+01,1.450882506397062173e+02,6.020060656760222173e+01
1.306653605884593450e+00,5.982572411794571110e-01,1.897526104713049122e+01,3.065746330520050833e+01,6.043749510842238770e+00,1.745580786764179493e+01,1.148652238042250673e+01,1.219915490793329553e+02,5.242505129374848849e+01
1.306653605884593450e+00,8.500825610320248416e-01,2.194545496585881494e+01,3.364635342072506319e+01,6.060795085674042681e+00,6.210865543971522129e+00,1.247448163769167273e+01,1.019862834933797444e+02,5.540082298364504965e+01
1.306653605884593450e+00,1.101907880884592572e+00,2.570015407172938637e+01,3.839556654263196833e+01,6.077279431998093173e+00,8.132285196802172322e+00,1.240287111386397001e+01,1.043573299166394861e+02,5.521423364509783482e+01
1.306653605884593450e+00,1.353733200737160525e+00,2.852037452611012469e+01,4.417406015746382764e+01,6.072605713819180906e+00,1.980050900251933399e+01,1.266005202714969613e+01,1.137555132620980913e+02,5.595411283019470972e+01
1.306653605884593450e+00,1.605558520589728255e+00,3.009817418109376064e+01,4.907939220240041323e+01,6.055490863194619600e+00,4.164899129993403903e+01,1.226184135033978961e+01,1.430094756724039371e+02,5.441384931260141400e+01
1.306653605884593450e+00,1.857383840442295986e+00,2.969846352999952188e+01,5.092393254481521581e+01,6.061981413333005442e+00,6.608841899005301457e+01,1.557517195224481910e+01,1.964553794166446039e+02,6.702581509784639024e+01
1.306653605884593450e+00,2.109209160294863938e+00,2.751145234167938369e+01,4.866425859747596405e+01,6.105939546862550138e+00,8.200765703695108755e+01,2.154209878823285251e+01,2.489564449612126111e+02,1.053791926970028214e+02
1.306653605884593450e+00,2.361034480147431669e+00,2.450585724845967306e+01,4.334817183854102041e+01,6.157732456254522369e+00,9.291263955476200920e+01,2.306214020545077048e+01,2.973438739951852767e+02,1.258029703509222799e+02
1.306653605884593450e+00,2.612859799999999399e+00,2.199304526621144262e+01,3.781080978582440366e+01,6.208162632861318642e+00,9.738719929859198032e+01,2.331542525112001130e+01,3.272639346603917261e+02,1.347845032996964107e+02
1.554368204903827877e+00,-3.430947876461627466e+00,3.150180445790234529e+01,4.351920886457264714e+01,6.127636617279997644e+00,5.898333167891821915e+01,1.700425009495523199e+01,1.112661445176339754e+02,8.768675040066216297e+01
1.554368204903827877e+00,-3.179122556609059735e+00,3.452256940605393254e+01,4.664847295989238773e+01,6.097817192663522512e+00,3.998182866873179364e+01,1.631987964833561833e+01,7.071609752454597242e+01,8.550926489724740520e+01
1.554368204903827877e+00,-2.927297236756492005e+00,3.754333435420551979e+01,4.616728237131610513e+01,6.093522994354184874e+00,4.235487171886842361e+01,1.619124401267851354e+01,5.475867337516712041e+01,8.361570363867184597e+01
1.554368204903827877e+00,-2.675471916903924274e+00,4.047307477865869885e+01,4.348625564830581425e+01,6.081417586646026052e+00,8.391048394554115930e+01,1.418467691433515832e+01,1.228723382983865235e+02,7.312750830442281824e+01
1.554368204903827877e+00,-2.423646597051356544e+00,4.238737325522431121e+01,4.046654860819762689e+01,6.078385136639682607e+00,1.051597080422472459e+02,1.197752418614722458e+01,2.175839251400287253e+02,6.251620087568564088e+01
1.554368204903827877e+00,-2.171821277198788369e+00,4.314026537767946223e+01,3.849423097056569532e+01,6.088594233734630379e+00,9.160573546416387103e+01,1.389246379921036123e+01,2.450580176299334596e+02,6.893351833313235488e+01
1.554368204903827877e+00,-1.919995957346220639e+00,4.269017347490116521e+01,3.793222185177364736e+01,6.091248211388041511e+00,8.207441190082948879e+01,1.427204183642585278e+01,2.346991972332743330e+02,7.118725703876776834e+01
1.554368204903827877e+00,-1.668170637493652908e+00,4.138651999765702527e+01,3.821873914602838340e+01,6.075731454533205067e+00,7.936251018460416162e+01,1.362688542423390814e+01,2.321368916644792080e+02,6.774032851308739112e+01
1.554368204903827877e+00,-1.416345317641085177e+00,3.891639920566085920e+01,3.848558183271961752e+01,6.060376281162732859e+00,8.442365968123360176e+01,1.096400935069571858e+01,2.338794402226989462e+02,5.502895549123920915e+01
1.554368204903827877e+00,-1.164519997788517447e+00,3.618257702738364401e+01,3.825267708171668346e+01,6.060618448540934011e+00,8.972349321702787961e+01,1.214730610520282639e+01,2.279271591740804581e+02,5.432229092223646205e+01
1.554368204903827877e+00,-9.126946779359496054e-01,3.372528251073224936e+01,3.772171760958372033e+01,6.064545474714003959e+00,1.092907300498456209e+02,1.308530202520815244e+01,2.480328241939058103e+02,5.669099593194048481e+01
1.554368204903827877e+00,-6.608693580833817638e-01,3.221259931708805624e+01,3.748681385280724498e+01,6.058879344778015152e+00,1.464256786264087964e+02,1.273765131825599362e+01,2.932280599479477132e+02,5.567855450356125857e+01
1.554368204903827877e+00,-4.090440382308140332e-01,3.087806666966740821e+01,3.792802412313903915e+01,6.052219077231554500e+00,1.311885022754900092e+02,1.101351561097225940e+01,2.662022326606272031e+02,5.412495360653219478e+01
1.554368204903827877e+00,-1.572187183782462472e-01,2.973120529913426324e+01,3.882822312329699344e+01,6.054292704958645466e+00,7.255255812376235269e+01,1.226169112869563094e+01,1.887832050487722029e+02,5.814019873094817115e+01
1.554368204903827877e+00,9.460660147432153888e-02,2.931223485070804458e+01,3.959900082063904847e+01,6.056368020886426784e+00,4.505973780579688537e+01,1.279091378782439392e+01,1.591449842278193216e+02,5.912585057147559553e+01
1.554368204903827877e+00,3.464319213268893249e-01,3.035894390358230055e+01,3.997540948932510219e+01,6.049137464591804125e+00,4.500240994830693353e+01,1.255534293655580846e+01,1.599484042535105459e+02,5.876685497028619665e+01
1.554368204903827877e+00,5.982572411794571110e-01,3.302583050189325320e+01,4.055137736759206746e+01,6.042204247049522969e+00,4.141613394181932506e+01,1.116436347524933304e+01,1.477119596721481685e+02,5.323653745930552361e+01
1.554368204903827877e+00,8.500825610320248416e-01,3.626455776310911716e+01,4.254406961683707777e+01,6.048855030402035204e+00,3.090541928329412258e+01,1.314343445277308398e+01,1.246845051943767260e+02,5.668722402947384609e+01
1.554368204903827877e+00,1.101907880884592572e+00,3.954669033927393684e+01,4.678528712497791275e+01,6.061142944497173168e+00,2.311499352906304239e+01,1.429088903958690082e+01,1.079966523438970682e+02,6.062571707655408204e+01
1.554368204903827877e+00,1.353733200737160525e+00,4.151904397992665707e+01,5.268163513081162819e+01,6.062938688403817444e+00,4.645942301951959053e+01,1.420030750353149429e+01,1.353741758650138536e+02,5.976304112380957889e+01
1.554368204903827877e+00,1.605558520589728255e+00,4.202805732629115454e+01,5.809021232373561361e+01,6.065252059112089533e+00,9.033751667060050750e+01,1.271476738189009481e+01,2.132642001004535075e+02,5.544373752121684618e+01
1.554368204903827877e+00,1.857383840442295986e+00,4.055659297936477259e+01,6.044463620500391698e+01,6.097901050456725258e+00,1.028278209268549404e+02,1.280909999180328462e+01,2.716277873048653078e+02,6.714277316756817982e+01
1.554368204903827877e+00,2.109209160294863938e+00,3.758624899547582743e+01,5.847015571883275697e+01,6.160539812401077064e+00,9.238712028938965659e+01,1.532930941943964775e+01,2.854140136848810130e+02,8.811306418736700152e+01
1.554368204903827877e+00,2.361034480147431669e+00,3.437982775547384051e+01,5.326731465836201096e+01,6.211712352922746483e+00,8.772527201929617036e+01,1.585291365563335120e+01,2.910963762576087674e+02,9.489330704190926724e+01
1.554368204903827877e+00,2.612859799999999399e+00,3.244535124339473242e+01,4.791925232378184774e+01,6.226706094996758978e+00,8.537198073835352830e+01,1.599066245744348969e+01,2.918975800989817344e+02,9.723068228801460577e+01
1.802082803923062304e+00,-3.430947876461627466e+00,4.464345639428814394e+01,4.314558048013532243e+01,6.422989350668747655e+00,8.301230804829958743e+01,2.295048191843130070e+01,1.808499727294120589e+02,1.253989676606685606e+02
1.802082803923062304e+00,-3.179122556609059735e+00,4.816531613159131808e+01,4.757767530052569782e+01,6.197699255065519885e+00,6.775720016599657924e+01,2.190442795376500840e+01,1.341166057506153777e+02,1.146068251599049859e+02
1.802082803923062304e+00,-2.927297236756492005e+00,5.168717586889449933e+01,4.935234621306153713e+01,6.107668780935569863e+00,6.224140537439103582e+01,2.111625339243226307e+01,1.028621235091056008e+02,1.036576064917316273e+02
1.802082803923062304e+00,-2.675471916903924274e+00,5.469043976567287046e+01,4.949570063121973362e+01,6.075787006131863066e+00,7.991882511201424677e+01,1.713590088968564729e+01,1.544533018275448342e+02,7.809481222581928250e+01
1.802082803923062304e+00,-2.423646597051356544e+00,5.645252334485116563e+01,4.912514969537369325e+01,6.081343157773246411e+00,9.129700721846369049e+01,1.308673226392542155e+01,2.332188510972650022e+02,6.745231383948231496e+01
1.802082803923062304e+00,-2.171821277198788369e+00,5.708639825687613012e+01,4.879893559584888862e+01,6.103629678104162792e+00,8.904612530009217153e+01,1.371562277288180098e+01,2.550001592061950930e+02,7.111752376804048481e+01
1.802082803923062304e+00,-1.919995957346220639e+00,5.669674518894994719e+01,4.838089282976216055e+01,6.110771232409393683e+00,8.878351063226267570e+01,1.340007642733165660e+01,2.508665138199980618e+02,6.965849176437018286e+01
1.802082803923062304e+00,-1.668170637493652908e+00,5.560896654808597361e+01,4.746418456849642098e+01,6.089246299655494354e+00,8.928829865060157545e+01,1.371390277057630058e+01,2.528733064288074956e+02,7.129320985386638654e+01
1.802082803923062304e+00,-1.416345317641085177e+00,5.338236637324158806e+01,4.599687480718421284e+01,6.058858066694140732e+00,8.997707979188493255e+01,1.272696894136896439e+01,2.439049235076040247e+02,6.420804970738640804e+01
1.802082803923062304e+00,-1.164519997788517447e+00,5.093515925988973692e+01,4.459972274101164658e+01,6.042738018935104982e+00,9.378985474476600359e+01,1.601369158182185970e+01,2.304064196442695618e+02,6.845119675439703144e+01
1.802082803923062304e+00,-9.126946779359496054e-01,4.822073430160863694e+01,4.427992740459740162e+01,6.039072715083821485e+00,1.161416245644708738e+02,1.820558763848769956e+01,2.564620337691661121e+02,7.910494100908502446e+01
1.802082803923062304e+00,-6.608693580833817638e-01,4.627139810409637732e+01,4.569713499164936366e+01,6.038088487534727378e+00,1.398656523420003737e+02,1.679861689396240720e+01,2.898739165633016910e+02,7.066621080737891702e+01
1.802082803923062304e+00,-4.090440382308140332e-01,4.470197843915368452e+01,4.852601281127863331e+01,6.043500513121620621e+00,1.098574377798920239e+02,1.282405940406791700e+01,2.429325759119018926e+02,5.779437112901035789e+01
1.802082803923062304e+00,-1.572187183782462472e-01,4.377078215831679131e+01,5.148169642045104410e+01,6.057446938587849772e+00,6.594306044356153507e+01,1.291725926627192678e+01,1.802592887383749485e+02,5.968733573602781917e+01
1.802082803923062304e+00,9.460660147432153888e-02,4.407592083019303431e+01,5.314347616098348226e+01,6.065859976762161487e+00,6.102024741367125671e+01,1.265182958299301497e+01,1.768956074991110086e+02,5.864276783802354487e+01
1.802082803923062304e+00,3.464319213268893249e-01,4.577242267381626561e+01,5.307566168428456876e+01,6.058115833944676787e+00,6.466953329525657068e+01,1.289555135201665692e+01,1.815225216854962298e+02,5.957922258768726209e+01
1.802082803923062304e+00,5.982572411794571110e-01,4.874991150587962352e+01,5.238157165153097594e+01,6.046453675412302609e+00,6.340644168874058551e+01,1.307155387728195528e+01,1.715178484573029323e+02,5.800895819863381320e+01
1.802082803923062304e+00,8.500825610320248416e-01,5.162597059173017300e+01,5.310910785689338809e+01,6.048382928334757658e+00,6.098763061644461914e+01,1.807993625055813780e+01,1.573980654918649975e+02,7.624659635870447971e+01
1.802082803923062304e+00,1.101907880884592572e+00,5.418171703724612343e+01,5.676046762162332016e+01,6.059916992542510705e+00,5.730268248237714346e+01,2.107195900740324390e+01,1.449805172634703183e+02,9.605492568712683976e+01
1.802082803923062304e+00,1.353733200737160525e+00,5.542529761262343158e+01,6.294462462215597043e+01,6.069776745727767597e+00,7.455138852473217526e+01,2.077853314662094419e+01,1.752158944404323222e+02,9.333141128413156196e+01
1.802082803923062304e+00,1.605558520589728255e+00,5.524588890184390522e+01,6.926852901427992037e+01,6.090440716952856270e+00,1.033971759503472185e+02,1.735577542290587871e+01,2.496043987063040674e+02,7.848950384621424803e+01
1.802082803923062304e+00,1.857383840442295986e+00,5.326376497559603962e+01,7.272928345348827861e+01,6.140653990092798331e+00,1.068611695584576466e+02,1.371633798496247714e+01,2.960905776181307942e+02,8.539829302490900886e+01
1.802082803923062304e+00,2.109209160294863938e+00,5.002203238240998218e+01,7.172966894884757494e+01,6.204648214435438014e+00,9.815657545164188491e+01,1.415933662130758997e+01,2.985764377944357193e+02,9.394194022424335344e+01
1.802082803923062304e+00,2.361034480147431669e+00,4.665652708809841442e+01,6.729805169356814076e+01,6.240826346080907250e+00,9.443735394023040897e+01,1.404054001046236877e+01,2.937746807485585236e+02,9.252078055860847883e+01
1.802082803923062304e+00,2.612859799999999399e+00,4.522058289883375437e+01,6.261500179018730705e+01,6.227479780350916982e+00,9.110063269919145057e+01,1.396375616770268024e+01,2.899634603893154008e+02,9.273614238831594037e+01
2.049797402942296731e+00,-3.430947876461627466e+00,5.529616084441561696e+01,3.733995562588643224e+01,7.178195506950304505e+00,9.332889012068048373e+01,2.631147096194677815e+01,2.255558197723926810e+02,1.694679649112271704e+02
2.049797402942296731e+00,-3.179122556609059735e+00,5.919634412735920392e+01,4.369229369542517816e+01,6.577507015770497567e+00,8.803514473881180891e+01,2.598125879766416801e+01,2.035764592322145177e+02,1.596742094761922601e+02
2.049797402942296731e+00,-2.927297236756492005e+00,6.309652741030280509e+01,4.910612465759913903e+01,6.249078678464320191e+00,8.514801530939284646e+01,2.478976655556590103e+01,1.888940131269296216e+02,1.377001043121742043e+02
2.049797402942296731e+00,-2.675471916903924274e+00,6.639116662587171902e+01,5.383415427096406347e+01,6.111526498054210776e+00,9.125174836821162216e+01,1.914050714041123769e+01,2.173689591547946520e+02,9.223574804593101817e+01
2.049797402942296731e+00,-2.423646597051356544e+00,6.823283248597405759e+01,5.775337346560627338e+01,6.088978744852624914e+00,9.773471433418735899e+01,1.338935273649208035e+01,2.559156571830998246e+02,6.879959734034714813e+01
2.049797402942296731e+00,-2.171821277198788369e+00,6.899832658519648021e+01,6.017951601767344982e+01,6.108900312161581247e+00,9.923276498229103026e+01,1.344490587526082059e+01,2.639904908539973576e+02,7.024750917526807825e+01
2.049797402942296731e+00,-1.919995957346220639e+00,6.876430252585942071e+01,6.028930024872533977e+01,6.117556991396897459e+00,9.880723398662439649e+01,1.311838281411916718e+01,2.611225272481395905e+02,6.930759662095766771e+01
2.049797402942296731e+00,-1.668170637493652908e+00,6.760337046976425768e+01,5.790545255651522893e+01,6.098658657132945748e+00,9.802941703697754861e+01,1.356263363594944948e+01,2.617703405141035091e+02,7.054306796398469714e+01
2.049797402942296731e+00,-1.416345317641085177e+00,6.534504213345610424e+01,5.405456475425671670e+01,6.071007871941577427e+00,9.710500877132045616e+01,1.363167930554072349e+01,2.561671641650550555e+02,6.876366514406420549e+01
2.049797402942296731e+00,-1.164519997788517447e+00,6.268863763141503398e+01,5.077536874868746963e+01,6.055779897611915708e+00,9.705840730598174559e+01,2.002094665068198509e+01,2.461028068995585159e+02,9.370604395873525050e+01
2.049797402942296731e+00,-9.126946779359496054e-01,5.977705778115583968e+01,5.013335336389718577e+01,6.050617074056440892e+00,1.023164832441726446e+02,2.388889924949585719e+01,2.490509317184934162e+02,1.196206995974400371e+02
2.049797402942296731e+00,-6.608693580833817638e-01,5.770282682835048860e+01,5.298364787050741143e+01,6.046058758103601605e+00,1.001417237192584224e+02,2.094105156719023242e+01,2.443093129584985377e+02,9.805709303228475449e+01
2.049797402942296731e+00,-4.090440382308140332e-01,5.632743047742228981e+01,5.830760606471085339e+01,6.047394072039490531e+00,8.002777607220194511e+01,1.377371909022636309e+01,2.070337204915028906e+02,6.176326035044282747e+01
2.049797402942296731e+00,-1.572187183782462472e-01,5.633897081788842343e+01,6.368344573469039460e+01,6.059397336567434067e+00,7.225845277592756588e+01,1.276089408583132290e+01,1.857631506063618190e+02,5.914349256188762638e+01
2.049797402942296731e+00,9.460660147432153888e-02,5.774008234780862381e+01,6.673955506741185673e+01,6.068514272563664491e+00,7.433542614917192282e+01,1.247684484153625206e+01,1.894824203095877806e+02,5.857815108845405661e+01
2.049797402942296731e+00,3.464319213268893249e-01,6.011607053636567599e+01,6.671549469442834379e+01,6.063079676310356270e+00,7.502865728475529750e+01,1.272256220883412325e+01,1.895868710699321582e+02,5.916488792382765638e+01
2.049797402942296731e+00,5.982572411794571110e-01,6.307561544231292316e+01,6.504756277157866862e+01,6.056719011874998948e+00,8.950916002820969197e+01,1.348197813708949333e+01,2.035030466174680441e+02,6.024436179317760320e+01
2.049797402942296731e+00,8.500825610320248416e-01,6.490705233977439548e+01,6.445365060730910045e+01,6.068439623739551259e+00,9.744417831928325313e+01,2.058197816408286585e+01,2.197250519468018695e+02,9.777359921645448537e+01
2.049797402942296731e+00,1.101907880884592572e+00,6.630159350372335325e+01,6.702790038452440058e+01,6.091456815379526546e+00,9.115468094700221968e+01,2.515280935304557275e+01,2.179019082511379111e+02,1.370863042489598627e+02
2.049797402942296731e+00,1.353733200737160525e+00,6.634873456816305293e+01,7.264669650183896010e+01,6.111104368058001057e+00,9.280153691620265022e+01,2.471854419430314209e+01,2.316062874702109013e+02,1.321102732791815697e+02
2.049797402942296731e+00,1.605558520589728255e+00,6.559927369496577398e+01,7.887999788603519846e+01,6.137697591632479188e+00,1.033920755915781911e+02,1.955382860503411635e+01,2.742671088630274312e+02,9.838905736309150996e+01
2.049797402942296731e+00,1.857383840442295986e+00,6.308901568185329722e+01,8.257292956173569110e+01,6.183467722959218982e+00,1.090497661336818567e+02,1.440324002987461682e+01,3.056802597147294023e+02,9.074228166981473009e+01
2.049797402942296731e+00,2.109209160294863938e+00,5.987404405523087547e+01,8.203484282727004029e+01,6.228071520804889794e+00,1.104368325566483975e+02,1.400625619281856338e+01,3.106600052999734203e+02,9.327515560373919357e+01
2.049797402942296731e+00,2.361034480147431669e+00,5.669417576871956754e+01,7.829141108479052491e+01,6.241630394285719419e+00,1.086453534990964869e+02,1.393600018251625272e+01,3.076964899205628399e+02,9.248775068933107946e+01
2.049797402942296731e+00,2.612859799999999399e+00,5.542738008974205144e+01,7.451311179492495285e+01,6.217138592632859506e+00,1.048804110612707632e+02,1.407852557539377436e+01,3.052478416534628991e+02,9.276097306438694545e+01
2.297512001961531158e+00,-3.430947876461627466e+00,5.626748818707276456e+01,2.684708371376109426e+01,8.429596052537561945e+00,9.522291202783938502e+01,2.686489159998852827e+01,2.420018892212731032e+02,1.882344177120798463e+02
2.297512001961531158e+00,-3.179122556609059735e+00,6.141102158600661909e+01,3.494816422689746105e+01,7.342625421337696245e+00,9.568351030924219458e+01,2.676893517396672095e+01,2.474414282613710725e+02,1.813427607565263315e+02
2.297512001961531158e+00,-2.927297236756492005e+00,6.655455498494046651e+01,4.417926249139418360e+01,6.603514284033592752e+00,9.895430093255735926e+01,2.549308222946491753e+01,2.573332832011151368e+02,1.540778196460927916e+02
2.297512001961531158e+00,-2.675471916903924274e+00,7.053573378097061664e+01,5.383336632152531820e+01,6.223988005798471335e+00,1.038470395424903785e+02,1.944414387566838798e+01,2.668584676879891049e+02,9.894857986006455519e+01
2.297512001961531158e+00,-2.423646597051356544e+00,7.298927475609480098e+01,6.234548375313170254e+01,6.108717916590906682e+00,1.054301874882534094e+02,1.337246567994961133e+01,2.665453749903217044e+02,6.944588638094504063e+01
2.297512001961531158e+00,-2.171821277198788369e+00,7.408908182039425583e+01,6.766266037226159824e+01,6.108537219811037033e+00,1.092473011694249863e+02,1.326503652272972467e+01,2.706057097003576359e+02,6.987141863061347635e+01
2.297512001961531158e+00,-1.919995957346220639e+00,7.370197057119762007e+01,6.826036344876774820e+01,6.117226158066299213e+00,1.112909410215703474e+02,1.308571229199766073e+01,2.744496815623522252e+02,6.948556919013711308e+01
2.297512001961531158e+00,-1.668170637493652908e+00,7.254266731523344447e+01,6.425911015307428897e+01,6.106952901310730653e+00,1.052931029350450558e+02,1.341465951066640727e+01,2.659632306095359127e+02,7.012115955790596900e+01
2.297512001961531158e+00,-1.416345317641085177e+00,6.985941957462324581e+01,5.785287669373065000e+01,6.098024187812953301e+00,1.046935592509632897e+02,1.373238896618674332e+01,2.689557216529483412e+02,7.033342291342640351e+01
2.297512001961531158e+00,-1.164519997788517447e+00,6.656109218271879513e+01,5.256584720892715268e+01,6.103440803453291430e+00,1.046687587684265424e+02,2.090878788765008878e+01,2.746510334987525539e+02,1.051150886885974245e+02
2.297512001961531158e+00,-9.126946779359496054e-01,6.299984283409154528e+01,5.157216220976079057e+01,6.105086347961268700e+00,9.685052901340540643e+01,2.528026144655044050e+01,2.567829152431746138e+02,1.384584201440322886e+02
2.297512001961531158e+00,-6.608693580833817638e-01,6.101904943807709714e+01,5.598624907107659965e+01,6.087169975794486376e+00,8.378013062984831549e+01,2.194759943325195550e+01,2.225869387916100663e+02,1.113904474971564866e+02
2.297512001961531158e+00,-4.090440382308140332e-01,6.064652854130421389e+01,6.418196116177932709e+01,6.066218535230639475e+00,7.647473724828651598e+01,1.404095378154596396e+01,1.983328648972643293e+02,6.438569664509016377e+01
2.297512001961531158e+00,-1.572187183782462472e-01,6.227605078637241576e+01,7.266175145070155850e+01,6.062904916093748042e+00,8.211029873620918806e+01,1.282621013125852549e+01,1.974179617461615805e+02,5.944779434367920601e+01
2.297512001961531158e+00,9.460660147432153888e-02,6.561684873406954921e+01,7.805416562900063582e+01,6.067472045968434813e+00,8.449434265571960623e+01,1.271351599850236447e+01,2.001008912120262551e+02,5.904979832126287675e+01
2.297512001961531158e+00,3.464319213268893249e-01,6.894613811308170170e+01,7.905354682295001112e+01,6.064753718363499857e+00,1.048951341275128470e+02,1.274596725805355923e+01,2.213333900353904937e+02,5.925182530024348893e+01
2.297512001961531158e+00,5.982572411794571110e-01,7.122635875898450308e+01,7.706642963324156881e+01,6.071135323539722961e+00,1.428397572944693081e+02,1.368572233735519106e+01,2.782307061581067273e+02,6.234331523137799280e+01
2.297512001961531158e+00,8.500825610320248416e-01,7.108044940876015971e+01,7.511246927159663755e+01,6.107901783432818199e+00,1.422854547502252274e+02,2.106809456342615761e+01,3.116369233417347004e+02,1.088231561626339499e+02
2.297512001961531158e+00,1.101907880884592572e+00,7.077810909468863088e+01,7.568994172279781196e+01,6.156344971492234919e+00,1.147296758808470827e+02,2.590996265225617989e+01,2.942385469480806819e+02,1.564915070977427263e+02
2.297512001961531158e+00,1.353733200737160525e+00,6.975039377732682055e+01,7.906356953975227952e+01,6.184892796269478410e+00,1.005224813606463243e+02,2.539410132558159816e+01,2.773917207413870756e+02,1.495462374781110100e+02
2.297512001961531158e+00,1.605558520589728255e+00,6.834527512013926298e+01,8.317941119230272307e+01,6.199494800631569547e+00,1.026050930467408762e+02,1.978903401330644485e+01,2.899460878495956990e+02,1.058295949566925032e+02
2.297512001961531158e+00,1.857383840442295986e+00,6.576841678345302000e+01,8.526942358709493419e+01,6.220218419550981537e+00,1.100254809344226175e+02,1.423389016512026473e+01,3.081349464728716612e+02,9.058865569195471323e+01
2.297512001961531158e+00,2.109209160294863938e+00,6.244635632175268114e+01,8.398555659383600869e+01,6.237757835589875732e+00,1.128813579565407395e+02,1.380809255864926399e+01,3.120635953485155483e+02,9.228118334349737495e+01
2.297512001961531158e+00,2.361034480147431669e+00,5.905918327323940531e+01,8.051968679615220026e+01,6.234917237313938543e+00,1.078865664960277115e+02,1.387108044899003545e+01,3.075550187647398843e+02,9.252134708908127436e+01
2.297512001961531158e+00,2.612859799999999399e+00,5.776687591822535950e+01,7.791645619161135983e+01,6.215880093221521463e+00,1.041014531840256154e+02,1.390064338929963128e+01,3.037275133037129535e+02,9.234615092578714268e+01
2.545226600980765586e+00,-3.430947876461627466e+00,4.834682677099174697e+01,1.361897161757133290e+01,9.995395643228444982e+00,9.566899486469060321e+01,2.689360212755790158e+01,2.485573719190382178e+02,1.919408657582546880e+02
2.545226600980765586e+00,-3.179122556609059735e+00,5.428950321472046880e+01,2.243596839435485890e+01,8.451695625006291124e+00,1.001570567704145276e+02,2.682028463625601233e+01,2.771536975594013370e+02,1.865841649785841128e+02
2.545226600980765586e+00,-2.927297236756492005e+00,6.023217965844922617e+01,3.426497489318899170e+01,7.221876234228809643e+00,1.151527346955512172e+02,2.563195131376330593e+01,3.198475059443667874e+02,1.596366017203879437e+02
2.545226600980765586e+00,-2.675471916903924274e+00,6.523407952483798056e+01,4.750370145604210848e+01,6.469518202544057850e+00,1.356176188160610536e+02,1.988851403561573505e+01,3.377770051737558674e+02,1.031206872814680935e+02
2.545226600980765586e+00,-2.423646597051356544e+00,6.903841605628389289e+01,5.930601847579600872e+01,6.167326551046144800e+00,1.356603719870444991e+02,1.365205583990753802e+01,3.067927348876535234e+02,7.058112380343087011e+01
2.545226600980765586e+00,-2.171821277198788369e+00,7.086720890496596326e+01,6.647573262270816485e+01,6.110035725097747061e+00,1.146730475618409173e+02,1.364557443672161874e+01,2.735849041712516510e+02,7.050532278227404959e+01
2.545226600980765586e+00,-1.919995957346220639e+00,7.082677196733462210e+01,6.698779882275994169e+01,6.112702801212704706e+00,1.024626474984253264e+02,1.332645585588944748e+01,2.642904753116746974e+02,6.972204909427685493e+01
2.545226600980765586e+00,-1.668170637493652908e+00,6.926616859071464205e+01,6.133556161055093980e+01,6.120543143168656108e+00,1.148771656020705905e+02,1.368593594616545239e+01,2.737940773942138435e+02,7.068675099949940943e+01
2.545226600980765586e+00,-1.416345317641085177e+00,6.579998465345909153e+01,5.278524704041774385e+01,6.155424087196920802e+00,1.376101302058144995e+02,1.406174463027726773e+01,3.145696600489436037e+02,7.189834013020427506e+01
2.545226600980765586e+00,-1.164519997788517447e+00,6.174935416034306712e+01,4.613459655182850838e+01,6.213121645614404720e+00,1.338792050780378418e+02,2.117307408754622244e+01,3.359976758036419824e+02,1.096876279910084833e+02
2.545226600980765586e+00,-9.126946779359496054e-01,5.774993891872634322e+01,4.546523732024797937e+01,6.238126272906172609e+00,1.078700373415934735e+02,2.560597267855904846e+01,2.913450093038145496e+02,1.471145588406202478e+02
2.545226600980765586e+00,-6.608693580833817638e-01,5.572739475567100698e+01,5.207972785568063046e+01,6.195718997147021234e+00,8.503133705029998168e+01,2.337546849547776873e+01,2.223481721962570532e+02,1.252671161539159357e+02
2.545226600980765586e+00,-4.090440382308140332e-01,5.654741794903544871e+01,6.382709374549449421e+01,6.122659744951695515e+00,7.512751409594469010e+01,1.661555858354988047e+01,1.840982134668644505e+02,7.676329822151734561e+01
2.545226600980765586e+00,-1.572187183782462472e-01,6.011174400543443852e+01,7.627155322373437230e+01,6.075764880448755179e+00,7.791188456820486863e+01,1.402617193944100116e+01,1.821850850307962730e+02,6.379306510922093310e+01
2.545226600980765586e+00,9.460660147432153888e-02,6.525974068304938669e+01,8.507231724572193343e+01,6.062656413148785894e+00,9.234763003673100457e+01,1.354492724883984600e+01,2.013952453733064658e+02,6.322188111292828694e+01
2.545226600980765586e+00,3.464319213268893249e-01,6.917074436195650833e+01,8.819067127157359209e+01,6.067523406002816699e+00,1.367445634621855675e+02,1.397466858275914170e+01,2.617821915156646355e+02,6.460028185067722006e+01
2.545226600980765586e+00,5.982572411794571110e-01,6.975230066116890271e+01,8.662773442227626219e+01,6.106263744673977811e+00,1.781005365648324528e+02,1.612258330878779233e+01,3.471247254623317531e+02,7.512300795997538216e+01
2.545226600980765586e+00,8.500825610320248416e-01,6.782893034608861171e+01,8.331636647244522464e+01,6.191150834349936183e+00,1.615726339209243747e+02,2.271362936372345587e+01,3.739461709905790485e+02,1.257160036058646284e+02
2.545226600980765586e+00,1.101907880884592572e+00,6.551950674042353739e+01,8.098054859248077264e+01,6.274073054809488070e+00,1.208130710531657286e+02,2.625368823188379608e+01,3.306308593039897232e+02,1.675931913435851470e+02
2.545226600980765586e+00,1.353733200737160525e+00,6.414831785139205067e+01,8.043891217067903199e+01,6.296884750273177289e+00,9.922874142630247718e+01,2.562606406570854034e+01,2.871986657214666252e+02,1.576684773068849097e+02
2.545226600980765586e+00,1.605558520589728255e+00,6.233824806141154085e+01,8.047884319888362370e+01,6.270642470557545423e+00,9.626004488717219942e+01,2.019444094168440884e+01,2.818956498666923380e+02,1.114644063770617919e+02
2.545226600980765586e+00,1.857383840442295986e+00,5.935781080976378377e+01,7.928107775490934728e+01,6.246590694068762772e+00,1.027582625492912172e+02,1.441468136710526515e+01,2.983517915649136398e+02,9.192325813036990212e+01
2.545226600980765586e+00,2.109209160294863938e+00,5.569618192011743929e+01,7.625389218612508557e+01,6.240246926626095814e+00,1.044535441981946349e+02,1.416037291011856603e+01,3.054610668605186561e+02,9.304007947818608670e+01
2.545226600980765586e+00,2.361034480147431669e+00,5.223635480466111858e+01,7.287094758993134747e+01,6.236885483107213801e+00,9.778150960520719082e+01,1.403399924973641433e+01,2.980380070837034054e+02,9.239378850315274860e+01
2.545226600980765586e+00,2.612859799999999399e+00,5.068262122986531182e+01,7.188369204535774770e+01,6.239934964044082655e+00,1.042831466918307797e+02,1.408366824397818462e+01,3.023883244157705121e+02,9.281304111794919720e+01
2.792941200000000013e+00,-3.430947876461627466e+00,3.404648968519817487e+01,0.000000000000000000e+00,1.164720025236326606e+01,9.590205471709263918e+01,2.689445091964179824e+01,2.519129443134917494e+02,1.924667758854369026e+02
2.792941200000000013e+00,-3.179122556609059735e+00,4.039785833018282801e+01,7.871380443424641271e+00,9.790851535991924592e+00,1.025264696560617494e+02,2.684063255350151778e+01,2.957595523006485223e+02,1.889584080192094859e+02
2.792941200000000013e+00,-2.927297236756492005e+00,4.674922697516748116e+01,1.999855468913483492e+01,8.136551695191378997e+00,1.262726090674269273e+02,2.592855286289396588e+01,3.707066831549908557e+02,1.670834459191418091e+02
2.792941200000000013e+00,-2.675471916903924274e+00,5.275077015389525315e+01,3.417174788034935773e+01,6.961310039769426972e+00,1.634214909657571013e+02,2.122377941239174959e+01,4.202526026808326378e+02,1.142132108496286804e+02
2.792941200000000013e+00,-2.423646597051356544e+00,5.762333346102902709e+01,4.673523546565775177e+01,6.362106065850786862e+00,1.672373063796965198e+02,1.490257487094391919e+01,3.782442063684022742e+02,7.465550302703547914e+01
2.792941200000000013e+00,-2.171821277198788369e+00,6.033864107759375628e+01,5.386448064911564870e+01,6.163884115775689843e+00,1.181377975822093447e+02,1.406622093749319014e+01,2.873505233229976170e+02,7.235006982185404922e+01
2.792941200000000013e+00,-1.919995957346220639e+00,6.046324225165365362e+01,5.339925018443318550e+01,6.132853177148255064e+00,8.696940288486254644e+01,1.392283674119991232e+01,2.474510702118910785e+02,7.204451956928373590e+01
2.792941200000000013e+00,-1.668170637493652908e+00,5.875238005711198497e+01,4.626908654347789707e+01,6.182311322654291175e+00,1.233753272086523225e+02,1.406282309669736463e+01,2.959844567043696770e+02,7.205761153847450373e+01
2.792941200000000013e+00,-1.416345317641085177e+00,5.485348543211678418e+01,3.655117868485285726e+01,6.319786669331628914e+00,1.682883689757238415e+02,1.551728151123366928e+01,3.834468411061714619e+02,7.725449940988895037e+01
2.792941200000000013e+00,-1.164519997788517447e+00,5.028696066637862572e+01,2.986309140524463146e+01,6.494590249659649039e+00,1.569392806375264797e+02,2.226686475086358996e+01,4.034104455764892236e+02,1.212602405008913848e+02
2.792941200000000013e+00,-9.126946779359496054e-01,4.614352355105061321e+01,3.076913702872843714e+01,6.582170793496029404e+00,1.177565598580520430e+02,2.609658533404079961e+01,3.282289892486816143e+02,1.612467906904694246e+02
2.792941200000000013e+00,-6.608693580833817638e-01,4.453076546436034988e+01,4.055017869175935630e+01,6.510997229005311304e+00,9.121254826775104618e+01,2.569384594306092495e+01,2.327241609122065711e+02,1.546398940109108082e+02
2.792941200000000013e+00,-4.090440382308140332e-01,4.583863792496409673e+01,5.657953941415144072e+01,6.341011604391936451e+00,7.920190278607299206e+01,2.318802583285805241e+01,1.763769172261574170e+02,1.257551764344677991e+02
2.792941200000000013e+00,-1.572187183782462472e-01,4.985204536986173451e+01,7.367475346123683266e+01,6.193233392460490983e+00,7.800001441725194695e+01,2.179566165675599265e+01,1.638199818113164099e+02,1.120969654694680457e+02
2.792941200000000013e+00,9.460660147432153888e-02,5.505547346485538895e+01,8.666663365033673472e+01,6.132545911003015604e+00,9.300045562288617873e+01,2.169721030500078029e+01,1.876477721743310099e+02,1.110794130299737219e+02
2.792941200000000013e+00,3.464319213268893249e-01,5.738538335971532689e+01,9.273585180197551381e+01,6.162057704632393218e+00,1.292564331987048263e+02,2.182911621280886649e+01,2.559398701423775151e+02,1.128099056630913282e+02
2.792941200000000013e+00,5.982572411794571110e-01,5.661804006720605997e+01,9.225113085791235790e+01,6.278305413177929672e+00,1.543627169118091160e+02,2.294729744876599042e+01,3.354423686869922108e+02,1.250258101342561474e+02
2.792941200000000013e+00,8.500825610320248416e-01,5.474412987735426839e+01,8.779930316469108220e+01,6.441900311945262025e+00,1.389766877267082350e+02,2.547654320224904367e+01,3.542815779403874785e+02,1.571941719440953307e+02
2.792941200000000013e+00,1.101907880884592572e+00,5.304825161076157514e+01,8.222192370845641562e+01,6.546522158541654868e+00,1.105071588106301590e+02,2.666044030615529081e+01,3.110558152454636911e+02,1.784275200216362975e+02
2.792941200000000013e+00,1.353733200737160525e+00,5.173851211375226455e+01,7.702922082799341297e+01,6.511864169441502703e+00,9.402133953342854511e+01,2.585049193906547771e+01,2.670801435787180935e+02,1.623847174228242238e+02
2.792941200000000013e+00,1.605558520589728255e+00,4.988422031361711362e+01,7.217603495269395353e+01,6.381147762940176271e+00,8.837015150736689861e+01,2.080512513824503884e+01,2.601398264012962613e+02,1.147448475363168114e+02
2.792941200000000013e+00,1.857383840442295986e+00,4.687170794450148748e+01,6.713531164181949862e+01,6.268727474590835236e+00,9.050429612406259139e+01,1.439660884816260200e+01,2.809934181056054854e+02,9.111560379515658781e+01
2.792941200000000013e+00,2.109209160294863938e+00,4.305263714449765189e+01,6.225786945330582967e+01,6.229596980460565980e+00,8.861644147447590569e+01,1.405192342270261108e+01,2.897718047191846722e+02,9.299207043318642718e+01
2.792941200000000013e+00,2.361034480147431669e+00,3.937343860472147128e+01,5.925590434469313550e+01,6.240744691401154398e+00,8.876350478181916515e+01,1.397341634067930194e+01,2.858687374047937055e+02,9.251446179618079668e+01
2.792941200000000013e+00,2.612859799999999399e+00,3.736212854020648422e+01,6.037761079150641308e+01,6.295569828196137863e+00,1.204662237778362908e+02,1.391189745084902540e+01,3.242168423369328139e+02,9.258426151173129881e+01
