x,y,reference,fixed_mean,fixed_std,map_mean,map_std,hmc_mean,hmc_std
-3.218819676461627921e+00,-3.522853676461627614e+00,2.547554774407305445e+01,3.534173694071068894e+01,5.083115460432373389e+00,9.484496694148447204e+00,3.550350787706981759e+00,1.298480230908883293e+01,7.313321777791880862e+00
-3.218819676461627921e+00,-3.235037911756491802e+00,3.256444489788086827e+01,4.327590185655571986e+01,5.089891178063468580e+00,1.479706362940123654e+01,2.937951863214907089e+00,1.566793133052203935e+01,4.569714831235748953e+00
-3.218819676461627921e+00,-2.947222147051356433e+00,3.965334205168866788e+01,4.875353453938441817e+01,5.094997662040033681e+00,2.201908046429389287e+01,2.825131026276045620e+00,2.240990442738757338e+01,3.689559745522626333e+00
-3.218819676461627921e+00,-2.659406382346221065e+00,4.665812537461593479e+01,5.345583092184097040e+01,5.095650970288402526e+00,2.960112287138076681e+01,2.793715959113372893e+00,2.955152901108217733e+01,3.468478095002537120e+00
-3.218819676461627921e+00,-2.371590617641085252e+00,5.315966064265014523e+01,5.772318477385852020e+01,5.095760341837051399e+00,3.617918464664387557e+01,2.784135053098235169e+00,3.509666994223723435e+01,3.413303710000746172e+00
-3.218819676461627921e+00,-2.083774852935949440e+00,5.623960039121217847e+01,6.071492785362352151e+01,5.095669577813488615e+00,4.019121376260238776e+01,2.779183528651758106e+00,3.906608766781626940e+01,3.364895783268345930e+00
-3.218819676461627921e+00,-1.795959088230814071e+00,5.602241346305040537e+01,6.103506998940429185e+01,5.095525667896795952e+00,4.026025191369143386e+01,2.773321448463236472e+00,3.987381282806821048e+01,3.313005739169913255e+00
-3.218819676461627921e+00,-1.508143323525678481e+00,5.272010393938528239e+01,5.797563076532969717e+01,5.095497859331153734e+00,3.658171846409709360e+01,2.767706763485969113e+00,3.599663467494691815e+01,3.300880145002953014e+00
-3.218819676461627921e+00,-1.220327558820542890e+00,4.771042969800829070e+01,5.276972986862529069e+01,5.095498953541077292e+00,3.153620339984684051e+01,2.762813197106986696e+00,3.088252706057218333e+01,3.292611639609726470e+00
-3.218819676461627921e+00,-9.325117941154072998e-01,4.277763203007337012e+01,4.834269878808117937e+01,5.095469150391627622e+00,2.825234252362622556e+01,2.759149903532664094e+00,2.795726687402507338e+01,3.258096203157102799e+00
-3.218819676461627921e+00,-6.446960294102717093e-01,4.115676418111489454e+01,4.713498000069375848e+01,5.095474090873536532e+00,2.830313843997600998e+01,2.758482526608160956e+00,2.756229278630272006e+01,3.268565969316463260e+00
-3.218819676461627921e+00,-3.568802647051361188e-01,4.350993265639695551e+01,4.898026195773854852e+01,5.095526797841359645e+00,3.069011950444337344e+01,2.760041653052473176e+00,2.974757815013149553e+01,3.281231841942896299e+00
-3.218819676461627921e+00,-6.906450000000008416e-02,4.728250244597855811e+01,5.144578363814798649e+01,5.095557790543173482e+00,3.294807955165879321e+01,2.762105743103834499e+00,3.222515741361044661e+01,3.276321135870547518e+00
-3.218819676461627921e+00,2.187512647051355064e-01,4.885225170800143246e+01,5.234786898033053149e+01,5.095509377338638402e+00,3.332458714944823441e+01,2.763918538385158108e+00,3.219455250842866434e+01,3.301877146865065171e+00
-3.218819676461627921e+00,5.065670294102710969e-01,4.967015162316275223e+01,5.160880047154205386e+01,5.095495703718285085e+00,3.201870360169846208e+01,2.765113397961368236e+00,3.073550621640717750e+01,3.343112371641793423e+00
-3.218819676461627921e+00,7.943827941154066874e-01,4.752798198326291157e+01,5.057168862856633496e+01,5.095544430962100080e+00,3.040848908532097994e+01,2.765816231996348407e+00,3.009287092634491145e+01,3.355594773446036072e+00
-3.218819676461627921e+00,1.082198558820542278e+00,4.598239362551518639e+01,5.002423163664934691e+01,5.095638043299437925e+00,2.941087379120074274e+01,2.765876383634490843e+00,2.959505587984176600e+01,3.352630564625498799e+00
-3.218819676461627921e+00,1.370014323525677868e+00,4.564876359073225842e+01,4.939378674091130961e+01,5.095638942072006294e+00,2.882297344784058168e+01,2.766274041543110851e+00,2.817013497773644914e+01,3.387974724652706993e+00
-3.218819676461627921e+00,1.657830088230813459e+00,4.412364914565957008e+01,4.768346865584317129e+01,5.095648685889356599e+00,2.789473743638291126e+01,2.767764289164301506e+00,2.745931793343666882e+01,3.378243244808378787e+00
-3.218819676461627921e+00,1.945645852935949049e+00,4.036743681649152649e+01,4.466869072876579594e+01,5.095738942212093114e+00,2.606097451403638843e+01,2.770282216413198384e+00,2.671102608256896360e+01,3.340308563263476582e+00
-3.218819676461627921e+00,2.233461617641084640e+00,3.580473959885670610e+01,4.113185132895887364e+01,5.095731752090190803e+00,2.323011459603117146e+01,2.774490439576251077e+00,2.326963509821212739e+01,3.429466230631936785e+00
-3.218819676461627921e+00,2.521277382346220008e+00,3.252370315175171100e+01,3.830753681522037368e+01,5.095661087227213670e+00,2.000045034756567475e+01,2.781431572171744637e+00,1.946562162994084844e+01,3.551895012648202066e+00
-3.218819676461627921e+00,2.809093147051355821e+00,3.138176975966582916e+01,3.704074584894988220e+01,5.095881002331183574e+00,1.811859057698711695e+01,2.803905242539038056e+00,1.815453004558671068e+01,3.656000511050606416e+00
-3.218819676461627921e+00,3.096908911756491634e+00,3.379886329967037284e+01,3.672098670322156977e+01,5.092953591983560457e+00,2.033826014803230464e+01,2.866436691963434757e+00,2.008749677049748783e+01,3.964415050782607697e+00
-3.218819676461627921e+00,3.384724676461627002e+00,3.684450594491708841e+01,3.445399295461538713e+01,5.080717172630672351e+00,2.850290871644847357e+01,3.155404594679382946e+00,2.663748235465906689e+01,5.512316545731121842e+00
-2.935551882589825468e+00,-3.522853676461627614e+00,1.576544761970918529e+01,2.597185091926075984e+01,5.088041547937184994e+00,2.086413314167657518e+00,3.137665302011463542e+00,5.678679985612561154e+00,6.139903903481179093e+00
-2.935551882589825468e+00,-3.235037911756491802e+00,2.246039042969592003e+01,3.235552710331103299e+01,5.097685204799329739e+00,5.567925281682846617e+00,2.806841580302138706e+00,7.209107520065241914e+00,3.739591995227102394e+00
-2.935551882589825468e+00,-2.947222147051356433e+00,2.915533323968264412e+01,3.765160456080047879e+01,5.098353001047844835e+00,1.217137291779044972e+01,2.776345167997529284e+00,1.331958355982424891e+01,3.318940608501199208e+00
-2.935551882589825468e+00,-2.659406382346221065e+00,3.586679476009705780e+01,4.335438276287459303e+01,5.097813547824347147e+00,1.985515768855407259e+01,2.753161433121785517e+00,2.066806285627002637e+01,3.179223997656082545e+00
-2.935551882589825468e+00,-2.371590617641085252e+00,4.170091260145266432e+01,4.867550826146907639e+01,5.098014670173231622e+00,2.645496804085132680e+01,2.744848957013518387e+00,2.688931677693481959e+01,3.103016803860032535e+00
-2.935551882589825468e+00,-2.083774852935949440e+00,4.488654910100441953e+01,5.193677718350954819e+01,5.098001614764591238e+00,3.018170329579470490e+01,2.741217969113496356e+00,3.060805979827757994e+01,3.044218054384858707e+00
-2.935551882589825468e+00,-1.795959088230814071e+00,4.496383153291692025e+01,5.196186799601127859e+01,5.097807319071376853e+00,3.012016146042674336e+01,2.736232432088119282e+00,3.078868301348149572e+01,2.992724907049682859e+00
-2.935551882589825468e+00,-1.508143323525678481e+00,4.234549322604148358e+01,4.889375956314324867e+01,5.097779004175360562e+00,2.688644750282173845e+01,2.732148214037173783e+00,2.719501851764540490e+01,2.986924753304719182e+00
-2.935551882589825468e+00,-1.220327558820542890e+00,3.781944600456083805e+01,4.436382338184921537e+01,5.097850474520627451e+00,2.257378926204899017e+01,2.729607038346726355e+00,2.293204962223931886e+01,2.982005817724262542e+00
-2.935551882589825468e+00,-9.325117941154072998e-01,3.365475273782644194e+01,4.069863735027320217e+01,5.097740280368624255e+00,1.948372263841611129e+01,2.727320677195833376e+00,2.018807305319655399e+01,2.955288391493487765e+00
-2.935551882589825468e+00,-6.446960294102717093e-01,3.237056277809096372e+01,3.932756846809934359e+01,5.097708008210392272e+00,1.865861830998960613e+01,2.725925634991562152e+00,1.897106689682134117e+01,2.966542968614669817e+00
-2.935551882589825468e+00,-3.568802647051361188e-01,3.363111886454870358e+01,3.975317764999635983e+01,5.097739809517404019e+00,1.945466002989678600e+01,2.725397461768181984e+00,1.990532824692002833e+01,2.958856544315320303e+00
-2.935551882589825468e+00,-6.906450000000008416e-02,3.496214138589859743e+01,4.035208522104949225e+01,5.097838041707735357e+00,2.033491918249910668e+01,2.725407763550772078e+00,2.114309981005851569e+01,2.954208499203301308e+00
-2.935551882589825468e+00,2.187512647051355064e-01,3.467294369057201209e+01,4.026241764628503006e+01,5.097823541631407274e+00,2.025844716829465142e+01,2.725725112237754821e+00,2.074189958128996736e+01,2.979779603236712315e+00
-2.935551882589825468e+00,5.065670294102710969e-01,3.468198904075825340e+01,4.015390686456521507e+01,5.097762306894493278e+00,1.954630955383368018e+01,2.726468903195752080e+00,1.986766984202961339e+01,3.003299942839721126e+00
-2.935551882589825468e+00,7.943827941154066874e-01,3.415542301373416478e+01,4.099170421225426253e+01,5.097819901019756017e+00,1.926321205314116014e+01,2.728303487635163727e+00,2.011894777875976459e+01,3.018398555764815416e+00
-2.935551882589825468e+00,1.082198558820542278e+00,3.445375716478005046e+01,4.244675825630838517e+01,5.097887097457479477e+00,1.971880425767221823e+01,2.730397326496794008e+00,2.097543193762873059e+01,3.028435352633574773e+00
-2.935551882589825468e+00,1.370014323525677868e+00,3.514767900974908343e+01,4.297273628877883311e+01,5.097825009137388896e+00,1.994444550118282677e+01,2.732224410297968475e+00,2.068602549322739392e+01,3.082504206176196249e+00
-2.935551882589825468e+00,1.657830088230813459e+00,3.381922627078952814e+01,4.133943625171377789e+01,5.097811276288705784e+00,1.880219821410469194e+01,2.734694543254043264e+00,1.945655365142467730e+01,3.121771403187856730e+00
-2.935551882589825468e+00,1.945645852935949049e+00,3.053535432958403817e+01,3.772632993019942660e+01,5.097964484723421563e+00,1.620088310478513449e+01,2.738083372795185877e+00,1.731653717565861328e+01,3.121532198543842451e+00
-2.935551882589825468e+00,2.233461617641084640e+00,2.627130896409430960e+01,3.343453120630874764e+01,5.098014805137759176e+00,1.290434736945485383e+01,2.741061071137828709e+00,1.364597630337408773e+01,3.191815894384080643e+00
-2.935551882589825468e+00,2.521277382346220008e+00,2.295336781200958853e+01,3.004113500101084355e+01,5.097730689741976740e+00,9.737879699199311290e+00,2.745928394637898506e+00,1.049129333368164652e+01,3.237165913219086644e+00
-2.935551882589825468e+00,2.809093147051355821e+00,2.188661911293639406e+01,2.877296928416762967e+01,5.098282370482163373e+00,8.002396839503489900e+00,2.764284083442559936e+00,9.259585938223981572e+00,3.331981505153633005e+00
-2.935551882589825468e+00,3.096908911756491634e+00,2.406968809029983447e+01,2.969896689684537705e+01,5.098610944639798248e+00,1.036989700434014594e+01,2.792700495824220752e+00,1.102289937855421442e+01,3.595434156773270828e+00
-2.935551882589825468e+00,3.384724676461627002e+00,2.692034651421797520e+01,3.058129139263473917e+01,5.088866751991736770e+00,1.943511405392609959e+01,2.912451821526043982e+00,1.907869265244580959e+01,4.292348231749667953e+00
-2.652284088718023014e+00,-3.522853676461627614e+00,1.138880144449623621e+01,2.254741679727158044e+01,5.091506479175139432e+00,0.000000000000000000e+00,3.024718945242054868e+00,2.461863111787348402e+00,5.715579779889893963e+00
-2.652284088718023014e+00,-3.235037911756491802e+00,1.723818536054508499e+01,2.791180773770611268e+01,5.097717675123843328e+00,1.090638090245647618e+00,2.774644298843788714e+00,2.323682530946836522e+00,3.488290467080618740e+00
-2.652284088718023014e+00,-2.947222147051356433e+00,2.308756927659392488e+01,3.229442673687299248e+01,5.097171809138887788e+00,6.460125737241014576e+00,2.748747944532293097e+00,7.103970470662005710e+00,3.134494577535016813e+00
-2.652284088718023014e+00,-2.659406382346221065e+00,2.915087923066267805e+01,3.765555549126293045e+01,5.097116574461652228e+00,1.381721133266955803e+01,2.729222238495591757e+00,1.435333875900511380e+01,3.033614663657798971e+00
-2.652284088718023014e+00,-2.371590617641085252e+00,3.447733143034978553e+01,4.285917651974887121e+01,5.097635950701540075e+00,2.028774076559989226e+01,2.724819160794479611e+00,2.098539242294562968e+01,2.941531421759148834e+00
-2.652284088718023014e+00,-2.083774852935949440e+00,3.741195010634177720e+01,4.589123401859251317e+01,5.097503537647120275e+00,2.386490205983216129e+01,2.722429042369976848e+00,2.430885501020362582e+01,2.899675586362241653e+00
-2.652284088718023014e+00,-1.795959088230814071e+00,3.780319870044000652e+01,4.579145921576127876e+01,5.097235515713879117e+00,2.401126468565553296e+01,2.717431516351285659e+00,2.432996298825735693e+01,2.873885548068684237e+00
-2.652284088718023014e+00,-1.508143323525678481e+00,3.547362072711597847e+01,4.314090603021031711e+01,5.097244498432104365e+00,2.157887706525491467e+01,2.713699252867202816e+00,2.174553950051022611e+01,2.850336268508836923e+00
-2.652284088718023014e+00,-1.220327558820542890e+00,3.176035961003947250e+01,3.951622826383390930e+01,5.097347539810153982e+00,1.821571918566758086e+01,2.711873383867367870e+00,1.865275829429324972e+01,2.831420324490918183e+00
-2.652284088718023014e+00,-9.325117941154072998e-01,2.833200986426983548e+01,3.653367284448177088e+01,5.097277486727067597e+00,1.540006416629353225e+01,2.709984815167629790e+00,1.620195568951727694e+01,2.818001496127902517e+00
-2.652284088718023014e+00,-6.446960294102717093e-01,2.712047351948213247e+01,3.490651590171910357e+01,5.097217111744179796e+00,1.377512899143152936e+01,2.708535527715092872e+00,1.408596716690533590e+01,2.836852737368265487e+00
-2.652284088718023014e+00,-3.568802647051361188e-01,2.685581896546140968e+01,3.415514175713178702e+01,5.097260003398799810e+00,1.315424187132202860e+01,2.708021073956230040e+00,1.333709578426042519e+01,2.834186108601305154e+00
-2.652284088718023014e+00,-6.906450000000008416e-02,2.617255232582603242e+01,3.340812766463204753e+01,5.097351169228483414e+00,1.287129166863473984e+01,2.708158755559090469e+00,1.321774323725447964e+01,2.839979816738803287e+00
-2.652284088718023014e+00,2.187512647051355064e-01,2.506671217181903444e+01,3.258831800731422845e+01,5.097280844184964188e+00,1.237335984284459300e+01,2.708324637086287012e+00,1.273345821150262935e+01,2.852106364050495557e+00
-2.652284088718023014e+00,5.065670294102710969e-01,2.510563001146216067e+01,3.256431986931420397e+01,5.097264077214178180e+00,1.189080452312055058e+01,2.708725467517962393e+00,1.230789022335381588e+01,2.858712588484339179e+00
-2.652284088718023014e+00,7.943827941154066874e-01,2.598478137357561124e+01,3.394039510212314781e+01,5.097328517829955885e+00,1.223162998765747034e+01,2.710318756733591794e+00,1.259795527260137504e+01,2.898464078620573314e+00
-2.652284088718023014e+00,1.082198558820542278e+00,2.765733789798718334e+01,3.593625091585272457e+01,5.097415007911156870e+00,1.346547989347573093e+01,2.712119029915985635e+00,1.401435223028099308e+01,2.919216119674478804e+00
-2.652284088718023014e+00,1.370014323525677868e+00,2.846800530851615463e+01,3.682827172924589831e+01,5.097323067301384292e+00,1.423926355647449782e+01,2.713274432475297537e+00,1.504358225197202614e+01,2.934513087824262456e+00
-2.652284088718023014e+00,1.657830088230813459e+00,2.750471982153135286e+01,3.547604918370780069e+01,5.097244895672255360e+00,1.310182808407398625e+01,2.715580778866951928e+00,1.397686805690859835e+01,2.965856210390489522e+00
-2.652284088718023014e+00,1.945645852935949049e+00,2.450817585482338146e+01,3.217269681299512740e+01,5.097471402543012786e+00,1.021351058574714443e+01,2.720170365682899050e+00,1.099080108882168005e+01,2.999403132143143580e+00
-2.652284088718023014e+00,2.233461617641084640e+00,2.056674839652437115e+01,2.817453159495198634e+01,5.097712135716919057e+00,6.952042185763730231e+00,2.723472002148684012e+00,7.532369295902462625e+00,3.060470035974885317e+00
-2.652284088718023014e+00,2.521277382346220008e+00,1.730237642900281969e+01,2.496451182036253158e+01,5.097284267479386344e+00,4.309483214902229520e+00,2.726040176129176373e+00,4.995745013187345762e+00,3.100920269654685590e+00
-2.652284088718023014e+00,2.809093147051355821e+00,1.640692693178830552e+01,2.397938279157096986e+01,5.097289835081331155e+00,3.171171005052656255e+00,2.739463078216427760e+00,3.997872951715368828e+00,3.179529350917625230e+00
-2.652284088718023014e+00,3.096908911756491634e+00,1.843097898692375125e+01,2.598736957121582236e+01,5.097839104065929661e+00,5.998432848025004205e+00,2.764578712197236054e+00,6.557706973317710464e+00,3.413573329607793028e+00
-2.652284088718023014e+00,3.384724676461627002e+00,2.100039736777442556e+01,2.953864980665093753e+01,5.090864685280624080e+00,1.579587547432947758e+01,2.863462718718875699e+00,1.609382604958780405e+01,4.078390676807451598e+00
-2.369016294846221005e+00,-3.522853676461627614e+00,1.094696484786490842e+01,2.049087487893120851e+01,5.092789772170027263e+00,3.036995176545588038e+00,2.992607752512464803e+00,5.064809426215397536e+00,5.422695620783644976e+00
-2.369016294846221005e+00,-3.235037911756491802e+00,1.658255061929147800e+01,2.641634374174464028e+01,5.097592729279757151e+00,1.683390066375523020e+00,2.759367390377353679e+00,2.833222930899562897e+00,3.384645844812971038e+00
-2.369016294846221005e+00,-2.947222147051356433e+00,2.221813639071804047e+01,3.061179542988247704e+01,5.097342514277612757e+00,5.376062089791503240e+00,2.736399484513818869e+00,6.010311677842707923e+00,3.081402973413484236e+00
-2.369016294846221005e+00,-2.659406382346221065e+00,2.764403552153873989e+01,3.573387248282961082e+01,5.097670082424918370e+00,1.194843505481776447e+01,2.721622033656264872e+00,1.269070166362235064e+01,2.977303537925733323e+00
-2.369016294846221005e+00,-2.371590617641085252e+00,3.258680014596512819e+01,4.076075604416837450e+01,5.098034235897545230e+00,1.812749043493954559e+01,2.719297471610996109e+00,1.877176876108425319e+01,2.903659508248810361e+00
-2.369016294846221005e+00,-2.083774852935949440e+00,3.519173971810566570e+01,4.370071788491623010e+01,5.097726774551022189e+00,2.170348011895271156e+01,2.716640768268563821e+00,2.196382519372109954e+01,2.867656536194537420e+00
-2.369016294846221005e+00,-1.795959088230814071e+00,3.555813676800649858e+01,4.379171325113566127e+01,5.097402792615504552e+00,2.223189797477124330e+01,2.711356653057278354e+00,2.284966922202808348e+01,2.829249666400156737e+00
-2.369016294846221005e+00,-1.508143323525678481e+00,3.362074653804297242e+01,4.169873896391072776e+01,5.097576549829065051e+00,2.048169552943932104e+01,2.708191371399355063e+00,2.093688758544105255e+01,2.809376657217181883e+00
-2.369016294846221005e+00,-1.220327558820542890e+00,3.043943909800598746e+01,3.862218762295378838e+01,5.097679331023535987e+00,1.761669312023684597e+01,2.706995630904605932e+00,1.777158692104713822e+01,2.807629083438936579e+00
-2.369016294846221005e+00,-9.325117941154072998e-01,2.738232432273900940e+01,3.556369568764057476e+01,5.097626339006017027e+00,1.459170560663937977e+01,2.705293625278853309e+00,1.511913526386344309e+01,2.792884272307388116e+00
-2.369016294846221005e+00,-6.446960294102717093e-01,2.567118562081661537e+01,3.303907029247784521e+01,5.097465659790521464e+00,1.202520077793928976e+01,2.703748343283271627e+00,1.244606255599895306e+01,2.801745696091581639e+00
-2.369016294846221005e+00,-3.568802647051361188e-01,2.395609835547971045e+01,3.109399825330183376e+01,5.097569672507565208e+00,1.031042822594872632e+01,2.703259126848987837e+00,1.065764707779621645e+01,2.799157547592273865e+00
-2.369016294846221005e+00,-6.906450000000008416e-02,2.232020295749188676e+01,2.963091057812562212e+01,5.097603828299487105e+00,9.435099570776401379e+00,2.703380979502567172e+00,9.858721251916072958e+00,2.802255301921688257e+00
-2.369016294846221005e+00,2.187512647051355064e-01,2.128391252096136910e+01,2.886157384522084612e+01,5.097606714136642125e+00,8.963563526808229653e+00,2.703437012971456888e+00,9.487173903052450896e+00,2.815941520564726464e+00
-2.369016294846221005e+00,5.065670294102710969e-01,2.190265970800297879e+01,2.929815738346951548e+01,5.097482353226810758e+00,8.782822954804487381e+00,2.703791470111041484e+00,9.569528533080486454e+00,2.823526725988965591e+00
-2.369016294846221005e+00,7.943827941154066874e-01,2.345684721245801896e+01,3.105637626479438040e+01,5.097608602268059563e+00,9.480470675563310579e+00,2.705478310815438547e+00,1.011134756999803841e+01,2.861099337094680894e+00
-2.369016294846221005e+00,1.082198558820542278e+00,2.570099492859170454e+01,3.324013454389933031e+01,5.097691628389193319e+00,1.118589069591212137e+01,2.707421002122747833e+00,1.159961817038684018e+01,2.894456182067291383e+00
-2.369016294846221005e+00,1.370014323525677868e+00,2.674622565048391465e+01,3.434668213730037678e+01,5.097603455814684104e+00,1.249146531019073336e+01,2.708278455243653404e+00,1.310979987048547812e+01,2.909453118946041528e+00
-2.369016294846221005e+00,1.657830088230813459e+00,2.609319109357463518e+01,3.341331059481308330e+01,5.097408316907948489e+00,1.168959334159580976e+01,2.710140168531420812e+00,1.233519783683435556e+01,2.937829661747208831e+00
-2.369016294846221005e+00,1.945645852935949049e+00,2.329814011330104861e+01,3.064280013753159437e+01,5.097596593121391351e+00,8.894901847536402784e+00,2.714922629865928805e+00,9.319495173615901962e+00,2.971953360833567093e+00
-2.369016294846221005e+00,2.233461617641084640e+00,1.963953080658444605e+01,2.703831144665309694e+01,5.097924271387050510e+00,5.752496851441719627e+00,2.718536921794628025e+00,6.334510712625814222e+00,3.012823850223252720e+00
-2.369016294846221005e+00,2.521277382346220008e+00,1.666054454645100336e+01,2.394004250310536008e+01,5.097783693384952741e+00,3.424031158842353761e+00,2.720221783735945920e+00,4.231472746306636168e+00,3.058373100799594457e+00
-2.369016294846221005e+00,2.809093147051355821e+00,1.580071155389158122e+01,2.299066202771791723e+01,5.097578310491376108e+00,2.708531419339124113e+00,2.730410285269288195e+00,3.534720331096014689e+00,3.130110835362589938e+00
-2.369016294846221005e+00,3.096908911756491634e+00,1.797131992596554184e+01,2.553857336928194854e+01,5.097801362146812565e+00,6.036452507941703516e+00,2.750551556523232133e+00,6.862799011163566831e+00,3.289463684753243022e+00
-2.369016294846221005e+00,3.384724676461627002e+00,2.071553319567867746e+01,3.075688475441711489e+01,5.091467027373223431e+00,1.653937344168889467e+01,2.853935645809053234e+00,1.682586710664719476e+01,4.068472282797443995e+00
-2.085748500974418551e+00,-3.522853676461627614e+00,1.354742363809203454e+01,1.947091254508995917e+01,5.093265181205029357e+00,8.224579319613894768e+00,2.982071740405920934e+00,1.113829950386347889e+01,5.113799883342029950e+00
-2.085748500974418551e+00,-3.235037911756491802e+00,1.852172548910920113e+01,2.657433424556802493e+01,5.097738630161999573e+00,5.072297963441087632e+00,2.755164019433626432e+00,6.586230031946705310e+00,3.267738560702948991e+00
-2.085748500974418551e+00,-2.947222147051356433e+00,2.349602734012636773e+01,3.101249162682506721e+01,5.097682141474907169e+00,7.096638171585709642e+00,2.733976820886046433e+00,7.892573051196968947e+00,3.034537851313015899e+00
-2.085748500974418551e+00,-2.659406382346221065e+00,2.879932628942750483e+01,3.605849345411115792e+01,5.097832735351543576e+00,1.255690365898362870e+01,2.720810880450852398e+00,1.363267539069998335e+01,2.906039414178886116e+00
-2.085748500974418551e+00,-2.371590617641085252e+00,3.323734302182813849e+01,4.088119149631529581e+01,5.097930106488524515e+00,1.819623052540509889e+01,2.718145995419868122e+00,1.851408576454364052e+01,2.871163647599258795e+00
-2.085748500974418551e+00,-2.083774852935949440e+00,3.558187195241481504e+01,4.362182810906961095e+01,5.097649148625288618e+00,2.168359420694696382e+01,2.714666539616954921e+00,2.145156458984763859e+01,2.850233622224290109e+00
-2.085748500974418551e+00,-1.795959088230814071e+00,3.581085480243284280e+01,4.369675937031570356e+01,5.097500567987754749e+00,2.240352603004566845e+01,2.709680162632381872e+00,2.317381896863253488e+01,2.793127564886922709e+00
-2.085748500974418551e+00,-1.508143323525678481e+00,3.404109989242792267e+01,4.172578867043193895e+01,5.097652099785706881e+00,2.080566883002012446e+01,2.707241001823656124e+00,2.133506347040064455e+01,2.785458302587807911e+00
-2.085748500974418551e+00,-1.220327558820542890e+00,3.085726216255195808e+01,3.852421091603173409e+01,5.097749499393039230e+00,1.766918654270534716e+01,2.706208149030069787e+00,1.741572194989620925e+01,2.791014012198754113e+00
-2.085748500974418551e+00,-9.325117941154072998e-01,2.741657628004477942e+01,3.475629984775150660e+01,5.097609785731967769e+00,1.381496202725838884e+01,2.704293954106807618e+00,1.400359612847816138e+01,2.760888313738119493e+00
-2.085748500974418551e+00,-6.446960294102717093e-01,2.465983439990493409e+01,3.114922091820335481e+01,5.097540188916460657e+00,1.018953016420164204e+01,2.702758198741390672e+00,1.058124684698972828e+01,2.772821123973503887e+00
-2.085748500974418551e+00,-3.568802647051361188e-01,2.205295576619469955e+01,2.844864372194570024e+01,5.097590190065291793e+00,7.781653209913088176e+00,2.702452504129370325e+00,8.284881275892974628e+00,2.785711259861340938e+00
-2.085748500974418551e+00,-6.906450000000008416e-02,2.033974430257199018e+01,2.708095166638668161e+01,5.097660956007071142e+00,6.928722060575921660e+00,2.702554254469879069e+00,7.481123148935790113e+00,2.792161991279090927e+00
-2.085748500974418551e+00,2.187512647051355064e-01,2.002362572288179621e+01,2.707261240323714446e+01,5.097603355274519465e+00,6.983069541156339710e+00,2.702498932247575869e+00,7.314120201884861672e+00,2.816173265933076042e+00
-2.085748500974418551e+00,5.065670294102710969e-01,2.139364087058487485e+01,2.826602300048398320e+01,5.097527726043201035e+00,7.351879953055117767e+00,2.702736209588924687e+00,7.973124711188205538e+00,2.819748866108016117e+00
-2.085748500974418551e+00,7.943827941154066874e-01,2.350559082146845924e+01,3.032536899448314216e+01,5.097586603255055415e+00,8.424336699881678214e+00,2.704298302144925170e+00,9.315722175456510712e+00,2.823661303978919346e+00
-2.085748500974418551e+00,1.082198558820542278e+00,2.558187596052555790e+01,3.248081262216146570e+01,5.097721745537342031e+00,1.048727541624111836e+01,2.706333561770512208e+00,1.119589132152618305e+01,2.845475215382257783e+00
-2.085748500974418551e+00,1.370014323525677868e+00,2.671316042931369594e+01,3.362604920042213053e+01,5.097682981690518922e+00,1.224718140603420125e+01,2.707154444206471222e+00,1.296887485846655075e+01,2.866532791023446602e+00
-2.085748500974418551e+00,1.657830088230813459e+00,2.616868551468709114e+01,3.297700098851055373e+01,5.097474974344287979e+00,1.187722267985259350e+01,2.708521964944151428e+00,1.254424820388484996e+01,2.895638780755974029e+00
-2.085748500974418551e+00,1.945645852935949049e+00,2.386798708507953037e+01,3.059126466010638978e+01,5.097486148870435940e+00,9.353297680504738310e+00,2.712687140314037126e+00,9.810380231462616507e+00,2.927840839690775798e+00
-2.085748500974418551e+00,2.233461617641084640e+00,2.041850178158968632e+01,2.725414435732818674e+01,5.097787979869551123e+00,6.315213242780828296e+00,2.716456537061590293e+00,6.982504475539919042e+00,2.965348908943877149e+00
-2.085748500974418551e+00,2.521277382346220008e+00,1.780911767729501349e+01,2.424320346962485928e+01,5.097784059504620657e+00,3.992483942728085822e+00,2.718818034418172491e+00,4.874806898062896465e+00,3.001122415036986624e+00
-2.085748500974418551e+00,2.809093147051355821e+00,1.728794860555179369e+01,2.332697257316613104e+01,5.097733566243096703e+00,3.325868387553782668e+00,2.728862966134583790e+00,4.185855660569082204e+00,3.075338591852241343e+00
-2.085748500974418551e+00,3.096908911756491634e+00,1.932011958380620342e+01,2.610016799507138785e+01,5.097949048300174368e+00,6.970413395169543946e+00,2.746854621653096018e+00,7.651613156930302750e+00,3.254774156178326106e+00
-2.085748500974418551e+00,3.384724676461627002e+00,2.186890788855690815e+01,3.198681988798489328e+01,5.091782367520911734e+00,1.813459048483855440e+01,2.860586077664027282e+00,1.745226080438821725e+01,4.193283699111406193e+00
-1.802480707102616098e+00,-3.522853676461627614e+00,1.333336269137945429e+01,2.010697729779349174e+01,5.093343727345717831e+00,1.133159402966748530e+01,2.960727078891182806e+00,1.416343389734347724e+01,4.896728189218908511e+00
-1.802480707102616098e+00,-3.235037911756491802e+00,1.843036527377521239e+01,2.739631881639070343e+01,5.097600329895050741e+00,7.716862976437823818e+00,2.750647202358719845e+00,8.485544018526624654e+00,3.142240724031280408e+00
-1.802480707102616098e+00,-2.947222147051356433e+00,2.352736785617096871e+01,3.176507740827219095e+01,5.097516102224200374e+00,8.903827794013068342e+00,2.729963494205629893e+00,8.717344335024836965e+00,2.986544128953537047e+00
-1.802480707102616098e+00,-2.659406382346221065e+00,2.874146222374918480e+01,3.676757104099669959e+01,5.097491170593561272e+00,1.354922407202730028e+01,2.716820127957459086e+00,1.419232706134677535e+01,2.853262709813185971e+00
-1.802480707102616098e+00,-2.371590617641085252e+00,3.309562108512537293e+01,4.146515975384681951e+01,5.097480265153630619e+00,1.867735163990346337e+01,2.713467455542691642e+00,1.890534442139741600e+01,2.821956969358617506e+00
-1.802480707102616098e+00,-2.083774852935949440e+00,3.559931324446183254e+01,4.395922894559043925e+01,5.097276188414338272e+00,2.196099716913522570e+01,2.710029524151792657e+00,2.172626751464445150e+01,2.804666271685146040e+00
-1.802480707102616098e+00,-1.795959088230814071e+00,3.580661331245651979e+01,4.375594706226547714e+01,5.097317709027258559e+00,2.253204546017286702e+01,2.705892432317752672e+00,2.327229161009930891e+01,2.746022638501530277e+00
-1.802480707102616098e+00,-1.508143323525678481e+00,3.376673542979505527e+01,4.144584717140241992e+01,5.097448623419735370e+00,2.051270520859529256e+01,2.703977744561436136e+00,2.106730534689751622e+01,2.741030017656428619e+00
-1.802480707102616098e+00,-1.220327558820542890e+00,3.028128509264996282e+01,3.766485560113505926e+01,5.097457228214552494e+00,1.654812501082005838e+01,2.702748482780754191e+00,1.664771923658658892e+01,2.748692336964401406e+00
-1.802480707102616098e+00,-9.325117941154072998e-01,2.614137055109070928e+01,3.307134967519959901e+01,5.097309253827520870e+00,1.168527969464082616e+01,2.700619728967037947e+00,1.222013171871937942e+01,2.733666693288309801e+00
-1.802480707102616098e+00,-6.446960294102717093e-01,2.244756344411853632e+01,2.877592941666080151e+01,5.097311044455867801e+00,7.330806948300335080e+00,2.699245639769157989e+00,7.780725826015554958e+00,2.755875651698142637e+00
-1.802480707102616098e+00,-3.568802647051361188e-01,1.944172763721369535e+01,2.601109439403808210e+01,5.097407507836846818e+00,4.807519783949203429e+00,2.699078481808415031e+00,5.376890934677120981e+00,2.752591468821774967e+00
-1.802480707102616098e+00,-6.906450000000008416e-02,1.809159947215205477e+01,2.526742644068144727e+01,5.097411893649471892e+00,4.390762617279051483e+00,2.699170718557062365e+00,5.110283845607572317e+00,2.740395669329766637e+00
-1.802480707102616098e+00,2.187512647051355064e-01,1.884617440960821355e+01,2.607409180772083346e+01,5.097384109220435278e+00,5.059510413583552690e+00,2.699108872560830985e+00,5.341326711669530880e+00,2.760741922199778209e+00
-1.802480707102616098e+00,5.065670294102710969e-01,2.086227508698052802e+01,2.766803545072616544e+01,5.097259989782981116e+00,5.873104195111523040e+00,2.699235588951347520e+00,6.181169646823054364e+00,2.775917906590562811e+00
-1.802480707102616098e+00,7.943827941154066874e-01,2.285366982980303163e+01,2.955545238939521369e+01,5.097324957207183260e+00,7.126514633349870564e+00,2.700536421825077582e+00,7.573234638695033993e+00,2.793462943043793167e+00
-1.802480707102616098e+00,1.082198558820542278e+00,2.453297124725567357e+01,3.131792026333278045e+01,5.097511782225918608e+00,9.215257821818681805e+00,2.702437978305138433e+00,9.486182961879777054e+00,2.817314113389965957e+00
-1.802480707102616098e+00,1.370014323525677868e+00,2.551614867027772249e+01,3.227989484138379339e+01,5.097476049123080166e+00,1.101140819042223029e+01,2.703320402342279216e+00,1.156530711291872926e+01,2.823584774647069029e+00
-1.802480707102616098e+00,1.657830088230813459e+00,2.534729416089786369e+01,3.178208390856161714e+01,5.097313213662400422e+00,1.083062347649411095e+01,2.704610006535150823e+00,1.162508468716287879e+01,2.848519864170266924e+00
-1.802480707102616098e+00,1.945645852935949049e+00,2.329389841312839948e+01,2.973310211801435798e+01,5.097337631756898801e+00,8.673597291294981915e+00,2.708152801748465954e+00,9.342070504304334833e+00,2.886710662411411832e+00
-1.802480707102616098e+00,2.233461617641084640e+00,2.024380502300315499e+01,2.675869230598618742e+01,5.097414964528692138e+00,5.997649870409986761e+00,2.711364249233634283e+00,6.675144942140864401e+00,2.931209987376020454e+00
-1.802480707102616098e+00,2.521277382346220008e+00,1.771784334993753163e+01,2.407673439079371747e+01,5.097291845592401671e+00,3.792812845586013282e+00,2.714129320162248060e+00,4.403747189693145714e+00,2.961356660363978488e+00
-1.802480707102616098e+00,2.809093147051355821e+00,1.735267189768290308e+01,2.339666705702256877e+01,5.097401297573031620e+00,3.032081840860428201e+00,2.725249789712777648e+00,3.430218762914389430e+00,3.040321551869101135e+00
-1.802480707102616098e+00,3.096908911756491634e+00,1.937773771904740983e+01,2.619133521798357833e+01,5.097795020521624920e+00,6.707543815055942105e+00,2.743057689579543545e+00,7.064208906956970679e+00,3.215262538928068015e+00
-1.802480707102616098e+00,3.384724676461627002e+00,2.183914118264853244e+01,3.180331678462971468e+01,5.091562711494131754e+00,1.826296785593285676e+01,2.865644159498899057e+00,1.755707805569203828e+01,4.240293466286394697e+00
-1.519212913230813866e+00,-3.522853676461627614e+00,1.111784295895008867e+01,2.097911513141298201e+01,5.093669886482730114e+00,9.200004964994604961e+00,2.922611548023935857e+00,9.743486946406022753e+00,4.710884407664290841e+00
-1.519212913230813866e+00,-3.235037911756491802e+00,1.712356617543680670e+01,2.736756228357262444e+01,5.097576262196364283e+00,6.917404295063988684e+00,2.744625379258687659e+00,6.518232891362284676e+00,3.127221420763798942e+00
-1.519212913230813866e+00,-2.947222147051356433e+00,2.312928939192352118e+01,3.180197539254731964e+01,5.097361479734134448e+00,9.201666471434236882e+00,2.724383085523736980e+00,8.632759171646355867e+00,2.957621423807701877e+00
-1.519212913230813866e+00,-2.659406382346221065e+00,2.906969377124914189e+01,3.740708718298992608e+01,5.097404810380042228e+00,1.448763398557639448e+01,2.711998262389500258e+00,1.496630834867766069e+01,2.832399263181259563e+00
-1.519212913230813866e+00,-2.371590617641085252e+00,3.398743037236856424e+01,4.256574135522532742e+01,5.097399295115304874e+00,1.984517498103105027e+01,2.709128042302339168e+00,2.040281506919320975e+01,2.787076544600813222e+00
-1.519212913230813866e+00,-2.083774852935949440e+00,3.649578045899258427e+01,4.507014063785027247e+01,5.097310962171503590e+00,2.301887280379787626e+01,2.706178518277484013e+00,2.317477146992385428e+01,2.767669851233272471e+00
-1.519212913230813866e+00,-1.795959088230814071e+00,3.625335704317269148e+01,4.447444282296055462e+01,5.097379832439013825e+00,2.308761777657264247e+01,2.702562823218535915e+00,2.335392932196306859e+01,2.726885073173977325e+00
-1.519212913230813866e+00,-1.508143323525678481e+00,3.341543415932940775e+01,4.146650467863946687e+01,5.097422196601332445e+00,2.012971012843146923e+01,2.700808936313697561e+00,2.004769639314901752e+01,2.723155601386135327e+00
-1.519212913230813866e+00,-1.220327558820542890e+00,2.890953577168596667e+01,3.678618613320577424e+01,5.097368604331215636e+00,1.502265233356824581e+01,2.699316074735857107e+00,1.535527824709888733e+01,2.714887656388723425e+00
-1.519212913230813866e+00,-9.325117941154072998e-01,2.372143310606515598e+01,3.138360623274638783e+01,5.097259014609737626e+00,9.325984699231838704e+00,2.697188192027288434e+00,1.031579851413691173e+01,2.702732420991967199e+00
-1.519212913230813866e+00,-6.446960294102717093e-01,1.945105882918431561e+01,2.679608910637034569e+01,5.097297172560918632e+00,4.833322734432641710e+00,2.696053635824045891e+00,5.178967451709233671e+00,2.722062566163441666e+00
-1.519212913230813866e+00,-3.568802647051361188e-01,1.667903328820473874e+01,2.444196605416072998e+01,5.097425039600641306e+00,2.760717674596321558e+00,2.695945900485296143e+00,2.779489561221790694e+00,2.714555467874906647e+00
-1.519212913230813866e+00,-6.906450000000008416e-02,1.635031475237746790e+01,2.450355467914778274e+01,5.097417169083818145e+00,2.946734420476673222e+00,2.696104824446876602e+00,3.088551873259845593e+00,2.719277767132933565e+00
-1.519212913230813866e+00,2.187512647051355064e-01,1.846935774368573391e+01,2.592759028174623381e+01,5.097363273820192830e+00,4.064460695114689770e+00,2.696265552559985679e+00,4.093681854008892174e+00,2.751207656733657192e+00
-1.519212913230813866e+00,5.065670294102710969e-01,2.077337723192285068e+01,2.757591592632525135e+01,5.097257403960756328e+00,5.123271341365466469e+00,2.696520481661244251e+00,5.468564241474904719e+00,2.761122033288848421e+00
-1.519212913230813866e+00,7.943827941154066874e-01,2.209291173285193466e+01,2.904192724551830906e+01,5.097324344453153522e+00,6.379939069728777667e+00,2.697656084162812995e+00,6.800895595894335344e+00,2.780051319594774473e+00
-1.519212913230813866e+00,1.082198558820542278e+00,2.313092638994009320e+01,3.028606624777603429e+01,5.097386023627718643e+00,8.152470446899016565e+00,2.699191040169270028e+00,8.239656163886589724e+00,2.800404193978335510e+00
-1.519212913230813866e+00,1.370014323525677868e+00,2.393150243690012502e+01,3.094790002057561651e+01,5.097468104482405060e+00,9.471850896521686991e+00,2.699980386940840305e+00,9.803367077150792142e+00,2.797158413552250700e+00
-1.519212913230813866e+00,1.657830088230813459e+00,2.376213818916810183e+01,3.043497862760705175e+01,5.097441440730815287e+00,9.083708431473269229e+00,2.701508740946488629e+00,9.725096508128483919e+00,2.817661689359396426e+00
-1.519212913230813866e+00,1.945645852935949049e+00,2.185651677514752933e+01,2.856524429049750324e+01,5.097387781805355900e+00,7.231516882042114958e+00,2.704920899180609961e+00,7.822561629675522710e+00,2.847803602872011730e+00
-1.519212913230813866e+00,2.233461617641084640e+00,1.875664687618779070e+01,2.588613018640899099e+01,5.097484265277414828e+00,5.095097594582512102e+00,2.707298736009355888e+00,5.657697727876065841e+00,2.885836517099798826e+00
-1.519212913230813866e+00,2.521277382346220008e+00,1.635875827831612739e+01,2.356479992871754803e+01,5.097249467635664111e+00,3.191621688420127612e+00,2.709365867613611645e+00,3.733746715680680950e+00,2.910136916273793783e+00
-1.519212913230813866e+00,2.809093147051355821e+00,1.605685626734061699e+01,2.315334930889366660e+01,5.097254339499570186e+00,2.381345234817672463e+00,2.720866160268820444e+00,2.755537253545295329e+00,2.996502157158319246e+00
-1.519212913230813866e+00,3.096908911756491634e+00,1.850825635838547356e+01,2.580590527255844790e+01,5.097571472998293274e+00,5.958463227435458975e+00,2.738690402325501427e+00,6.521610610716763290e+00,3.155476842017229444e+00
-1.519212913230813866e+00,3.384724676461627002e+00,2.147053149984509446e+01,3.056986116913321894e+01,5.091010445904453618e+00,1.765188042858699191e+01,2.866576867392159667e+00,1.775266809431250081e+01,4.262722526606522955e+00
-1.235945119359011635e+00,-3.522853676461627614e+00,9.484952817405357450e+00,2.103420600861136336e+01,5.094315717357392082e+00,3.279793879355111130e+00,2.884679467728253233e+00,2.887383401137562089e+00,4.781329109837024305e+00
-1.235945119359011635e+00,-3.235037911756491802e+00,1.751409880674714969e+01,2.723868689914525021e+01,5.097746749657630971e+00,4.219678665235278459e+00,2.742026605894429370e+00,5.031953927492299528e+00,3.135633769683937366e+00
-1.235945119359011635e+00,-2.947222147051356433e+00,2.554324479608893483e+01,3.320821534808783326e+01,5.097443886861806384e+00,1.018898093946199879e+01,2.721432046858198728e+00,1.134998266787291499e+01,2.858638121870727744e+00
-1.235945119359011635e+00,-2.659406382346221065e+00,3.327215253272012774e+01,4.061384260551130865e+01,5.097621984359428815e+00,1.819807551010990210e+01,2.710411044775721923e+00,1.896825700961449002e+01,2.780565194197802015e+00
-1.235945119359011635e+00,-2.371590617641085252e+00,3.917036092962759142e+01,4.666819696176389698e+01,5.097693127641956146e+00,2.458979745385613569e+01,2.708399141112511455e+00,2.503611673193412912e+01,2.739088685306242610e+00
-1.235945119359011635e+00,-2.083774852935949440e+00,4.096457427387782246e+01,4.891120143119769637e+01,5.097493610297817668e+00,2.727396776691443847e+01,2.705413786893303030e+00,2.769401569461457413e+01,2.710189920510019501e+00
-1.235945119359011635e+00,-1.795959088230814071e+00,3.900304434532833397e+01,4.725701712378941011e+01,5.097530897614404921e+00,2.590756953487448300e+01,2.701524285177468343e+00,2.604342739516358307e+01,2.692318462509464272e+00
-1.235945119359011635e+00,-1.508143323525678481e+00,3.426660336996542355e+01,4.283110062939522322e+01,5.097573487753245480e+00,2.114217855949868863e+01,2.699566686682141281e+00,2.058681469861259927e+01,2.700825688450739115e+00
-1.235945119359011635e+00,-1.220327558820542890e+00,2.832324376877750893e+01,3.677445891451498028e+01,5.097510171008751811e+00,1.445659419542083768e+01,2.697942757060414198e+00,1.445180840925528543e+01,2.677638896366254073e+00
-1.235945119359011635e+00,-9.325117941154072998e-01,2.209857969929036514e+01,3.051042769935156684e+01,5.097396578539127532e+00,8.024335427420666633e+00,2.696003445977589230e+00,8.677148908834748653e+00,2.659793990421761567e+00
-1.235945119359011635e+00,-6.446960294102717093e-01,1.775569911369760234e+01,2.596363733745238278e+01,5.097427265792511264e+00,3.838788959922311506e+00,2.695120976868733642e+00,3.757087190672734778e+00,2.691540741243136914e+00
-1.235945119359011635e+00,-3.568802647051361188e-01,1.607490382107904026e+01,2.451225193431309890e+01,5.097417084289854294e+00,2.687274387090155869e+00,2.695093185137626524e+00,2.379748699173831028e+00,2.709148940374720649e+00
-1.235945119359011635e+00,-6.906450000000008416e-02,1.766534998864051076e+01,2.583449460689735133e+01,5.097489674886444888e+00,3.863450231883916786e+00,2.695332240965300663e+00,4.147849456120599854e+00,2.721955543714240200e+00
-1.235945119359011635e+00,2.187512647051355064e-01,2.147711972436985661e+01,2.828066368038707878e+01,5.097431826527262899e+00,5.893052027018711669e+00,2.695713568546052485e+00,6.601035314045091695e+00,2.733850381645618999e+00
-1.235945119359011635e+00,5.065670294102710969e-01,2.422221402392105816e+01,3.039049154701933730e+01,5.097460542722096477e+00,7.757744411013618446e+00,2.696218677781190287e+00,8.821623933114228322e+00,2.714932412630223890e+00
-1.235945119359011635e+00,7.943827941154066874e-01,2.538046401494663940e+01,3.175561579184432048e+01,5.097485893453097106e+00,9.347419809530720158e+00,2.697321852797168518e+00,1.039608596344099922e+01,2.716039847641052773e+00
-1.235945119359011635e+00,1.082198558820542278e+00,2.598714410551789911e+01,3.249619110963249113e+01,5.097530148205711598e+00,1.060480476189303545e+01,2.698460784075864094e+00,1.131355741548324367e+01,2.737070945453211390e+00
-1.235945119359011635e+00,1.370014323525677868e+00,2.588594742675031313e+01,3.244599122351792175e+01,5.097451228041706806e+00,1.083621600720971401e+01,2.699025285551956976e+00,1.130778476591208559e+01,2.766087694359289806e+00
-1.235945119359011635e+00,1.657830088230813459e+00,2.435978459112505945e+01,3.119730901786533650e+01,5.097382989358286487e+00,9.537411124339541857e+00,2.700631819795292543e+00,9.826040346363729583e+00,2.788686125728505161e+00
-1.235945119359011635e+00,1.945645852935949049e+00,2.146891950776367963e+01,2.873290515554981539e+01,5.097593800910693140e+00,7.343738363015063442e+00,2.704100419153378621e+00,7.441703406505041585e+00,2.796473179065433357e+00
-1.235945119359011635e+00,2.233461617641084640e+00,1.790609862559520593e+01,2.574595598562154919e+01,5.097641151280446259e+00,5.225287635782933648e+00,2.706113762874622353e+00,5.244201633727627154e+00,2.840967307188810409e+00
-1.235945119359011635e+00,2.521277382346220008e+00,1.557830131475739144e+01,2.349277745009749196e+01,5.097368841387127425e+00,3.454564786396531417e+00,2.707542503359014141e+00,3.845119183403948426e+00,2.859732016318704328e+00
-1.235945119359011635e+00,2.809093147051355821e+00,1.588382859479821541e+01,2.342740792037511710e+01,5.097468171886555766e+00,2.961823546672803786e+00,2.718893724350302410e+00,3.632963049316966675e+00,2.932606667762555297e+00
-1.235945119359011635e+00,3.096908911756491634e+00,1.928993640831289014e+01,2.630451484107470606e+01,5.097657069307866884e+00,7.109327774854136806e+00,2.736685491047579966e+00,7.712836319001567631e+00,3.115103174557005694e+00
-1.235945119359011635e+00,3.384724676461627002e+00,2.324103194905846692e+01,3.060757519073376898e+01,5.090581452591933065e+00,1.938832226409022041e+01,2.871145001110999129e+00,1.892636529707258219e+01,4.308524536865386168e+00
-9.526773254872091812e-01,-3.522853676461627614e+00,1.255268032297596115e+01,2.314945478631125297e+01,5.095036126209416594e+00,1.329576702521990228e+00,2.864278853157202320e+00,2.555635440368714484e+00,4.662811160237817276e+00
-9.526773254872091812e-01,-3.235037911756491802e+00,2.340047800359250374e+01,3.143123951369489077e+01,5.097941219164275672e+00,6.636328321403652808e+00,2.743735719815889595e+00,8.420484555530904913e+00,3.074351434671556138e+00
-9.526773254872091812e-01,-2.947222147051356433e+00,3.424827568420903390e+01,4.056986633020278532e+01,5.097379848525992685e+00,1.766355009845437962e+01,2.721259033802184035e+00,1.831013700574987624e+01,2.802269579803920330e+00
-9.526773254872091812e-01,-2.659406382346221065e+00,4.420873481447497966e+01,5.004204884915088769e+01,5.097638859724757054e+00,2.894875074123729064e+01,2.710376783445526350e+00,2.795802923598251510e+01,2.760700344036763010e+00
-9.526773254872091812e-01,-2.371590617641085252e+00,5.039091991269496873e+01,5.600882553269912023e+01,5.097734408471914946e+00,3.552455503568489803e+01,2.708524583654107420e+00,3.446875668242736168e+01,2.711787906928386782e+00
-9.526773254872091812e-01,-2.083774852935949440e+00,5.007287664666216642e+01,5.642005435730970930e+01,5.097494274233514311e+00,3.590024090803649415e+01,2.705089591971930219e+00,3.563911811957734699e+01,2.666682227930120774e+00
-9.526773254872091812e-01,-1.795959088230814071e+00,4.536332318314239842e+01,5.226098559571255464e+01,5.097355077157431857e+00,3.129957399967463516e+01,2.700672093353897907e+00,3.161969886921878015e+01,2.645187469320560147e+00
-9.526773254872091812e-01,-1.508143323525678481e+00,3.816298783448469578e+01,4.555971840202983003e+01,5.097454104204969028e+00,2.367335553907642520e+01,2.698493526606968729e+00,2.382340595062177258e+01,2.648444602272639781e+00
-9.526773254872091812e-01,-1.220327558820542890e+00,3.044350806265337894e+01,3.802024389254802372e+01,5.097481495946096786e+00,1.523632957270945099e+01,2.697104733771033214e+00,1.519778164190512904e+01,2.652406200778923751e+00
-9.526773254872091812e-01,-9.325117941154072998e-01,2.361236926264083991e+01,3.143774717602354940e+01,5.097382209399584418e+00,8.508188826489600842e+00,2.695571934832585725e+00,8.643169132786560738e+00,2.653188717366592453e+00
-9.526773254872091812e-01,-6.446960294102717093e-01,2.004870097159510323e+01,2.784878287800529506e+01,5.097407995925429702e+00,5.336384115233954617e+00,2.694857528526352741e+00,5.667858593356456254e+00,2.668769768466084269e+00
-9.526773254872091812e-01,-3.568802647051361188e-01,2.090686721268476234e+01,2.830189018392411526e+01,5.097472302051603066e+00,5.931251185613973576e+00,2.694923486065461393e+00,6.886185269278030319e+00,2.660547703691675814e+00
-9.526773254872091812e-01,-6.906450000000008416e-02,2.552862325548476718e+01,3.180892057243909221e+01,5.097376515010301645e+00,9.137373329023944279e+00,2.695276929920691789e+00,1.061952483222357557e+01,2.645865913683921544e+00
-9.526773254872091812e-01,2.187512647051355064e-01,3.072018172211279818e+01,3.606185953512613196e+01,5.097425955982661350e+00,1.332627979656558637e+01,2.695709042892588503e+00,1.437624525131092135e+01,2.650392947673404276e+00
-9.526773254872091812e-01,5.065670294102710969e-01,3.406673027932129116e+01,3.916027024232607801e+01,5.097442882804654296e+00,1.699966913667799417e+01,2.696230538019710909e+00,1.697279818200563284e+01,2.671577174356873030e+00
-9.526773254872091812e-01,7.943827941154066874e-01,3.552220523721217660e+01,4.047253125607676338e+01,5.097473622271068372e+00,1.907832599046002997e+01,2.697224053965769475e+00,1.858294091983698237e+01,2.697772544309028131e+00
-9.526773254872091812e-01,1.082198558820542278e+00,3.528491197563987214e+01,4.013148964774154592e+01,5.097487507400317419e+00,1.904559197266871706e+01,2.698062305455171117e+00,1.919985958679973592e+01,2.697150563896518527e+00
-9.526773254872091812e-01,1.370014323525677868e+00,3.314015653720754528e+01,3.829331353919405956e+01,5.097447821942581392e+00,1.698160530846325855e+01,2.698350251738745431e+00,1.748024893703168559e+01,2.717492245477691970e+00
-9.526773254872091812e-01,1.657830088230813459e+00,2.905009343850003134e+01,3.510438467661151662e+01,5.097378871424982805e+00,1.358149025219995565e+01,2.699707424132326228e+00,1.378683261575153907e+01,2.743867066952700995e+00
-9.526773254872091812e-01,1.945645852935949049e+00,2.418675013151435849e+01,3.109529744219616987e+01,5.097501833190520415e+00,9.978558593775574082e+00,2.703099514551436044e+00,1.001594761952373602e+01,2.753230134695836551e+00
-9.526773254872091812e-01,2.233461617641084640e+00,2.003605966106927028e+01,2.734220444685342954e+01,5.097688106702006117e+00,7.142007490277592296e+00,2.705312461171442973e+00,7.158360735728592772e+00,2.810365119933039058e+00
-9.526773254872091812e-01,2.521277382346220008e+00,1.816484232888279848e+01,2.529448840933036990e+01,5.097482427869921118e+00,5.638556612659613165e+00,2.706955913069592157e+00,6.074214400509536205e+00,2.820646162396384771e+00
-9.526773254872091812e-01,2.809093147051355821e+00,1.988749009606836538e+01,2.630785113791353069e+01,5.097513401733111849e+00,6.713557330234152687e+00,2.718337344445981518e+00,7.353854849787268222e+00,2.883169191073766235e+00
-9.526773254872091812e-01,3.096908911756491634e+00,2.592936530982046150e+01,3.055921354227757547e+01,5.097587503039672008e+00,1.314774675665876202e+01,2.736119760386560351e+00,1.298956686762274337e+01,3.088341272150052053e+00
-9.526773254872091812e-01,3.384724676461627002e+00,3.275859613828762917e+01,3.555849013605620712e+01,5.090429355756032948e+00,2.706734332393898512e+01,2.880196658913012797e+00,2.447241877594223425e+01,4.392843439143311990e+00
-6.694095316154068387e-01,-3.522853676461627614e+00,2.423603572336435263e+01,3.170584549702471122e+01,5.095443904341109054e+00,1.174481454719216345e+01,2.870858564557503101e+00,1.269711057769847429e+01,4.325786537037913604e+00
-6.694095316154068387e-01,-3.235037911756491802e+00,3.725741959547281112e+01,4.330124707835784648e+01,5.098023569346237238e+00,2.034757579800634630e+01,2.746157432800914400e+00,1.945487475690361379e+01,3.067215197725320142e+00
-6.694095316154068387e-01,-2.947222147051356433e+00,5.027880346758128383e+01,5.510328817828849424e+01,5.097236453013316293e+00,3.430898647670392165e+01,2.721859440372585759e+00,3.212037884386094078e+01,2.828193264482203872e+00
-6.694095316154068387e-01,-2.659406382346221065e+00,6.115889866302021716e+01,6.473769922861538362e+01,5.097495200805110649e+00,4.604211246851446049e+01,2.710090141223568949e+00,4.435534743415492187e+01,2.736563213304271436e+00
-6.694095316154068387e-01,-2.371590617641085252e+00,6.505344792411003141e+01,6.827686844427080359e+01,5.097672316038507567e+00,4.986880573550934059e+01,2.707800242464463825e+00,4.912187192462597807e+01,2.672335201306622832e+00
-6.694095316154068387e-01,-2.083774852935949440e+00,6.037967795282100525e+01,6.502734298347786535e+01,5.097336848452335367e+00,4.566645826510193729e+01,2.704129417739409735e+00,4.468694544314513450e+01,2.656427527153669477e+00
-6.694095316154068387e-01,-1.795959088230814071e+00,5.195234442175399181e+01,5.758740947778278496e+01,5.097271429152470112e+00,3.682197314542668209e+01,2.699738432100108998e+00,3.644665144164633830e+01,2.639909113535261032e+00
-6.694095316154068387e-01,-1.508143323525678481e+00,4.275479326481766407e+01,4.898550773826718796e+01,5.097400141214870395e+00,2.670073337722507745e+01,2.697616034817744257e+00,2.735683047662679357e+01,2.614287313077216623e+00
-6.694095316154068387e-01,-1.220327558820542890e+00,3.470717702629303858e+01,4.123775900514738169e+01,5.097438724420961798e+00,1.786322302676524032e+01,2.696471673232292865e+00,1.809759013207813183e+01,2.627464792274825101e+00
-6.694095316154068387e-01,-9.325117941154072998e-01,2.909379147651209863e+01,3.601641700782056432e+01,5.097381960884972862e+00,1.252775512070320474e+01,2.695191511317598376e+00,1.253334524736185251e+01,2.633336120357044230e+00
-6.694095316154068387e-01,-6.446960294102717093e-01,2.848603245140119355e+01,3.490353133903408889e+01,5.097361487537562574e+00,1.185599465236617789e+01,2.694493049754434377e+00,1.247810711375990245e+01,2.614718129830150062e+00
-6.694095316154068387e-01,-3.568802647051361188e-01,3.331053431434222745e+01,3.821568896259122994e+01,5.097373229501855008e+00,1.528523971653987701e+01,2.694720051287405660e+00,1.579160050921515079e+01,2.616013090789628404e+00
-6.694095316154068387e-01,-6.906450000000008416e-02,3.992361837582981821e+01,4.418773584287555423e+01,5.097388649277412753e+00,2.123661522641884858e+01,2.695395108841845300e+00,2.073153300011381361e+01,2.643137488150239633e+00
-6.694095316154068387e-01,2.187512647051355064e-01,4.551918944257215571e+01,4.994554289073857944e+01,5.097360079828813895e+00,2.782999359841699061e+01,2.695925993607172888e+00,2.653383919182653727e+01,2.664478444429138726e+00
-6.694095316154068387e-01,5.065670294102710969e-01,4.917883438907534810e+01,5.327806720425724052e+01,5.097366718232537508e+00,3.281029736453456280e+01,2.696269803077654625e+00,3.103894844213176896e+01,2.683293564554999566e+00
-6.694095316154068387e-01,7.943827941154066874e-01,4.990027072564254240e+01,5.346515183825977147e+01,5.097433105813352405e+00,3.408819208570628234e+01,2.697014968642026833e+00,3.252477165672178216e+01,2.699824806270434863e+00
-6.694095316154068387e-01,1.082198558820542278e+00,4.759130506647078818e+01,5.088413666718406603e+01,5.097504321763413948e+00,3.118488606916366734e+01,2.697685903264875229e+00,3.078778001060339164e+01,2.670477073055720130e+00
-6.694095316154068387e-01,1.370014323525677868e+00,4.230149544545643892e+01,4.635834562583477236e+01,5.097448911706440988e+00,2.562681296706523426e+01,2.697815250652432884e+00,2.576382622443042081e+01,2.672608717016463853e+00
-6.694095316154068387e-01,1.657830088230813459e+00,3.513535038483403383e+01,4.089379004359943792e+01,5.097304880550687756e+00,1.957390639108041341e+01,2.698834503779311333e+00,1.965264698556863721e+01,2.703659094905024762e+00
-6.694095316154068387e-01,1.945645852935949049e+00,2.954347329780026854e+01,3.566275833448889898e+01,5.097359911028275903e+00,1.455347938432964838e+01,2.701909172230794631e+00,1.504198035178179715e+01,2.718351032274601842e+00
-6.694095316154068387e-01,2.233461617641084640e+00,2.603722833035793371e+01,3.199126095793599234e+01,5.097529583889961025e+00,1.155798389360893452e+01,2.704211339028638417e+00,1.226763375973420267e+01,2.751055331543589055e+00
-6.694095316154068387e-01,2.521277382346220008e+00,2.565536278634032641e+01,3.128084631499950774e+01,5.097348061394774810e+00,1.161642558276435011e+01,2.706264831148655237e+00,1.207533138369876369e+01,2.755550107082505029e+00
-6.694095316154068387e-01,2.809093147051355821e+00,3.045405472291214011e+01,3.453766234940485447e+01,5.097467780554709726e+00,1.601715039246278138e+01,2.717842401064894275e+00,1.600775148262589198e+01,2.841164725671703195e+00
-6.694095316154068387e-01,3.096908911756491634e+00,3.961897025226353719e+01,4.111257808026857674e+01,5.097448916861287316e+00,2.604280047788711272e+01,2.736013787298974265e+00,2.501885739438487022e+01,3.017093733949206324e+00
-6.694095316154068387e-01,3.384724676461627002e+00,4.949909964847350352e+01,4.730836549322702922e+01,5.090713619284445102e+00,4.158018568302327367e+01,2.889394286321442351e+00,3.732412044796349448e+01,4.609045505248626995e+00
-3.861417377436044962e-01,-3.522853676461627614e+00,4.200469667576345500e+01,4.588093235381529666e+01,5.095586210335084409e+00,3.318854166831488328e+01,2.908893160658626353e+00,3.172506796912200144e+01,4.440388646389514804e+00
-3.861417377436044962e-01,-3.235037911756491802e+00,5.491749265104842692e+01,5.897177759006444830e+01,5.098094717991912717e+00,4.122275752817495231e+01,2.749958396676877914e+00,3.872661948927287767e+01,3.062007245150695223e+00
-3.861417377436044962e-01,-2.947222147051356433e+00,6.783028862633339884e+01,7.016306523706589360e+01,5.097244193342008955e+00,5.273984731330619979e+01,2.723260490039478565e+00,5.137435521152200124e+01,2.801347805018548964e+00
-3.861417377436044962e-01,-2.659406382346221065e+00,7.542760619469964922e+01,7.678994677707669325e+01,5.097478607171148646e+00,6.014084167465398423e+01,2.710229461130193584e+00,6.121501943999768258e+01,2.669755946160981885e+00
-3.861417377436044962e-01,-2.371590617641085252e+00,7.333523460522063431e+01,7.616729612174094655e+01,5.097608286240704167e+00,5.873244183166593757e+01,2.707193823803637489e+00,6.008185657218693621e+01,2.630845872801668595e+00
-3.861417377436044962e-01,-2.083774852935949440e+00,6.455005662593966065e+01,6.939005600243399385e+01,5.097353896787530481e+00,5.014053572880800402e+01,2.703439993984665612e+00,4.940946856354607775e+01,2.630079606680594928e+00
-3.861417377436044962e-01,-1.795959088230814071e+00,5.486329382374012908e+01,6.029258325665432494e+01,5.097255050209310134e+00,3.917184428482883618e+01,2.699439016230030131e+00,3.819207143453719766e+01,2.627438753719344433e+00
-3.861417377436044962e-01,-1.508143323525678481e+00,4.615279422429938450e+01,5.219424871662340593e+01,5.097457761759882189e+00,2.953051034818835774e+01,2.697627240479746558e+00,2.973538945221401519e+01,2.597721174535820410e+00
-3.861417377436044962e-01,-1.220327558820542890e+00,3.993089172002164844e+01,4.670096759205625858e+01,5.097480966623805898e+00,2.322402748606316436e+01,2.696650426835959458e+00,2.306092484231343320e+01,2.606679740496786746e+00
-3.861417377436044962e-01,-9.325117941154072998e-01,3.742599929408316939e+01,4.470275303719972726e+01,5.097357494175784431e+00,2.152306442171595791e+01,2.695538287756590545e+00,2.101235838385602861e+01,2.611005837694746923e+00
-3.861417377436044962e-01,-6.446960294102717093e-01,4.097817315011829464e+01,4.681334446893015411e+01,5.097360152546428935e+00,2.449382442219518907e+01,2.694978049425197586e+00,2.403095899596888074e+01,2.605354016458624411e+00
-3.861417377436044962e-01,-3.568802647051361188e-01,4.809568816852747375e+01,5.242629845776536968e+01,5.097385291181586453e+00,3.060818864516977555e+01,2.695385058270521661e+00,2.920467918236969496e+01,2.633416642019224874e+00
-3.861417377436044962e-01,-6.906450000000008416e-02,5.453223598289021368e+01,5.922565388235670980e+01,5.097393422447058953e+00,3.784277256746315743e+01,2.696247721166116662e+00,3.585881705727324942e+01,2.665474489721340046e+00
-3.861417377436044962e-01,2.187512647051355064e-01,5.978139638460007887e+01,6.430643263993260916e+01,5.097407507319063669e+00,4.431798340443845063e+01,2.696815051710125477e+00,4.354762357263802386e+01,2.639517953832844821e+00
-3.861417377436044962e-01,5.065670294102710969e-01,6.203474735960031694e+01,6.578618093499972019e+01,5.097309941686527957e+00,4.774996570872224311e+01,2.697053797061807590e+00,4.854776096736794955e+01,2.602811055204632851e+00
-3.861417377436044962e-01,7.943827941154066874e-01,6.050435311445830422e+01,6.343719974606938194e+01,5.097436946474302566e+00,4.610196397164054360e+01,2.697642469399005094e+00,4.729809713082481437e+01,2.603268020977117736e+00
-3.861417377436044962e-01,1.082198558820542278e+00,5.524378507780003389e+01,5.828595733547990676e+01,5.097453302999216618e+00,3.971780594975086842e+01,2.698215758337673353e+00,4.019770288033856787e+01,2.625196671744568278e+00
-3.861417377436044962e-01,1.370014323525677868e+00,4.707771560630982322e+01,5.193519175855908543e+01,5.097431969276039254e+00,3.158408211175071756e+01,2.698274338067625511e+00,3.105231705863502256e+01,2.666217745300492048e+00
-3.861417377436044962e-01,1.657830088230813459e+00,3.966787085527553813e+01,4.600745552081207279e+01,5.097381265361222269e+00,2.475239502935392011e+01,2.699011263647404402e+00,2.431813709395430934e+01,2.688204953822636245e+00
-3.861417377436044962e-01,1.945645852935949049e+00,3.579515559127202096e+01,4.178759978251764551e+01,5.097366618360366530e+00,2.054415266567104936e+01,2.701729725618500222e+00,2.089070095887788625e+01,2.688296618855784637e+00
-3.861417377436044962e-01,2.233461617641084640e+00,3.445256389063157343e+01,4.021635200131890997e+01,5.097447271511196476e+00,1.954149178980242141e+01,2.703920423998364075e+00,1.955256116251674570e+01,2.714548506657721294e+00
-3.861417377436044962e-01,2.521277382346220008e+00,3.671951428940998596e+01,4.210153495344638941e+01,5.097379425479975801e+00,2.270167491614165556e+01,2.706062163497950923e+00,2.171238115176242189e+01,2.732557266985276900e+00
-3.861417377436044962e-01,2.809093147051355821e+00,4.462992965436235693e+01,4.779880950711958576e+01,5.097468060386686872e+00,3.065960783174614335e+01,2.717957763872961952e+00,2.964087937861426880e+01,2.820355858386804915e+00
-3.861417377436044962e-01,3.096908911756491634e+00,5.689356661324349318e+01,5.588362573691847501e+01,5.097537515604161129e+00,4.283954406495672629e+01,2.737775567158335033e+00,4.182104677114253377e+01,2.941444685237494472e+00
-3.861417377436044962e-01,3.384724676461627002e+00,6.993324323296377543e+01,6.186390747982659377e+01,5.091612340700507389e+00,5.737415967174160869e+01,2.894977492304418476e+00,5.312073397743472469e+01,5.016070577665141528e+00
-1.028739438718021537e-01,-3.522853676461627614e+00,6.672891216913006929e+01,5.796573972422629595e+01,5.095918751559104010e+00,5.242811265836098755e+01,2.960751080672034963e+00,5.011084668184517454e+01,5.237389447056330027e+00
-1.028739438718021537e-01,-3.235037911756491802e+00,7.201361917535614054e+01,6.881389479260542430e+01,5.098033586884129775e+00,5.547597478144552952e+01,2.755720713472952887e+00,5.467642299378869097e+01,3.101669708466101572e+00
-1.028739438718021537e-01,-2.947222147051356433e+00,7.729832618158225443e+01,7.566281660035019740e+01,5.097480313746304503e+00,5.990392036515868313e+01,2.725471286959805450e+00,6.016830372431088847e+01,2.785135041829156499e+00
-1.028739438718021537e-01,-2.659406382346221065e+00,7.609427133130793663e+01,7.739913167621125467e+01,5.097564545375032452e+00,6.047358430134363516e+01,2.710604489560045849e+00,6.063619863465010695e+01,2.665178598863444215e+00
-1.028739438718021537e-01,-2.371590617641085252e+00,6.857090961637001669e+01,7.335355120911845006e+01,5.097731140752140178e+00,5.475842950848641522e+01,2.706794357548016894e+00,5.397622685822665289e+01,2.636324462912777111e+00
-1.028739438718021537e-01,-2.083774852935949440e+00,6.007274784975778914e+01,6.581201508040248882e+01,5.097483807996999516e+00,4.543795572084843570e+01,2.703190825335943792e+00,4.413495443975143928e+01,2.613219974767988063e+00
-1.028739438718021537e-01,-1.795959088230814071e+00,5.284444894265409687e+01,5.852048719512822572e+01,5.097386536819173308e+00,3.687151612137208190e+01,2.699451910364068397e+00,3.613714705310043485e+01,2.592543055165011712e+00
-1.028739438718021537e-01,-1.508143323525678481e+00,4.703922450128695232e+01,5.387673884090327192e+01,5.097454942497739339e+00,3.143875775734215949e+01,2.697867787480452417e+00,3.110666109729582374e+01,2.588262128070990542e+00
-1.028739438718021537e-01,-1.220327558820542890e+00,4.446367090581688331e+01,5.235337222185626160e+01,5.097440151214542858e+00,2.976955793105469184e+01,2.697112459763411518e+00,2.901222172976135738e+01,2.598858557169186678e+00
-1.028739438718021537e-01,-9.325117941154072998e-01,4.667309911593074645e+01,5.376594528100395110e+01,5.097329901228089710e+00,3.206940149554429809e+01,2.696249146295756294e+00,3.156881617363195502e+01,2.592188629299392755e+00
-1.028739438718021537e-01,-6.446960294102717093e-01,5.295491619680963424e+01,5.778874668867501896e+01,5.097384061719985482e+00,3.754786215815988726e+01,2.695980630921263277e+00,3.736803504144703680e+01,2.591847920330064614e+00
-1.028739438718021537e-01,-3.568802647051361188e-01,5.883776064977602971e+01,6.324236984497110825e+01,5.097441498237210489e+00,4.397030305418194018e+01,2.696555271502542706e+00,4.373571331122256822e+01,2.591751906853148046e+00
-1.028739438718021537e-01,-6.906450000000008416e-02,6.411164773706927633e+01,6.791443631956644822e+01,5.097520410041731509e+00,4.909891967246994682e+01,2.697296997070403712e+00,4.959880153588258622e+01,2.573542243997978485e+00
-1.028739438718021537e-01,2.187512647051355064e-01,6.683671846368784486e+01,6.969037289223342668e+01,5.097493326877184039e+00,5.170524703936484912e+01,2.697467723787143612e+00,5.293949822413036088e+01,2.569056151543147593e+00
-1.028739438718021537e-01,5.065670294102710969e-01,6.579385510016085448e+01,6.778793954846332781e+01,5.097362712632745207e+00,5.084195483375788172e+01,2.697241418023613502e+00,5.183325744448534067e+01,2.576493922208533238e+00
-1.028739438718021537e-01,7.943827941154066874e-01,6.080733783651533741e+01,6.296492976750596426e+01,5.097392744651465968e+00,4.589057801453327556e+01,2.697516235337657609e+00,4.632026137912322383e+01,2.588785937478802701e+00
-1.028739438718021537e-01,1.082198558820542278e+00,5.236285015932703857e+01,5.692372435249853879e+01,5.097497113805787627e+00,3.821545691445180637e+01,2.698041451115393397e+00,3.782101372817616891e+01,2.615153533044830336e+00
-1.028739438718021537e-01,1.370014323525677868e+00,4.546333138597579193e+01,5.156118263403186575e+01,5.097514160996467147e+00,3.114765452620497399e+01,2.698234895499536989e+00,3.021947981865081445e+01,2.653185765624117565e+00
-1.028739438718021537e-01,1.657830088230813459e+00,4.175111621475384283e+01,4.828973113902611658e+01,5.097446138829483608e+00,2.724888782562021561e+01,2.699081245618430547e+00,2.699098931144198588e+01,2.651111056323033122e+00
-1.028739438718021537e-01,1.945645852935949049e+00,4.110461235239984745e+01,4.763569829706102610e+01,5.097425318848984865e+00,2.678974810419845198e+01,2.702025912384755646e+00,2.681292530298994592e+01,2.658890535542810074e+00
-1.028739438718021537e-01,2.233461617641084640e+00,4.310779748002269685e+01,4.947779848024038074e+01,5.097590263837954438e+00,2.937187685555886674e+01,2.704581578378663309e+00,2.828475253588467098e+01,2.707654283510204429e+00
-1.028739438718021537e-01,2.521277382346220008e+00,4.853628362346623248e+01,5.367331907460902585e+01,5.097428268558094722e+00,3.520192808212141244e+01,2.706780552541068197e+00,3.368785906492554005e+01,2.719706145503054895e+00
-1.028739438718021537e-01,2.809093147051355821e+00,5.849918955701754442e+01,5.999868873309969786e+01,5.097491445387687392e+00,4.396269231912538089e+01,2.718805137489972434e+00,4.359809111272186044e+01,2.772163601078337258e+00
-1.028739438718021537e-01,3.096908911756491634e+00,7.047741496678850126e+01,6.685692777895019390e+01,5.097735751879390875e+00,5.406135180451406086e+01,2.740797542940601517e+00,5.358615469896066941e+01,2.935011517314654483e+00
-1.028739438718021537e-01,3.384724676461627002e+00,8.264012152580401960e+01,7.001476616314175772e+01,5.092724052003993584e+00,6.367740940581961695e+01,2.890282360550012530e+00,5.963881467903897260e+01,5.033152501646330101e+00
1.803938500000001888e-01,-3.522853676461627614e+00,7.322427243771842598e+01,6.017207107962167356e+01,5.096147615130107944e+00,5.615042964768827005e+01,2.992051678417558147e+00,5.358645374302509623e+01,5.722421339341575930e+00
1.803938500000001888e-01,-3.235037911756491802e+00,6.951940456510862987e+01,6.645146945615124423e+01,5.097821811533104430e+00,5.300685819822683698e+01,2.754890904662215867e+00,5.259726440392975633e+01,3.127227086298367986e+00
1.803938500000001888e-01,-2.947222147051356433e+00,6.581453669249887639e+01,6.789917628491821233e+01,5.097593072673628711e+00,5.059448010674191210e+01,2.725017829455140816e+00,4.963103171979769002e+01,2.780855359581111852e+00
1.803938500000001888e-01,-2.659406382346221065e+00,6.149186915207246074e+01,6.579657373220834415e+01,5.097624465881979816e+00,4.658259340776567115e+01,2.709600482600368565e+00,4.380520471353303691e+01,2.676741263783419367e+00
1.803938500000001888e-01,-2.371590617641085252e+00,5.566354346871202807e+01,6.114340611225634348e+01,5.097705779332056153e+00,4.037884418618534710e+01,2.705698381283732079e+00,3.754750570768291595e+01,2.644699996754102500e+00
1.803938500000001888e-01,-2.083774852935949440e+00,5.053410133658314862e+01,5.614844191113661509e+01,5.097554510330280841e+00,3.436381594266737238e+01,2.702611985193397626e+00,3.336134425185250052e+01,2.599833277361145001e+00
1.803938500000001888e-01,-1.795959088230814071e+00,4.680074288925550263e+01,5.312497020249429625e+01,5.097491482138055474e+00,3.105644230055483490e+01,2.698967965058601148e+00,3.106167903400359620e+01,2.575958980437416557e+00
1.803938500000001888e-01,-1.508143323525678481e+00,4.509387444576044146e+01,5.279987028391042259e+01,5.097521476786026184e+00,3.076074683369017748e+01,2.697385097665643716e+00,3.042690109126133891e+01,2.575058722795615207e+00
1.803938500000001888e-01,-1.220327558820542890e+00,4.694246346425899219e+01,5.446613994160725269e+01,5.097516680444884152e+00,3.267510965096107611e+01,2.696897711015339372e+00,3.210581819713404172e+01,2.573139313065728295e+00
1.803938500000001888e-01,-9.325117941154072998e-01,5.178883130634728360e+01,5.727393968774413224e+01,5.097362126840804031e+00,3.644954989385269073e+01,2.696313797372949406e+00,3.652334561601585960e+01,2.563210333575231648e+00
1.803938500000001888e-01,-6.446960294102717093e-01,5.638859550089822648e+01,6.057623195600172039e+01,5.097414627079648319e+00,4.132716649994324598e+01,2.696056274748697135e+00,4.180289120555536897e+01,2.558291680563198334e+00
1.803938500000001888e-01,-3.568802647051361188e-01,5.946357301387101302e+01,6.330612065583409276e+01,5.097467543059950756e+00,4.519160520925865399e+01,2.696390324497759394e+00,4.538259561147050647e+01,2.560918492073956720e+00
1.803938500000001888e-01,-6.906450000000008416e-02,6.079842347357786281e+01,6.399604472167266067e+01,5.097591433574865327e+00,4.603170945744903975e+01,2.696833267825948344e+00,4.592416787590192939e+01,2.562213970481606484e+00
1.803938500000001888e-01,2.187512647051355064e-01,5.947443355401594545e+01,6.180565501085948199e+01,5.097511179039772244e+00,4.363306944127566567e+01,2.696623585986872573e+00,4.242907900132738774e+01,2.587058386318638714e+00
1.803938500000001888e-01,5.065670294102710969e-01,5.572045880565455178e+01,5.727634251429117285e+01,5.097391541990426767e+00,3.898970684081609761e+01,2.695970544292165094e+00,3.627639274887603449e+01,2.635912037065718749e+00
1.803938500000001888e-01,7.943827941154066874e-01,4.876542750696025763e+01,5.201415804581483826e+01,5.097387739023729658e+00,3.321844954020298246e+01,2.696060677284760398e+00,3.073270371858003003e+01,2.626962784625552327e+00
1.803938500000001888e-01,1.082198558820542278e+00,4.239849214142216738e+01,4.785003646218683571e+01,5.097498825473864237e+00,2.796859734481790838e+01,2.696734488723515177e+00,2.674096491231669859e+01,2.603808182480420896e+00
1.803938500000001888e-01,1.370014323525677868e+00,4.017858228376171326e+01,4.614344425154558849e+01,5.097486584859418635e+00,2.543483663360484570e+01,2.697166192541250673e+00,2.511431994159817194e+01,2.612096086760026470e+00
1.803938500000001888e-01,1.657830088230813459e+00,4.125802868721086014e+01,4.729680487854056992e+01,5.097463807823901405e+00,2.659043709330745742e+01,2.698314703508924772e+00,2.688581221648235342e+01,2.618686447864257527e+00
1.803938500000001888e-01,1.945645852935949049e+00,4.411162357737124751e+01,5.060865788119554054e+01,5.097440824384659841e+00,3.037010853126957954e+01,2.701825154240171667e+00,3.044804677228200163e+01,2.641137702337740922e+00
1.803938500000001888e-01,2.233461617641084640e+00,4.888924257415767727e+01,5.483312681280949619e+01,5.097675309486391804e+00,3.536017132153233433e+01,2.705069117462620909e+00,3.488236696145098392e+01,2.677328334920085151e+00
1.803938500000001888e-01,2.521277382346220008e+00,5.578374061545152074e+01,5.913324747176375240e+01,5.097550501702031944e+00,4.097423406428879389e+01,2.707404403681697769e+00,4.109178048133627215e+01,2.679566593362198379e+00
1.803938500000001888e-01,2.809093147051355821e+00,6.364991087489596566e+01,6.324050570177496411e+01,5.097494889547925290e+00,4.649687363311272748e+01,2.718848448311227628e+00,4.724442038672543021e+01,2.738896690574632142e+00
1.803938500000001888e-01,3.096908911756491634e+00,6.825565203494208788e+01,6.622307128312968416e+01,5.097902692407038749e+00,5.080288130671783620e+01,2.741235378781183396e+00,4.967726765852998483e+01,2.950235283681756471e+00
1.803938500000001888e-01,3.384724676461627002e+00,7.201377533833702671e+01,6.511518126448208932e+01,5.093694478042888996e+00,5.373910937913433372e+01,2.867479461472787428e+00,4.958129265843525957e+01,4.405800633899922047e+00
4.636616438718025313e-01,-3.522853676461627614e+00,5.584210574712194841e+01,5.210377182600495871e+01,5.095340438902530522e+00,4.392250067272811975e+01,2.999581073507825213e+00,4.020351195682116696e+01,5.313625653722023223e+00
4.636616438718025313e-01,-3.235037911756491802e+00,5.208972286149548836e+01,5.480804824990627822e+01,5.097366849202146000e+00,3.766423834525267011e+01,2.747699931899358461e+00,3.607430393824715509e+01,3.034555883434594925e+00
4.636616438718025313e-01,-2.947222147051356433e+00,4.833733997586903541e+01,5.317779610627621878e+01,5.097554642173828476e+00,3.309633663562999573e+01,2.722278168046786906e+00,3.196161384948135975e+01,2.758155449731913400e+00
4.636616438718025313e-01,-2.659406382346221065e+00,4.457926852597637435e+01,5.028941235352249350e+01,5.097466325246677421e+00,2.926877316896570846e+01,2.707806431497605359e+00,2.812536109910859849e+01,2.635081332070038140e+00
4.636616438718025313e-01,-2.371590617641085252e+00,4.167842236555829771e+01,4.767146405174571555e+01,5.097605413840152977e+00,2.579321195601255567e+01,2.704112014784454843e+00,2.549258965811688782e+01,2.600136778716333641e+00
4.636616438718025313e-01,-2.083774852935949440e+00,4.024293678961520015e+01,4.642911031011317391e+01,5.097363000961387058e+00,2.389102772343193237e+01,2.701456546927757607e+00,2.451331678057771057e+01,2.581283370367685404e+00
4.636616438718025313e-01,-1.795959088230814071e+00,3.967770461099855339e+01,4.708086377494328190e+01,5.097470012497981706e+00,2.448495115129256305e+01,2.698087513559393358e+00,2.461865301047809140e+01,2.574311757351161578e+00
4.636616438718025313e-01,-1.508143323525678481e+00,4.131224340643535697e+01,4.904743638243235182e+01,5.097488771348048786e+00,2.662410891505442123e+01,2.696578464633122785e+00,2.613442974989157719e+01,2.564605679598242816e+00
4.636616438718025313e-01,-1.220327558820542890e+00,4.489349478705493368e+01,5.121131272728962358e+01,5.097450447530820661e+00,2.883048234189470804e+01,2.696132022385794524e+00,2.834714853527458445e+01,2.554390917593242438e+00
4.636616438718025313e-01,-9.325117941154072998e-01,4.790108715759626534e+01,5.287865097440953832e+01,5.097428711097962584e+00,3.087095159221235008e+01,2.695588335952090464e+00,3.025056762897232687e+01,2.561441117613687535e+00
4.636616438718025313e-01,-6.446960294102717093e-01,4.921474562518611862e+01,5.375352730216400232e+01,5.097373262262749449e+00,3.284849279486286378e+01,2.695018905337210224e+00,3.198751516284005447e+01,2.559959949092251552e+00
4.636616438718025313e-01,-3.568802647051361188e-01,4.914710940451900001e+01,5.329457374870253261e+01,5.097441584774508705e+00,3.352023786778710246e+01,2.694742862129821948e+00,3.215182208864732871e+01,2.571140389476003651e+00
4.636616438718025313e-01,-6.906450000000008416e-02,4.778509542993661086e+01,5.085586204224091489e+01,5.097490249169807086e+00,3.129707252211392188e+01,2.694870365777691124e+00,2.956062022787788024e+01,2.593901051639839306e+00
4.636616438718025313e-01,2.187512647051355064e-01,4.481368671329460085e+01,4.661234849136963021e+01,5.097491022937057359e+00,2.654281884946794889e+01,2.694634415639412861e+00,2.505021011135897879e+01,2.579875092644637213e+00
4.636616438718025313e-01,5.065670294102710969e-01,3.946939790745896914e+01,4.192084379954030737e+01,5.097402136504523007e+00,2.143914553434206027e+01,2.694046011323449008e+00,2.045151387274885479e+01,2.563858537944605942e+00
4.636616438718025313e-01,7.943827941154066874e-01,3.369927711187319375e+01,3.858176483689749148e+01,5.097359052287393943e+00,1.794514487975527572e+01,2.694444611493715946e+00,1.778158888839941909e+01,2.562459313492792212e+00
4.636616438718025313e-01,1.082198558820542278e+00,3.231290637087228390e+01,3.786650622815068346e+01,5.097489586810660889e+00,1.704653407455487013e+01,2.695588458554816214e+00,1.733534508107297256e+01,2.572871679255167798e+00
4.636616438718025313e-01,1.370014323525677868e+00,3.460039761798516622e+01,4.006552654321421869e+01,5.097527527526705349e+00,1.917074845094259672e+01,2.696223308280118580e+00,1.923328000090716827e+01,2.595463949687745853e+00
4.636616438718025313e-01,1.657830088230813459e+00,3.884225003615972582e+01,4.443549445325334091e+01,5.097375194644781615e+00,2.378388765581752295e+01,2.697371983488765945e+00,2.360246851287678282e+01,2.613651228653048886e+00
4.636616438718025313e-01,1.945645852935949049e+00,4.352529860577831755e+01,4.940491150043089874e+01,5.097389122933959626e+00,2.910232034715340887e+01,2.701023690054594972e+00,2.881184914542756559e+01,2.627558712986203027e+00
4.636616438718025313e-01,2.233461617641084640e+00,4.888010485805284588e+01,5.329057845387433190e+01,5.097588473102015350e+00,3.335830471809686060e+01,2.704578176125541411e+00,3.314930235307292605e+01,2.647158322189930857e+00
4.636616438718025313e-01,2.521277382346220008e+00,5.306990582661921962e+01,5.528905453151674010e+01,5.097521886985870054e+00,3.582659354098564108e+01,2.706758860281286871e+00,3.578541971289367041e+01,2.677318137697694667e+00
4.636616438718025313e-01,2.809093147051355821e+00,5.342468557450206390e+01,5.567123325301508885e+01,5.097372403039241107e+00,3.628659513372986112e+01,2.716947862096767974e+00,3.573178519336473613e+01,2.746659401648788190e+00
4.636616438718025313e-01,3.096908911756491634e+00,5.158149880528445408e+01,5.457250624381413218e+01,5.097950979163212715e+00,3.492182680338964929e+01,2.737977801740343331e+00,3.288497997571634102e+01,2.955365910140326235e+00
4.636616438718025313e-01,3.384724676461627002e+00,4.942891951310493681e+01,5.047395409466116689e+01,5.094204566137379153e+00,3.327871896115084382e+01,2.833780701870363572e+00,3.105238275457427832e+01,3.935668910926233277e+00
7.469294377436048737e-01,-3.522853676461627614e+00,3.695872744694596435e+01,4.060713709030824248e+01,5.093315276567535577e+00,2.726568841674588839e+01,3.000383113348736419e+00,2.347107334409415103e+01,5.172099651669444853e+00
7.469294377436048737e-01,-3.235037911756491802e+00,3.523398632607504766e+01,4.261362426694540773e+01,5.097157371249791957e+00,2.205904799385507431e+01,2.743242505251664909e+00,2.012743670681822650e+01,3.033974877913810708e+00
7.469294377436048737e-01,-2.947222147051356433e+00,3.350924520520415228e+01,4.128319594646745827e+01,5.097476440629201910e+00,1.981021875558462852e+01,2.720963120206508989e+00,1.910289046027064686e+01,2.734104692424606853e+00
7.469294377436048737e-01,-2.659406382346221065e+00,3.273531280582547254e+01,4.018617743394861463e+01,5.097350750034466138e+00,1.921881682140610792e+01,2.706915828091597920e+00,1.912596590747744330e+01,2.625647262658516112e+00
7.469294377436048737e-01,-2.371590617641085252e+00,3.278643016606812921e+01,4.033261323381157126e+01,5.097437227078957633e+00,1.892480278641642144e+01,2.703362250130930011e+00,1.895620226929828789e+01,2.598248356482701027e+00
7.469294377436048737e-01,-2.083774852935949440e+00,3.350584101201491194e+01,4.153852101611846592e+01,5.097433450877284500e+00,1.907332058824545129e+01,2.700942123575597709e+00,1.873307734775009692e+01,2.575081321343489549e+00
7.469294377436048737e-01,-1.795959088230814071e+00,3.430257240578727362e+01,4.322183256036078092e+01,5.097363672271487012e+00,2.015354888487951257e+01,2.697718292957494768e+00,1.907898273558644675e+01,2.560193346615914134e+00
7.469294377436048737e-01,-1.508143323525678481e+00,3.619986200323874215e+01,4.457833579908765387e+01,5.097435846877946375e+00,2.135101330088275517e+01,2.696163583837289934e+00,2.044700164433695377e+01,2.553496102166333159e+00
7.469294377436048737e-01,-1.220327558820542890e+00,3.753222607287747792e+01,4.501254614249046426e+01,5.097503301802446707e+00,2.142233710856567086e+01,2.695546807124839184e+00,2.108821459338138027e+01,2.544491779737962922e+00
7.469294377436048737e-01,-9.325117941154072998e-01,3.784768724010186958e+01,4.453303316108940635e+01,5.097387528686710745e+00,2.059751568556680468e+01,2.694830374432064080e+00,1.963855116248119614e+01,2.555716087699847705e+00
7.469294377436048737e-01,-6.446960294102717093e-01,3.727023075296430221e+01,4.336833743266470265e+01,5.097336366120998719e+00,1.993129841761913212e+01,2.693958904649012887e+00,1.868203642947108278e+01,2.550092346964492052e+00
7.469294377436048737e-01,-3.568802647051361188e-01,3.565573791534159653e+01,4.135296817652124446e+01,5.097328707732531328e+00,1.907917837195975608e+01,2.693279152219570260e+00,1.848060458182813903e+01,2.532089416913790192e+00
7.469294377436048737e-01,-6.906450000000008416e-02,3.355192095634954796e+01,3.821390587471250910e+01,5.097388176297163120e+00,1.665451277428712729e+01,2.693259989862613057e+00,1.653977614481805603e+01,2.530059478835101405e+00
7.469294377436048737e-01,2.187512647051355064e-01,2.998752693670800440e+01,3.447684872317768168e+01,5.097428024473239283e+00,1.286470041537063480e+01,2.693124244262424583e+00,1.318419599594505698e+01,2.525544505599885525e+00
7.469294377436048737e-01,5.065670294102710969e-01,2.580237612453877105e+01,3.160513252657256089e+01,5.097354577201653747e+00,9.939129521771747022e+00,2.692694841326439548e+00,1.064327492792256180e+01,2.525992610659114401e+00
7.469294377436048737e-01,7.943827941154066874e-01,2.410336654251068467e+01,3.102140805502131116e+01,5.097394476202032010e+00,9.685879024721543828e+00,2.693354458800131024e+00,1.037574280974509122e+01,2.542350991857900588e+00
7.469294377436048737e-01,1.082198558820542278e+00,2.660961588023679880e+01,3.313628420639724936e+01,5.097424892859991452e+00,1.210950770995827952e+01,2.694929617114698139e+00,1.207580397566693264e+01,2.565056597973909280e+00
7.469294377436048737e-01,1.370014323525677868e+00,3.079050383941285318e+01,3.724125568410090636e+01,5.097426709149790014e+00,1.630389645207947069e+01,2.695777660153510169e+00,1.547524324893842973e+01,2.581934778952957199e+00
7.469294377436048737e-01,1.657830088230813459e+00,3.561090179687195700e+01,4.193778971709252801e+01,5.097302148910729969e+00,2.107266386213916576e+01,2.696835656885008703e+00,2.010584584303209610e+01,2.594295998409774651e+00
7.469294377436048737e-01,1.945645852935949049e+00,3.940337420564743098e+01,4.560956249962328002e+01,5.097344635395271162e+00,2.478689601270957610e+01,2.700465719127126185e+00,2.395341656710429490e+01,2.609950354891395374e+00
7.469294377436048737e-01,2.233461617641084640e+00,4.175713664017994375e+01,4.704194418978295289e+01,5.097557073523130811e+00,2.611125716844708222e+01,2.704105234593709106e+00,2.515928126961128442e+01,2.636185305848480542e+00
7.469294377436048737e-01,2.521277382346220008e+00,4.133045576867804982e+01,4.613040871034900192e+01,5.097481659086914085e+00,2.493039187784211208e+01,2.705888962318115265e+00,2.360196602499269147e+01,2.684014177673692547e+00
7.469294377436048737e-01,2.809093147051355821e+00,3.830726136285901617e+01,4.387489036943588872e+01,5.097300884730799453e+00,2.200959385831401960e+01,2.714802170209870358e+00,2.060376562803004674e+01,2.736844370639906820e+00
7.469294377436048737e-01,3.096908911756491634e+00,3.534774877675486238e+01,4.112937116688408423e+01,5.097898825118763355e+00,1.851807077344210484e+01,2.734315699197907623e+00,1.762077610838597508e+01,2.897203154259178515e+00
7.469294377436048737e-01,3.384724676461627002e+00,3.249738535425533570e+01,3.705474252112617251e+01,5.094333112225867488e+00,1.634166484661091090e+01,2.808781138412807188e+00,1.715300565843177338e+01,3.779633397712384379e+00
1.030197231615407105e+00,-3.522853676461627614e+00,2.755889430839022936e+01,3.374815259389288258e+01,5.091415907923977358e+00,1.814974540924004032e+01,2.997422632038373003e+00,1.638129310705811648e+01,5.231474782660415990e+00
1.030197231615407105e+00,-3.235037911756491802e+00,2.851418914183577158e+01,3.705707301672373433e+01,5.097186855946610251e+00,1.556681561004734249e+01,2.742777362684141185e+00,1.468231981126307950e+01,3.017802351470814770e+00
1.030197231615407105e+00,-2.947222147051356433e+00,2.946948397528132446e+01,3.773410561050695833e+01,5.097598294201825198e+00,1.640398801935725714e+01,2.721940190395281345e+00,1.543191413299413384e+01,2.738067495254111083e+00
1.030197231615407105e+00,-2.659406382346221065e+00,3.108415197805686248e+01,3.893643541437631939e+01,5.097395811685377254e+00,1.871130186486061575e+01,2.707774657175627819e+00,1.749893525035124497e+01,2.643498780750618948e+00
1.030197231615407105e+00,-2.371590617641085252e+00,3.286544031150898348e+01,4.084308673742634710e+01,5.097568312279751268e+00,2.025260934557445580e+01,2.704406692442862692e+00,1.872069314866364920e+01,2.609492488470208649e+00
1.030197231615407105e+00,-2.083774852935949440e+00,3.397842125547686010e+01,4.249124351343198214e+01,5.097415876706051563e+00,2.054852831146320113e+01,2.702017865175837752e+00,1.860211955862206779e+01,2.576787078946536802e+00
1.030197231615407105e+00,-1.795959088230814071e+00,3.431538092392028716e+01,4.316001886922458652e+01,5.097355011398202684e+00,2.027021246598349080e+01,2.698411431527216742e+00,1.841424124791907957e+01,2.553997379927188227e+00
1.030197231615407105e+00,-1.508143323525678481e+00,3.425748566434425868e+01,4.262675855842826422e+01,5.097420128907228509e+00,1.937686558319387586e+01,2.696545910430601101e+00,1.849313983952265872e+01,2.549125915458891445e+00
1.030197231615407105e+00,-1.220327558820542890e+00,3.290259622940607187e+01,4.112217680386675056e+01,5.097472261576806218e+00,1.730576353971082426e+01,2.695871985884031652e+00,1.742583454924034214e+01,2.537614306135942410e+00
1.030197231615407105e+00,-9.325117941154072998e-01,3.131112349958598529e+01,3.922530927979096305e+01,5.097475616603777127e+00,1.467824611204162011e+01,2.695033749683549917e+00,1.439353213863727099e+01,2.537285744270862953e+00
1.030197231615407105e+00,-6.446960294102717093e-01,2.988470713798442091e+01,3.737121134226617869e+01,5.097419621673823897e+00,1.292941032647814836e+01,2.694009853113687569e+00,1.226633690460045401e+01,2.539722041077696613e+00
1.030197231615407105e+00,-3.568802647051361188e-01,2.826469574956610842e+01,3.542319747350120451e+01,5.097421844856682149e+00,1.207105369455200616e+01,2.693284567603512425e+00,1.197762716963014107e+01,2.524886843563328487e+00
1.030197231615407105e+00,-6.906450000000008416e-02,2.638689258460690468e+01,3.311623565967602190e+01,5.097389838335130818e+00,1.073286017162996586e+01,2.693206471013199099e+00,1.049774356827186494e+01,2.525344393887717587e+00
1.030197231615407105e+00,2.187512647051355064e-01,2.348014156148497733e+01,3.093881205601792317e+01,5.097384388685248346e+00,8.803128157973731049e+00,2.693108004680430767e+00,7.663031432403414556e+00,2.546998831726874801e+00
1.030197231615407105e+00,5.065670294102710969e-01,2.262717499576758939e+01,3.012907780152454507e+01,5.097396473809602924e+00,8.122241615835719131e+00,2.692940349444850057e+00,6.515266683478500909e+00,2.571056300929627447e+00
1.030197231615407105e+00,7.943827941154066874e-01,2.425981225962641474e+01,3.158654329586715903e+01,5.097380080665900870e+00,1.001636445820111021e+01,2.693767784563475320e+00,8.639168150849311445e+00,2.567786342290526491e+00
1.030197231615407105e+00,1.082198558820542278e+00,2.823498020532053943e+01,3.498360789571597707e+01,5.097474226412744613e+00,1.377970841384842515e+01,2.695458771408715481e+00,1.256219893095668638e+01,2.563515423723038644e+00
1.030197231615407105e+00,1.370014323525677868e+00,3.243833842469386752e+01,3.898546054099278990e+01,5.097414887047659882e+00,1.788171389147908030e+01,2.696462509015693954e+00,1.675419250649353486e+01,2.571091929473702908e+00
1.030197231615407105e+00,1.657830088230813459e+00,3.597633392458244828e+01,4.207086657411127817e+01,5.097354990343616166e+00,2.107075201161171663e+01,2.697669878185447345e+00,2.037358033437864790e+01,2.584306078732455880e+00
1.030197231615407105e+00,1.945645852935949049e+00,3.714394854428982029e+01,4.315672938479110599e+01,5.097412990172226266e+00,2.221889944792064853e+01,2.701395282296648492e+00,2.182151900276521062e+01,2.606869738766114164e+00
1.030197231615407105e+00,2.233461617641084640e+00,3.605000122684316466e+01,4.199076243980380241e+01,5.097622621148379274e+00,2.075181452047490893e+01,2.705023840562403858e+00,2.015105242120837303e+01,2.635589836465868530e+00
1.030197231615407105e+00,2.521277382346220008e+00,3.329562202702257423e+01,3.940753520849102642e+01,5.097551616752321380e+00,1.751555340752793199e+01,2.706509922149604286e+00,1.676249353389113139e+01,2.676018733437432129e+00
1.030197231615407105e+00,2.809093147051355821e+00,3.017602017878433429e+01,3.693434376317600254e+01,5.097368941461137837e+00,1.423354483751359112e+01,2.714726741451579883e+00,1.403731723923184127e+01,2.722645807779769278e+00
1.030197231615407105e+00,3.096908911756491634e+00,2.884724056052647967e+01,3.541689469355333131e+01,5.097865596610588135e+00,1.226732071573519534e+01,2.733125968182352761e+00,1.273150462242532299e+01,2.881698113902344094e+00
1.030197231615407105e+00,3.384724676461627002e+00,2.790426849886652150e+01,3.362359435601683799e+01,5.094072417261428676e+00,1.246669881353545861e+01,2.803598160218488733e+00,1.357518109466445466e+01,3.804958291048803343e+00
1.313465025487209559e+00,-3.522853676461627614e+00,3.064484111944740974e+01,3.599159867964044679e+01,5.090837210994336282e+00,2.130892437892407543e+01,2.996796173195500401e+00,2.063344624687654516e+01,5.138033410925149091e+00
1.313465025487209559e+00,-3.235037911756491802e+00,3.368410769400389171e+01,4.080573796619137283e+01,5.097388810311014318e+00,2.025710353116210172e+01,2.744906562766105562e+00,2.052371826816764866e+01,2.991923638640595406e+00
1.313465025487209559e+00,-2.947222147051356433e+00,3.672337426856038434e+01,4.310086214820330497e+01,5.097682676256093615e+00,2.223761698269026965e+01,2.724202883309861267e+00,2.168562671741789316e+01,2.741161717972522283e+00
1.313465025487209559e+00,-2.659406382346221065e+00,3.968663333797982773e+01,4.553137556857836898e+01,5.097526912796004339e+00,2.542899816910244226e+01,2.709949542112604082e+00,2.462242560156776250e+01,2.641376405132513927e+00
1.313465025487209559e+00,-2.371590617641085252e+00,4.175000189867932221e+01,4.780989396145741921e+01,5.097731652479610354e+00,2.745657796837497244e+01,2.706685299585372295e+00,2.696274602874068549e+01,2.604259878570874154e+00
1.313465025487209559e+00,-2.083774852935949440e+00,4.260005761762214860e+01,4.885521904930646997e+01,5.097584654304906593e+00,2.750812295999669743e+01,2.704331599169542244e+00,2.688606223836331210e+01,2.583303875751611578e+00
1.313465025487209559e+00,-1.795959088230814071e+00,4.194751142493792173e+01,4.832088449397997465e+01,5.097396583038222850e+00,2.625362399740924957e+01,2.700504317460034276e+00,2.573379836565570500e+01,2.563381816862911222e+00
1.313465025487209559e+00,-1.508143323525678481e+00,3.997367912801584566e+01,4.658922481710033026e+01,5.097442776065171266e+00,2.418305790412387068e+01,2.698331275902802417e+00,2.391261596022125246e+01,2.551400822747231789e+00
1.313465025487209559e+00,-1.220327558820542890e+00,3.703054413546205836e+01,4.428398177433700766e+01,5.097557615932563735e+00,2.129752083411040076e+01,2.697455348117841822e+00,2.105396890073441440e+01,2.539503871223652176e+00
1.313465025487209559e+00,-9.325117941154072998e-01,3.424878096935486838e+01,4.200235716697352473e+01,5.097529208048299232e+00,1.827952142417188952e+01,2.696456368809577953e+00,1.776975451974516673e+01,2.536124264201815137e+00
1.313465025487209559e+00,-6.446960294102717093e-01,3.281449122225001247e+01,4.005219948974263389e+01,5.097492956601177738e+00,1.630290960808497402e+01,2.695400215723787518e+00,1.572694188985444086e+01,2.537957718677817276e+00
1.313465025487209559e+00,-3.568802647051361188e-01,3.146533754422730667e+01,3.829988455229613464e+01,5.097447927795012212e+00,1.536352499593971288e+01,2.694798100624796522e+00,1.486486738001272734e+01,2.535619849824202188e+00
1.313465025487209559e+00,-6.906450000000008416e-02,3.007622639479811255e+01,3.661062711318663787e+01,5.097496545164273307e+00,1.438670721041768275e+01,2.694737038026586706e+00,1.361548801301725220e+01,2.540590931301022870e+00
1.313465025487209559e+00,2.187512647051355064e-01,2.912789409285806386e+01,3.551004043706052471e+01,5.097491510804404768e+00,1.339205075878982143e+01,2.694606141167523727e+00,1.265315257998092946e+01,2.536296163302902862e+00
1.313465025487209559e+00,5.065670294102710969e-01,3.061811975415762532e+01,3.601401447343232576e+01,5.097408273386479394e+00,1.391724413051679221e+01,2.694595328013031921e+00,1.354583267077024189e+01,2.529731015923348370e+00
1.313465025487209559e+00,7.943827941154066874e-01,3.371730689082161803e+01,3.856959796465525869e+01,5.097432784462117894e+00,1.677435707352526606e+01,2.695511694401104830e+00,1.665261057817900792e+01,2.534196049081200997e+00
1.313465025487209559e+00,1.082198558820542278e+00,3.794853836861159380e+01,4.234709191873844247e+01,5.097462388563497093e+00,2.084708973769784279e+01,2.697172091425406926e+00,2.076016153822526888e+01,2.550509774138240537e+00
1.313465025487209559e+00,1.370014323525677868e+00,4.118052733504408280e+01,4.569826913108408917e+01,5.097504527948533593e+00,2.443019921371615055e+01,2.698311507236130335e+00,2.422167604402254781e+01,2.570435254247056989e+00
1.313465025487209559e+00,1.657830088230813459e+00,4.280711667846690460e+01,4.718544606656359974e+01,5.097412437772795180e+00,2.634943501450084113e+01,2.699740213388491128e+00,2.614150466916211002e+01,2.586329811324061811e+00
1.313465025487209559e+00,1.945645852935949049e+00,4.156475314224387319e+01,4.627851714538701344e+01,5.097417819357931812e+00,2.579792652425931010e+01,2.703343774033462044e+00,2.580787914698343144e+01,2.599237245821233611e+00
1.313465025487209559e+00,2.233461617641084640e+00,3.845328826021591340e+01,4.358886365512444172e+01,5.097738605139841006e+00,2.280172014227218824e+01,2.706749062595116495e+00,2.280366466682821880e+01,2.626616746376531975e+00
1.313465025487209559e+00,2.521277382346220008e+00,3.520059414693047728e+01,4.073757225407462101e+01,5.097578497334981584e+00,1.907932500030392475e+01,2.708272152311267611e+00,1.900741059512051834e+01,2.669083647481341970e+00
1.313465025487209559e+00,2.809093147051355821e+00,3.341694396760193797e+01,3.951108835042396095e+01,5.097462810470244854e+00,1.707898107817641176e+01,2.716758220726950057e+00,1.735721702362322105e+01,2.723610744261191208e+00
1.313465025487209559e+00,3.096908911756491634e+00,3.423545225589634811e+01,4.026660848733445164e+01,5.097820749755426206e+00,1.793009327888171356e+01,2.734869477874634303e+00,1.805724556371067280e+01,2.886665442575270468e+00
1.313465025487209559e+00,3.384724676461627002e+00,3.554215679023955943e+01,4.076496559778752271e+01,5.093401621211033792e+00,2.101839580091223070e+01,2.816298118516537219e+00,2.023205474790051994e+01,3.855742803936587304e+00
1.596732819359012012e+00,-3.522853676461627614e+00,4.490822040685075933e+01,4.680269136679999065e+01,5.091633559614471949e+00,3.475380488501969012e+01,3.010465320632419672e+00,3.108092132057967305e+01,5.134725403557307999e+00
1.596732819359012012e+00,-3.235037911756491802e+00,4.844935087724120137e+01,5.276339206403645221e+01,5.097475506251901933e+00,3.403952949420227014e+01,2.751038368693222491e+00,3.262687907213417304e+01,3.042478014645918272e+00
1.596732819359012012e+00,-2.947222147051356433e+00,5.199048134763165763e+01,5.581214683716825675e+01,5.097578631453950848e+00,3.568533799783995164e+01,2.727688345791632329e+00,3.395834289942384032e+01,2.774937106105379581e+00
1.596732819359012012e+00,-2.659406382346221065e+00,5.535668485860872323e+01,5.843637260880495887e+01,5.097393289921392956e+00,3.848700245950931276e+01,2.712911341403243526e+00,3.658362771958668702e+01,2.675335164611374328e+00
1.596732819359012012e+00,-2.371590617641085252e+00,5.724848231840048385e+01,6.038756000059947837e+01,5.097602971083285084e+00,4.034649244075944807e+01,2.709414885276669516e+00,3.922865684315743096e+01,2.637008463759551447e+00
1.596732819359012012e+00,-2.083774852935949440e+00,5.774449264956859906e+01,6.085430409802938811e+01,5.097559286323454231e+00,4.030545927606357282e+01,2.707023898479179458e+00,3.979295276925159897e+01,2.607797936331123445e+00
1.596732819359012012e+00,-1.795959088230814071e+00,5.672670900388797577e+01,5.986889707378577441e+01,5.097422174539545381e+00,3.886889956621928377e+01,2.703287228930384423e+00,3.855130040315228968e+01,2.582851239024716694e+00
1.596732819359012012e+00,-1.508143323525678481e+00,5.460624444223095963e+01,5.801640581908577587e+01,5.097485174694115884e+00,3.668868001765304143e+01,2.700940022341122404e+00,3.575583995082751443e+01,2.565446204105386041e+00
1.596732819359012012e+00,-1.220327558820542890e+00,5.153157064661219522e+01,5.575511378048395272e+01,5.097502911702217254e+00,3.396012735694944240e+01,2.699744883055412270e+00,3.222080632638347453e+01,2.555251863145242552e+00
1.596732819359012012e+00,-9.325117941154072998e-01,4.858388158096936849e+01,5.333288299939886201e+01,5.097441187465906687e+00,3.108822424816389685e+01,2.698515970993580648e+00,2.956605532868142561e+01,2.551083776866259534e+00
1.596732819359012012e+00,-6.446960294102717093e-01,4.679553435966280972e+01,5.095439046250248794e+01,5.097423775904865728e+00,2.877846791541014682e+01,2.697434464086548189e+00,2.802492014570638190e+01,2.540772938971695094e+00
1.596732819359012012e+00,-3.568802647051361188e-01,4.512437895648762520e+01,4.881095910868316423e+01,5.097455010232680550e+00,2.718919425858672412e+01,2.696955490812646961e+00,2.651851360264177870e+01,2.534220590631433012e+00
1.596732819359012012e+00,-6.906450000000008416e-02,4.413581023746411347e+01,4.720607783588638995e+01,5.097524334040649308e+00,2.602056739160627785e+01,2.696967079920073118e+00,2.537750753836495932e+01,2.536386438311965197e+00
1.596732819359012012e+00,2.187512647051355064e-01,4.435216370839873434e+01,4.675376580042939167e+01,5.097492023089139401e+00,2.566369255291832019e+01,2.696798100936233400e+00,2.568918052455739698e+01,2.530336064786113948e+00
1.596732819359012012e+00,5.065670294102710969e-01,4.679511122291175695e+01,4.811229931037814822e+01,5.097407906755592855e+00,2.711693929642552803e+01,2.696685162534205649e+00,2.708208396029455400e+01,2.533339829841252389e+00
1.596732819359012012e+00,7.943827941154066874e-01,5.043997456346104258e+01,5.124741576905944385e+01,5.097432447000744382e+00,3.043848565000928375e+01,2.697624507538738392e+00,2.979143803153106163e+01,2.549789135741827639e+00
1.596732819359012012e+00,1.082198558820542278e+00,5.410554704487575606e+01,5.506295010245230515e+01,5.097471720314681320e+00,3.431602410425898597e+01,2.699506552236272672e+00,3.365194192491890135e+01,2.566517566454451060e+00
1.596732819359012012e+00,1.370014323525677868e+00,5.624980951047903233e+01,5.791539623374410439e+01,5.097497976493311711e+00,3.729944232608795573e+01,2.700891252776407736e+00,3.649459888725564838e+01,2.581643461416153418e+00
1.596732819359012012e+00,1.657830088230813459e+00,5.647771235558548142e+01,5.852895783665007912e+01,5.097483310435563908e+00,3.843756623107549331e+01,2.702312129563414267e+00,3.705671843349728078e+01,2.603669788213461178e+00
1.596732819359012012e+00,1.945645852935949049e+00,5.399233183156032112e+01,5.665129839413566515e+01,5.097481952485730439e+00,3.703450118537091384e+01,2.705532202565928301e+00,3.557483091901137584e+01,2.619498785605780977e+00
1.596732819359012012e+00,2.233461617641084640e+00,5.018664438687071794e+01,5.331121212664584164e+01,5.097596715185741090e+00,3.337397387687178707e+01,2.708685988863827276e+00,3.208687607911647177e+01,2.647454426549010087e+00
1.596732819359012012e+00,2.521277382346220008e+00,4.727865113465009728e+01,5.056031048514705617e+01,5.097483734927248378e+00,2.967505783147385046e+01,2.710769879951866468e+00,2.840983828552684187e+01,2.682112474120610823e+00
1.596732819359012012e+00,2.809093147051355821e+00,4.664140181480495784e+01,5.029557635805394966e+01,5.097421713361994122e+00,2.880383721075941139e+01,2.720910161777879921e+00,2.769051306336947604e+01,2.746054979391058914e+00
1.596732819359012012e+00,3.096908911756491634e+00,4.878619542547251342e+01,5.240299840514489915e+01,5.097696557605901901e+00,3.166052643319062554e+01,2.740014273476900186e+00,3.018030486987767347e+01,2.907909683166736592e+00
1.596732819359012012e+00,3.384724676461627002e+00,5.144681770434371515e+01,5.374005371601379011e+01,5.092570215531728728e+00,3.653659381927332106e+01,2.841556885632302798e+00,3.346328457673959633e+01,4.030600946086156711e+00
1.880000613230814244e+00,-3.522853676461627614e+00,5.939081598789926630e+01,6.057706442095513921e+01,5.092993774103783622e+00,5.183023066190548889e+01,3.034546495395325838e+00,4.474007714333498598e+01,5.349418219739338731e+00
1.880000613230814244e+00,-3.235037911756491802e+00,6.351614072786118470e+01,6.776007436365762260e+01,5.097530684806287127e+00,5.138720058333478846e+01,2.761468132670905629e+00,4.806385761225503472e+01,3.146385343334576756e+00
1.880000613230814244e+00,-2.947222147051356433e+00,6.764146546782312441e+01,7.148941675081732683e+01,5.097455974407022694e+00,5.294312910508347159e+01,2.733761563091991587e+00,5.047405899872352819e+01,2.833493854847374038e+00
1.880000613230814244e+00,-2.659406382346221065e+00,7.113801841993719677e+01,7.430824588160612620e+01,5.097292757711907818e+00,5.562241896312195877e+01,2.717816411695431089e+00,5.282011000901476905e+01,2.727372279787508624e+00
1.880000613230814244e+00,-2.371590617641085252e+00,7.297040807418542840e+01,7.617062781346612610e+01,5.097445991249550445e+00,5.742219544214054849e+01,2.713577679857154923e+00,5.445754816413628419e+01,2.686663860068617904e+00
1.880000613230814244e+00,-2.083774852935949440e+00,7.342301626458517205e+01,7.650130843830993399e+01,5.097342560575187420e+00,5.735600528064594528e+01,2.710688827652611987e+00,5.456956872334319542e+01,2.649934213316869958e+00
1.880000613230814244e+00,-1.795959088230814071e+00,7.255186552089278962e+01,7.549464575744059402e+01,5.097320113619862703e+00,5.590706645191585267e+01,2.706890179783772776e+00,5.333706918120742557e+01,2.626764346237692394e+00
1.880000613230814244e+00,-1.508143323525678481e+00,7.061860689331172125e+01,7.370116516154666897e+01,5.097423892699004533e+00,5.378717918357324379e+01,2.704682034294261683e+00,5.120054014120850638e+01,2.610769658619039202e+00
1.880000613230814244e+00,-1.220327558820542890e+00,6.788390546370236223e+01,7.133903843982261606e+01,5.097455657904007786e+00,5.117520964680170437e+01,2.703502403772135132e+00,4.887795507795821948e+01,2.596106554665696287e+00
1.880000613230814244e+00,-9.325117941154072998e-01,6.475583806338802617e+01,6.847229149546183180e+01,5.097340169860689052e+00,4.821595474102855405e+01,2.701883194185908721e+00,4.671331683811135349e+01,2.583157372524934381e+00
1.880000613230814244e+00,-6.446960294102717093e-01,6.242302199506232085e+01,6.552197141571377870e+01,5.097262015275801694e+00,4.548701233838369262e+01,2.700483600328163369e+00,4.417200048855832506e+01,2.574872426044653828e+00
1.880000613230814244e+00,-3.568802647051361188e-01,6.073802885132262475e+01,6.324605603360396344e+01,5.097395280044112020e+00,4.368382848602129798e+01,2.700073622175740429e+00,4.165969725674541735e+01,2.576673348661457474e+00
1.880000613230814244e+00,-6.906450000000008416e-02,6.029165266202739559e+01,6.230839194344298448e+01,5.097437904926541918e+00,4.326055404778162483e+01,2.700150090203671915e+00,4.107118567668622688e+01,2.579734361173153356e+00
1.880000613230814244e+00,2.187512647051355064e-01,6.163770335751867435e+01,6.299608787767647300e+01,5.097335248018491249e+00,4.442838280611465507e+01,2.700019818125720228e+00,4.220039230612634640e+01,2.581602858583674998e+00
1.880000613230814244e+00,5.065670294102710969e-01,6.458059019350989161e+01,6.516873861233762000e+01,5.097269373400462378e+00,4.697638014353577773e+01,2.699961365011534387e+00,4.378879118439717644e+01,2.606175965288889174e+00
1.880000613230814244e+00,7.943827941154066874e-01,6.786692765860456689e+01,6.824592570685490500e+01,5.097341175165015059e+00,5.004335566995860063e+01,2.701095089544358618e+00,4.671726750914760373e+01,2.618095872572386629e+00
1.880000613230814244e+00,1.082198558820542278e+00,7.044913298996171136e+01,7.126559941090818029e+01,5.097424113337297946e+00,5.260245271102508013e+01,2.703313586956856529e+00,5.028814977016429566e+01,2.608981889637313145e+00
1.880000613230814244e+00,1.370014323525677868e+00,7.155213003328215393e+01,7.312163220510410611e+01,5.097490584407489145e+00,5.409875268361037115e+01,2.704896128329091098e+00,5.217943891643164989e+01,2.618968456820982560e+00
1.880000613230814244e+00,1.657830088230813459e+00,7.090801392097148437e+01,7.293302614109416027e+01,5.097347230578384902e+00,5.411283243379159558e+01,2.706312089180356484e+00,5.215391504354570884e+01,2.640317223992688422e+00
1.880000613230814244e+00,1.945645852935949049e+00,6.796784642797722142e+01,7.050928353483323008e+01,5.097346105786096260e+00,5.200151711703608726e+01,2.709456199958902189e+00,5.029502663476816338e+01,2.659404440432319827e+00
1.880000613230814244e+00,2.233461617641084640e+00,6.406250023217927492e+01,6.682220952505304012e+01,5.097406916190266202e+00,4.802145678886631686e+01,2.712598182997289165e+00,4.633096168524541270e+01,2.688104945781708111e+00
1.880000613230814244e+00,2.521277382346220008e+00,6.142859735234420526e+01,6.394172999598958995e+01,5.097318163266387536e+00,4.443526429849544002e+01,2.715358640439219595e+00,4.267321717145871673e+01,2.711181716284907672e+00
1.880000613230814244e+00,2.809093147051355821e+00,6.127081012998436904e+01,6.377762339606124442e+01,5.097454465667552448e+00,4.411478273377724690e+01,2.727373833434307393e+00,4.240103134372562010e+01,2.788113997985916637e+00
1.880000613230814244e+00,3.096908911756491634e+00,6.396974200100027019e+01,6.604634138058463577e+01,5.097656481107068593e+00,4.777804783818874057e+01,2.747729172171094358e+00,4.542428816869082198e+01,2.965601805944436009e+00
1.880000613230814244e+00,3.384724676461627002e+00,6.709195627536539064e+01,6.726426968401938211e+01,5.091885474712362303e+00,5.319612109526360655e+01,2.872736973469103283e+00,4.816677058540747680e+01,4.391770609420907689e+00
2.163268407102616475e+00,-3.522853676461627614e+00,6.778271588755464450e+01,6.851628804948995821e+01,5.094053568790506858e+00,6.268356599567096055e+01,3.047279950940716020e+00,5.609321224834013719e+01,5.837739727382331267e+00
2.163268407102616475e+00,-3.235037911756491802e+00,7.294735540534271934e+01,7.680033357276988681e+01,5.097711945357368712e+00,6.248531804215872398e+01,2.771216378568203798e+00,6.011361335139709183e+01,3.279762933747715437e+00
2.163268407102616475e+00,-2.947222147051356433e+00,7.811199492313082260e+01,8.151137867207580712e+01,5.097686505162219106e+00,6.466437726903518524e+01,2.741215511523451553e+00,6.406027134376387266e+01,2.894887806962260779e+00
2.163268407102616475e+00,-2.659406382346221065e+00,8.209775922729008357e+01,8.522994570231821854e+01,5.097572392290705245e+00,6.819871828525805313e+01,2.724892179549006865e+00,6.792505596255810474e+01,2.787034320401346132e+00
2.163268407102616475e+00,-2.371590617641085252e+00,8.425562437929440307e+01,8.784877510680234991e+01,5.097623650847297405e+00,7.075098779802959825e+01,2.720145408409595511e+00,6.968779046137201760e+01,2.732902572058543367e+00
2.163268407102616475e+00,-2.083774852935949440e+00,8.484213696287696393e+01,8.861583588451321702e+01,5.097353687176791048e+00,7.111637726317917441e+01,2.716418985646928075e+00,6.920405124463310642e+01,2.693619318581405242e+00
2.163268407102616475e+00,-1.795959088230814071e+00,8.405605908194272047e+01,8.759325170439842623e+01,5.097324324866765011e+00,6.968344325466796363e+01,2.711939513205388508e+00,6.767926806308906862e+01,2.666467829203839734e+00
2.163268407102616475e+00,-1.508143323525678481e+00,8.198953351225966912e+01,8.535879981509788195e+01,5.097588506117038953e+00,6.718064641992714314e+01,2.709609525392382423e+00,6.569002279839440916e+01,2.641055312208300254e+00
2.163268407102616475e+00,-1.220327558820542890e+00,7.886017730719606789e+01,8.230906582975148922e+01,5.097644732770923781e+00,6.395628359694183018e+01,2.708562785383214155e+00,6.316273370487990491e+01,2.622607722120030793e+00
2.163268407102616475e+00,-9.325117941154072998e-01,7.515464328225026236e+01,7.884712360629055183e+01,5.097462044394355907e+00,6.045539773364907887e+01,2.706710030296307856e+00,5.994862941442609383e+01,2.608704883416481213e+00
2.163268407102616475e+00,-6.446960294102717093e-01,7.283012396464383187e+01,7.590271336580917705e+01,5.097361819413544382e+00,5.770725555426565734e+01,2.705144321844817679e+00,5.657553995668286007e+01,2.600894741037425906e+00
2.163268407102616475e+00,-3.568802647051361188e-01,7.202382563521824466e+01,7.465026951469189953e+01,5.097427132972887520e+00,5.692954156700238855e+01,2.704974715294620413e+00,5.523452844312854637e+01,2.603376016641028468e+00
2.163268407102616475e+00,-6.906450000000008416e-02,7.307223056082898438e+01,7.556370151446026284e+01,5.097458533670322645e+00,5.857484675727118884e+01,2.705154376807079597e+00,5.735662774406503672e+01,2.596225459937358870e+00
2.163268407102616475e+00,2.187512647051355064e-01,7.608905047635349206e+01,7.796090921778522898e+01,5.097403901046273056e+00,6.175495928981797533e+01,2.705117512619325648e+00,6.065344899994083505e+01,2.597994889527321050e+00
2.163268407102616475e+00,5.065670294102710969e-01,7.911020070740883625e+01,8.057799838068604004e+01,5.097368545795698758e+00,6.472116279599333666e+01,2.705398812708433187e+00,6.346781026587333230e+01,2.606898576459976358e+00
2.163268407102616475e+00,7.943827941154066874e-01,8.121488003503576181e+01,8.249229129399464000e+01,5.097392190917169330e+00,6.616303529472895661e+01,2.706804327224137996e+00,6.578245869228106812e+01,2.611081130542140638e+00
2.163268407102616475e+00,1.082198558820542278e+00,8.188969921335180402e+01,8.343764816800830886e+01,5.097540491724356748e+00,6.610829735093170711e+01,2.708843805075583422e+00,6.586185381114870552e+01,2.622945484294781249e+00
2.163268407102616475e+00,1.370014323525677868e+00,8.155433204557370175e+01,8.336806957476073876e+01,5.097507104612074791e+00,6.532812530998967304e+01,2.710125885436009074e+00,6.422031572420016232e+01,2.645249865070993689e+00
2.163268407102616475e+00,1.657830088230813459e+00,8.018383861766899656e+01,8.200204773992300034e+01,5.097320322649298241e+00,6.391484086412981469e+01,2.711733732162873167e+00,6.320674337612795313e+01,2.659531347329390449e+00
2.163268407102616475e+00,1.945645852935949049e+00,7.706020329075298037e+01,7.909274263417319162e+01,5.097360161523650568e+00,6.113654794037415741e+01,2.715500239515866721e+00,6.123545276510799340e+01,2.675423306532651146e+00
2.163268407102616475e+00,2.233461617641084640e+00,7.312324088660778898e+01,7.526237629527167883e+01,5.097537408874440956e+00,5.709870117588639005e+01,2.719047688263630747e+00,5.676147596101132820e+01,2.709852607876765074e+00
2.163268407102616475e+00,2.521277382346220008e+00,7.057012912029813378e+01,7.230503584741381928e+01,5.097512694237732234e+00,5.383807882892938323e+01,2.721988869110860243e+00,5.312378851343416386e+01,2.740264694896555220e+00
2.163268407102616475e+00,2.809093147051355821e+00,7.060908571468404205e+01,7.205266473082883749e+01,5.097664135323071832e+00,5.389601322226462798e+01,2.734433369380723899e+00,5.347317218295600583e+01,2.817848333014224327e+00
2.163268407102616475e+00,3.096908911756491634e+00,7.378769849647015633e+01,7.435243949080177117e+01,5.097804097639823340e+00,5.783301516585606805e+01,2.754865401583927120e+00,5.676973033167607952e+01,3.010477811299804074e+00
2.163268407102616475e+00,3.384724676461627002e+00,7.752312885427721767e+01,7.601653505765716545e+01,5.091485679980171319e+00,6.342937162007956431e+01,2.898185716128482081e+00,5.827146604965187748e+01,4.724783815254925301e+00
2.446536200974418929e+00,-3.522853676461627614e+00,6.240161897389305068e+01,6.445256988976325374e+01,5.093950982301337582e+00,5.939792647708452478e+01,3.033883560616038810e+00,5.486682002001671776e+01,5.879116471785652998e+00
2.446536200974418929e+00,-3.235037911756491802e+00,6.888884778984488833e+01,7.272684388872585259e+01,5.097791071728353884e+00,5.878018004351554282e+01,2.774669419286403649e+00,5.655717604985139957e+01,3.310401664221605866e+00
2.446536200974418929e+00,-2.947222147051356433e+00,7.537607660579674018e+01,7.814267989193467656e+01,5.097808928229469849e+00,6.165787377698143246e+01,2.745362110721335736e+00,5.983491881110942501e+01,2.934124868001747544e+00
2.446536200974418929e+00,-2.659406382346221065e+00,8.067076845802165508e+01,8.323913580553198699e+01,5.097929441474249757e+00,6.668227134191113237e+01,2.729445777283063368e+00,6.543549824400021464e+01,2.824832509076053100e+00
2.446536200974418929e+00,-2.371590617641085252e+00,8.406939343060011538e+01,8.744012434837350156e+01,5.098013490278903603e+00,7.092075138075438190e+01,2.725128646858623327e+00,6.990338493993050406e+01,2.774918433950587904e+00
2.446536200974418929e+00,-2.083774852935949440e+00,8.521311681412335304e+01,8.927681905798090156e+01,5.097680791793490762e+00,7.252959677513581482e+01,2.720946886126051734e+00,7.148098904382072760e+01,2.734618772619414884e+00
2.446536200974418929e+00,-1.795959088230814071e+00,8.428748696172102939e+01,8.834642012280528434e+01,5.097517039811501505e+00,7.135691893531293317e+01,2.715450995183533944e+00,7.054357084780173182e+01,2.703923862334900896e+00
2.446536200974418929e+00,-1.508143323525678481e+00,8.159473858586852657e+01,8.535837631469621556e+01,5.097755178300001688e+00,6.802990676554009042e+01,2.712586963074451241e+00,6.721231389589432581e+01,2.673819679938008953e+00
2.446536200974418929e+00,-1.220327558820542890e+00,7.751339896153831432e+01,8.133503858037511236e+01,5.097858844866190786e+00,6.350409255962267707e+01,2.711554205390514838e+00,6.225817943686443101e+01,2.651943601874046319e+00
2.446536200974418929e+00,-9.325117941154072998e-01,7.298840675500869679e+01,7.743319814329151995e+01,5.097674709741068177e+00,5.923236068011465250e+01,2.709747511889591731e+00,5.774542996168531772e+01,2.637418410305545358e+00
2.446536200974418929e+00,-6.446960294102717093e-01,7.068615984339197666e+01,7.511120738819590770e+01,5.097546306224016277e+00,5.697910146602521309e+01,2.708293066259773063e+00,5.553316433374222072e+01,2.627165221461233546e+00
2.446536200974418929e+00,-3.568802647051361188e-01,7.157536120904953236e+01,7.554204379270959180e+01,5.097644819700843044e+00,5.795705748997215778e+01,2.708454545062007668e+00,5.701860690675000853e+01,2.626660430004177815e+00
2.446536200974418929e+00,-6.906450000000008416e-02,7.532681236465600705e+01,7.848089188917947467e+01,5.097738559216514531e+00,6.174014201570594196e+01,2.708744815517831750e+00,6.145386652174634889e+01,2.627401011854842761e+00
2.446536200974418929e+00,2.187512647051355064e-01,8.067401187485205583e+01,8.207096279818506446e+01,5.097663215038122253e+00,6.600122251339644208e+01,2.708607767729415805e+00,6.553756845993861191e+01,2.632490207501231527e+00
2.446536200974418929e+00,5.065670294102710969e-01,8.338295174326658810e+01,8.421178279160812963e+01,5.097589835177703144e+00,6.801500069921621616e+01,2.709024938855606468e+00,6.774224881346546567e+01,2.638579758199959269e+00
2.446536200974418929e+00,7.943827941154066874e-01,8.257620017293780279e+01,8.416764738560596015e+01,5.097664950905466341e+00,6.695378577189080715e+01,2.710592718607245377e+00,6.745214084452703673e+01,2.644649020977712706e+00
2.446536200974418929e+00,1.082198558820542278e+00,8.086448704480402228e+01,8.270577378572488669e+01,5.097794869731972156e+00,6.435357114372379783e+01,2.712281373239418869e+00,6.402995693623833517e+01,2.655861374256700103e+00
2.446536200974418929e+00,1.370014323525677868e+00,7.932358056826805637e+01,8.078422993623826187e+01,5.097662471345218549e+00,6.197720999353441584e+01,2.713249670178817574e+00,6.036488324656380655e+01,2.683895021739188813e+00
2.446536200974418929e+00,1.657830088230813459e+00,7.717430713391048869e+01,7.845984786715416703e+01,5.097455646059328771e+00,5.978441526523954508e+01,2.715333330261577860e+00,5.844958004211397906e+01,2.696010397106388901e+00
2.446536200974418929e+00,1.945645852935949049e+00,7.376063036731018485e+01,7.526742148603079841e+01,5.097603977583863966e+00,5.663877266455767767e+01,2.719901977894190637e+00,5.578266782873041763e+01,2.713634685806433300e+00
2.446536200974418929e+00,2.233461617641084640e+00,6.955542497703842741e+01,7.148518973722093506e+01,5.097893690074540629e+00,5.257540710651801419e+01,2.723441805394139603e+00,5.134472148732929497e+01,2.756687671192020961e+00
2.446536200974418929e+00,2.521277382346220008e+00,6.679576513823434425e+01,6.866034640184807358e+01,5.097763324886807723e+00,4.950819085954049115e+01,2.725886559782642049e+00,4.810408363393147368e+01,2.792553034845690618e+00
2.446536200974418929e+00,2.809093147051355821e+00,6.685907801451996590e+01,6.856570245236071059e+01,5.097728621616106182e+00,4.966179022129244913e+01,2.738596968596228365e+00,4.888677627896917954e+01,2.867648840914145847e+00
2.446536200974418929e+00,3.096908911756491634e+00,7.003705774298596509e+01,7.137917670446040574e+01,5.097854438422323220e+00,5.366005534309579161e+01,2.759397111105925227e+00,5.307370658373716310e+01,3.048926169679478271e+00
2.446536200974418929e+00,3.384724676461627002e+00,7.371470460098673527e+01,7.470119726076518418e+01,5.091023179902105511e+00,5.983638329761015484e+01,2.909261446872657864e+00,5.562609839064906225e+01,4.777180621835830365e+00
2.729803994846221382e+00,-3.522853676461627614e+00,4.819794529901980695e+01,5.055690167442298844e+01,5.092985693420230220e+00,4.280675184280505619e+01,3.012624461077863636e+00,4.008899796140201488e+01,5.228405172578837856e+00
2.729803994846221382e+00,-3.235037911756491802e+00,5.528401850338952528e+01,5.757907435731613077e+01,5.097650743693391107e+00,4.157749355425289650e+01,2.777500027688497575e+00,3.948594358750898436e+01,3.243152814702586983e+00
2.729803994846221382e+00,-2.947222147051356433e+00,6.237009170775926492e+01,6.301368676297715865e+01,5.097339120574733151e+00,4.506718254626366615e+01,2.749205023113293844e+00,4.202054830440776101e+01,2.965219376481547098e+00
2.729803994846221382e+00,-2.659406382346221065e+00,6.906459198542520994e+01,6.930412724918278400e+01,5.097620005319435599e+00,5.157667222045625977e+01,2.731845293607930714e+00,4.841021104273119136e+01,2.851158409101836710e+00
2.729803994846221382e+00,-2.371590617641085252e+00,7.416683438238101189e+01,7.523581803041452076e+01,5.098000759395233672e+00,5.769198350351780391e+01,2.727754704333104740e+00,5.490934868735420338e+01,2.796858025168112771e+00
2.729803994846221382e+00,-2.083774852935949440e+00,7.610417466064458836e+01,7.840789655507251155e+01,5.097696265990270703e+00,6.083955466264615097e+01,2.724038657173556199e+00,5.849320737379105850e+01,2.753773849976578703e+00
2.729803994846221382e+00,-1.795959088230814071e+00,7.533367673906698769e+01,7.780330581039015669e+01,5.097422651098471036e+00,6.008645791314302187e+01,2.718010790475692495e+00,5.821146801612407273e+01,2.719596826485187080e+00
2.729803994846221382e+00,-1.508143323525678481e+00,7.187977107033186996e+01,7.425726293856860138e+01,5.097603156765894816e+00,5.590834819331712424e+01,2.714474810374778002e+00,5.393142397476721328e+01,2.694239024731460486e+00
2.729803994846221382e+00,-1.220327558820542890e+00,6.692719008140531400e+01,6.949403116888424847e+01,5.097735271902837262e+00,5.010043851652153535e+01,2.713091607127548155e+00,4.782224511827426738e+01,2.674716699389378061e+00
2.729803994846221382e+00,-9.325117941154072998e-01,6.195343099367354256e+01,6.538950221280538244e+01,5.097594583547364167e+00,4.528171097903759801e+01,2.711089212100369128e+00,4.333315756301966104e+01,2.655620521576148363e+00
2.729803994846221382e+00,-6.446960294102717093e-01,5.998350181802939574e+01,6.365793751526507549e+01,5.097490993595370057e+00,4.365797637428022426e+01,2.709615715512447398e+00,4.204842924168218588e+01,2.647387249757731986e+00
2.729803994846221382e+00,-3.568802647051361188e-01,6.201995485164815136e+01,6.511879776588466484e+01,5.097602667154287559e+00,4.586951145473881297e+01,2.709950508076286901e+00,4.419239142942251419e+01,2.654285685903802428e+00
2.729803994846221382e+00,-6.906450000000008416e-02,6.703090882349383151e+01,6.876915143556834664e+01,5.097664372415383838e+00,5.045312446870002532e+01,2.710308386122924240e+00,4.847421280478360472e+01,2.664354340215633776e+00
2.729803994846221382e+00,2.187512647051355064e-01,7.263708730463793017e+01,7.209510035514540505e+01,5.097568256761957350e+00,5.430475043785008893e+01,2.710026352796958804e+00,5.175040891380160701e+01,2.682095242894364961e+00
2.729803994846221382e+00,5.065670294102710969e-01,7.350588621673546186e+01,7.298493627786228899e+01,5.097483333539337913e+00,5.476157630643922403e+01,2.710446826311319946e+00,5.194244899935070237e+01,2.692755163488655956e+00
2.729803994846221382e+00,7.943827941154066874e-01,7.141319314461756562e+01,7.140309173251444008e+01,5.097623231449079917e+00,5.199872023438695123e+01,2.712066099047483636e+00,4.927854192630854868e+01,2.697080580354197732e+00
2.729803994846221382e+00,1.082198558820542278e+00,6.920918068576804671e+01,6.891612993231683504e+01,5.097709189639833660e+00,4.863499465655604581e+01,2.713557298039562582e+00,4.620598958230854691e+01,2.703697603420596174e+00
2.729803994846221382e+00,1.370014323525677868e+00,6.758493442265735496e+01,6.668956428478122689e+01,5.097543898300451737e+00,4.646292174640029771e+01,2.714618118403359759e+00,4.483009552682178622e+01,2.707771176282455450e+00
2.729803994846221382e+00,1.657830088230813459e+00,6.517435369343962748e+01,6.439505770799587481e+01,5.097404648793847137e+00,4.455788809934097117e+01,2.717442750659407213e+00,4.309079563768845844e+01,2.727254319506670299e+00
2.729803994846221382e+00,1.945645852935949049e+00,6.147489691209845830e+01,6.117575566856976366e+01,5.097616378901471457e+00,4.121932543956575046e+01,2.722339959902964956e+00,3.922992643149260772e+01,2.759468251796826088e+00
2.729803994846221382e+00,2.233461617641084640e+00,5.704370528664888695e+01,5.726111405642950558e+01,5.097807780453596393e+00,3.667368570094868119e+01,2.725022645837725133e+00,3.495111691463558401e+01,2.793760280506435212e+00
2.729803994846221382e+00,2.521277382346220008e+00,5.378302536104828135e+01,5.428615225990506588e+01,5.097391928981595655e+00,3.304373664246008957e+01,2.727531523966133520e+00,3.161075380241104682e+01,2.832149698339504251e+00
2.729803994846221382e+00,2.809093147051355821e+00,5.334348147683012087e+01,5.408851346320807352e+01,5.097355851577904495e+00,3.251237503912193461e+01,2.743188033941928783e+00,3.087731303340113342e+01,2.928297401673693567e+00
2.729803994846221382e+00,3.096908911756491634e+00,5.645835336447007080e+01,5.723891562214339501e+01,5.097725325478767999e+00,3.608846424725379620e+01,2.767099608909138642e+00,3.457891960404413112e+01,3.103024710522445773e+00
2.729803994846221382e+00,3.384724676461627002e+00,6.021203912416977744e+01,6.238337177437279024e+01,5.090322985045659721e+00,4.307172365228439048e+01,2.917558275695234737e+00,3.982825478326444113e+01,4.558975539566860746e+00
3.013071788718023392e+00,-3.522853676461627614e+00,3.083871733567360707e+01,3.488422949911910109e+01,5.091886739485154578e+00,2.238685072177838720e+01,3.037043254219758293e+00,2.107758170290566113e+01,5.063246854839242417e+00
3.013071788718023392e+00,-3.235037911756491802e+00,3.794743652503618847e+01,4.096276546949229669e+01,5.098107821171510956e+00,2.154144131337955059e+01,2.798960145093379204e+00,2.059859618884343746e+01,3.336377758215349321e+00
3.013071788718023392e+00,-2.947222147051356433e+00,4.505615571439878408e+01,4.638589040910301264e+01,5.097291748724370741e+00,2.585090634183296743e+01,2.766990409581838506e+00,2.496736396607252217e+01,3.064565643158992714e+00
3.013071788718023392e+00,-2.659406382346221065e+00,5.222548788465738312e+01,5.335584210760134738e+01,5.097242306675445533e+00,3.327974225069317527e+01,2.744587441991261034e+00,3.263695057445089986e+01,2.941655010949572269e+00
3.013071788718023392e+00,-2.371590617641085252e+00,5.818724347622692505e+01,6.026403060385200661e+01,5.097767050576287318e+00,4.045425441788370335e+01,2.738904703939059271e+00,3.946207465732668140e+01,2.891834664224806506e+00
3.013071788718023392e+00,-2.083774852935949440e+00,6.090640098313296136e+01,6.422174437831563409e+01,5.097672279672526230e+00,4.463508991574121865e+01,2.735749074562866756e+00,4.310702454520374260e+01,2.850167050935809687e+00
3.013071788718023392e+00,-1.795959088230814071e+00,6.039608580281421979e+01,6.390748054727737326e+01,5.097395071541979128e+00,4.441444290440631448e+01,2.729905877038607542e+00,4.305730436267710104e+01,2.806863278937820283e+00
3.013071788718023392e+00,-1.508143323525678481e+00,5.705157893075518416e+01,6.025463525946543086e+01,5.097488951023793291e+00,4.009183380989520629e+01,2.725945623740325896e+00,3.890755265611863933e+01,2.779644899909914812e+00
3.013071788718023392e+00,-1.220327558820542890e+00,5.198977356121326210e+01,5.535720341546402778e+01,5.097606413403998893e+00,3.393197282879327759e+01,2.724044463202969002e+00,3.281365068786034556e+01,2.758565869937423809e+00
3.013071788718023392e+00,-9.325117941154072998e-01,4.712157882151984722e+01,5.134367091122840066e+01,5.097474408424955250e+00,2.907754630837598597e+01,2.721394979963717375e+00,2.850172058158501187e+01,2.736542241417708521e+00
3.013071788718023392e+00,-6.446960294102717093e-01,4.554534914628226261e+01,4.979211674994803616e+01,5.097411787626770163e+00,2.757990775496818969e+01,2.719664198178409098e+00,2.719380084116756180e+01,2.728196588738562856e+00
3.013071788718023392e+00,-3.568802647051361188e-01,4.765895322917736365e+01,5.108699576802609954e+01,5.097475108430414181e+00,2.945968932455684808e+01,2.720026858223116406e+00,2.838963273181395053e+01,2.734698661334780567e+00
3.013071788718023392e+00,-6.906450000000008416e-02,5.185472840283631513e+01,5.387768760956532788e+01,5.097526093049729035e+00,3.299832071026321501e+01,2.720312428351673972e+00,3.153869207155233312e+01,2.734634873819679957e+00
3.013071788718023392e+00,2.187512647051355064e-01,5.470706927046032320e+01,5.579661938456411008e+01,5.097401107426069444e+00,3.553362382297905242e+01,2.719795822322538914e+00,3.463988654132636924e+01,2.735646703543678449e+00
3.013071788718023392e+00,5.065670294102710969e-01,5.453240970827413037e+01,5.544237262733804528e+01,5.097312210223846840e+00,3.517732696537495940e+01,2.720230490414965008e+00,3.464684537041570422e+01,2.741039769903052203e+00
3.013071788718023392e+00,7.943827941154066874e-01,5.306180238090244927e+01,5.357844102430681232e+01,5.097434638426296516e+00,3.268849143337774876e+01,2.722263544346740449e+00,3.160008793176892539e+01,2.753068178096346408e+00
3.013071788718023392e+00,1.082198558820542278e+00,5.189338123850288298e+01,5.194056674779858440e+01,5.097539512208383528e+00,3.063003113687949508e+01,2.723953757060567415e+00,2.961455502460152900e+01,2.766165477109014947e+00
3.013071788718023392e+00,1.370014323525677868e+00,5.106747592265959668e+01,5.100865064440586139e+01,5.097392079710762580e+00,2.996082273846741373e+01,2.725031942038359745e+00,3.010546024263702236e+01,2.777464978152103026e+00
3.013071788718023392e+00,1.657830088230813459e+00,4.901104163544063397e+01,4.953424600746075157e+01,5.097333671507661812e+00,2.876421449714163714e+01,2.728431370512525156e+00,2.873933584793564933e+01,2.803728260683439721e+00
3.013071788718023392e+00,1.945645852935949049e+00,4.530353007712336932e+01,4.632765821967041120e+01,5.097552527728981708e+00,2.509925980653468969e+01,2.733518312601291633e+00,2.401358654424688410e+01,2.841971413059292129e+00
3.013071788718023392e+00,2.233461617641084640e+00,4.076588613491330193e+01,4.195073618160677142e+01,5.097575014394180926e+00,1.970385061771298751e+01,2.735690108073358662e+00,1.926770182621545757e+01,2.869291269362352459e+00
3.013071788718023392e+00,2.521277382346220008e+00,3.744550067483569933e+01,3.839463175095079350e+01,5.097120572204063116e+00,1.513263191088367421e+01,2.739998920014125261e+00,1.550017283569386350e+01,2.908336540730587227e+00
3.013071788718023392e+00,2.809093147051355821e+00,3.654379913766612020e+01,3.752176575550038251e+01,5.097508067782367647e+00,1.364933532440818453e+01,2.760661118480611798e+00,1.322462157382747350e+01,3.032035360613146935e+00
3.013071788718023392e+00,3.096908911756491634e+00,3.926621735041293704e+01,4.009728697563878086e+01,5.098119804855500092e+00,1.659572160725520007e+01,2.788854744616880765e+00,1.561057574344073018e+01,3.289365027859608048e+00
3.013071788718023392e+00,3.384724676461627002e+00,4.272156427110607524e+01,4.575127779342074064e+01,5.089160181943609196e+00,2.409842153667000275e+01,2.959678846273922304e+00,2.270635848193398942e+01,4.629640135366808629e+00
3.296339582589825845e+00,-3.522853676461627614e+00,1.541935866783683196e+01,2.080318384538986720e+01,5.089031704112084498e+00,8.193363367473466496e+00,3.174182367852829589e+00,8.194013228165307083e+00,5.941256900283390152e+00
3.296339582589825845e+00,-3.235037911756491802e+00,2.170260703943456804e+01,2.778993531728337985e+01,5.098229306617484191e+00,8.575516408008297731e+00,2.853033114729620845e+00,6.948985979617834374e+00,3.884505254665237217e+00
3.296339582589825845e+00,-2.947222147051356433e+00,2.798585541103230412e+01,3.409253649956372101e+01,5.098373227010721820e+00,1.331702429365952867e+01,2.804669625985090953e+00,1.133059090220191223e+01,3.391284195536482748e+00
3.296339582589825845e+00,-2.659406382346221065e+00,3.531891055323804096e+01,4.137107950799691025e+01,5.097944025754823194e+00,2.037229646732146193e+01,2.774610895567630742e+00,1.885446607528738028e+01,3.217327753462376982e+00
3.296339582589825845e+00,-2.371590617641085252e+00,4.202841218002321000e+01,4.812015271293057594e+01,5.098257249282622361e+00,2.722744710790749423e+01,2.765948413674264028e+00,2.547548574266169652e+01,3.167045532195051027e+00
3.296339582589825845e+00,-2.083774852935949440e+00,4.532437637986357970e+01,5.187005868983396795e+01,5.098224629378248274e+00,3.183656681470756666e+01,2.763198809244809429e+00,2.975510616519820317e+01,3.138132838837679905e+00
3.296339582589825845e+00,-1.795959088230814071e+00,4.523791099001136473e+01,5.163289557163079735e+01,5.098000509160020677e+00,3.274660557817696827e+01,2.758026190710622050e+00,3.147478462283952183e+01,3.088685919111147982e+00
3.296339582589825845e+00,-1.508143323525678481e+00,4.217114445506915388e+01,4.841064665753219742e+01,5.097992069142962102e+00,2.977924577200383283e+01,2.753687344207098597e+00,2.874573610941732582e+01,3.056507912707319807e+00
3.296339582589825845e+00,-1.220327558820542890e+00,3.722090730775987311e+01,4.412313407793408260e+01,5.098065965661561449e+00,2.471618707781681223e+01,2.750374082913161100e+00,2.265568225221069554e+01,3.051272879749610478e+00
3.296339582589825845e+00,-9.325117941154072998e-01,3.274267226403524944e+01,4.057137079944368452e+01,5.097956578911677639e+00,2.018702929792334544e+01,2.745594693813673715e+00,1.814151384333252182e+01,3.024254214313331079e+00
3.296339582589825845e+00,-6.446960294102717093e-01,3.142331668696423463e+01,3.897300764041938237e+01,5.097869588895041382e+00,1.768719127687950277e+01,2.743204718745852588e+00,1.686200708399634252e+01,2.984120330572531898e+00
3.296339582589825845e+00,-3.568802647051361188e-01,3.343361221070605183e+01,3.950124892516760156e+01,5.097966911683310620e+00,1.717027207052615267e+01,2.744688896516290999e+00,1.634672824207077113e+01,2.990854063073173030e+00
3.296339582589825845e+00,-6.906450000000008416e-02,3.612255828037736904e+01,4.094482071368111065e+01,5.098066318293983379e+00,1.785329785936596636e+01,2.745953838966560756e+00,1.608873675365477851e+01,3.027214526864467459e+00
3.296339582589825845e+00,2.187512647051355064e-01,3.577024185219457308e+01,4.148819261346943676e+01,5.098047163070222432e+00,1.857224124001220389e+01,2.745055500675585236e+00,1.720753728180446984e+01,3.048036908536110978e+00
3.296339582589825845e+00,5.065670294102710969e-01,3.494046383676080580e+01,4.045288271649042144e+01,5.098029662164132780e+00,1.835191280659233826e+01,2.744655453216926055e+00,1.805279745709428951e+01,3.023745259458427093e+00
3.296339582589825845e+00,7.943827941154066874e-01,3.472377907157418520e+01,3.899755200445360970e+01,5.098098772561811209e+00,1.763041654286001858e+01,2.747163817260145802e+00,1.689535480511976928e+01,3.029583089261139506e+00
3.296339582589825845e+00,1.082198558820542278e+00,3.431763347384855223e+01,3.855348147649783641e+01,5.098122148965432920e+00,1.780908946929406511e+01,2.749494827441965050e+00,1.589182917727316458e+01,3.076838704930157320e+00
3.296339582589825845e+00,1.370014323525677868e+00,3.462910340718894986e+01,3.879575675081287045e+01,5.097948744497132090e+00,1.872597179222339037e+01,2.750121905151796220e+00,1.698703979352738358e+01,3.097762650798494999e+00
3.296339582589825845e+00,1.657830088230813459e+00,3.303669447648746882e+01,3.787415930263523478e+01,5.097852061432194049e+00,1.804433402621492633e+01,2.753591288212596577e+00,1.701512972061181728e+01,3.089218001070604291e+00
3.296339582589825845e+00,1.945645852935949049e+00,2.933147033064781084e+01,3.470123092638095841e+01,5.097957079511751033e+00,1.420652440596472843e+01,2.758643488448481396e+00,1.290956600966933543e+01,3.125440926154034127e+00
3.296339582589825845e+00,2.233461617641084640e+00,2.482686511963821374e+01,3.034998344696214190e+01,5.097948959142954095e+00,8.661632074169006046e+00,2.759966283433858969e+00,7.351646228880543532e+00,3.183023155364312462e+00
3.296339582589825845e+00,2.521277382346220008e+00,2.148024885953210372e+01,2.698230236288509332e+01,5.097726888274725532e+00,4.350873889029458041e+00,2.766457818733659924e+00,3.785513654716012866e+00,3.228642024476840788e+00
3.296339582589825845e+00,2.809093147051355821e+00,2.029894407954137492e+01,2.605909832322504371e+01,5.098362127347166428e+00,3.396086376405719420e+00,2.791558396882332538e+00,3.121609054455163346e+00,3.351924954188880257e+00
3.296339582589825845e+00,3.096908911756491634e+00,2.263453804365504851e+01,2.803678419434436364e+01,5.097374684641767573e+00,6.846714800620929964e+00,2.833789648162968966e+00,6.903062271219784662e+00,3.697123152887884068e+00
3.296339582589825845e+00,3.384724676461627002e+00,2.579743664877599940e+01,3.311326098455174360e+01,5.085620280015223926e+00,1.482049164354452842e+01,3.112725631430165230e+00,1.533738327075220020e+01,5.353390602041953272e+00
3.579607376461628299e+00,-3.522853676461627614e+00,0.000000000000000000e+00,0.000000000000000000e+00,5.087237045548100411e+00,3.952205738508723698e+00,3.619944456051119364e+00,8.339079866371992722e+00,7.169565447563106986e+00
3.579607376461628299e+00,-3.235037911756491802e+00,5.457777553832912076e+00,8.938006391312228516e+00,5.090466301544917194e+00,4.755120903907140928e+00,3.077753897005111483e+00,5.564129145742942484e+00,5.117353031642939420e+00
3.579607376461628299e+00,-2.947222147051356433e+00,1.091555510766582415e+01,1.667643618538568262e+01,5.094087263852396852e+00,8.180231753720988763e+00,2.968716807050329809e+00,6.421629999161751812e+00,4.632751865026611959e+00
3.579607376461628299e+00,-2.659406382346221065e+00,1.841233322181867749e+01,2.405286543794500176e+01,5.094936963243706707e+00,1.292055408224877056e+01,2.935686625090959012e+00,1.009380978761723924e+01,4.605457113513454104e+00
3.579607376461628299e+00,-2.371590617641085252e+00,2.586958088381950915e+01,3.004912779752339702e+01,5.095216455830805735e+00,1.811117382251023855e+01,2.932606447606202149e+00,1.465106167442963780e+01,4.721056120961372393e+00
3.579607376461628299e+00,-2.083774852935949440e+00,2.974235177659417673e+01,3.328708012901188340e+01,5.095012938913146883e+00,2.295000851169515954e+01,2.931350779363766978e+00,1.969803142539713292e+01,4.635592369967722171e+00
3.579607376461628299e+00,-1.795959088230814071e+00,3.007973617720850257e+01,3.345906145196931902e+01,5.094663505958885175e+00,2.600577236632523181e+01,2.922126843326712464e+00,2.446621744204927396e+01,4.469766052553578284e+00
3.579607376461628299e+00,-1.508143323525678481e+00,2.729070997938310938e+01,3.137769346624554601e+01,5.094435096918083161e+00,2.603667813630579531e+01,2.912365925625824747e+00,2.496937912358012568e+01,4.432001887648392646e+00
3.579607376461628299e+00,-1.220327558820542890e+00,2.245204105430650543e+01,2.822405813766818028e+01,5.094337482510537640e+00,2.330484484232147224e+01,2.902308583219462612e+00,2.051748727125868754e+01,4.385066011508109263e+00
3.579607376461628299e+00,-9.325117941154072998e-01,1.836376570655067297e+01,2.515337077160074841e+01,5.094299026655257912e+00,1.910351951396501136e+01,2.887613321519601595e+00,1.638724131212442003e+01,4.295371032440606918e+00
3.579607376461628299e+00,-6.446960294102717093e-01,1.730128422764617824e+01,2.323247830350010190e+01,5.094399836441799501e+00,1.434737379306204730e+01,2.876108344433936370e+00,1.442461785402137409e+01,4.200040264413578583e+00
3.579607376461628299e+00,-3.568802647051361188e-01,1.920827119223474000e+01,2.294655506993694871e+01,5.094677703030795257e+00,9.618578704954074965e+00,2.873386297853816274e+00,1.070114934220094938e+01,4.203602776259248053e+00
3.579607376461628299e+00,-6.906450000000008416e-02,2.039038815791841586e+01,2.355922199715496390e+01,5.095031132824271225e+00,5.911524802911742427e+00,2.873377553543835727e+00,5.012596243758451919e+00,4.433732191381394294e+00
3.579607376461628299e+00,2.187512647051355064e-01,1.683341443392885139e+01,2.357698847320716595e+01,5.095297909475049458e+00,4.044741092690344431e+00,2.871809223355823892e+00,2.049139050428721021e+00,4.710120193729083304e+00
3.579607376461628299e+00,5.065670294102710969e-01,1.534851796524749545e+01,2.231898711195390206e+01,5.095385544067456252e+00,3.874902403609439716e+00,2.871434669637631387e+00,3.051963424683744819e+00,4.617224201564845032e+00
3.579607376461628299e+00,7.943827941154066874e-01,1.638575576224590336e+01,2.066022516797238495e+01,5.095347024171179129e+00,4.994555882944155201e+00,2.876173197153006456e+00,4.874670955610270084e+00,4.448924549943742868e+00
3.579607376461628299e+00,1.082198558820542278e+00,1.674188570919420727e+01,1.972466053333482705e+01,5.095173576277256977e+00,7.195888005706706281e+00,2.884676187862372121e+00,6.261330055659900751e+00,4.442677666641210443e+00
3.579607376461628299e+00,1.370014323525677868e+00,1.819073089171831015e+01,1.920039250665286090e+01,5.094891670962567787e+00,9.348938375579791682e+00,2.896361339925377365e+00,8.954108819411779052e+00,4.463665239944848651e+00
3.579607376461628299e+00,1.657830088230813459e+00,1.706234731753430367e+01,1.773109998711152002e+01,5.094578515930674456e+00,9.294161215537883436e+00,2.912130673404397463e+00,1.139732124798076285e+01,4.487539588903103116e+00
3.579607376461628299e+00,1.945645852935949049e+00,1.335941058417225236e+01,1.495180326662375592e+01,5.094400975080216831e+00,6.242648757098265833e+00,2.921789339191821711e+00,8.937164310717232496e+00,4.550786312162836467e+00
3.579607376461628299e+00,2.233461617641084640e+00,8.887844104363111342e+00,1.231736124503368046e+01,5.094227470871485863e+00,2.293030151662094340e+00,2.919943466536149668e+00,3.014050008809455505e+00,4.667563014711117120e+00
3.579607376461628299e+00,2.521277382346220008e+00,5.514997044228493905e+00,1.160997657368716318e+01,5.093940071016967330e+00,5.639409057721422869e-01,2.931954494328993466e+00,0.000000000000000000e+00,4.797861191803641567e+00
3.579607376461628299e+00,2.809093147051355821e+00,4.054089021416622529e+00,1.332566695901914500e+01,5.093173011692103458e+00,2.720150118140622908e+00,2.988617763537482652e+00,2.390519698423062778e+00,4.914530018072497342e+00
3.579607376461628299e+00,3.096908911756491634e+00,6.002858736897138670e+00,1.708461453162453836e+01,5.088941530644368605e+00,8.783554216960055783e+00,3.136896503840198580e+00,9.208588160737498640e+00,5.419784049156675110e+00
3.579607376461628299e+00,3.384724676461627002e+00,8.873309026445838299e+00,2.303017686617749860e+01,5.086936063438056266e+00,1.785892354552299821e+01,3.693219006237165924e+00,1.826577293661831547e+01,7.273746946821652237e+00
