x,y,reference,fixed_mean,fixed_std,map_mean,map_std,hmc_mean,hmc_std
-3.186000876461628550e+00,-3.492579776461628427e+00,1.478090101656249189e+01,1.334124586384859867e+01,5.256931346898102930e+00,9.160029515048790927e+00,4.892414930381249860e+00,8.391692950367431791e+00,8.479455223176502798e+00
-3.186000876461628550e+00,-3.215239045089826053e+00,2.156781674236976443e+01,2.237607210289570503e+01,5.268143935192628469e+00,1.604036309085995526e+01,4.254706807202697227e+00,1.067687644068221076e+01,7.181211081700224597e+00
-3.186000876461628550e+00,-2.937898313718023680e+00,2.835473246817704052e+01,2.842145566674298607e+01,5.273266358590234404e+00,2.315605092865689585e+01,4.222319805158216255e+00,1.772583532945817097e+01,6.704623935188803507e+00
-3.186000876461628550e+00,-2.660557582346221306e+00,3.506847004624250275e+01,3.334074879920808598e+01,5.273079556418116098e+00,2.929980187498790656e+01,4.192198349608861285e+00,2.660101522255639495e+01,6.463267498890999718e+00
-3.186000876461628550e+00,-2.383216850974418932e+00,4.128819806201398990e+01,3.802960719424299896e+01,5.272771763444815463e+00,3.466161406646415344e+01,4.180946997821669342e+00,3.433960524353835808e+01,6.347613347309803089e+00
-3.186000876461628550e+00,-2.105876119602616559e+00,4.449373201501379782e+01,4.185314786303206347e+01,5.272564082315053469e+00,3.899060624986395851e+01,4.172082189678598674e+00,3.908619023789690061e+01,6.223171052011436721e+00
-3.186000876461628550e+00,-1.828535388230814185e+00,4.467414864654742956e+01,4.311365186727198306e+01,5.272349040645688767e+00,4.076407862207486232e+01,4.167871020197503107e+00,3.978202537846727438e+01,6.108089330082518309e+00
-3.186000876461628550e+00,-1.551194656859011811e+00,4.183722841993275665e+01,4.058872385633731028e+01,5.272254113406212639e+00,3.866375030459545314e+01,4.162623662730374541e+00,3.694307588218953242e+01,5.992918828796616637e+00
-3.186000876461628550e+00,-1.273853925487209438e+00,3.735680300492528971e+01,3.515844580508201034e+01,5.272208649751457976e+00,3.347592804181658721e+01,4.158505078956535428e+00,3.307936051017897938e+01,5.909420320822399653e+00
-3.186000876461628550e+00,-9.965131941154070638e-01,3.227463938297544388e+01,2.980596458559466555e+01,5.272083961477276759e+00,2.821341701494964127e+01,4.155643406743293689e+00,3.066028888427501187e+01,5.852630860644020494e+00
-3.186000876461628550e+00,-7.191724627436046902e-01,2.987514183750486296e+01,2.744067425069715682e+01,5.271995666967686844e+00,2.617532606663303341e+01,4.154650519229326378e+00,3.058376752441770918e+01,5.872047258019429172e+00
-3.186000876461628550e+00,-4.418317313718023165e-01,3.118515123299932412e+01,2.844660835192644299e+01,5.272035936318171245e+00,2.812652857678199325e+01,4.156057133029751327e+00,3.286121079955853475e+01,5.912126596005011336e+00
-3.186000876461628550e+00,-1.644910000000003869e-01,3.435418623245836756e+01,3.059256668760644970e+01,5.272138681856751496e+00,3.124268843066255386e+01,4.154144759601717141e+00,3.637305304980125698e+01,6.018575810456077591e+00
-3.186000876461628550e+00,1.128497313718019868e-01,3.683952311522550360e+01,3.148282512801870325e+01,5.272176332344916005e+00,3.209403716588983002e+01,4.155791678908456355e+00,3.840028094247789880e+01,6.199400864283094670e+00
-3.186000876461628550e+00,3.901904627436043604e-01,3.738434192655537203e+01,3.081186642000284337e+01,5.272145575340069001e+00,3.069156549162621417e+01,4.156371596281431380e+00,3.746654431500331839e+01,6.088662868568578190e+00
-3.186000876461628550e+00,6.675311941154067341e-01,3.707823064598619567e+01,3.002562238087466540e+01,5.272132600405992520e+00,2.968725317425997901e+01,4.159084782189026441e+00,3.529334911348280457e+01,6.034917442503381579e+00
-3.186000876461628550e+00,9.448719254872091078e-01,3.481508598122947973e+01,3.016841267047675501e+01,5.272178526562201206e+00,2.991345932449701195e+01,4.159335517216343980e+00,3.369929346637228207e+01,6.093070508095522975e+00
-3.186000876461628550e+00,1.222212656859011481e+00,3.420444402756110946e+01,3.062367538557009539e+01,5.272353982222032442e+00,2.958556740018434539e+01,4.163878964610662869e+00,3.230941987503643986e+01,6.104027502191694765e+00
-3.186000876461628550e+00,1.499553388230813855e+00,3.378272473965721900e+01,2.994486526600303478e+01,5.272604593540836326e+00,2.778613488187829716e+01,4.168374037336237237e+00,3.048862568310843457e+01,6.061761756942113166e+00
-3.186000876461628550e+00,1.776894119602616229e+00,3.118923198256881690e+01,2.740956292604460032e+01,5.272546976025973109e+00,2.548473206575567929e+01,4.173507698891561368e+00,2.840629852283565526e+01,6.113991147518728297e+00
-3.186000876461628550e+00,2.054234850974418602e+00,2.724742163328088651e+01,2.356703176855808124e+01,5.272201593222672678e+00,2.289340752896924869e+01,4.175094398501980386e+00,2.577114965433725047e+01,6.183730590658685244e+00
-3.186000876461628550e+00,2.331575582346220976e+00,2.307182141416260990e+01,1.969586874124797760e+01,5.272615085086640008e+00,1.904868448818544380e+01,4.187981162956651460e+00,2.215581468337002491e+01,6.317561259374508964e+00
-3.186000876461628550e+00,2.608916313718023350e+00,2.047295542668243939e+01,1.714297319458273705e+01,5.274278184501340228e+00,1.500018520850414916e+01,4.220237125840242243e+00,1.883271665537938233e+01,6.502114567509964083e+00
-3.186000876461628550e+00,2.886257045089825723e+00,2.014859514838719790e+01,1.694621228595497087e+01,5.270358225796122120e+00,1.491838036564297454e+01,4.248377853192590869e+00,1.835856895880413475e+01,6.937448711852979066e+00
-3.186000876461628550e+00,3.163597776461628097e+00,2.306162357982371702e+01,1.940089950537367258e+01,5.254977212716778645e+00,2.215237151860867471e+01,4.688868058165264863e+00,2.176863605968789628e+01,8.298176377807983783e+00
-2.913081024256492846e+00,-3.492579776461628427e+00,5.385592320265279120e+00,6.956047562940511853e+00,5.266721306457194274e+00,5.019155265835706814e+00,4.604410062010597215e+00,2.200302485467563685e+00,7.548218156899090481e+00
-2.913081024256492846e+00,-3.215239045089826053e+00,1.180675925523104297e+01,1.357325252317241393e+01,5.276551503714046909e+00,8.051512878638277471e+00,4.233489890750236739e+00,2.838935897768767092e+00,6.763834934019389955e+00
-2.913081024256492846e+00,-2.937898313718023680e+00,1.822792619019680771e+01,1.860474153546965681e+01,5.276385183401043122e+00,1.349497667428204295e+01,4.221417950037406719e+00,9.380657320832458623e+00,6.333840831758136503e+00
-2.913081024256492846e+00,-2.660557582346221306e+00,2.467428108763665762e+01,2.391252148392959498e+01,5.275328538156035307e+00,2.026120433347887229e+01,4.189008727590230130e+00,1.862191964769117902e+01,6.011087592379405820e+00
-2.913081024256492846e+00,-2.383216850974418932e+00,3.027111380380587491e+01,2.921438533300533891e+01,5.275597755577653203e+00,2.678313441557543229e+01,4.182351740152128627e+00,2.709629891897974829e+01,5.876563984851046030e+00
-2.913081024256492846e+00,-2.105876119602616559e+00,3.352495243900852273e+01,3.283399398441542871e+01,5.275649612411419831e+00,3.091669551730853982e+01,4.175408160836724392e+00,3.236809259943402139e+01,5.803953145544553216e+00
-2.913081024256492846e+00,-1.828535388230814185e+00,3.394010871717183875e+01,3.321646123207756318e+01,5.275338265827088868e+00,3.116954335232352946e+01,4.169722476126026756e+00,3.295772307936433521e+01,5.712346728686361175e+00
-2.913081024256492846e+00,-1.551194656859011811e+00,3.174893037920923433e+01,3.020166515048913425e+01,5.275171432101693370e+00,2.802428255758130149e+01,4.164409927541889545e+00,2.957075640792128368e+01,5.640474447163501992e+00
-2.913081024256492846e+00,-1.273853925487209438e+00,2.758457047532210638e+01,2.542027163909551746e+01,5.275144392697104223e+00,2.352013411380340813e+01,4.160854141060513989e+00,2.506641741316106931e+01,5.609814850191245483e+00
-2.913081024256492846e+00,-9.965131941154070638e-01,2.335768462745495455e+01,2.143748414514084288e+01,5.275017189904834147e+00,1.980973519825840867e+01,4.158437481640479660e+00,2.174175019733243630e+01,5.541568547341459094e+00
-2.913081024256492846e+00,-7.191724627436046902e-01,2.143146175197928827e+01,1.996540103526967869e+01,5.274887845444587775e+00,1.835136584632743961e+01,4.156894297768673141e+00,2.028243095026624232e+01,5.539243478396231879e+00
-2.913081024256492846e+00,-4.418317313718023165e-01,2.208987412451925891e+01,2.057308460146668949e+01,5.274884363031479673e+00,1.930166482604010980e+01,4.157663798642969866e+00,2.113280358124515246e+01,5.554754852222049344e+00
-2.913081024256492846e+00,-1.644910000000003869e-01,2.339863484980476471e+01,2.133065825927769765e+01,5.274952685005014352e+00,2.089503832166309394e+01,4.155296851021385685e+00,2.386576027230399433e+01,5.480638690558211401e+00
-2.913081024256492846e+00,1.128497313718019868e-01,2.354106857109896467e+01,2.093069997287238948e+01,5.274984578169454430e+00,2.086171215077422403e+01,4.156883465272860789e+00,2.591228142816837732e+01,5.628335523509846894e+00
-2.913081024256492846e+00,3.901904627436043604e-01,2.311141291311956891e+01,1.999907215355051449e+01,5.274990060877715159e+00,1.937745151414969769e+01,4.157208873199549792e+00,2.534782394999817257e+01,5.575234556555940024e+00
-2.913081024256492846e+00,6.675311941154067341e-01,2.312461790213849611e+01,2.009664181846528663e+01,5.275004536658860488e+00,1.891065902373611607e+01,4.160487409908414591e+00,2.359170392895011048e+01,5.555958268545968970e+00
-2.913081024256492846e+00,9.448719254872091078e-01,2.283049238690787064e+01,2.164164409515979060e+01,5.274994120466335090e+00,2.037931688273829423e+01,4.160934171739453902e+00,2.266224246288260247e+01,5.594162583956264534e+00
-2.913081024256492846e+00,1.222212656859011481e+00,2.371284815161079251e+01,2.321932014152480406e+01,5.275068121866495652e+00,2.162567937546077701e+01,4.165941842155819863e+00,2.218220897245631562e+01,5.683440900459431511e+00
-2.913081024256492846e+00,1.499553388230813855e+00,2.384782103184843649e+01,2.295162575702852337e+01,5.275388266097128742e+00,2.061925520833801784e+01,4.170686788125977706e+00,2.085263678295650536e+01,5.727380221364119173e+00
-2.913081024256492846e+00,1.776894119602616229e+00,2.150467250476214076e+01,2.021944248060026439e+01,5.275591111630026475e+00,1.788794643261917372e+01,4.177487447039133883e+00,1.842696920988979059e+01,5.790198357820253605e+00
-2.913081024256492846e+00,2.054234850974418602e+00,1.788652398048551007e+01,1.599661791825928958e+01,5.275208310647371057e+00,1.465297325004905815e+01,4.178056336282364391e+00,1.526841247844199145e+01,5.824209156071838756e+00
-2.913081024256492846e+00,2.331575582346220976e+00,1.391738910869836232e+01,1.193298541520198341e+01,5.275037961223886462e+00,1.093317637065547387e+01,4.186098580886944198e+00,1.185497949112217952e+01,5.961352570973878606e+00
-2.913081024256492846e+00,2.608916313718023350e+00,1.133745241871839227e+01,9.439890661626122892e+00,5.276962700533418982e+00,7.530903240249472219e+00,4.218282103913375991e+00,9.650233340117960523e+00,6.169473623456672051e+00
-2.913081024256492846e+00,2.886257045089825723e+00,1.091232790684668608e+01,9.348261374805588275e+00,5.277257984867682161e+00,8.255768324926521018e+00,4.239895650452414344e+00,1.108945663108175950e+01,6.446119784567992284e+00
-2.913081024256492846e+00,3.163597776461628097e+00,1.364433220616577103e+01,1.173551123614015523e+01,5.264113821382256475e+00,1.712370462000353655e+01,4.475818375356625189e+00,1.708472673558883059e+01,7.406559063235645723e+00
-2.640161172051357141e+00,-3.492579776461628427e+00,1.631352488150923818e+00,3.413041000283556059e+00,5.269020503903282915e+00,5.457549207941610803e+00,4.519408457181937067e+00,1.264152114580884501e+00,7.077909011816060136e+00
-2.640161172051357141e+00,-3.215239045089826053e+00,7.248736349722578964e+00,8.566862991516245529e+00,5.274280425011169449e+00,4.024919882038375363e+00,4.188192384531051360e+00,0.000000000000000000e+00,6.379654950551534753e+00
-2.640161172051357141e+00,-2.937898313718023680e+00,1.286612021129423411e+01,1.266728646028786898e+01,5.273039739927601666e+00,7.351196583248110983e+00,4.167753023822558411e+00,4.904920691816812450e+00,6.005365684097013990e+00
-2.640161172051357141e+00,-2.660557582346221306e+00,1.869614413509305706e+01,1.793532875721575692e+01,5.272931738737568708e+00,1.428887427701374691e+01,4.143644601616069956e+00,1.297161525680326477e+01,5.717296769623492203e+00
-2.640161172051357141e+00,-2.383216850974418932e+00,2.382942596078867936e+01,2.354373551701428369e+01,5.273768750117416637e+00,2.181947792095866134e+01,4.140866612331536523e+00,2.098369543434450790e+01,5.610064307447850673e+00
-2.640161172051357141e+00,-2.105876119602616559e+00,2.678382394178497350e+01,2.722422380540228914e+01,5.273749710853319783e+00,2.648959516778427314e+01,4.134754060748407234e+00,2.652007802854978280e+01,5.547446531628453137e+00
-2.640161172051357141e+00,-1.828535388230814185e+00,2.746648155403178748e+01,2.750016068891272880e+01,5.273248717505303773e+00,2.670944341044912562e+01,4.128901250010478030e+00,2.769917943067493837e+01,5.472859771464670509e+00
-2.640161172051357141e+00,-1.551194656859011811e+00,2.551397884205173128e+01,2.473650156194344163e+01,5.273093469888054052e+00,2.367721207473101686e+01,4.125493149868412424e+00,2.488397630630534252e+01,5.417302264668409251e+00
-2.640161172051357141e+00,-1.273853925487209438e+00,2.202292970070296363e+01,2.070476412862080906e+01,5.273192731443221426e+00,1.974013259708726764e+01,4.123208563752325695e+00,2.065967241627676287e+01,5.372534451715556436e+00
-2.640161172051357141e+00,-9.965131941154070638e-01,1.856250861615522041e+01,1.735127085200110741e+01,5.273145179079218536e+00,1.639182067375816132e+01,4.120630288546941244e+00,1.697206168995397491e+01,5.322585647744758397e+00
-2.640161172051357141e+00,-7.191724627436046902e-01,1.681849940552534051e+01,1.559184496248417418e+01,5.273029631339135825e+00,1.418961312432952582e+01,4.118533653341305723e+00,1.444848153689348536e+01,5.305713224643940684e+00
-2.640161172051357141e+00,-4.418317313718023165e-01,1.655170472742257815e+01,1.489804512873888598e+01,5.273018728580614933e+00,1.334178435946466834e+01,4.119267628026065609e+00,1.387141146841594619e+01,5.342349246924569250e+00
-2.640161172051357141e+00,-1.644910000000003869e-01,1.592264075184169059e+01,1.410164353427535389e+01,5.273074484093378089e+00,1.328761816270446161e+01,4.117293203037850624e+00,1.541980122949444265e+01,5.258928602527243257e+00
-2.640161172051357141e+00,1.128497313718019868e-01,1.482468959645562379e+01,1.280690206261351705e+01,5.273095626643423905e+00,1.281777284496831726e+01,4.118839992806653250e+00,1.721074694239710823e+01,5.324640129231945629e+00
-2.640161172051357141e+00,3.901904627436043604e-01,1.441330970051883043e+01,1.193313719575962750e+01,5.273143142619126422e+00,1.183603455749710065e+01,4.118901288204344091e+00,1.733483108193676614e+01,5.333074539733854813e+00
-2.640161172051357141e+00,6.675311941154067341e-01,1.503883804845986916e+01,1.264810803327418398e+01,5.273214157420371251e+00,1.189614770660466547e+01,4.122091904179005617e+00,1.646141710725905227e+01,5.317455293446666786e+00
-2.640161172051357141e+00,9.448719254872091078e-01,1.631034593620180217e+01,1.482270872931985650e+01,5.273139012681273385e+00,1.370100797593147490e+01,4.122178847515087341e+00,1.621275848112704665e+01,5.356085759764804166e+00
-2.640161172051357141e+00,1.222212656859011481e+00,1.774898869294535331e+01,1.681089862977751181e+01,5.273010423076931019e+00,1.528320074629004921e+01,4.125788496854266185e+00,1.624173802628880026e+01,5.427253698151749184e+00
-2.640161172051357141e+00,1.499553388230813855e+00,1.808446923034674114e+01,1.683255633721273625e+01,5.273244451819727452e+00,1.429328466278138876e+01,4.129150817964838183e+00,1.482959742692238692e+01,5.482824972183386159e+00
-2.640161172051357141e+00,1.776894119602616229e+00,1.595095011710344224e+01,1.442871422045573127e+01,5.273695156343934265e+00,1.105094792012994276e+01,4.136978555459623230e+00,1.153507908616903777e+01,5.611713708655458710e+00
-2.640161172051357141e+00,2.054234850974418602e+00,1.269245887840943254e+01,1.060272484972665552e+01,5.273547504658204765e+00,7.464591377536322625e+00,4.138289991116449684e+00,7.646225105622757923e+00,5.634585834428066597e+00
-2.640161172051357141e+00,2.331575582346220976e+00,8.910932103682096539e+00,6.901623914658557624e+00,5.272962222807813681e+00,4.110210225600894773e+00,4.143286380950496728e+00,4.490633123930102499e+00,5.707613075142208281e+00
-2.640161172051357141e+00,2.608916313718023350e+00,6.398595268937816272e+00,4.594077255518641323e+00,5.273919276255415234e+00,1.281546312110322106e+00,4.167601287836945723e+00,3.298594938128434961e+00,5.933972893196296283e+00
-2.640161172051357141e+00,2.886257045089825723e+00,6.165422228932065707e+00,4.427397325736819766e+00,5.274729557751425268e+00,2.367883269614139863e+00,4.192100260623756292e+00,6.125039635584045072e+00,6.154310531155054775e+00
-2.640161172051357141e+00,3.163597776461628097e+00,8.625443620740657735e+00,6.537482290688785724e+00,5.264735363970374671e+00,1.216094567626396383e+01,4.410518736578308285e+00,1.387346942156412055e+01,7.038861519423178947e+00
-2.367241319846221437e+00,-3.492579776461628427e+00,1.230994823312841824e+00,1.500373321294318885e+00,5.269395505333084984e+00,8.450124713575405622e+00,4.480433174199808910e+00,5.101106759903633048e+00,6.874942682319079346e+00
-2.367241319846221437e+00,-3.215239045089826053e+00,6.661316042830618400e+00,6.637548698665341362e+00,5.273446535837565285e+00,3.651809511163264688e+00,4.172221086840001369e+00,2.334015003229950480e+00,6.039071916567146481e+00
-2.367241319846221437e+00,-2.937898313718023680e+00,1.209163726234839586e+01,1.047894816051120870e+01,5.272929651995829303e+00,5.423256663017582468e+00,4.156353940192381913e+00,5.398266831018048606e+00,5.770677042937451873e+00
-2.367241319846221437e+00,-2.660557582346221306e+00,1.730760055942633358e+01,1.565006093645934016e+01,5.273468543762375838e+00,1.190504439407504833e+01,4.137475012323417189e+00,1.155812011695942232e+01,5.569099224287523242e+00
-2.367241319846221437e+00,-2.383216850974418932e+00,2.209541502201504315e+01,2.127335608989233151e+01,5.274203999616601024e+00,1.924000213565273043e+01,4.135338659114744075e+00,1.812591229365026635e+01,5.534720003689565182e+00
-2.367241319846221437e+00,-2.105876119602616559e+00,2.474210796608084095e+01,2.496344404526462313e+01,5.273807608064477570e+00,2.392556904291484443e+01,4.127349730330846178e+00,2.326318645007623331e+01,5.438427275259835270e+00
-2.367241319846221437e+00,-1.828535388230814185e+00,2.536329347611622609e+01,2.537347092051641084e+01,5.273183578146203310e+00,2.460092498529945715e+01,4.121500773044316723e+00,2.501935037885154145e+01,5.346875779901952619e+00
-2.367241319846221437e+00,-1.551194656859011811e+00,2.371299496559636921e+01,2.303459702514373930e+01,5.273154587500028967e+00,2.220631073216156892e+01,4.119436824410498410e+00,2.305077930032149425e+01,5.270187155794076261e+00
-2.367241319846221437e+00,-1.273853925487209438e+00,2.075763144953521788e+01,1.948699804738680541e+01,5.273354761123731471e+00,1.852315832560134368e+01,4.117574427478166932e+00,1.923798301817074474e+01,5.239959216878319559e+00
-2.367241319846221437e+00,-9.965131941154070638e-01,1.766446636812611004e+01,1.608052281508935266e+01,5.273288182786489031e+00,1.478165581013050200e+01,4.114841356519985283e+00,1.542311150170525380e+01,5.225709890496767152e+00
-2.367241319846221437e+00,-7.191724627436046902e-01,1.567246625556611050e+01,1.339620435639517382e+01,5.273136440664472069e+00,1.164231234871041920e+01,4.112748106908720835e+00,1.256658879094364423e+01,5.196791083515711840e+00
-2.367241319846221437e+00,-4.418317313718023165e-01,1.425082040717362020e+01,1.134052527317544445e+01,5.273143155610487298e+00,9.625286530470532398e+00,4.113795720044965520e+00,1.142250324042919374e+01,5.186191541899723312e+00
-2.367241319846221437e+00,-1.644910000000003869e-01,1.246003171182586122e+01,9.647336708745569922e+00,5.273192641613476894e+00,8.811922895991415317e+00,4.112284949717268212e+00,1.207946909229580967e+01,5.167129880710951362e+00
-2.367241319846221437e+00,1.128497313718019868e-01,1.113079802031152710e+01,8.435459853804786690e+00,5.273166098890980535e+00,8.596881873047095723e+00,4.113472617861089198e+00,1.340990041998476912e+01,5.258357716642566793e+00
-2.367241319846221437e+00,3.901904627436043604e-01,1.113039584348049615e+01,8.294580199566553347e+00,5.273213964697751166e+00,8.538626372684802845e+00,4.113082558072288286e+00,1.414011938034460414e+01,5.316095894394989863e+00
-2.367241319846221437e+00,6.675311941154067341e-01,1.242487341204009610e+01,9.647572832247533370e+00,5.273367156659009680e+00,9.147058666917132541e+00,4.116233734906582953e+00,1.426118601489609716e+01,5.275678539896555108e+00
-2.367241319846221437e+00,9.448719254872091078e-01,1.436475789507715106e+01,1.198106236089370213e+01,5.273323716829867891e+00,1.080813763034717567e+01,4.116859323671753224e+00,1.459861917455181768e+01,5.263726767037439913e+00
-2.367241319846221437e+00,1.222212656859011481e+00,1.607746932350694280e+01,1.389298744015104603e+01,5.273043500420053320e+00,1.217111838196296958e+01,4.120002828707225895e+00,1.484698080505799211e+01,5.335175744271993814e+00
-2.367241319846221437e+00,1.499553388230813855e+00,1.645169480094795489e+01,1.406523387420747895e+01,5.273075210106609845e+00,1.125359778279334932e+01,4.122045484913209989e+00,1.330792610959149158e+01,5.353631128292422048e+00
-2.367241319846221437e+00,1.776894119602616229e+00,1.474765626998533818e+01,1.220223798243387137e+01,5.273603945112876445e+00,8.248957835788928605e+00,4.129456169609899696e+00,9.595228071693671978e+00,5.465155622097048749e+00
-2.367241319846221437e+00,2.054234850974418602e+00,1.165466044217441777e+01,9.076246541255386546e+00,5.273819391655648836e+00,5.118752621943315262e+00,4.132465954609841674e+00,5.637818914363883493e+00,5.519203730599458346e+00
-2.367241319846221437e+00,2.331575582346220976e+00,8.175221475327948184e+00,5.883565550349885598e+00,5.273380699860282128e+00,2.444077208303724547e+00,4.137310873276137002e+00,3.005239750846556035e+00,5.557158786030546693e+00
-2.367241319846221437e+00,2.608916313718023350e+00,5.852358000796545667e+00,3.693478934001177549e+00,5.273845997739440961e+00,0.000000000000000000e+00,4.158058713806144446e+00,2.288251354255354642e+00,5.745874555783985649e+00
-2.367241319846221437e+00,2.886257045089825723e+00,5.654085174876730235e+00,3.273918662554933690e+00,5.274047794535276168e+00,8.713559087191242725e-01,4.178575473359347647e+00,5.166494026528681616e+00,5.989627800334883290e+00
-2.367241319846221437e+00,3.163597776461628097e+00,8.302019848103595834e+00,4.944559865063638426e+00,5.264754063882221224e+00,1.048451346590263711e+01,4.377337400727833838e+00,1.287549199778918663e+01,7.033399468759285789e+00
-2.094321467641085732e+00,-3.492579776461628427e+00,3.711655819616900054e+00,1.381478753639385104e+00,5.270205166631624749e+00,1.057627223706731456e+01,4.479725184356299295e+00,9.874372422577817332e+00,6.968533033674531474e+00
-2.094321467641085732e+00,-3.215239045089826053e+00,8.517375448041981656e+00,7.106967603700468317e+00,5.274100713336867585e+00,4.594233017946862674e+00,4.171435933297945375e+00,6.227610449742911669e+00,5.930771139201151065e+00
-2.094321467641085732e+00,-2.937898313718023680e+00,1.332309507646706237e+01,1.093157382460776716e+01,5.274042040828083699e+00,6.019278582973583980e+00,4.157310814735548199e+00,8.175198420302898228e+00,5.693565354371221687e+00
-2.094321467641085732e+00,-2.660557582346221306e+00,1.844229605116679593e+01,1.574270789610454813e+01,5.274484172755598443e+00,1.182638517880786821e+01,4.140837579229530441e+00,1.302520663527484501e+01,5.505878682001571711e+00
-2.094321467641085732e+00,-2.383216850974418932e+00,2.275662684306328032e+01,2.089030037814518437e+01,5.274705022258853404e+00,1.798716989672948330e+01,4.137032089632434406e+00,1.819066272764418102e+01,5.443614147603262232e+00
-2.094321467641085732e+00,-2.105876119602616559e+00,2.514792002584029973e+01,2.421097767871106043e+01,5.274000395903287064e+00,2.189173020180842855e+01,4.127936836902587281e+00,2.239162746957455852e+01,5.371369475832416640e+00
-2.094321467641085732e+00,-1.828535388230814185e+00,2.558631995683122540e+01,2.455595280654961243e+01,5.273494231835996970e+00,2.268546483369232192e+01,4.123459623414019504e+00,2.399222848605607084e+01,5.307454762507452628e+00
-2.094321467641085732e+00,-1.551194656859011811e+00,2.411079969828833214e+01,2.244562127226708981e+01,5.273703403973924786e+00,2.073141671666530783e+01,4.122300907621769817e+00,2.217029371552115435e+01,5.232363983069967972e+00
-2.094321467641085732e+00,-1.273853925487209438e+00,2.113549096302876862e+01,1.907460583436841262e+01,5.273959426161833441e+00,1.707213089605534151e+01,4.120034366187811159e+00,1.828072215399560463e+01,5.193406490752058069e+00
-2.094321467641085732e+00,-9.965131941154070638e-01,1.784768921584277379e+01,1.536050266618985916e+01,5.273792182206325840e+00,1.296571094511364208e+01,4.116890810785490906e+00,1.437696154738734222e+01,5.160640785383186824e+00
-2.094321467641085732e+00,-7.191724627436046902e-01,1.508153936202097967e+01,1.186498559611209203e+01,5.273586645558880903e+00,9.476119258760036246e+00,4.114740149565073501e+00,1.177596499089482762e+01,5.135526715480982496e+00
-2.094321467641085732e+00,-4.418317313718023165e-01,1.254006122419875524e+01,9.061603214693604968e+00,5.273638416306031473e+00,7.211743377830430290e+00,4.115904824388233685e+00,1.078239417005400469e+01,5.141722975526970885e+00
-2.094321467641085732e+00,-1.644910000000003869e-01,1.052303031718704673e+01,7.349023276561638340e+00,5.273700365626884157e+00,6.305165860109354981e+00,4.114698729129505850e+00,1.089829043519887364e+01,5.155157649861591196e+00
-2.094321467641085732e+00,1.128497313718019868e-01,9.729400063368482066e+00,6.910384348826482892e+00,5.273593525755566169e+00,6.465986140202630850e+00,4.115850267470117174e+00,1.159062132320858751e+01,5.194861319360680518e+00
-2.094321467641085732e+00,3.901904627436043604e-01,1.034466441537360915e+01,7.688897978165186942e+00,5.273574350858505788e+00,7.166737048509048691e+00,4.115286153248963963e+00,1.252134436372392301e+01,5.236758920986088306e+00
-2.094321467641085732e+00,6.675311941154067341e-01,1.229781353051991033e+01,9.392164505436085165e+00,5.273784394490613536e+00,8.202070545056699302e+00,4.118210879274366576e+00,1.333672596858822246e+01,5.254577597471127071e+00
-2.094321467641085732e+00,9.448719254872091078e-01,1.428693866654889533e+01,1.140936695934215095e+01,5.273862326411620671e+00,9.675304958439056691e+00,4.119044127108073994e+00,1.409707000474779548e+01,5.236546192643052322e+00
-2.094321467641085732e+00,1.222212656859011481e+00,1.600200535287318715e+01,1.286106317448138725e+01,5.273574245022577323e+00,1.086499719621633631e+01,4.122317556578924069e+00,1.462000028808849095e+01,5.331420856105461681e+00
-2.094321467641085732e+00,1.499553388230813855e+00,1.649685341009442041e+01,1.298177031762315892e+01,5.273408476345436746e+00,1.033945307333169694e+01,4.123716660034901338e+00,1.351879607186094745e+01,5.374307741716093823e+00
-2.094321467641085732e+00,1.776894119602616229e+00,1.497286452344787833e+01,1.157730169339629356e+01,5.273791858327975923e+00,8.144209617675755908e+00,4.129803536751295745e+00,1.039441364300283155e+01,5.374687205844695725e+00
-2.094321467641085732e+00,2.054234850974418602e+00,1.237659751812052633e+01,9.124282140634022653e+00,5.274140131042754476e+00,5.898863469686432381e+00,4.133105921310598063e+00,7.175873737811478748e+00,5.406167705975320814e+00
-2.094321467641085732e+00,2.331575582346220976e+00,8.969188412629275575e+00,6.481123086414299905e+00,5.274053983982583738e+00,3.942351868624200506e+00,4.139667713779447311e+00,5.154751255568935875e+00,5.552299213595576433e+00
-2.094321467641085732e+00,2.608916313718023350e+00,7.127954309750361261e+00,4.550742479099426419e+00,5.274735700435988051e+00,1.730608028337428550e+00,4.160148112695670974e+00,4.281596529456447087e+00,5.715532496512769178e+00
-2.094321467641085732e+00,2.886257045089825723e+00,7.105933951380345448e+00,4.076190474472241476e+00,5.274770840404531036e+00,2.168676460349615809e+00,4.177255687060161371e+00,6.028598555700636297e+00,5.957965689797823927e+00
-2.094321467641085732e+00,3.163597776461628097e+00,9.551175435768298527e+00,5.423098733313963749e+00,5.265746106531004500e+00,1.097674091587850853e+01,4.379164593650462400e+00,1.225032886484386552e+01,7.060362883755898267e+00
-1.821401615435950250e+00,-3.492579776461628427e+00,3.686417928106342501e+00,2.202211052615894005e+00,5.270775973590091645e+00,1.030800457945542803e+01,4.461469742269251526e+00,1.143484420606115393e+01,6.988067326466390838e+00
-1.821401615435950250e+00,-3.215239045089826053e+00,8.550929628118108639e+00,8.118720195518108085e+00,5.274261406167217281e+00,5.525782662431083736e+00,4.167179891721373153e+00,7.664926407081644300e+00,5.841465072034458750e+00
-1.821401615435950250e+00,-2.937898313718023680e+00,1.341544132812987655e+01,1.181792847337783314e+01,5.274106724789264788e+00,7.680495102044460509e+00,4.151806143127179993e+00,9.652894678921615679e+00,5.605287050604056631e+00
-1.821401615435950250e+00,-2.660557582346221306e+00,1.842322335460031013e+01,1.618132474579033442e+01,5.274262185300852224e+00,1.289908557086255314e+01,4.136278701626355137e+00,1.441184470082523461e+01,5.445318937154605798e+00
-1.821401615435950250e+00,-2.383216850974418932e+00,2.262516245852269137e+01,2.076451142283622175e+01,5.274152358062923263e+00,1.777972947851799290e+01,4.132102667015193020e+00,1.900082469366754978e+01,5.371905047130243638e+00
-1.821401615435950250e+00,-2.105876119602616559e+00,2.514499757078483100e+01,2.366578912975091953e+01,5.273435933311525048e+00,2.079291339793610405e+01,4.123582920805342944e+00,2.238603637300677462e+01,5.319933784895368056e+00
-1.821401615435950250e+00,-1.828535388230814185e+00,2.557823350573580967e+01,2.386396696783049265e+01,5.273190518370021174e+00,2.132497216650472183e+01,4.120384325315930241e+00,2.334873717888056177e+01,5.274013677139302025e+00
-1.821401615435950250e+00,-1.551194656859011811e+00,2.394026286538301562e+01,2.176772845949744806e+01,5.273603058243968356e+00,1.928972050036691144e+01,4.119724455601828872e+00,2.101935977238449027e+01,5.199512492576061184e+00
-1.821401615435950250e+00,-1.273853925487209438e+00,2.074987012563665090e+01,1.830270885964273475e+01,5.273843826352313968e+00,1.549676224328732133e+01,4.116976849777933545e+00,1.671884021929496100e+01,5.202216668638146579e+00
-1.821401615435950250e+00,-9.965131941154070638e-01,1.686716349543658211e+01,1.422367650151136331e+01,5.273549606495438802e+00,1.137653168515726065e+01,4.113660235862876213e+00,1.277134031179598495e+01,5.185628103032172476e+00
-1.821401615435950250e+00,-7.191724627436046902e-01,1.324877109133334585e+01,1.026769218247500248e+01,5.273305694003570743e+00,8.051563331365287013e+00,4.111673850626387683e+00,1.043132484654339365e+01,5.106919483317535757e+00
-1.821401615435950250e+00,-4.418317313718023165e-01,1.005633178163432007e+01,7.332016039930749685e+00,5.273437305473008152e+00,5.905693290865201561e+00,4.112799509062209147e+00,9.438290619932434566e+00,5.092127079114234789e+00
-1.821401615435950250e+00,-1.644910000000003869e-01,8.151212711992412707e+00,6.067697493126615882e+00,5.273528339021235745e+00,5.011950629152352121e+00,4.111440073407310436e+00,9.010074854121580046e+00,5.091077243160837540e+00
-1.821401615435950250e+00,1.128497313718019868e-01,8.164148995978262491e+00,6.404581547423731536e+00,5.273356480720274853e+00,5.332198969148976175e+00,4.112550884252319960e+00,9.194697020365019569e+00,5.106447807600365429e+00
-1.821401615435950250e+00,3.901904627436043604e-01,9.623766322160193454e+00,7.697621860628714785e+00,5.273248389977862161e+00,6.364448338793636140e+00,4.111958923326040072e+00,1.030119483517134071e+01,5.109106458035775233e+00
-1.821401615435950250e+00,6.675311941154067341e-01,1.186707351028107915e+01,9.281133550612139516e+00,5.273461227368240856e+00,7.509158866834923174e+00,4.114658949816398348e+00,1.160092274373585397e+01,5.142680182706777181e+00
-1.821401615435950250e+00,9.448719254872091078e-01,1.349177771407836346e+01,1.072373269358649850e+01,5.273641338110127030e+00,8.692462528243979136e+00,4.115430830922884198e+00,1.252193915755452025e+01,5.154994537409121946e+00
-1.821401615435950250e+00,1.222212656859011481e+00,1.493168318440721620e+01,1.164844699318928178e+01,5.273454511908381548e+00,9.571809079530112285e+00,4.119070480875424600e+00,1.315061690186914944e+01,5.224712555220208721e+00
-1.821401615435950250e+00,1.499553388230813855e+00,1.551115934231703264e+01,1.162577800438157283e+01,5.273265000298307470e+00,9.128072510140782470e+00,4.120533103394424579e+00,1.262742121294052211e+01,5.300618069768339602e+00
-1.821401615435950250e+00,1.776894119602616229e+00,1.439033757051195295e+01,1.043457076816412155e+01,5.273456566916504329e+00,7.414420753190825053e+00,4.125632646246158330e+00,1.044298390836475221e+01,5.319146869871937078e+00
-1.821401615435950250e+00,2.054234850974418602e+00,1.198456406458093326e+01,8.370037375512765720e+00,5.273624767102649713e+00,5.790442624644470015e+00,4.127554166399553637e+00,8.043301278260631904e+00,5.341553042703814036e+00
-1.821401615435950250e+00,2.331575582346220976e+00,8.990410846299031533e+00,6.189307419612305239e+00,5.273636557909078704e+00,4.288049747537115763e+00,4.133866767311786816e+00,6.319794119898954676e+00,5.474474857832686503e+00
-1.821401615435950250e+00,2.608916313718023350e+00,7.165129799359359453e+00,4.736163339053746313e+00,5.274706319866688808e+00,2.142403324124643405e+00,4.156088337633846663e+00,4.967574851502455147e+00,5.631602159215470138e+00
-1.821401615435950250e+00,2.886257045089825723e+00,7.339861505194587465e+00,4.574118251592153683e+00,5.274982481559034042e+00,2.267477520130796620e+00,4.173040706872845007e+00,5.489098696612352057e+00,5.855333867496495870e+00
-1.821401615435950250e+00,3.163597776461628097e+00,9.656515310043985778e+00,5.798415695608127862e+00,5.266057057255670415e+00,1.057561864068702562e+01,4.393186955332057053e+00,1.031297423096523147e+01,6.775717320301363422e+00
-1.548481763230814767e+00,-3.492579776461628427e+00,1.680904470875915102e+00,1.894462904165266082e+00,5.270932484055308898e+00,7.739682830444962747e+00,4.408101706098902284e+00,8.944275734341754713e+00,6.775128167228080756e+00
-1.548481763230814767e+00,-3.215239045089826053e+00,7.359065033113914467e+00,7.659134408429963514e+00,5.273840475667790351e+00,5.870237324350455310e+00,4.157194825119994164e+00,6.238766771392963761e+00,5.740932767137520543e+00
-1.548481763230814767e+00,-2.937898313718023680e+00,1.303722559535191650e+01,1.161706913050147705e+01,5.273426140735388401e+00,9.370958208452975668e+00,4.139999656074386358e+00,9.644183272877903335e+00,5.511373892374479055e+00
-1.548481763230814767e+00,-2.660557582346221306e+00,1.864650551103675369e+01,1.621605085840565152e+01,5.273606457590114260e+00,1.429233155287420232e+01,4.127415796120213365e+00,1.543510270586315158e+01,5.364440849422754454e+00
-1.548481763230814767e+00,-2.383216850974418932e+00,2.334079466329444585e+01,2.091128045832738280e+01,5.273575016259560044e+00,1.857024515491548300e+01,4.124301786768598710e+00,2.026803926731930972e+01,5.297438107221306147e+00
-1.548481763230814767e+00,-2.105876119602616559e+00,2.590587821779314481e+01,2.385190583959047217e+01,5.273006602760175632e+00,2.140592811772762616e+01,4.116019104367201642e+00,2.329054384803619371e+01,5.260256363867167551e+00
-1.548481763230814767e+00,-1.828535388230814185e+00,2.606038202083488642e+01,2.398429201045655645e+01,5.272909678076571183e+00,2.171975343588792384e+01,4.113018883753124300e+00,2.359875196626607163e+01,5.209426040449703699e+00
-1.548481763230814767e+00,-1.551194656859011811e+00,2.369139536234322918e+01,2.158738486713627935e+01,5.273357142806012199e+00,1.908510837804624316e+01,4.112550492406692015e+00,2.042441818335372972e+01,5.175167269061366149e+00
-1.548481763230814767e+00,-1.273853925487209438e+00,1.969620381233923823e+01,1.754759878075856250e+01,5.273532361996004170e+00,1.477075771931322379e+01,4.109757374045134526e+00,1.534275978803920992e+01,5.214261673781216189e+00
-1.548481763230814767e+00,-9.965131941154070638e-01,1.478701095210769267e+01,1.282112905186659191e+01,5.273165431157899263e+00,1.059103926352236158e+01,4.106544724343541120e+00,1.094884547969940058e+01,5.152361021605885938e+00
-1.548481763230814767e+00,-7.191724627436046902e-01,1.048973548499659003e+01,8.504919099592370912e+00,5.272927481852573983e+00,7.419172659981086326e+00,4.104995152113771972e+00,8.279659389673501124e+00,5.058120190925461834e+00
-1.548481763230814767e+00,-4.418317313718023165e-01,7.180534268923756791e+00,5.735064641077769920e+00,5.273119873689927850e+00,5.361844696053594816e+00,4.106335673224429605e+00,6.817280758555682496e+00,5.049327697403214188e+00
-1.548481763230814767e+00,-1.644910000000003869e-01,6.112373156131996055e+00,5.046801469376077875e+00,5.273262019323977867e+00,4.609809015470091254e+00,4.104783185694865999e+00,6.069414553814976188e+00,5.037653169144323151e+00
-1.548481763230814767e+00,1.128497313718019868e-01,7.299510069520277256e+00,5.956974305299809203e+00,5.273074769883983492e+00,5.216751073422074114e+00,4.105879770349750046e+00,6.599056018525054412e+00,5.079105801362143069e+00
-1.548481763230814767e+00,3.901904627436043604e-01,9.538469218243591285e+00,7.448900371324270964e+00,5.272930082939837781e+00,6.476321216331825781e+00,4.105534165339688180e+00,8.675534210539083801e+00,5.057556250144632060e+00
-1.548481763230814767e+00,6.675311941154067341e-01,1.140855275409881031e+01,8.830203708930639550e+00,5.273088127058805696e+00,7.610750120401007734e+00,4.108249124687874065e+00,1.075709379443591729e+01,5.097114152908314821e+00
-1.548481763230814767e+00,9.448719254872091078e-01,1.249309077112419075e+01,9.939730265643447638e+00,5.273272405078945901e+00,8.543425837667228961e+00,4.108341753368089044e+00,1.162424959657992929e+01,5.107063633660990476e+00
-1.548481763230814767e+00,1.222212656859011481e+00,1.334424969907784586e+01,1.063248158100759611e+01,5.273197107996552724e+00,8.927596014343521347e+00,4.111564303029142664e+00,1.176602410229380169e+01,5.157655636900959628e+00
-1.548481763230814767e+00,1.499553388230813855e+00,1.404765032319433615e+01,1.045481039522564970e+01,5.273140767607479518e+00,7.867433227559786246e+00,4.113328174319648589e+00,1.119606536529389018e+01,5.172917292712375215e+00
-1.548481763230814767e+00,1.776894119602616229e+00,1.294464141988641970e+01,9.057910971605451778e+00,5.273253250112186485e+00,5.815492211012042389e+00,4.118465703827765445e+00,9.547370033332075678e+00,5.234839304215189060e+00
-1.548481763230814767e+00,2.054234850974418602e+00,1.070384279790857107e+01,6.797776262537809089e+00,5.273126972143982627e+00,4.306447041800424813e+00,4.119138626939764514e+00,7.589095147874868275e+00,5.273673031175452941e+00
-1.548481763230814767e+00,2.331575582346220976e+00,7.539017098794160709e+00,4.687097426358377561e+00,5.272935107691606227e+00,2.954161275863953051e+00,4.123979534231771105e+00,5.730156685793023286e+00,5.332386678579544181e+00
-1.548481763230814767e+00,2.608916313718023350e+00,5.909131072733558199e+00,3.680820053821662441e+00,5.274111656296373241e+00,6.640751522454593214e-01,4.146917542632302833e+00,3.895193080296227350e+00,5.542807786750168830e+00
-1.548481763230814767e+00,2.886257045089825723e+00,6.170973463700397232e+00,4.027380920510040596e+00,5.274473460242364631e+00,7.729485403269791277e-01,4.163920703806265777e+00,4.056005474247761811e+00,5.861917157836454173e+00
-1.548481763230814767e+00,3.163597776461628097e+00,9.012458605343862672e+00,5.233524426366784610e+00,5.265079362566590149e+00,9.755576525429205503e+00,4.403124500914290529e+00,8.873606097504758594e+00,6.694131743328801676e+00
-1.275561911025679063e+00,-3.492579776461628427e+00,0.000000000000000000e+00,3.518664443690795451e-01,5.271151612621968852e+00,3.827115056023103534e+00,4.352528415344229629e+00,6.086323397873478314e+00,6.428830435943345023e+00
-1.275561911025679063e+00,-3.215239045089826053e+00,7.366934945187707307e+00,6.693309485592180863e+00,5.273767558244429665e+00,5.225172830116207479e+00,4.154253526179306988e+00,5.632806126029805682e+00,5.698346590391937916e+00
-1.275561911025679063e+00,-2.937898313718023680e+00,1.473386989037540928e+01,1.209276046886225231e+01,5.273113883787542200e+00,1.050596899828678943e+01,4.134227740251033012e+00,1.162767205821446126e+01,5.445291769717596431e+00
-1.275561911025679063e+00,-2.660557582346221306e+00,2.182963881301726516e+01,1.802910738086211495e+01,5.273522364510795590e+00,1.593275326596358354e+01,4.125063773261349098e+00,1.929406731236787209e+01,5.343061299846536549e+00
-1.275561911025679063e+00,-2.383216850974418932e+00,2.746368633930862657e+01,2.350501516758231446e+01,5.273722259506443244e+00,2.067455549950773275e+01,4.122847470177333662e+00,2.483507816064575735e+01,5.244868131012803580e+00
-1.275561911025679063e+00,-2.105876119602616559e+00,2.961716975505495952e+01,2.658921931761142332e+01,5.273220436548336387e+00,2.413465543353436260e+01,4.113695808811325350e+00,2.753696126618156015e+01,5.203155301944224043e+00
-1.275561911025679063e+00,-1.828535388230814185e+00,2.840668462633592739e+01,2.623536503312061541e+01,5.273050223907778999e+00,2.433148975355607035e+01,4.110055790420014787e+00,2.681604423867738518e+01,5.152674162177896200e+00
-1.275561911025679063e+00,-1.551194656859011811e+00,2.440830424940012833e+01,2.279117538570426404e+01,5.273392521522152876e+00,2.058229733899224811e+01,4.110016823081952708e+00,2.211990090302389689e+01,5.112527002448480573e+00
-1.275561911025679063e+00,-1.273853925487209438e+00,1.903050162650189137e+01,1.744527958001708612e+01,5.273536417968134771e+00,1.503806505045758968e+01,4.107722581143558038e+00,1.536114623882082597e+01,5.136237392873341356e+00
-1.275561911025679063e+00,-9.965131941154070638e-01,1.306084093354270692e+01,1.170016241710982285e+01,5.273205332060632244e+00,1.019906895534177238e+01,4.104400422746796728e+00,9.570319779388800185e+00,5.074784654915101889e+00
-1.275561911025679063e+00,-7.191724627436046902e-01,8.390866634662023316e+00,7.138763960159849375e+00,5.272984872880980944e+00,6.829344903801029432e+00,4.102911058376576214e+00,5.973455796502662452e+00,5.013893274949221990e+00
-1.275561911025679063e+00,-4.418317313718023165e-01,5.663993112326503265e+00,4.961188791785389185e+00,5.273157663392140648e+00,4.946227738795641926e+00,4.104502495810745444e+00,4.199116272150057227e+00,5.012662930379496729e+00
-1.275561911025679063e+00,-1.644910000000003869e-01,5.965333341540234535e+00,5.295109051308827475e+00,5.273325140725176219e+00,4.864244019387115259e+00,4.102959628064945186e+00,4.087066539438001911e+00,5.030798663844607610e+00
-1.275561911025679063e+00,1.128497313718019868e-01,9.008584647860129024e+00,7.108405342762125656e+00,5.273197153937137394e+00,6.308560266475979006e+00,4.103942554199585757e+00,6.246786946403037888e+00,5.050634532955599276e+00
-1.275561911025679063e+00,3.901904627436043604e-01,1.204019166929868945e+01,9.095486674283165485e+00,5.273067822481399602e+00,8.074989602306004599e+00,4.103731965271182780e+00,1.025351537450136163e+01,5.050956732391369997e+00
-1.275561911025679063e+00,6.675311941154067341e-01,1.377616815925639671e+01,1.063723508690600283e+01,5.273172682916733578e+00,9.517681605682696500e+00,4.106878713811108028e+00,1.352386838087413423e+01,5.178834733759051900e+00
-1.275561911025679063e+00,9.448719254872091078e-01,1.452258010338081817e+01,1.175222964223939925e+01,5.273278691748413571e+00,1.078025525883415980e+01,4.106255492024862619e+00,1.428977019586664454e+01,5.085623415210721809e+00
-1.275561911025679063e+00,1.222212656859011481e+00,1.484844704818870653e+01,1.228335139882983640e+01,5.273248342475952199e+00,1.101525405097413568e+01,4.108822699537411083e+00,1.344398330811846520e+01,5.122022946336524996e+00
-1.275561911025679063e+00,1.499553388230813855e+00,1.460051994426514099e+01,1.158764189187786542e+01,5.273326952909659582e+00,8.997768766401009088e+00,4.111012515953054169e+00,1.206257939650187794e+01,5.143275316406677788e+00
-1.275561911025679063e+00,1.776894119602616229e+00,1.263306990843409849e+01,9.271647264336934313e+00,5.273473811929548560e+00,5.948377466923375323e+00,4.116687002964516395e+00,1.034798678903206337e+01,5.195088533663654751e+00
-1.275561911025679063e+00,2.054234850974418602e+00,9.741742242892488690e+00,6.032308210909832269e+00,5.273206231462324922e+00,4.107806899159186287e+00,4.116719207959834037e+00,8.443222458169163502e+00,5.212186065867316920e+00
-1.275561911025679063e+00,2.331575582346220976e+00,6.455696703611195630e+00,3.424471427366370335e+00,5.272825803943676171e+00,2.629289011089895212e+00,4.120725870846227323e+00,6.117470569879166931e+00,5.288973744851597658e+00
-1.275561911025679063e+00,2.608916313718023350e+00,4.943351669782665603e+00,2.649091650266200304e+00,5.273917908628014573e+00,6.973843373543786583e-02,4.144069197903911039e+00,3.938915318961772272e+00,5.497167851751720846e+00
-1.275561911025679063e+00,2.886257045089825723e+00,5.801894469153237033e+00,3.580245817051036283e+00,5.274039525604077738e+00,8.223856460494971543e-01,4.159893042083916193e+00,4.903097532276341042e+00,5.801190143275579025e+00
-1.275561911025679063e+00,3.163597776461628097e+00,9.377632862302730743e+00,4.935008559652487747e+00,5.263833877026342201e+00,1.242058531805696475e+01,4.414787520170627033e+00,1.139448040050090682e+01,6.746785093500142771e+00
-1.002642058820543358e+00,-3.492579776461628427e+00,2.374157845862364447e+00,1.504720169148640707e+00,5.271360478690451323e+00,3.153953022618679825e+00,4.321013847530298158e+00,9.245161727240944316e+00,6.272506086184193919e+00
-1.002642058820543358e+00,-3.215239045089826053e+00,1.234939880711385030e+01,9.886208867275854573e+00,5.274137822383474727e+00,6.877840272443791036e+00,4.157712960967857363e+00,1.142498427982383191e+01,5.852670040827308462e+00
-1.002642058820543358e+00,-2.937898313718023680e+00,2.232463976836533703e+01,1.774714757085894234e+01,5.273226572864324169e+00,1.420685152493661008e+01,4.134344576905847113e+00,1.999174307078879309e+01,5.450066283931262134e+00
-1.002642058820543358e+00,-2.660557582346221306e+00,3.156647506806359971e+01,2.524352049460867420e+01,5.273778464757157280e+00,2.098053540335490652e+01,4.126527418107522216e+00,2.929962307382572106e+01,5.369161331870009768e+00
-1.002642058820543358e+00,-2.383216850974418932e+00,3.760922859872609081e+01,3.089779852374340408e+01,5.274101468114036351e+00,2.641742346488962312e+01,4.124716505023021007e+00,3.493032513689062313e+01,5.257839155778706086e+00
-1.002642058820543358e+00,-2.105876119602616559e+00,3.813698600358716106e+01,3.298120852584543172e+01,5.273505451389175924e+00,2.984928968161261764e+01,4.114680457995973484e+00,3.620450668758358859e+01,5.182104766256343531e+00
-1.002642058820543358e+00,-1.828535388230814185e+00,3.450739911782421387e+01,3.089124488646484679e+01,5.273125960224228415e+00,2.904523013244170215e+01,4.110540230331444000e+00,3.325224359589928014e+01,5.176080607031260605e+00
-1.002642058820543358e+00,-1.551194656859011811e+00,2.807035360725832973e+01,2.546095942368992837e+01,5.273346418446982931e+00,2.355317448189771312e+01,4.110800848722544920e+00,2.618645843802929818e+01,5.089526369236422099e+00
-1.002642058820543358e+00,-1.273853925487209438e+00,2.104104090409103378e+01,1.845777950220508501e+01,5.273541439490737837e+00,1.635599777364814145e+01,4.108938001362064441e+00,1.725935928342449799e+01,5.054922443584986880e+00
-1.002642058820543358e+00,-9.965131941154070638e-01,1.414546838026167208e+01,1.199960738583467901e+01,5.273342595719434200e+00,1.060212085982675490e+01,4.105506620179851573e+00,9.930993509124949270e+00,5.048110734831326774e+00
-1.002642058820543358e+00,-7.191724627436046902e-01,9.739626333330246410e+00,8.008354800374945626e+00,5.273141152850677749e+00,7.186202832890558057e+00,4.104000448666571543e+00,5.886795063576624187e+00,5.019802104123680664e+00
-1.002642058820543358e+00,-4.418317313718023165e-01,8.629218806178908352e+00,7.466471954219741747e+00,5.273240579889534096e+00,6.183818918820179533e+00,4.105959169600410519e+00,4.903019165867185336e+00,5.053156066838624838e+00
-1.002642058820543358e+00,-1.644910000000003869e-01,1.184163572753983473e+01,9.821317759255180135e+00,5.273402687686943757e+00,7.749282003959706344e+00,4.104520999461275466e+00,6.660484796016241660e+00,5.139703321587378859e+00
-1.002642058820543358e+00,1.128497313718019868e-01,1.685112615980310835e+01,1.332011914975009859e+01,5.273360429541301464e+00,1.075647278212181845e+01,4.105305295667065479e+00,1.121654232130363837e+01,5.121476373431831597e+00
-1.002642058820543358e+00,3.901904627436043604e-01,2.051412298579758087e+01,1.626823387524927966e+01,5.273283597027382363e+00,1.328658751102102542e+01,4.104969934807315646e+00,1.720323813951501890e+01,5.031067460486312370e+00
-1.002642058820543358e+00,6.675311941154067341e-01,2.275343522167098698e+01,1.802424885917571373e+01,5.273347497597930200e+00,1.509790483934830263e+01,4.108556372906303267e+00,2.132256177785023255e+01,5.163826709598585474e+00
-1.002642058820543358e+00,9.448719254872091078e-01,2.335748637711434128e+01,1.872583461969043128e+01,5.273350360597760300e+00,1.681789979299418292e+01,4.107466811868222045e+00,2.166733644607328912e+01,5.088984820805288578e+00
-1.002642058820543358e+00,1.222212656859011481e+00,2.241475815315206432e+01,1.828917962344712578e+01,5.273254535877560656e+00,1.695285954529367700e+01,4.109545041149321065e+00,1.942063917856459909e+01,5.096610003704036274e+00
-1.002642058820543358e+00,1.499553388230813855e+00,1.999083401220626399e+01,1.614027517943759449e+01,5.273364331167237573e+00,1.373638629588322146e+01,4.111866462115266962e+00,1.648868383495708656e+01,5.111355865775355056e+00
-1.002642058820543358e+00,1.776894119602616229e+00,1.584857085711463398e+01,1.213175166395376436e+01,5.273587312876302668e+00,9.265931739883626506e+00,4.117608991978431554e+00,1.390145298437284893e+01,5.163675369685623906e+00
-1.002642058820543358e+00,2.054234850974418602e+00,1.156813477446430660e+01,7.451369978254660964e+00,5.273373983293647704e+00,6.672400428535411265e+00,4.117303070287918310e+00,1.157801668091964586e+01,5.324338483725903792e+00
-1.002642058820543358e+00,2.331575582346220976e+00,8.135082194650584242e+00,4.181960970046930015e+00,5.273022453534901288e+00,4.699223807047928858e+00,4.121516393230440833e+00,8.785796265843718089e+00,5.420881008879654850e+00
-1.002642058820543358e+00,2.608916313718023350e+00,7.261915403389295420e+00,3.710200695495586842e+00,5.274089796848230982e+00,1.850715096146359429e+00,4.145514603166304823e+00,6.886054102570476232e+00,5.454110088653329136e+00
-1.002642058820543358e+00,2.886257045089825723e+00,9.496375015294340471e+00,5.509065234597073868e+00,5.273843033230789068e+00,4.216791488866874715e+00,4.159111950407260672e+00,9.914525472525006933e+00,5.701088582378791791e+00
-1.002642058820543358e+00,3.163597776461628097e+00,1.549108651000212689e+01,7.451670482580084354e+00,5.263104951097223427e+00,2.056274312091090906e+01,4.431263350764405473e+00,1.928551148709257035e+01,7.140154790240523575e+00
-7.297222066154076536e-01,-3.492579776461628427e+00,1.223965707453447038e+01,9.955876857595285401e+00,5.271157172512531908e+00,1.316989133854258398e+01,4.322593285849905875e+00,2.251750398131715514e+01,6.334688915467486581e+00
-7.297222066154076536e-01,-3.215239045089826053e+00,2.441277062606252457e+01,2.099046252350672148e+01,5.274423944922303598e+00,1.757091832560854527e+01,4.158375956110798910e+00,2.701091551586876705e+01,5.912307209865767632e+00
-7.297222066154076536e-01,-2.937898313718023680e+00,3.658588417759058586e+01,3.076611413338105194e+01,5.273350421292032131e+00,2.624056352729621722e+01,4.133421865036316589e+00,3.662074501894652911e+01,5.483006879463966143e+00
-7.297222066154076536e-01,-2.660557582346221306e+00,4.701876526833546421e+01,3.831431594557943754e+01,5.273839835232419837e+00,3.376179810943176562e+01,4.124253056137057172e+00,4.545351157017506694e+01,5.494932514071948049e+00
-7.297222066154076536e-01,-2.383216850974418932e+00,5.152582168973019350e+01,4.215253043509437703e+01,5.274147388270044701e+00,3.806561950501168212e+01,4.122578147212406563e+00,4.883605959336433955e+01,5.428796279896331178e+00
-7.297222066154076536e-01,-2.105876119602616559e+00,4.868520203222703913e+01,4.138785513264883775e+01,5.273438262780993036e+00,3.875493688132746684e+01,4.112506595139685750e+00,4.654662814577399388e+01,5.267097434083750862e+00
-7.297222066154076536e-01,-1.828535388230814185e+00,4.155457203388546361e+01,3.644601894717925461e+01,5.272907726245113835e+00,3.502159904822769931e+01,4.108522679454253534e+00,4.012535177676168274e+01,5.222593511402900290e+00
-7.297222066154076536e-01,-1.551194656859011811e+00,3.280429673941834068e+01,2.895811390374728944e+01,5.273071847603467255e+00,2.750553544536296613e+01,4.108667718819376091e+00,3.079326738918026152e+01,5.104529783465847181e+00
-7.297222066154076536e-01,-1.273853925487209438e+00,2.478428750134349556e+01,2.119144824740942568e+01,5.273338721008562935e+00,1.946347596742816677e+01,4.106734397233504197e+00,2.089036314900034341e+01,5.047174622660247856e+00
-7.297222066154076536e-01,-9.965131941154070638e-01,1.839816565601202569e+01,1.547226289819809608e+01,5.273263577398937585e+00,1.396357844422618655e+01,4.103384940701388039e+00,1.377059254624227336e+01,5.093802665285782183e+00
-7.297222066154076536e-01,-7.191724627436046902e-01,1.589388630735105323e+01,1.354554900771472603e+01,5.273112035742308024e+00,1.183566890347128719e+01,4.102034143503792585e+00,1.114209523271462743e+01,5.089882171657641230e+00
-7.297222066154076536e-01,-4.418317313718023165e-01,1.817723622665895533e+01,1.579067692084936425e+01,5.273167453007846284e+00,1.308642864897547042e+01,4.104597179822645714e+00,1.245370472429826236e+01,5.169371233963200751e+00
-7.297222066154076536e-01,-1.644910000000003869e-01,2.414446547104043717e+01,2.082026048089028336e+01,5.273301134185968131e+00,1.738769246347874287e+01,4.103443036588610759e+00,1.678218999180881355e+01,5.342856907006818368e+00
-7.297222066154076536e-01,1.128497313718019868e-01,3.000207719116572491e+01,2.615107204773812555e+01,5.273293227975655917e+00,2.249357784916628589e+01,4.104316295588026797e+00,2.346145779663002173e+01,5.353192200169194059e+00
-7.297222066154076536e-01,3.901904627436043604e-01,3.423986530509487380e+01,2.969109341499279253e+01,5.273264690693484802e+00,2.558323776076349532e+01,4.103911453502567142e+00,3.034835844281734651e+01,5.114486391441424473e+00
-7.297222066154076536e-01,6.675311941154067341e-01,3.649852006845956254e+01,3.076361909791012295e+01,5.273323376999546674e+00,2.667413926080746478e+01,4.107481636053226026e+00,3.388685329392012591e+01,5.119831116705759300e+00
-7.297222066154076536e-01,9.448719254872091078e-01,3.608630218900196951e+01,2.976531496658571996e+01,5.273259298679858986e+00,2.714507633282141796e+01,4.106062471425791394e+00,3.254275756975734879e+01,5.102654462829703697e+00
-7.297222066154076536e-01,1.222212656859011481e+00,3.288213948057812530e+01,2.708526745304698125e+01,5.273084029055367772e+00,2.567603719936437301e+01,4.107930317482417770e+00,2.800563547011368115e+01,5.126734333861229231e+00
-7.297222066154076536e-01,1.499553388230813855e+00,2.742432954329852990e+01,2.271730199974263087e+01,5.273152538596034056e+00,2.061981501512741488e+01,4.110112405024524129e+00,2.284511732097070791e+01,5.117935238012416121e+00
-7.297222066154076536e-01,1.776894119602616229e+00,2.116174843335064537e+01,1.701458446276956238e+01,5.273388937013398170e+00,1.476914947941435230e+01,4.115440461537311023e+00,1.884238381386109751e+01,5.165201844418263022e+00
-7.297222066154076536e-01,2.054234850974418602e+00,1.629113923863655700e+01,1.148035828146385029e+01,5.273255665026405303e+00,1.150856100430496554e+01,4.114567041967434946e+00,1.606442515168923535e+01,5.332895703739154669e+00
-7.297222066154076536e-01,2.331575582346220976e+00,1.350712734218803135e+01,8.303349999070633203e+00,5.273043647665561551e+00,8.953712947172334680e+00,4.119020715200418792e+00,1.359139138894450483e+01,5.395446440114043618e+00
-7.297222066154076536e-01,2.608916313718023350e+00,1.419402958128214820e+01,8.752361643244512379e+00,5.274178650057670836e+00,5.891747755156757194e+00,4.143906813160958436e+00,1.322084622407518850e+01,5.451853907309029523e+00
-7.297222066154076536e-01,2.886257045089825723e+00,1.920043064728473325e+01,1.188491190641070716e+01,5.273625570998207834e+00,1.037952311354456469e+01,4.156263675195038587e+00,1.919250819977248312e+01,5.770366337405588908e+00
-7.297222066154076536e-01,3.163597776461628097e+00,2.802472618891219014e+01,1.484196158451959491e+01,5.263135146263671515e+00,3.218802596828709284e+01,4.452915602469285972e+00,3.138003686072739029e+01,7.936147813055766775e+00
-4.568023544102720601e-01,-3.492579776461628427e+00,2.821653227108296846e+01,2.485789543614373542e+01,5.270906260996154558e+00,3.417446219254725293e+01,4.367247914227734285e+00,4.152600641535344295e+01,6.709312456101915068e+00
-4.568023544102720601e-01,-3.215239045089826053e+00,4.100365798010237484e+01,3.708336172255803831e+01,5.274294291238562415e+00,3.707147759588951885e+01,4.154478913251487882e+00,4.748294910372723621e+01,5.803167791680264642e+00
-4.568023544102720601e-01,-2.937898313718023680e+00,5.379078368912178121e+01,4.640326286255731247e+01,5.273397671821327570e+00,4.478004249771629475e+01,4.134520881912965962e+00,5.591730761752448586e+01,5.729905008754798246e+00
-4.568023544102720601e-01,-2.660557582346221306e+00,6.232833726993646906e+01,5.155549083711230196e+01,5.273709634441490657e+00,5.079836121953690053e+01,4.123011545653924692e+00,6.148028312042821142e+01,5.979503771407459922e+00
-4.568023544102720601e-01,-2.383216850974418932e+00,6.261928810926106337e+01,5.177594364288961515e+01,5.273979775460195363e+00,5.142711309416267795e+01,4.121378387531101417e+00,6.029526697408670088e+01,5.726400682390663022e+00
-4.568023544102720601e-01,-2.105876119602616559e+00,5.505761373948213588e+01,4.747695137906703167e+01,5.273314629599752834e+00,4.712320665963841293e+01,4.111900883193863265e+00,5.339981058190230101e+01,5.319299716079769702e+00
-4.568023544102720601e-01,-1.828535388230814185e+00,4.554105183300332271e+01,4.026565504037716892e+01,5.272800288544980063e+00,3.976533819636074440e+01,4.108245030297553058e+00,4.403325653190753997e+01,5.194050057075886961e+00
-4.568023544102720601e-01,-1.551194656859011811e+00,3.658562337986440838e+01,3.236035754629119765e+01,5.272957633245184184e+00,3.142115667351163211e+01,4.107860761633562952e+00,3.432492417897590542e+01,5.106969158984131063e+00
-4.568023544102720601e-01,-1.273853925487209438e+00,2.937347505815497328e+01,2.596495683478133287e+01,5.273225676382517157e+00,2.469790484439863576e+01,4.105613456305948539e+00,2.607977713754736016e+01,5.132053161121035600e+00
-4.568023544102720601e-01,-9.965131941154070638e-01,2.512399639239803406e+01,2.286653428018325940e+01,5.273181928854647538e+00,2.158365789228582798e+01,4.102672612605254621e+00,2.170390056164923109e+01,5.188696059715389275e+00
-4.568023544102720601e-01,-7.191724627436046902e-01,2.615308150969957524e+01,2.401167150697438046e+01,5.273064698743126222e+00,2.233993869297091805e+01,4.101216288606545746e+00,2.222215860810041121e+01,5.104022943014717484e+00
-4.568023544102720601e-01,-4.418317313718023165e-01,3.206413923769603258e+01,2.895430542071699165e+01,5.273141219000333280e+00,2.655480480615051420e+01,4.103795636271165392e+00,2.639470553834581068e+01,5.132287787349847363e+00
-4.568023544102720601e-01,-1.644910000000003869e-01,3.886954739456726315e+01,3.568489799470989965e+01,5.273260734066671951e+00,3.334642672438030786e+01,4.102783087505823545e+00,3.273947483736557018e+01,5.261066078392749645e+00
-4.568023544102720601e-01,1.128497313718019868e-01,4.469263180006567637e+01,4.141739460095413961e+01,5.273224371865553373e+00,3.981011373002638720e+01,4.104171154674014943e+00,4.022858381807667882e+01,5.284601175247765958e+00
-4.568023544102720601e-01,3.901904627436043604e-01,4.852266655259378325e+01,4.403706579466233961e+01,5.273183164864862604e+00,4.249069275902684240e+01,4.104126968169473422e+00,4.633008340567111816e+01,5.156475611233091172e+00
-4.568023544102720601e-01,6.675311941154067341e-01,4.924400608523813361e+01,4.307541927750571631e+01,5.273258129714908371e+00,4.124038471783569548e+01,4.107612920584911009e+00,4.745781558542102374e+01,5.240664899661679144e+00
-4.568023544102720601e-01,9.448719254872091078e-01,4.696734860245963716e+01,3.942247087330906652e+01,5.273234582808288273e+00,3.817632067716328947e+01,4.106177660093403681e+00,4.282740969384128960e+01,5.197418731029451955e+00
-4.568023544102720601e-01,1.222212656859011481e+00,4.068632511067252722e+01,3.424970086719258688e+01,5.273071466999772028e+00,3.340444997781492020e+01,4.108122717391408329e+00,3.530728955977996009e+01,5.201913476594003605e+00
-4.568023544102720601e-01,1.499553388230813855e+00,3.256581398140219363e+01,2.835066826248657890e+01,5.273087362837366676e+00,2.656533061742243262e+01,4.109983651449216069e+00,2.834487334585383067e+01,5.182950396236258861e+00
-4.568023544102720601e-01,1.776894119602616229e+00,2.638655180535329237e+01,2.245938231571926735e+01,5.273268942083125133e+00,2.070289610961810922e+01,4.114392830456809591e+00,2.395680702649666216e+01,5.188790206426750373e+00
-4.568023544102720601e-01,2.054234850974418602e+00,2.284233724377123309e+01,1.785897127716452815e+01,5.273159502616742600e+00,1.820698316758102919e+01,4.112878204007301086e+00,2.201718778455359171e+01,5.213684858390859489e+00
-4.568023544102720601e-01,2.331575582346220976e+00,2.184606994573174177e+01,1.618803232561913319e+01,5.273033587955281654e+00,1.606207337029809423e+01,4.117227969004737531e+00,2.132887363859219931e+01,5.284876180884649166e+00
-4.568023544102720601e-01,2.608916313718023350e+00,2.520515948239216897e+01,1.823504737857729197e+01,5.274172617746503811e+00,1.330108846535040357e+01,4.142361005049656875e+00,2.338124507983912892e+01,5.459790889464096075e+00
-4.568023544102720601e-01,2.886257045089825723e+00,3.319343778520635624e+01,2.272443321204627864e+01,5.273449075322652391e+00,1.936141043895167968e+01,4.154000354753730306e+00,3.165124073467585575e+01,5.921546284093311741e+00
-4.568023544102720601e-01,3.163597776461628097e+00,4.541584429173860116e+01,2.637487137509742752e+01,5.264050699891384966e+00,4.441747738176309213e+01,4.472425184200293558e+00,4.472779771407735439e+01,8.508841532832542853e+00
-1.838825022051364111e-01,-3.492579776461628427e+00,4.921706700136815016e+01,3.852798681924468838e+01,5.271604589051163359e+00,5.331912489443993763e+01,4.470620557360803993e+00,5.441550026179596955e+01,7.412374494155422155e+00
-1.838825022051364111e-01,-3.215239045089826053e+00,5.764215717951222473e+01,4.902613313167239539e+01,5.273894351268979541e+00,5.234679311366789989e+01,4.151855399012169379e+00,6.008707414036916106e+01,6.185083236656955030e+00
-1.838825022051364111e-01,-2.937898313718023680e+00,6.606724735765632772e+01,5.516199384859646671e+01,5.273487397571434698e+00,5.640453894479469454e+01,4.137200554877519920e+00,6.559435301557175535e+01,6.070170414973184769e+00
-1.838825022051364111e-01,-2.660557582346221306e+00,6.765696597202111207e+01,5.643917005739058368e+01,5.273622064706316337e+00,5.926463774180092514e+01,4.121538920671526718e+00,6.685236185335486425e+01,5.994233760183807824e+00
-1.838825022051364111e-01,-2.383216850974418932e+00,6.090025129397703552e+01,5.325430169655010104e+01,5.273906883478711727e+00,5.623783557547835699e+01,4.119185835388880612e+00,6.157575137940954590e+01,5.495654788102269706e+00
-1.838825022051364111e-01,-2.105876119602616559e+00,5.223984663026480746e+01,4.712146623310400173e+01,5.273446535589163098e+00,4.853995827485641712e+01,4.110675877313131998e+00,5.215588994772660669e+01,5.181899645075820793e+00
-1.838825022051364111e-01,-1.828535388230814185e+00,4.426570007694789410e+01,4.021793824149062857e+01,5.273060680705145664e+00,4.021115095210484469e+01,4.107509771189563175e+00,4.284976028015144323e+01,5.167577414726661544e+00
-1.838825022051364111e-01,-1.551194656859011811e+00,3.755987728965234851e+01,3.458222006011055782e+01,5.273195874698845209e+00,3.387636547509214324e+01,4.106953686075752508e+00,3.585132762231845049e+01,5.129933534919461913e+00
-1.838825022051364111e-01,-1.273853925487209438e+00,3.330068541927788317e+01,3.159896389720961452e+01,5.273377462807549598e+00,3.061565986802133921e+01,4.104918912101119588e+00,3.171659166799769736e+01,5.152506909382524647e+00
-1.838825022051364111e-01,-9.965131941154070638e-01,3.316523320698011901e+01,3.191982249700231478e+01,5.273279273385560018e+00,3.094269963530405221e+01,4.102866530314839721e+00,3.129054164409786409e+01,5.155473082912538807e+00
-1.838825022051364111e-01,-7.191724627436046902e-01,3.786445938130771793e+01,3.543623964089783840e+01,5.273177138471465852e+00,3.443564459648541742e+01,4.101449144378878309e+00,3.469019664541792025e+01,5.052729290603662271e+00
-1.838825022051364111e-01,-4.418317313718023165e-01,4.426372111218294947e+01,4.109050330397440121e+01,5.273293082320818392e+00,4.001928246876968842e+01,4.103655641071577875e+00,4.026411310252885301e+01,5.082071429422233777e+00
-1.838825022051364111e-01,-1.644910000000003869e-01,4.994704562879934429e+01,4.688669800470233895e+01,5.273427189463093079e+00,4.646748878652624626e+01,4.102104324038859495e+00,4.644920553311774114e+01,5.078278554875658379e+00
-1.838825022051364111e-01,1.128497313718019868e-01,5.467773020750944823e+01,5.054431453385041095e+01,5.273356813751990835e+00,5.148683351284353193e+01,4.103342173350091215e+00,5.245101036254215643e+01,5.111296330591708070e+00
-1.838825022051364111e-01,3.901904627436043604e-01,5.603425198299285626e+01,5.059652312731486745e+01,5.273269372679630251e+00,5.225993328303684393e+01,4.102914831812208618e+00,5.602286050364710945e+01,5.319594255137180205e+00
-1.838825022051364111e-01,6.675311941154067341e-01,5.366022208678204919e+01,4.713143622016650625e+01,5.273359951881503527e+00,4.842717587479558006e+01,4.105593654720344432e+00,5.394100807302088185e+01,5.456479862416998117e+00
-1.838825022051364111e-01,9.448719254872091078e-01,4.769156984798203780e+01,4.156440922882757150e+01,5.273443198667114196e+00,4.221753839059533675e+01,4.104235094642622705e+00,4.625817886234290199e+01,5.153692018637749506e+00
-1.838825022051364111e-01,1.222212656859011481e+00,3.968599344913755544e+01,3.565736157624633051e+01,5.273339892020024067e+00,3.530632320821405301e+01,4.106664294411827676e+00,3.712689001913679476e+01,5.142302104157630005e+00
-1.838825022051364111e-01,1.499553388230813855e+00,3.320530068475811447e+01,3.063424043994746171e+01,5.273297247649848529e+00,2.892530025347718947e+01,4.108791370043231694e+00,3.070419419900459701e+01,5.192791980896008575e+00
-1.838825022051364111e-01,1.776894119602616229e+00,2.998782835527992319e+01,2.706888669988256879e+01,5.273411879861546581e+00,2.570759838773921047e+01,4.113219629788367193e+00,2.848504306125037999e+01,5.183087493125790424e+00
-1.838825022051364111e-01,2.054234850974418602e+00,2.950636829813028328e+01,2.539998652457143180e+01,5.273327118043835249e+00,2.620776248332902014e+01,4.112881014625174636e+00,2.942637163231470865e+01,5.183259130363826905e+00
-1.838825022051364111e-01,2.331575582346220976e+00,3.149258872009143317e+01,2.622962505658506416e+01,5.273194751245728007e+00,2.625283598577038902e+01,4.117750788929937400e+00,3.162135008162099226e+01,5.277653966859839230e+00
-1.838825022051364111e-01,2.608916313718023350e+00,3.750169113646329322e+01,2.973702992117614485e+01,5.274187023322029155e+00,2.481316582217323230e+01,4.141825380101009202e+00,3.560202675601290423e+01,5.481376675188694314e+00
-1.838825022051364111e-01,2.886257045089825723e+00,4.747383374110449950e+01,3.457033777635660954e+01,5.273497693635914807e+00,3.112158467224980996e+01,4.154110211471087943e+00,4.381671848392933555e+01,6.097845180910796081e+00
-1.838825022051364111e-01,3.163597776461628097e+00,5.971743783497333169e+01,3.747779820344294421e+01,5.265578811116802704e+00,5.468750007975404515e+01,4.476824926163122775e+00,5.479288896943721454e+01,8.493746743181011638e+00
8.903734999999968203e-02,-3.492579776461628427e+00,6.663731597110998450e+01,4.257292840225272812e+01,5.272763523101115624e+00,5.626884878043665594e+01,4.587048060379244063e+00,5.271204905234197469e+01,7.492653337835117000e+00
8.903734999999968203e-02,-3.215239045089826053e+00,6.382639687740416434e+01,4.910044308364740573e+01,5.273491279844307655e+00,5.066148408594699504e+01,4.157302386248778348e+00,5.617384350608331545e+01,6.059762650949254592e+00
8.903734999999968203e-02,-2.937898313718023680e+00,6.101547778369835839e+01,5.095322726134327240e+01,5.273611134540267642e+00,5.046603821813596369e+01,4.143900827794846364e+00,5.854089846210221992e+01,5.693423304153450104e+00
8.903734999999968203e-02,-2.660557582346221306e+00,5.686757592094265590e+01,4.906080649190698750e+01,5.273560106203312614e+00,5.106816642933222283e+01,4.123633736998452370e+00,5.718605142249003848e+01,5.399111248637568750e+00
8.903734999999968203e-02,-2.383216850974418932e+00,5.040882645165572740e+01,4.479688732969225384e+01,5.273828632072385503e+00,4.752854425675513994e+01,4.120564139864095310e+00,5.104124648473462855e+01,5.244655227687675669e+00
8.903734999999968203e-02,-2.105876119602616559e+00,4.415469323659484502e+01,3.992424013887648471e+01,5.273563927363293047e+00,4.096091306279481614e+01,4.113295484776370969e+00,4.286741378790744506e+01,5.333611446084444374e+00
8.903734999999968203e-02,-1.828535388230814185e+00,3.906083001496882190e+01,3.614864699203462806e+01,5.273313172842014396e+00,3.580411542890374221e+01,4.110366858704876059e+00,3.682147319789643092e+01,5.292333315693636742e+00
8.903734999999968203e-02,-1.551194656859011811e+00,3.599977766490354725e+01,3.452824533272359986e+01,5.273423371082855304e+00,3.387536209079280525e+01,4.109626940676570861e+00,3.446328808942494959e+01,5.152038080829364652e+00
8.903734999999968203e-02,-1.273853925487209438e+00,3.596862839526792044e+01,3.525412190679344349e+01,5.273515655071412844e+00,3.438185685696748806e+01,4.107950708199129330e+00,3.484532720373301373e+01,5.126908746001469730e+00
8.903734999999968203e-02,-9.965131941154070638e-01,3.986703872946184646e+01,3.787484792407485656e+01,5.273350362352399401e+00,3.685553641426190552e+01,4.106850167754722669e+00,3.725651677041489052e+01,5.147215725992154489e+00
8.903734999999968203e-02,-7.191724627436046902e-01,4.542689787571776350e+01,4.157013861835002899e+01,5.273243810700380507e+00,4.082003954379047173e+01,4.105811939979398417e+00,4.132298898938024223e+01,5.135601893586707156e+00
8.903734999999968203e-02,-4.418317313718023165e-01,4.977214279877676972e+01,4.523110183599055745e+01,5.273401250160675957e+00,4.471931630961353221e+01,4.107882147190635713e+00,4.566028898403625647e+01,5.208861119185509203e+00
8.903734999999968203e-02,-1.644910000000003869e-01,5.271207790250311120e+01,4.756003680382855237e+01,5.273544672795773991e+00,4.717940747544298574e+01,4.105935091176601937e+00,4.903902675326335725e+01,5.158254996779590762e+00
8.903734999999968203e-02,1.128497313718019868e-01,5.362069979745307080e+01,4.746197489558835514e+01,5.273454786705311648e+00,4.765709131161452206e+01,4.106862400464489582e+00,5.128378227115675259e+01,5.192601906257224620e+00
8.903734999999968203e-02,3.901904627436043604e-01,5.196376358736077350e+01,4.461206233754637651e+01,5.273348904685775551e+00,4.561356707647087205e+01,4.105543009723302106e+00,5.133987294969328019e+01,5.377751057644796440e+00
8.903734999999968203e-02,6.675311941154067341e-01,4.681137343442489396e+01,3.977960721545969136e+01,5.273461057495701709e+00,4.103011736195503545e+01,4.107054245737391973e+00,4.720272834581091814e+01,5.379264414816150364e+00
8.903734999999968203e-02,9.448719254872091078e-01,3.892774862792393975e+01,3.458390465882257558e+01,5.273617111201762242e+00,3.527624403463039471e+01,4.105948625831302046e+00,3.946637856870243155e+01,5.057838576533981723e+00
8.903734999999968203e-02,1.222212656859011481e+00,3.315719458088278770e+01,3.071970697175129317e+01,5.273525833235086502e+00,3.018057211378845750e+01,4.108725659983848644e+00,3.225002237956971385e+01,5.184623334201146072e+00
8.903734999999968203e-02,1.499553388230813855e+00,3.113363711998238159e+01,2.910176750636310317e+01,5.273405047293891812e+00,2.746970847800253068e+01,4.110832841409219007e+00,2.929840075748882811e+01,5.249894924396406815e+00
8.903734999999968203e-02,1.776894119602616229e+00,3.210324170057666038e+01,2.957725838475744240e+01,5.273501516774222964e+00,2.873764886736194057e+01,4.115587594444647834e+00,3.120111494725185963e+01,5.207799891361561073e+00
8.903734999999968203e-02,2.054234850974418602e+00,3.469583089728869396e+01,3.147677320695947856e+01,5.273491608133592301e+00,3.298108376217652449e+01,4.117519092741549258e+00,3.591084942198165919e+01,5.244262126040200478e+00
8.903734999999968203e-02,2.331575582346220976e+00,3.946555211778860439e+01,3.439122054775361903e+01,5.273314218117563179e+00,3.583303076867923664e+01,4.123347585763707634e+00,4.060064976013509863e+01,5.393930296965279148e+00
8.903734999999968203e-02,2.608916313718023350e+00,4.722543873361348687e+01,3.811587033714749850e+01,5.274085662019445842e+00,3.613782292337100444e+01,4.145030762525314216e+00,4.466650663754119677e+01,5.625336321165998577e+00
8.903734999999968203e-02,2.886257045089825723e+00,5.670188000768527559e+01,4.155696030528633855e+01,5.273734141101433792e+00,4.109493375835654660e+01,4.159652879856969854e+00,5.006881411419950467e+01,6.185236968456631068e+00
8.903734999999968203e-02,3.163597776461628097e+00,6.367862550956031242e+01,4.187060483871027827e+01,5.266912202165486612e+00,5.826797015774627653e+01,4.450338650924299699e+00,5.673432046354857050e+01,7.975430932211538426e+00
3.619572022051353311e-01,-3.492579776461628427e+00,5.212958875417808713e+01,3.537851774154114537e+01,5.272507027048861872e+00,4.310751011057050164e+01,4.618706503320263224e+00,3.927071847342214994e+01,7.207939929345092089e+00
3.619572022051353311e-01,-3.215239045089826053e+00,4.814837004990896929e+01,3.805265680575394072e+01,5.273204384073352458e+00,3.525686100818666091e+01,4.153569289698278766e+00,3.996703162930381836e+01,5.836800523934934759e+00
3.619572022051353311e-01,-2.937898313718023680e+00,4.416715134563983725e+01,3.685842758943908848e+01,5.273686151162332969e+00,3.303633131004153256e+01,4.142267034122180114e+00,4.065722928068219488e+01,5.546120050772781696e+00
3.619572022051353311e-01,-2.660557582346221306e+00,4.013013906473334913e+01,3.406908776771160774e+01,5.273430587040675910e+00,3.368336109875872353e+01,4.119960393698788081e+00,3.963825918682744742e+01,5.313058303985292774e+00
3.619572022051353311e-01,-2.383216850974418932e+00,3.626203173652536549e+01,3.137242244507069699e+01,5.273610282857598364e+00,3.244328921290480139e+01,4.117197422913865701e+00,3.575791371238963023e+01,5.308446627616637770e+00
3.619572022051353311e-01,-2.105876119602616559e+00,3.362968823285714137e+01,2.985043512762058526e+01,5.273408291475149667e+00,2.970247983605156605e+01,4.111391334838610412e+00,3.086481592230521898e+01,5.409911712674146500e+00
3.619572022051353311e-01,-1.828535388230814185e+00,3.194581506790751746e+01,3.001177391933742911e+01,5.273220131820409939e+00,2.911682002235909295e+01,4.108359996726468566e+00,2.845529188415209276e+01,5.286804700792945511e+00
3.619572022051353311e-01,-1.551194656859011811e+00,3.238679459520872683e+01,3.173545084022043739e+01,5.273337240270686621e+00,3.119200402679211948e+01,4.106892020187165926e+00,2.963521699570918955e+01,5.095698973003981891e+00
3.619572022051353311e-01,-1.273853925487209438e+00,3.514544283567013849e+01,3.437061948898190167e+01,5.273414487526347116e+00,3.362660056001982412e+01,4.104899049031961233e+00,3.249512367883273356e+01,5.069207936939994497e+00
3.619572022051353311e-01,-9.965131941154070638e-01,3.910766580014091431e+01,3.703871576786332298e+01,5.273240529148066180e+00,3.573158252756593356e+01,4.103990373046829454e+00,3.536392916240960460e+01,5.093074516349235026e+00
3.619572022051353311e-01,-7.191724627436046902e-01,4.181729232263329266e+01,3.889488712040474638e+01,5.273144491349378349e+00,3.786531589935157172e+01,4.102846577842832687e+00,3.798616256789808432e+01,5.095274234772971589e+00
3.619572022051353311e-01,-4.418317313718023165e-01,4.337183209246748561e+01,3.924879979316028766e+01,5.273291132395423908e+00,3.859608095391058669e+01,4.104628679699530380e+00,3.969598950107409507e+01,5.127290388746836847e+00
3.619572022051353311e-01,-1.644910000000003869e-01,4.311197980017272613e+01,3.770527402474544942e+01,5.273426378339411080e+00,3.632843544955517245e+01,4.102938594170598918e+00,3.950032127685827277e+01,5.098875261075443532e+00
3.619572022051353311e-01,1.128497313718019868e-01,4.124460570791652714e+01,3.438159527358948253e+01,5.273350249005488877e+00,3.205048831140038601e+01,4.104295911031579536e+00,3.759848430204610281e+01,5.129764394919954285e+00
3.619572022051353311e-01,3.901904627436043604e-01,3.757075862684502709e+01,3.001211635160143487e+01,5.273246565156343379e+00,2.792765155507277086e+01,4.103114612794096061e+00,3.465229720291304716e+01,5.095114466821584642e+00
3.619572022051353311e-01,6.675311941154067341e-01,3.134375675627115854e+01,2.580186835155473091e+01,5.273368229010964470e+00,2.484553252319574312e+01,4.104634056617521232e+00,3.072516553880701551e+01,5.073154653037068584e+00
3.619572022051353311e-01,9.448719254872091078e-01,2.621268298837568267e+01,2.308358856276026927e+01,5.273517063215138023e+00,2.281316257712956030e+01,4.104250685224505091e+00,2.648733517634547496e+01,5.054324975378448492e+00
3.619572022051353311e-01,1.222212656859011481e+00,2.540063317804513687e+01,2.283335640892619267e+01,5.273365784140036538e+00,2.227649392319517574e+01,4.106850268298996021e+00,2.410887484435401973e+01,5.165842538248341498e+00
3.619572022051353311e-01,1.499553388230813855e+00,2.755064018120189928e+01,2.513775364632601850e+01,5.273189161366855338e+00,2.415281697369937319e+01,4.107935031004066317e+00,2.560083459525265681e+01,5.183228936667044984e+00
3.619572022051353311e-01,1.776894119602616229e+00,3.123138491121637728e+01,2.902060329553205520e+01,5.273338884803897564e+00,2.886497632164685001e+01,4.112111849173080813e+00,3.101254050860958600e+01,5.143136505756046084e+00
3.619572022051353311e-01,2.054234850974418602e+00,3.570883384326731402e+01,3.305419501516735181e+01,5.273467402525574776e+00,3.482520998770507958e+01,4.115258556613451191e+00,3.806097909790798894e+01,5.235177860895606550e+00
3.619572022051353311e-01,2.331575582346220976e+00,4.136318631915477795e+01,3.635089584722300060e+01,5.273269640824119087e+00,3.870690631829620543e+01,4.121116915373746359e+00,4.321714764469774650e+01,5.444685236464934519e+00
3.619572022051353311e-01,2.608916313718023350e+00,4.616322324512436381e+01,3.872947243283852004e+01,5.273834219902834519e+00,3.956287199871849225e+01,4.139205029790518076e+00,4.508701229094448593e+01,5.569378922705752188e+00
3.619572022051353311e-01,2.886257045089825723e+00,4.846053084471505912e+01,3.953268845292041078e+01,5.274043333491670538e+00,4.169012383501967633e+01,4.157364812689603895e+00,4.604688919967563976e+01,5.870345534460266634e+00
3.619572022051353311e-01,3.163597776461628097e+00,4.764902573145033671e+01,3.638850445114076138e+01,5.267496418558390125e+00,4.996245448954050516e+01,4.380280038725903324e+00,4.822475295998214051e+01,7.020417234286824737e+00
6.348770544102709801e-01,-3.492579776461628427e+00,3.298990659301266959e+01,2.316716501783230342e+01,5.270404849915230727e+00,2.649566155912930299e+01,4.575348632437034269e+00,2.414322782150567548e+01,6.896640092647412956e+00
6.348770544102709801e-01,-3.215239045089826053e+00,3.046607477223854588e+01,2.414696121893939562e+01,5.273145576956865810e+00,2.039020521566408206e+01,4.149305466175642998e+00,2.307544306560495784e+01,5.773547518951410495e+00
6.348770544102709801e-01,-2.937898313718023680e+00,2.794224295146443637e+01,2.234499831762514077e+01,5.273739405860833784e+00,1.893675044735437041e+01,4.140837900925985693e+00,2.387253620651904029e+01,5.535922564767397525e+00
6.348770544102709801e-01,-2.660557582346221306e+00,2.611844946481815910e+01,2.075279914381098934e+01,5.273354930676839913e+00,2.076643147968252379e+01,4.118209350297136417e+00,2.505334529173564917e+01,5.243708281892151213e+00
6.348770544102709801e-01,-2.383216850974418932e+00,2.510416512358816377e+01,2.071341113836388104e+01,5.273491210452835531e+00,2.174851466942459410e+01,4.115391291984173527e+00,2.432554988665405915e+01,5.176754613239556768e+00
6.348770544102709801e-01,-2.105876119602616559e+00,2.511355043462519632e+01,2.222150303388480097e+01,5.273287288215681379e+00,2.163695783425794161e+01,4.110702809770750754e+00,2.191718780897900132e+01,5.266997100356961781e+00
6.348770544102709801e-01,-1.828535388230814185e+00,2.549772954021351623e+01,2.464247468332177959e+01,5.273086757185834195e+00,2.326861913200480103e+01,4.107899033265359101e+00,2.078908572582673031e+01,5.322279495302741914e+00
6.348770544102709801e-01,-1.551194656859011811e+00,2.743909010806996918e+01,2.720438083642511629e+01,5.273207435235351959e+00,2.651597394248960882e+01,4.106242674923807456e+00,2.241353985223820189e+01,5.135786710717992420e+00
6.348770544102709801e-01,-1.273853925487209438e+00,2.987132402785195850e+01,2.923416944160999265e+01,5.273327016757458630e+00,2.849039880833129246e+01,4.104127789316527775e+00,2.498808469241551933e+01,5.060942923339114330e+00
6.348770544102709801e-01,-9.965131941154070638e-01,3.159653701608902665e+01,3.024025630201504100e+01,5.273204662621504113e+00,2.864680976637737331e+01,4.103018272143252432e+00,2.665538416917519271e+01,5.134877499116379695e+00
6.348770544102709801e-01,-7.191724627436046902e-01,3.177186852780201320e+01,2.986335524253081530e+01,5.273114123985874535e+00,2.848174477530687909e+01,4.101327179268848155e+00,2.750409752876129588e+01,5.192051783233003981e+00
6.348770544102709801e-01,-4.418317313718023165e-01,3.108369728220115746e+01,2.786317552259424701e+01,5.273234727576625147e+00,2.731632445226432537e+01,4.102489091246750874e+00,2.746766402844573918e+01,5.085472402929047675e+00
6.348770544102709801e-01,-1.644910000000003869e-01,2.914927432582772937e+01,2.434411425204598345e+01,5.273336665360270459e+00,2.320488942491692796e+01,4.100914652567744234e+00,2.534414819505084537e+01,5.001580604687414500e+00
6.348770544102709801e-01,1.128497313718019868e-01,2.641103545074997783e+01,2.003317813613102771e+01,5.273248661095868428e+00,1.722718999103221904e+01,4.102283005673442062e+00,2.106207275315390604e+01,5.043543318400319997e+00
6.348770544102709801e-01,3.901904627436043604e-01,2.201065167975365711e+01,1.616984462438267656e+01,5.273159576593655196e+00,1.295411225634347829e+01,4.101219492662148802e+00,1.675318301155262191e+01,5.108123500544596851e+00
6.348770544102709801e-01,6.675311941154067341e-01,1.758645890101794151e+01,1.397722422765218653e+01,5.273281318046030286e+00,1.216881886494843457e+01,4.102883568860894670e+00,1.470498139440651642e+01,5.091202382085760370e+00
6.348770544102709801e-01,9.448719254872091078e-01,1.664058069533421857e+01,1.417394075621268712e+01,5.273394155034341502e+00,1.386158663482171960e+01,4.103345940108080292e+00,1.533113624329070390e+01,5.022662224378726670e+00
6.348770544102709801e-01,1.222212656859011481e+00,1.944000147876730367e+01,1.679158826541970484e+01,5.273178030841600972e+00,1.679578529632863138e+01,4.106293347655022963e+00,1.782066275452812221e+01,5.042797708436586923e+00
6.348770544102709801e-01,1.499553388230813855e+00,2.358377905407103725e+01,2.112750667720683850e+01,5.272984929440838187e+00,2.085457297647712949e+01,4.106912057910198754e+00,2.196503486886221168e+01,5.095263209382443925e+00
6.348770544102709801e-01,1.776894119602616229e+00,2.831607715308725304e+01,2.583293642531498335e+01,5.273237288603827011e+00,2.590522186650196090e+01,4.110943534550017375e+00,2.805641660576512564e+01,5.115381524438554095e+00
6.348770544102709801e-01,2.054234850974418602e+00,3.247966540737697017e+01,2.947494714037748054e+01,5.273511253412177524e+00,3.060145580552466527e+01,4.114928322459313392e+00,3.457795931628285047e+01,5.194102448333140387e+00
6.348770544102709801e-01,2.331575582346220976e+00,3.542585604161299528e+01,3.138263423382886685e+01,5.273292753295722335e+00,3.301352061211400724e+01,4.120489655044511146e+00,3.782752581896082944e+01,5.360286102019574450e+00
6.348770544102709801e-01,2.608916313718023350e+00,3.548750274616725875e+01,3.171339450500090607e+01,5.273663746088844917e+00,3.266774568240703047e+01,4.135053550339573114e+00,3.623975326880540138e+01,5.410369041051933614e+00
6.348770544102709801e-01,2.886257045089825723e+00,3.292639883748649510e+01,3.015750128359650262e+01,5.274348592946149772e+00,3.148411760190992936e+01,4.156787496704093421e+00,3.314685126394024905e+01,5.745791110170658023e+00
6.348770544102709801e-01,3.163597776461628097e+00,2.988523202169978887e+01,2.455178957679891028e+01,5.267634347785882909e+00,3.191487769671175556e+01,4.310089680498824904e+00,3.253096640827055808e+01,6.323951214509749619e+00
9.077969066154065736e-01,-3.492579776461628427e+00,1.967875536975688533e+01,1.435804831216228195e+01,5.268044317712300639e+00,1.689021887803596655e+01,4.531273592635480796e+00,1.582143457807278608e+01,6.734458323390316359e+00
9.077969066154065736e-01,-3.215239045089826053e+00,1.951641452512906838e+01,1.598694358687498607e+01,5.273330814304546088e+00,1.474490473785772338e+01,4.150367558355273268e+00,1.448934031587348059e+01,5.721370726856344291e+00
9.077969066154065736e-01,-2.937898313718023680e+00,1.935407368050124433e+01,1.543212590485927649e+01,5.273802437397732135e+00,1.495541057522223127e+01,4.141645770589137854e+00,1.616009828338371790e+01,5.488261509793159298e+00
9.077969066154065736e-01,-2.660557582346221306e+00,2.005346453246699312e+01,1.574184286405215971e+01,5.273420410563246286e+00,1.745697035042167045e+01,4.119873406168593988e+00,1.938075231363639972e+01,5.222862962271578091e+00
9.077969066154065736e-01,-2.383216850974418932e+00,2.124911539049097087e+01,1.764258223868091591e+01,5.273654287190201018e+00,1.930182148351832438e+01,4.116897732444172675e+00,2.084812272569633507e+01,5.163270122084765212e+00
9.077969066154065736e-01,-2.105876119602616559e+00,2.233400071779183094e+01,2.027771957631921396e+01,5.273503400512248085e+00,1.968580647145586227e+01,4.112127883373317694e+00,1.930647497350923558e+01,5.228724360284758177e+00
9.077969066154065736e-01,-1.828535388230814185e+00,2.296611104865691289e+01,2.249784828291740268e+01,5.273272700489074261e+00,2.062842383424919035e+01,4.108754700291481932e+00,1.723973155485329301e+01,5.554099445213133812e+00
9.077969066154065736e-01,-1.551194656859011811e+00,2.387634594053524495e+01,2.364067412287113257e+01,5.273345406373711519e+00,2.237047104970952205e+01,4.106994432926676986e+00,1.691274767464842910e+01,5.440289532486825230e+00
9.077969066154065736e-01,-1.273853925487209438e+00,2.383853202003853866e+01,2.364934709874796681e+01,5.273481419912303458e+00,2.266627573725031652e+01,4.105088278983630268e+00,1.756940753223574347e+01,5.268753834504905420e+00
9.077969066154065736e-01,-9.965131941154070638e-01,2.309780918397880356e+01,2.278115751358927810e+01,5.273399000647907897e+00,2.108576215531365960e+01,4.103948232702541610e+00,1.780327647654446110e+01,5.396037628742538672e+00
9.077969066154065736e-01,-7.191724627436046902e-01,2.189324339168649303e+01,2.118888701449031942e+01,5.273321405187155086e+00,1.959780068856366597e+01,4.102175264485832251e+00,1.776954187007870445e+01,5.488276288233018718e+00
9.077969066154065736e-01,-4.418317313718023165e-01,2.049880030240366935e+01,1.877576704730745405e+01,5.273422695104645008e+00,1.843325138226896343e+01,4.102978046113038069e+00,1.746824298792888541e+01,5.187891007917476927e+00
9.077969066154065736e-01,-1.644910000000003869e-01,1.863105595729509290e+01,1.558175117094651796e+01,5.273505834632377542e+00,1.556001397881823323e+01,4.101428084160655629e+00,1.534010370931548195e+01,4.981997729197834346e+00
9.077969066154065736e-01,1.128497313718019868e-01,1.571068777586096843e+01,1.229443272724165581e+01,5.273381165926892322e+00,1.100769324945235894e+01,4.102749414196324551e+00,1.085892355035699097e+01,5.033051772928445189e+00
9.077969066154065736e-01,3.901904627436043604e-01,1.280684200853706756e+01,1.013636189964017831e+01,5.273282144483276923e+00,8.037819003734739454e+00,4.101832212162237923e+00,6.905949889634587890e+00,5.286206674908139114e+00
9.077969066154065736e-01,6.675311941154067341e-01,1.207017082850781975e+01,1.008199948281981051e+01,5.273415148753017867e+00,8.916788378929595638e+00,4.103292090098902278e+00,7.146272428818011946e+00,5.255695980993817962e+00
9.077969066154065736e-01,9.448719254872091078e-01,1.418513126916651146e+01,1.221746503419126384e+01,5.273513480015125765e+00,1.232479063709456568e+01,4.104115951774668147e+00,1.154577552295882015e+01,4.998041045040115371e+00
9.077969066154065736e-01,1.222212656859011481e+00,1.831383316025387131e+01,1.580610966522363015e+01,5.273299522359832459e+00,1.592101973627359257e+01,4.107546135610910198e+00,1.675263905488588989e+01,5.033097087409029946e+00
9.077969066154065736e-01,1.499553388230813855e+00,2.247280956980478805e+01,1.972436060506151989e+01,5.273145644352580597e+00,1.911400306807854577e+01,4.108062690103538195e+00,2.087862599654499363e+01,5.096927527592957752e+00
9.077969066154065736e-01,1.776894119602616229e+00,2.586553477054419403e+01,2.281290760732372291e+01,5.273454610508085061e+00,2.216439573315528833e+01,4.112391617599524096e+00,2.497896475412231609e+01,5.191545772265651948e+00
9.077969066154065736e-01,2.054234850974418602e+00,2.759325911281881361e+01,2.426776879184762947e+01,5.273757790304709481e+00,2.436941606192453946e+01,4.116838626902148413e+00,2.885274593657613806e+01,5.146576704977784189e+00
9.077969066154065736e-01,2.331575582346220976e+00,2.689631890476256260e+01,2.410107801193953492e+01,5.273465218226116136e+00,2.458212281684063782e+01,4.122078951862308216e+00,2.921690570253490193e+01,5.242865366293020024e+00
9.077969066154065736e-01,2.608916313718023350e+00,2.432403834530425257e+01,2.293277453730115667e+01,5.273649592342167125e+00,2.267911645255185249e+01,4.134798527941804025e+00,2.484024226942855051e+01,5.502135928506608487e+00
9.077969066154065736e-01,2.886257045089825723e+00,2.120901894545384181e+01,2.062223471395554952e+01,5.274510549812157834e+00,1.950867834722021144e+01,4.158423044817013192e+00,1.977293602607536371e+01,6.113277641955971120e+00
9.077969066154065736e-01,3.163597776461628097e+00,1.934868021756027900e+01,1.491202526484266855e+01,5.267806357138828055e+00,1.603265365338256743e+01,4.279979199167548209e+00,1.860347776292064026e+01,6.313061050751787029e+00
1.180716758820542278e+00,-3.492579776461628427e+00,1.773989498541180510e+01,1.370490903421887197e+01,5.267026595098791120e+00,1.597507003727719166e+01,4.514340123392326376e+00,1.713133076159862611e+01,6.757894041095766191e+00
1.180716758820542278e+00,-3.215239045089826053e+00,1.981264318729863305e+01,1.699432868629810400e+01,5.273513843091452991e+00,1.725458790230504746e+01,4.156822503895758913e+00,1.671827406823777551e+01,5.745920348231416952e+00
1.180716758820542278e+00,-2.937898313718023680e+00,2.188539138918546101e+01,1.811188843406853266e+01,5.273698782237775440e+00,1.836596732012731081e+01,4.146144638662966564e+00,1.898426463955399157e+01,5.529552086033815428e+00
1.180716758820542278e+00,-2.660557582346221306e+00,2.426983158106059690e+01,1.982186093067866750e+01,5.273371024283616926e+00,2.085868701897607025e+01,4.125785783155396125e+00,2.286680413038601500e+01,5.273292450758756189e+00
1.180716758820542278e+00,-2.383216850974418932e+00,2.629720267461632943e+01,2.235603781804093160e+01,5.273736701501976043e+00,2.329073178900921448e+01,4.122692503989413559e+00,2.530021454228394617e+01,5.193565286837112716e+00
1.180716758820542278e+00,-2.105876119602616559e+00,2.728430753477588766e+01,2.452966813021339476e+01,5.273667862196933953e+00,2.390646980357996654e+01,4.117189625088229832e+00,2.431252694394525804e+01,5.224351706395282235e+00
1.180716758820542278e+00,-1.828535388230814185e+00,2.719185958505483924e+01,2.530492413777392358e+01,5.273448249003681809e+00,2.334171410071701303e+01,4.113390088822038493e+00,2.139050610312275325e+01,5.518652845129490281e+00
1.180716758820542278e+00,-1.551194656859011811e+00,2.618998803945889975e+01,2.453017689072294161e+01,5.273495103092174396e+00,2.271602608199634687e+01,4.111768703355736854e+00,1.892587263336750425e+01,5.547860188788835245e+00
1.180716758820542278e+00,-1.273853925487209438e+00,2.392780683399028874e+01,2.279259117250330746e+01,5.273597441550633924e+00,2.151910491078626819e+01,4.109775420681248015e+00,1.749630561850362653e+01,5.390415786170143164e+00
1.180716758820542278e+00,-9.965131941154070638e-01,2.170754761123407661e+01,2.084926067193373456e+01,5.273480728691753328e+00,1.935685227275939724e+01,4.108220978840115833e+00,1.666415417203652538e+01,5.399491657396343847e+00
1.180716758820542278e+00,-7.191724627436046902e-01,2.003934604628575400e+01,1.905311916484788526e+01,5.273392780592366158e+00,1.750158459446925008e+01,4.106541167580547658e+00,1.638343033149702421e+01,5.425391643859178714e+00
1.180716758820542278e+00,-4.418317313718023165e-01,1.867399252334866944e+01,1.721311552017868962e+01,5.273529694974506299e+00,1.667428864741714278e+01,4.107191761663296248e+00,1.625784736057081403e+01,5.197670963462496907e+00
1.180716758820542278e+00,-1.644910000000003869e-01,1.729588310328809442e+01,1.512774701789021492e+01,5.273639648136077440e+00,1.539800376774405777e+01,4.105566706335215699e+00,1.471736789998506012e+01,5.012593708326749997e+00
1.180716758820542278e+00,1.128497313718019868e-01,1.520401742995353800e+01,1.327089764896663837e+01,5.273497099968325941e+00,1.280611694612684914e+01,4.106925078952193608e+00,1.124746257936996585e+01,5.061577125996908677e+00
1.180716758820542278e+00,3.901904627436043604e-01,1.478849148966933669e+01,1.270569708608672954e+01,5.273361786626221459e+00,1.114580869805990915e+01,4.106324075814996810e+00,8.696206659680125739e+00,5.308685139338782832e+00
1.180716758820542278e+00,6.675311941154067341e-01,1.666329237066892688e+01,1.414818769646808505e+01,5.273482393522092693e+00,1.288770275582533031e+01,4.107891955692498875e+00,1.068702538580811634e+01,5.264089166390859553e+00
1.180716758820542278e+00,9.448719254872091078e-01,2.002874313032546638e+01,1.721802242827834561e+01,5.273609227205559691e+00,1.690591386449534639e+01,4.108708701631377025e+00,1.669816466248550668e+01,5.020916542936845417e+00
1.180716758820542278e+00,1.222212656859011481e+00,2.412727321474225661e+01,2.067718860239256173e+01,5.273451954776065875e+00,2.014516700697276974e+01,4.112416265187146536e+00,2.230510701762302972e+01,5.079860586891288499e+00
1.180716758820542278e+00,1.499553388230813855e+00,2.720258027798778855e+01,2.323618508357321844e+01,5.273324347010181157e+00,2.170433969106102268e+01,4.113288032229323044e+00,2.498736240729918023e+01,5.172933756950816253e+00
1.180716758820542278e+00,1.776894119602616229e+00,2.851406284591130103e+01,2.411464457557303831e+01,5.273598389032104095e+00,2.265555705143879095e+01,4.118182515762584650e+00,2.641803661292527394e+01,5.345280214871780622e+00
1.180716758820542278e+00,2.054234850974418602e+00,2.762926626012550102e+01,2.326598635982372798e+01,5.273821015151952452e+00,2.306601202571869180e+01,4.122249138013886594e+00,2.748700916465509891e+01,5.201691617698982029e+00
1.180716758820542278e+00,2.331575582346220976e+00,2.482749955222256233e+01,2.146468179399380460e+01,5.273464842764088445e+00,2.194900221601085377e+01,4.127450377945996784e+00,2.568714771799767149e+01,5.271556077953278852e+00
1.180716758820542278e+00,2.608916313718023350e+00,2.175020198348775224e+01,1.983440804123529233e+01,5.273585808216699533e+00,1.943470890606135981e+01,4.140913941975850499e+00,2.036112424829206802e+01,5.585053894678233988e+00
1.180716758820542278e+00,2.886257045089825723e+00,1.982698340691090877e+01,1.842628364195115864e+01,5.274337019882105793e+00,1.664785236750822150e+01,4.162328463204762130e+00,1.563156032539911067e+01,6.111916836028915334e+00
1.180716758820542278e+00,3.163597776461628097e+00,2.016009634651025095e+01,1.487774471621378325e+01,5.267905717399709253e+00,1.398901467144287381e+01,4.298512539712208813e+00,1.535642621248442197e+01,6.323845422018806062e+00
1.453636611025677983e+00,-3.492579776461628427e+00,2.738350247012651550e+01,2.089760975303943269e+01,5.267634640285373315e+00,2.158387156038656940e+01,4.502209419961711312e+00,2.614860567743340880e+01,6.823782928148544258e+00
1.453636611025677983e+00,-3.215239045089826053e+00,3.052262532875505840e+01,2.556404736082185991e+01,5.273589957792594873e+00,2.496120791597900279e+01,4.158145653825913612e+00,2.735451152440599287e+01,5.770528360911484356e+00
1.453636611025677983e+00,-2.937898313718023680e+00,3.366174818738360131e+01,2.787279342938563786e+01,5.273473654257667675e+00,2.642545708746297350e+01,4.144888617885169602e+00,2.972665833398743374e+01,5.552827652942065484e+00
1.453636611025677983e+00,-2.660557582346221306e+00,3.676532414539104821e+01,3.027056664330302738e+01,5.273157918231041741e+00,2.887892646895716098e+01,4.125381331162446763e+00,3.297693379681260240e+01,5.376064655140006643e+00
1.453636611025677983e+00,-2.383216850974418932e+00,3.880391014078807643e+01,3.274462561981636100e+01,5.273512359456794307e+00,3.222220901559580852e+01,4.122128454797405972e+00,3.561918085761039521e+01,5.258471686038938664e+00
1.453636611025677983e+00,-2.105876119602616559e+00,3.943804756133538092e+01,3.416949281116831116e+01,5.273416029269681005e+00,3.368754458432806587e+01,4.116026569329997109e+00,3.591363657209890903e+01,5.209427972474545143e+00
1.453636611025677983e+00,-1.828535388230814185e+00,3.868933536454805733e+01,3.386713072014390491e+01,5.273258629324679703e+00,3.227292407037339217e+01,4.112425218539580207e+00,3.378110064444850735e+01,5.197760435001137047e+00
1.453636611025677983e+00,-1.551194656859011811e+00,3.664826407175957002e+01,3.209931939691887237e+01,5.273397339084150204e+00,2.982564125132057598e+01,4.110697276356533258e+00,3.055848463975815221e+01,5.190296632373079255e+00
1.453636611025677983e+00,-1.273853925487209438e+00,3.368084296366288299e+01,2.967593925411347300e+01,5.273496069410898102e+00,2.779494752500966115e+01,4.108127853159885490e+00,2.770763814719906293e+01,5.153651361053935176e+00
1.453636611025677983e+00,-9.965131941154070638e-01,3.080777623668687326e+01,2.736158515064744279e+01,5.273281328934722900e+00,2.582612079835485019e+01,4.106026900399648127e+00,2.600862754025032331e+01,5.110503853908139327e+00
1.453636611025677983e+00,-7.191724627436046902e-01,2.897032556605978826e+01,2.545128800132079050e+01,5.273122872329681243e+00,2.382680310630769327e+01,4.104504836446487559e+00,2.538038190118190585e+01,5.077660802564326836e+00
1.453636611025677983e+00,-4.418317313718023165e-01,2.773908938919098688e+01,2.374903728681965731e+01,5.273291250742015102e+00,2.248253476842683085e+01,4.105369544459994025e+00,2.506299129782386359e+01,5.037368069172482699e+00
1.453636611025677983e+00,-1.644910000000003869e-01,2.638547949965882111e+01,2.208679725762340240e+01,5.273478505944609651e+00,2.134042085581404535e+01,4.103718659103267719e+00,2.388840677171623028e+01,5.019321274337891658e+00
1.453636611025677983e+00,1.128497313718019868e-01,2.566823372344364529e+01,2.093422447319608182e+01,5.273353395881088090e+00,1.948963844633317422e+01,4.104958174733100762e+00,2.171357606367972437e+01,5.023729852757981007e+00
1.453636611025677983e+00,3.901904627436043604e-01,2.665747755698018295e+01,2.126259503784240223e+01,5.273185091775200561e+00,1.842691077651397791e+01,4.104434461112583143e+00,2.073373150709380752e+01,5.037425725826283340e+00
1.453636611025677983e+00,6.675311941154067341e-01,2.968433425524002800e+01,2.359067448528367095e+01,5.273292209826629495e+00,2.076020065859211172e+01,4.106482944273808222e+00,2.350893945139112873e+01,5.041589959289243694e+00
1.453636611025677983e+00,9.448719254872091078e-01,3.327783380494108911e+01,2.724918853683630005e+01,5.273431079919054021e+00,2.574816513667292384e+01,4.107131139229823091e+00,2.925230595508583775e+01,5.084837513809901566e+00
1.453636611025677983e+00,1.222212656859011481e+00,3.677929109771500293e+01,3.071074678775039501e+01,5.273301071679632912e+00,2.970010821471169038e+01,4.110866897234892292e+00,3.396592658891796646e+01,5.149298947010523264e+00
1.453636611025677983e+00,1.499553388230813855e+00,3.858779245937445523e+01,3.256223139373469166e+01,5.273145856088053307e+00,3.096799922480158784e+01,4.112337892963150665e+00,3.535024382558460587e+01,5.188116613638588781e+00
1.453636611025677983e+00,1.776894119602616229e+00,3.812879011785297223e+01,3.218919509724946693e+01,5.273300716504624397e+00,3.095847814640978868e+01,4.117597719703358194e+00,3.507792556430354836e+01,5.344202674940354392e+00
1.453636611025677983e+00,2.054234850974418602e+00,3.566309630043681267e+01,2.997141188502428122e+01,5.273457197019539855e+00,3.036456080643824862e+01,4.120401448897347940e+00,3.442539713834599269e+01,5.249829298223539276e+00
1.453636611025677983e+00,2.331575582346220976e+00,3.206774605237129805e+01,2.723195384137216024e+01,5.273195335084385427e+00,2.836087716672898296e+01,4.126019177345340516e+00,3.174423856512549591e+01,5.351436296584268781e+00
1.453636611025677983e+00,2.608916313718023350e+00,2.957311412520675376e+01,2.564572693005902693e+01,5.273482506664286085e+00,2.570104750512246028e+01,4.142876194618319907e+00,2.702468166934589888e+01,5.548233883764008390e+00
1.453636611025677983e+00,2.886257045089825723e+00,2.909402615178492724e+01,2.573057773060281761e+01,5.273979684259956002e+00,2.480841842129188990e+01,4.161516688530111807e+00,2.393874709519754873e+01,5.854382721567965575e+00
1.453636611025677983e+00,3.163597776461628097e+00,3.105439702669655233e+01,2.533965418342268094e+01,5.267723268338320608e+00,2.613832126415127277e+01,4.348162108506008039e+00,2.481367138040024400e+01,6.461924735306663337e+00
1.726556463230813687e+00,-3.492579776461628427e+00,4.181470980385049074e+01,3.227923429963993840e+01,5.269191705067609810e+00,3.138071017934862539e+01,4.500597892912684195e+00,3.855139689785409018e+01,6.913469828605856016e+00
1.726556463230813687e+00,-3.215239045089826053e+00,4.551364414593915342e+01,3.776977475502644666e+01,5.273904093918964975e+00,3.617403517231082333e+01,4.163565261964015107e+00,4.160862626640808060e+01,5.867520026971600799e+00
1.726556463230813687e+00,-2.937898313718023680e+00,4.921257848802780899e+01,4.085769550796248950e+01,5.273683025247644096e+00,3.843643828117046723e+01,4.149627034696575123e+00,4.414048844477889588e+01,5.622765172052409888e+00
1.726556463230813687e+00,-2.660557582346221306e+00,5.249906775890544708e+01,4.373031945290858857e+01,5.273404113410030902e+00,4.116221656118068495e+01,4.130340646745424671e+00,4.653590502080577807e+01,5.526761455252412247e+00
1.726556463230813687e+00,-2.383216850974418932e+00,5.427313313740923206e+01,4.626768073832499795e+01,5.273583604763908639e+00,4.500298403461647467e+01,4.126492532361066168e+00,4.910015467427470526e+01,5.456421474985285514e+00
1.726556463230813687e+00,-2.105876119602616559e+00,5.477298241034152682e+01,4.749139075851417147e+01,5.273276760036899269e+00,4.707235760133619351e+01,4.119364025750966718e+00,5.084671059016379502e+01,5.313569812492196398e+00
1.726556463230813687e+00,-1.828535388230814185e+00,5.393905701291564725e+01,4.699530130688799545e+01,5.273109014429498309e+00,4.552476481030629429e+01,4.115820893314813489e+00,5.040353603760461709e+01,5.290267133227759544e+00
1.726556463230813687e+00,-1.551194656859011811e+00,5.220729001279579506e+01,4.517207744345068932e+01,5.273395098499042533e+00,4.229390950730393683e+01,4.113825127096139234e+00,4.766639997421448527e+01,5.207502949591441777e+00
1.726556463230813687e+00,-1.273853925487209438e+00,4.947236386853209211e+01,4.269555896519159433e+01,5.273572938443701119e+00,3.979816363360441756e+01,4.110805922043610394e+00,4.417663894421710324e+01,5.154251195843608357e+00
1.726556463230813687e+00,-9.965131941154070638e-01,4.653135028146856200e+01,4.010554182277701329e+01,5.273300436989492468e+00,3.780373901532681202e+01,4.108308988125115135e+00,4.154815047359487323e+01,5.123476428030841134e+00
1.726556463230813687e+00,-7.191724627436046902e-01,4.425641897890016452e+01,3.768850081046912237e+01,5.273040938127879329e+00,3.538985465204882530e+01,4.106820194389637635e+00,4.007009581616684102e+01,5.124538847225812432e+00
1.726556463230813687e+00,-4.418317313718023165e-01,4.254410843157872080e+01,3.553459101455518976e+01,5.273182566690342021e+00,3.315018348924013480e+01,4.108150916524637708e+00,3.921559638060172404e+01,5.147016759961570820e+00
1.726556463230813687e+00,-1.644910000000003869e-01,4.137172477265647785e+01,3.379898349444556516e+01,5.273412519791767394e+00,3.152443106247847027e+01,4.106587610767934216e+00,3.843516626975220163e+01,5.153083179240255163e+00
1.726556463230813687e+00,1.128497313718019868e-01,4.149109800490534639e+01,3.300274874686147086e+01,5.273340680229110511e+00,2.994970426027998656e+01,4.107770535570042014e+00,3.771859893967654642e+01,5.189314530903612166e+00
1.726556463230813687e+00,3.901904627436043604e-01,4.335178160456110419e+01,3.387532660743454471e+01,5.273178265526714981e+00,2.937191829991365921e+01,4.107267653177361311e+00,3.813101105182724382e+01,5.182028341773658120e+00
1.726556463230813687e+00,6.675311941154067341e-01,4.670485530541818520e+01,3.665262222097953781e+01,5.273256234957798050e+00,3.218068644392064925e+01,4.109802568818642143e+00,4.088787968421409857e+01,5.183355397673873988e+00
1.726556463230813687e+00,9.448719254872091078e-01,5.003389495767014239e+01,4.055315631101257168e+01,5.273386747095597293e+00,3.799106603634413659e+01,4.110165182239075676e+00,4.531128716879642582e+01,5.235112817349999226e+00
1.726556463230813687e+00,1.222212656859011481e+00,5.256198936784485909e+01,4.407499152095988393e+01,5.273241665307319970e+00,4.299645801110204957e+01,4.113871690233870559e+00,4.873693767704666868e+01,5.271546406614956659e+00
1.726556463230813687e+00,1.499553388230813855e+00,5.352372621604248337e+01,4.581011282876715995e+01,5.273011437238571020e+00,4.484214630542203395e+01,4.115982583241492243e+00,4.951049234870637861e+01,5.252545720672209484e+00
1.726556463230813687e+00,1.776894119602616229e+00,5.203394241670019937e+01,4.507959439518162981e+01,5.273086689009326200e+00,4.456299403362049816e+01,4.121200290493674423e+00,4.871796110581279038e+01,5.347265573950963358e+00
1.726556463230813687e+00,2.054234850974418602e+00,4.884043301614133270e+01,4.225170859351055697e+01,5.273276947412274041e+00,4.300509608822744667e+01,4.122519102984584904e+00,4.735817596191052559e+01,5.336632777600693878e+00
1.726556463230813687e+00,2.331575582346220976e+00,4.514156645511508970e+01,3.886397866942570545e+01,5.273246421168710008e+00,3.971922743696609359e+01,4.128940526841864411e+00,4.458529993829143478e+01,5.454617794440513201e+00
1.726556463230813687e+00,2.608916313718023350e+00,4.323692420153236782e+01,3.710826222572359256e+01,5.273845366925358213e+00,3.647485501647281581e+01,4.150428121330365094e+00,4.103044282314700553e+01,5.608315943812062443e+00
1.726556463230813687e+00,2.886257045089825723e+00,4.353696494727622479e+01,3.820907080487813801e+01,5.274007494884221714e+00,3.728550959875019544e+01,4.166281196469045156e+00,3.964294072508322131e+01,5.846936504536924595e+00
1.726556463230813687e+00,3.163597776461628097e+00,4.639745128387755102e+01,4.058408300424343906e+01,5.267439760375517643e+00,4.293017876484213957e+01,4.407491373350100439e+00,4.107153499165204380e+01,6.852729257275703034e+00
1.999476315435949170e+00,-3.492579776461628427e+00,5.521700565477181044e+01,4.255593303311616182e+01,5.270911095626066967e+00,4.166067147023329653e+01,4.527523760435294697e+00,4.958736830071048018e+01,7.176861631916973572e+00
1.999476315435949170e+00,-3.215239045089826053e+00,5.925231507634077133e+01,4.869859757545054890e+01,5.274409999773432389e+00,4.714067422883215386e+01,4.177230734000996648e+00,5.410808988090603577e+01,6.133165360700883362e+00
1.999476315435949170e+00,-2.937898313718023680e+00,6.328762449790976063e+01,5.259216590746655129e+01,5.274314344277793332e+00,5.080152443762904113e+01,4.162043951924625063e+00,5.727450379362793598e+01,5.828404166385217522e+00
1.999476315435949170e+00,-2.660557582346221306e+00,6.680031573821206337e+01,5.618865115524386056e+01,5.274261016074066610e+00,5.429112904411420004e+01,4.142403603294970260e+00,5.969855745860802898e+01,5.657482584904509615e+00
1.999476315435949170e+00,-2.383216850974418932e+00,6.858941348255426362e+01,5.924281448614783585e+01,5.274339872396511808e+00,5.811919179202720898e+01,4.137732648665800816e+00,6.241569618576086498e+01,5.631393418638027448e+00
1.999476315435949170e+00,-2.105876119602616559e+00,6.921445147420341470e+01,6.079148320856620558e+01,5.273728727987030851e+00,6.029779144100768917e+01,4.129223844261049159e+00,6.493072729654998909e+01,5.500104061527422594e+00
1.999476315435949170e+00,-1.828535388230814185e+00,6.858688870468562016e+01,6.049449495717999525e+01,5.273400315576316721e+00,5.930375617103834429e+01,4.125568897649000810e+00,6.556841964532269174e+01,5.447610810478201948e+00
1.999476315435949170e+00,-1.551194656859011811e+00,6.677645801546337623e+01,5.872767610073788092e+01,5.273732863992788289e+00,5.639584842939370901e+01,4.123940458135889386e+00,6.353494582010762315e+01,5.377278566542486260e+00
1.999476315435949170e+00,-1.273853925487209438e+00,6.412905223538069777e+01,5.605279484928178135e+01,5.274037058948164436e+00,5.350174446296310293e+01,4.120954670866776581e+00,5.983638643975750426e+01,5.349895077985062031e+00
1.999476315435949170e+00,-9.965131941154070638e-01,6.108218417634063968e+01,5.299101329252152937e+01,5.273824354860066954e+00,5.075039289470231552e+01,4.118001885252908778e+00,5.613251451910953449e+01,5.311000624508257495e+00
1.999476315435949170e+00,-7.191724627436046902e-01,5.847515554117502745e+01,5.010610822514900065e+01,5.273515577389868092e+00,4.778326512189107689e+01,4.116151376515610139e+00,5.349143705230063972e+01,5.277201440362512486e+00
1.999476315435949170e+00,-4.418317313718023165e-01,5.665374701129467638e+01,4.795884271673276089e+01,5.273580620400637464e+00,4.548666620834217156e+01,4.117640403303498786e+00,5.246794679262703198e+01,5.286435286464316263e+00
1.999476315435949170e+00,-1.644910000000003869e-01,5.632821661272801350e+01,4.693350740782625508e+01,5.273769087893774632e+00,4.456822164693471677e+01,4.115844239786023095e+00,5.309723062514876801e+01,5.295624790916679814e+00
1.999476315435949170e+00,1.128497313718019868e-01,5.751569427675260471e+01,4.720338729364448227e+01,5.273721032467078906e+00,4.441462074891205702e+01,4.116890733597669438e+00,5.469860787639812827e+01,5.341069934393179786e+00
1.999476315435949170e+00,3.901904627436043604e-01,6.015538714973359902e+01,4.877734141401015222e+01,5.273589213243991658e+00,4.500919071438943320e+01,4.116707450469921703e+00,5.658329218628900037e+01,5.339327341743318911e+00
1.999476315435949170e+00,6.675311941154067341e-01,6.331020998008673928e+01,5.140793614418362267e+01,5.273659648943979761e+00,4.765579432554204686e+01,4.119846786635983804e+00,5.860265908846673710e+01,5.347157226229144911e+00
1.999476315435949170e+00,9.448719254872091078e-01,6.545702404758513637e+01,5.445957740231824573e+01,5.273773828087963800e+00,5.218675925934746829e+01,4.119737663614745138e+00,6.062713100847422254e+01,5.356383547695219072e+00
1.999476315435949170e+00,1.222212656859011481e+00,6.674041610099939703e+01,5.698490426488569938e+01,5.273623652581856724e+00,5.596493064556455010e+01,4.123247783923236653e+00,6.199619048360757745e+01,5.414711108943217610e+00
1.999476315435949170e+00,1.499553388230813855e+00,6.679649253251238861e+01,5.799017783951421734e+01,5.273415889716835281e+00,5.712979373147547335e+01,4.126253581509713442e+00,6.211346498084593293e+01,5.437319274745392228e+00
1.999476315435949170e+00,1.776894119602616229e+00,6.453278878943754648e+01,5.677924438257468864e+01,5.273550307420854288e+00,5.621312627257907479e+01,4.132133965807915921e+00,6.122148941417415813e+01,5.508597963239697748e+00
1.999476315435949170e+00,2.054234850974418602e+00,6.126807653737446202e+01,5.346137595058826264e+01,5.273824658283349898e+00,5.363171473275929202e+01,4.132818255089293125e+00,5.951547108780817297e+01,5.536359377230565038e+00
1.999476315435949170e+00,2.331575582346220976e+00,5.756592367079169037e+01,4.946796465806255583e+01,5.273930260916081636e+00,4.917737629885237993e+01,4.139440089127026212e+00,5.671220723448506362e+01,5.631759664310606261e+00
1.999476315435949170e+00,2.608916313718023350e+00,5.600990261181170382e+01,4.726723553768533748e+01,5.274716109282110210e+00,4.531680240095704448e+01,4.164309037690774318e+00,5.399230497359336312e+01,5.783201009212977972e+00
1.999476315435949170e+00,2.886257045089825723e+00,5.673383921657597284e+01,4.867298731126356870e+01,5.274479713899481226e+00,4.684173728565906458e+01,4.178080283962714248e+00,5.354135296258749577e+01,6.065025866787998154e+00
1.999476315435949170e+00,3.163597776461628097e+00,5.991744632290684081e+01,5.270083748595789075e+01,5.267179540921894443e+00,5.470639536172575390e+01,4.463198304574373054e+00,5.471282382899552488e+01,7.227699241629196081e+00
2.272396167641084652e+00,-3.492579776461628427e+00,5.721510203628794500e+01,4.633704571230919100e+01,5.271898022890949775e+00,4.768818005532193638e+01,4.555038000804930931e+00,5.543614533046302029e+01,7.303271050691330757e+00
2.272396167641084652e+00,-3.215239045089826053e+00,6.275457235475376194e+01,5.310354939577518962e+01,5.274173597632702659e+00,5.228994653406857651e+01,4.190563085038979452e+00,6.041473931347923099e+01,6.331900151101996777e+00
2.272396167641084652e+00,-2.937898313718023680e+00,6.829404267321962152e+01,5.790519898172351532e+01,5.274120678514132798e+00,5.709716869443559517e+01,4.174373557336063634e+00,6.432151404946570494e+01,5.999295440411572145e+00
2.272396167641084652e+00,-2.660557582346221306e+00,7.255940255648199866e+01,6.249851560246315785e+01,5.274418485113896438e+00,6.190130073877924133e+01,4.154752431275561264e+00,6.763179984377033804e+01,5.747854929949833824e+00
2.272396167641084652e+00,-2.383216850974418932e+00,7.499477713326767514e+01,6.644342986648553051e+01,5.274705223749321270e+00,6.616344981716372331e+01,4.149395181345679973e+00,7.089427109517170322e+01,5.654403742162177338e+00
2.272396167641084652e+00,-2.105876119602616559e+00,7.580097908186712630e+01,6.857733857390121557e+01,5.273993915436578916e+00,6.877396851408155953e+01,4.139673367774161505e+00,7.346329422749479932e+01,5.593840164124823211e+00
2.272396167641084652e+00,-1.828535388230814185e+00,7.502150133356288109e+01,6.841517684521386400e+01,5.273439023148513094e+00,6.897338014274032503e+01,4.135354974745940382e+00,7.411217657983469564e+01,5.551074539211318992e+00
2.272396167641084652e+00,-1.551194656859011811e+00,7.315333069151890300e+01,6.632154941732005682e+01,5.273666589576128771e+00,6.701627826736523730e+01,4.133843724805796427e+00,7.229815707025268523e+01,5.486573908140160327e+00
2.272396167641084652e+00,-1.273853925487209438e+00,6.993458625598886158e+01,6.303266687474388164e+01,5.274052750501684095e+00,6.368572143130251106e+01,4.131059060815934103e+00,6.838753474644592245e+01,5.450595233933857031e+00
2.272396167641084652e+00,-9.965131941154070638e-01,6.597109936126349794e+01,5.945361550516099669e+01,5.273978403891208977e+00,5.985966109586536277e+01,4.127882179099781723e+00,6.365828526100323614e+01,5.412729080632495915e+00
2.272396167641084652e+00,-7.191724627436046902e-01,6.330834799952668135e+01,5.667503763705826714e+01,5.273705343579390359e+00,5.677611765232876451e+01,4.125819909985610323e+00,6.029387761537010704e+01,5.416049918610757352e+00
2.272396167641084652e+00,-4.418317313718023165e-01,6.241427988997905629e+01,5.564599337880645180e+01,5.273675535408844262e+00,5.578052346370691339e+01,4.127382526582015210e+00,6.041840550784236541e+01,5.485892243651826483e+00
2.272396167641084652e+00,-1.644910000000003869e-01,6.383129138814535963e+01,5.657989770660060458e+01,5.273762596299032879e+00,5.713673626032561970e+01,4.124975109540169882e+00,6.420493931073454519e+01,5.418749700850558071e+00
2.272396167641084652e+00,1.128497313718019868e-01,6.729413264434344910e+01,5.877255721361143515e+01,5.273713823239967624e+00,5.961351999601492935e+01,4.125409340377203193e+00,6.925592275998259595e+01,5.404877711988588018e+00
2.272396167641084652e+00,3.901904627436043604e-01,7.067054050945341714e+01,6.111933618478360586e+01,5.273627529590915408e+00,6.177686389966152092e+01,4.125539478668506455e+00,7.254169396831663619e+01,5.456520792490132443e+00
2.272396167641084652e+00,6.675311941154067341e-01,7.271012722027444397e+01,6.283836423339380417e+01,5.273697179496944720e+00,6.316738857431050747e+01,4.129536004030986973e+00,7.272921472820634392e+01,5.470106222518219319e+00
2.272396167641084652e+00,9.448719254872091078e-01,7.275601279314545877e+01,6.374356672953581437e+01,5.273790501476002035e+00,6.380601124638292276e+01,4.129122611879857629e+00,7.079253676622546720e+01,5.444760441629846071e+00
2.272396167641084652e+00,1.222212656859011481e+00,7.215322885807267994e+01,6.390979587793117389e+01,5.273704574752128060e+00,6.345184540535626638e+01,4.132538971915926673e+00,6.868143831867084259e+01,5.511463488127827937e+00
2.272396167641084652e+00,1.499553388230813855e+00,7.121772751309663363e+01,6.314447733442648314e+01,5.273704876286946508e+00,6.203234601944438964e+01,4.136889591978871294e+00,6.729024153138125541e+01,5.561884198280861114e+00
2.272396167641084652e+00,1.776894119602616229e+00,6.864629812695561384e+01,6.091448223203769885e+01,5.274023602032896108e+00,5.978270292546284281e+01,4.144356668934086052e+00,6.601084273203660757e+01,5.681918039723183433e+00
2.272396167641084652e+00,2.054234850974418602e+00,6.535978062644346664e+01,5.705360875773476437e+01,5.274249826598304658e+00,5.638771206954618265e+01,4.144777791034705672e+00,6.384515849126431419e+01,5.759073039638456848e+00
2.272396167641084652e+00,2.331575582346220976e+00,6.147433388150334110e+01,5.270210717494774144e+01,5.274166143035714072e+00,5.169330020461444519e+01,4.151209300799188817e+00,6.068992792096212696e+01,5.836914800349331856e+00
2.272396167641084652e+00,2.608916313718023350e+00,5.984443466572150072e+01,5.024603464447136503e+01,5.274928563737006471e+00,4.808445120969349773e+01,4.178307709002966774e+00,5.811877467416309173e+01,5.984691978744267615e+00
2.272396167641084652e+00,2.886257045089825723e+00,6.064340424061030177e+01,5.162311129060981330e+01,5.274516587924303224e+00,4.961949645470269843e+01,4.192095362504585587e+00,5.774417332726130070e+01,6.282289376171360296e+00
2.272396167641084652e+00,3.163597776461628097e+00,6.437828590699706410e+01,5.610925156425219029e+01,5.266686826585613268e+00,5.689548858230375572e+01,4.508981941337300015e+00,5.833289809004376991e+01,7.382015139417852367e+00
2.545316019846220357e+00,-3.492579776461628427e+00,4.879321448527760197e+01,4.071422664387500845e+01,5.271572160083123570e+00,4.647077160913681837e+01,4.525006794636545315e+00,5.367140926066025486e+01,7.158317899443501275e+00
2.545316019846220357e+00,-3.215239045089826053e+00,5.533813612320540898e+01,4.776805389963556081e+01,5.273366921749641278e+00,4.858922413609479918e+01,4.186998414360998844e+00,5.788358244100821537e+01,6.287707438022963835e+00
2.545316019846220357e+00,-2.937898313718023680e+00,6.188305776113323020e+01,5.323429530943394639e+01,5.272815035335214340e+00,5.339518625776923955e+01,4.171863191729057618e+00,6.196264866191798859e+01,5.986083747679510125e+00
2.545316019846220357e+00,-2.660557582346221306e+00,6.740757985585321421e+01,5.880542749809683301e+01,5.273122840241692977e+00,5.945162645248257149e+01,4.150288056052911401e+00,6.607042260783624954e+01,5.743965105839714091e+00
2.545316019846220357e+00,-2.383216850974418932e+00,7.138022558545065976e+01,6.382949626454501413e+01,5.273812404672255205e+00,6.480780255831194836e+01,4.145210595539892573e+00,6.981983376441282019e+01,5.617973921524324510e+00
2.545316019846220357e+00,-2.105876119602616559e+00,7.288095419629024718e+01,6.674838825414190069e+01,5.273400828531991991e+00,6.831296848158297053e+01,4.135549089066112849e+00,7.208835621786721504e+01,5.567582682763271507e+00
2.545316019846220357e+00,-1.828535388230814185e+00,7.237869900709256399e+01,6.673055032854608726e+01,5.272770339242591753e+00,6.952869561235229412e+01,4.130224220349203890e+00,7.212909126695826956e+01,5.553975090031578077e+00
2.545316019846220357e+00,-1.551194656859011811e+00,6.960743175313028530e+01,6.413459799441625364e+01,5.272800875678239407e+00,6.804706420388845345e+01,4.127846383998384105e+00,6.993125000665462210e+01,5.453441961352305078e+00
2.545316019846220357e+00,-1.273853925487209438e+00,6.554935093687112158e+01,6.009953661945473868e+01,5.273149123588484422e+00,6.409425987413453640e+01,4.124996554682904382e+00,6.558781222360175889e+01,5.402446769330866871e+00
2.545316019846220357e+00,-9.965131941154070638e-01,6.083372926626969246e+01,5.614286229250501492e+01,5.273177797380998122e+00,5.957161374477135496e+01,4.121660710244660741e+00,6.024272470824006831e+01,5.359184712041967558e+00
2.545316019846220357e+00,-7.191724627436046902e-01,5.785273231332754307e+01,5.386431801979506417e+01,5.272976676577271427e+00,5.711336097795665978e+01,4.119546645047471145e+00,5.711970745891075296e+01,5.440685926998620303e+00
2.545316019846220357e+00,-4.418317313718023165e-01,5.809423845912246520e+01,5.432139090394048253e+01,5.272886006516426249e+00,5.800020444685736720e+01,4.121516046291604951e+00,5.941129643807403227e+01,5.462954241493021890e+00
2.545316019846220357e+00,-1.644910000000003869e-01,6.189149760171692094e+01,5.725227000849554315e+01,5.272871736184658431e+00,6.159789527325392555e+01,4.119371702805888269e+00,6.672000985643471438e+01,5.353829204199048952e+00
2.545316019846220357e+00,1.128497313718019868e-01,6.751132286311370478e+01,6.100954601858393289e+01,5.272823597805931684e+00,6.606493336125618043e+01,4.119660889434091366e+00,7.466491353436033762e+01,5.737130318336513213e+00
2.545316019846220357e+00,3.901904627436043604e-01,7.144090410614791153e+01,6.359476018988061696e+01,5.272795055865030278e+00,6.897854807398812227e+01,4.119749942105507934e+00,7.840198872331021107e+01,6.027496219016925671e+00
2.545316019846220357e+00,6.675311941154067341e-01,7.121444584575135650e+01,6.400132482830667868e+01,5.272851005700259108e+00,6.855505223721115726e+01,4.123893159457860946e+00,7.617629457882398469e+01,5.728774714583053651e+00
2.545316019846220357e+00,9.448719254872091078e-01,6.885271108915705440e+01,6.264718369548063492e+01,5.272893658437634024e+00,6.518985344814655036e+01,4.122977692608517764e+00,7.024939135481915287e+01,5.402406210608981851e+00
2.545316019846220357e+00,1.222212656859011481e+00,6.666606405680995806e+01,6.055152947740134550e+01,5.272914148130931622e+00,6.095834429369335794e+01,4.126161611525207995e+00,6.476668270392758586e+01,5.504097932691971451e+00
2.545316019846220357e+00,1.499553388230813855e+00,6.540223290125344136e+01,5.815414113167207688e+01,5.273199696301553274e+00,5.726786477511120665e+01,4.131423590202940588e+00,6.176994074828919423e+01,5.509757644626372297e+00
2.545316019846220357e+00,1.776894119602616229e+00,6.226602907337863257e+01,5.502987343516724650e+01,5.273652238497551714e+00,5.378524856339276994e+01,4.139580426477940556e+00,5.985425892700656902e+01,5.635024885999331268e+00
2.545316019846220357e+00,2.054234850974418602e+00,5.842570432840426520e+01,5.084312417988257948e+01,5.273589853924683268e+00,4.965998255172547715e+01,4.138894752317576753e+00,5.698136710218658152e+01,5.726835858678181346e+00
2.545316019846220357e+00,2.331575582346220976e+00,5.450279547091660248e+01,4.652597873952618102e+01,5.273128928639248869e+00,4.522896842888741276e+01,4.144927203308097496e+00,5.318426434685765969e+01,5.799539083506203063e+00
2.545316019846220357e+00,2.608916313718023350e+00,5.259727958636538858e+01,4.419747259373980341e+01,5.274020098578665383e+00,4.252186406709108724e+01,4.175665867896264594e+00,5.033179821048415192e+01,5.964022637516157133e+00
2.545316019846220357e+00,2.886257045089825723e+00,5.335937691884318923e+01,4.544070674719114322e+01,5.274075490354239726e+00,4.375128331463201903e+01,4.192160108275484909e+00,4.972041135616441920e+01,6.218927594043074158e+00
2.545316019846220357e+00,3.163597776461628097e+00,5.667903184840450592e+01,4.932258701464161277e+01,5.265807739619241090e+00,4.861574499869163901e+01,4.505975352657481281e+00,5.020303353472600350e+01,7.293434881359615041e+00
2.818235872051356061e+00,-3.492579776461628427e+00,3.270087253451978881e+01,2.753996251404169016e+01,5.270371237013515398e+00,3.783066607823394634e+01,4.517579070493916937e+00,4.402155537218550307e+01,7.253358777286559089e+00
2.818235872051356061e+00,-3.215239045089826053e+00,3.976256881019699563e+01,3.432322984322672710e+01,5.274323119576367347e+00,3.715994771390126061e+01,4.218554185939615842e+00,4.648426196870208571e+01,6.472830418249367668e+00
2.818235872051356061e+00,-2.937898313718023680e+00,4.682426508587423797e+01,3.992520304856589064e+01,5.272793445091310538e+00,4.082208191345554837e+01,4.193184170746485862e+00,4.999699175764600056e+01,6.196209964944729975e+00
2.818235872051356061e+00,-2.660557582346221306e+00,5.348999358336351406e+01,4.614672683883691207e+01,5.272432355999474574e+00,4.721073506315184432e+01,4.165915410517291306e+00,5.429107478826799849e+01,5.970652147722305791e+00
2.818235872051356061e+00,-2.383216850974418932e+00,5.873438862131155247e+01,5.218261429210542701e+01,5.273282933868962630e+00,5.349077906981989372e+01,4.160209742154663992e+00,5.825791913458510862e+01,5.842034840227771753e+00
2.818235872051356061e+00,-2.105876119602616559e+00,6.109136278966600031e+01,5.599392578793049324e+01,5.273352447387980035e+00,5.776008612108353191e+01,4.152534233056865531e+00,6.043846460446086155e+01,5.862991394793949596e+00
2.818235872051356061e+00,-1.828535388230814185e+00,6.069420745502754500e+01,5.628649649850558490e+01,5.272864184341664817e+00,5.918405606048179379e+01,4.146805358741726621e+00,6.013804339781323449e+01,5.931490245961227536e+00
2.818235872051356061e+00,-1.551194656859011811e+00,5.761805966360266495e+01,5.338668858580058441e+01,5.272723162846086886e+00,5.721396784724163354e+01,4.142838188036733982e+00,5.745851798605397676e+01,5.804865579868130787e+00
2.818235872051356061e+00,-1.273853925487209438e+00,5.292853634641473093e+01,4.886181847497937270e+01,5.272938402321596385e+00,5.251335343472135264e+01,4.139809795572352513e+00,5.265728397036413355e+01,5.690853552499813617e+00
2.818235872051356061e+00,-9.965131941154070638e-01,4.781073765175564461e+01,4.473746146991834394e+01,5.272969852778143007e+00,4.793531166017396572e+01,4.136042861381241664e+00,4.729315410876311176e+01,5.735487642094385663e+00
2.818235872051356061e+00,-7.191724627436046902e-01,4.526237674000836364e+01,4.279407080225246318e+01,5.272817161896234950e+00,4.642476484435829320e+01,4.133860020204762620e+00,4.500046874923734208e+01,5.903200057477537399e+00
2.818235872051356061e+00,-4.418317313718023165e-01,4.602133415034131758e+01,4.384412576437171083e+01,5.272695844583073388e+00,4.834411728164505462e+01,4.135961267808673014e+00,4.865440101280376695e+01,5.766938564760955899e+00
2.818235872051356061e+00,-1.644910000000003869e-01,5.033069781858822012e+01,4.716365451722958824e+01,5.272640117042785235e+00,5.213028783425232859e+01,4.134839141995085399e+00,5.685403394943536171e+01,5.608510406123988545e+00
2.818235872051356061e+00,1.128497313718019868e-01,5.577778297286331366e+01,5.074549167162331287e+01,5.272648475166994864e+00,5.603831793236929570e+01,4.134962195047063638e+00,6.459935167269144074e+01,5.850092870253774890e+00
2.818235872051356061e+00,3.901904627436043604e-01,5.777401094310608443e+01,5.258150934697187040e+01,5.272683007187103144e+00,5.804845008834308828e+01,4.134832824735426016e+00,6.733806610421601135e+01,5.927094326350769826e+00
2.818235872051356061e+00,6.675311941154067341e-01,5.636130407152467114e+01,5.202909695306152571e+01,5.272706229946640732e+00,5.648352453961160791e+01,4.138958789635129421e+00,6.390892445150440437e+01,5.721196218057907679e+00
2.818235872051356061e+00,9.448719254872091078e-01,5.445422032506136389e+01,4.997090674163337098e+01,5.272695638887442193e+00,5.221114903240300009e+01,4.137755825518558694e+00,5.698230549013561586e+01,5.674957696792596096e+00
2.818235872051356061e+00,1.222212656859011481e+00,5.278068070757346675e+01,4.760974085055931937e+01,5.272777233141802355e+00,4.800276536168553321e+01,4.140383151171437071e+00,5.099779158883475105e+01,5.854312712339295288e+00
2.818235872051356061e+00,1.499553388230813855e+00,5.146602121018887033e+01,4.518563952366821468e+01,5.273219529769803238e+00,4.483308511082026371e+01,4.145720095363938817e+00,4.787496773773837333e+01,5.724239653224239888e+00
2.818235872051356061e+00,1.776894119602616229e+00,4.834071934043487317e+01,4.200473684027019772e+01,5.273617780802134725e+00,4.113089558455737915e+01,4.153186434815520300e+00,4.555639712838608801e+01,5.730247408912124918e+00
2.818235872051356061e+00,2.054234850974418602e+00,4.439936913177078281e+01,3.773810461835091701e+01,5.273203895373042016e+00,3.610863225828092027e+01,4.151184130874523426e+00,4.182192564420282821e+01,5.736932329498703353e+00
2.818235872051356061e+00,2.331575582346220976e+00,4.019101153245804880e+01,3.349673531980079133e+01,5.272629131352784881e+00,3.146825801000045431e+01,4.158099825841467201e+00,3.733130529850662782e+01,5.844823743924713710e+00
2.818235872051356061e+00,2.608916313718023350e+00,3.778303224266268501e+01,3.129598396844085073e+01,5.274142597800124399e+00,2.929220700011819645e+01,4.194811530724681603e+00,3.423039428661790851e+01,6.091096892048387446e+00
2.818235872051356061e+00,2.886257045089825723e+00,3.794730507637618189e+01,3.215278804410627345e+01,5.274927125376946080e+00,2.988255565081294662e+01,4.218975322806790551e+00,3.359855811637466161e+01,6.412096194717952002e+00
2.818235872051356061e+00,3.163597776461628097e+00,4.147305402344012748e+01,3.457220182269520592e+01,5.264737665660601529e+00,3.197176568173847500e+01,4.528520265995808813e+00,3.472826426773001884e+01,7.575720798092469010e+00
3.091155724256491766e+00,-3.492579776461628427e+00,1.700160385914880123e+01,1.237711679775384255e+01,5.266800633859518577e+00,2.393510916624165930e+01,4.678908614461083637e+00,3.006954984254322838e+01,7.798282830928712883e+00
3.091155724256491766e+00,-3.215239045089826053e+00,2.363233877047156284e+01,1.860979058702650946e+01,5.276104459626543175e+00,2.166491884771747323e+01,4.299267819840799199e+00,3.041064268060242881e+01,6.916341877488185297e+00
3.091155724256491766e+00,-2.937898313718023680e+00,3.026307368179431379e+01,2.393138196729705669e+01,5.274947474444801720e+00,2.401433022510462933e+01,4.239538230563486998e+00,3.298182809006397065e+01,6.569621767867217521e+00
3.091155724256491766e+00,-2.660557582346221306e+00,3.722606124564127583e+01,3.031584473102702759e+01,5.273868352243035851e+00,2.992619191771910891e+01,4.215028711059135347e+00,3.712124373424289558e+01,6.350101165090532795e+00
3.091155724256491766e+00,-2.383216850974418932e+00,4.320510192502136704e+01,3.689825810851471033e+01,5.274369527634971355e+00,3.674886967301563345e+01,4.205529339911185716e+00,4.141880599062139368e+01,6.215635032690953743e+00
3.091155724256491766e+00,-2.105876119602616559e+00,4.613416938855063876e+01,4.126696280420583207e+01,5.274646359666221862e+00,4.195144173643916474e+01,4.200575335032585400e+00,4.436752215479028649e+01,6.226855819967196837e+00
3.091155724256491766e+00,-1.828535388230814185e+00,4.615115086492509278e+01,4.178158194902061950e+01,5.274339366203145474e+00,4.381837204449072942e+01,4.195729359967095284e+00,4.489984386027623486e+01,6.215935045056011354e+00
3.091155724256491766e+00,-1.551194656859011811e+00,4.328108681557841919e+01,3.882089925385662355e+01,5.274068949153894792e+00,4.166829510158993344e+01,4.190389321445927351e+00,4.259133479491080720e+01,6.143638429670877699e+00
3.091155724256491766e+00,-1.273853925487209438e+00,3.861062310513801066e+01,3.432576929943752475e+01,5.274080150058303218e+00,3.690427010678178021e+01,4.187790514058693070e+00,3.793946186727505676e+01,6.168182576485742530e+00
3.091155724256491766e+00,-9.965131941154070638e-01,3.371387999506478650e+01,3.052434934470693406e+01,5.274012243499053731e+00,3.292982274894097827e+01,4.181564547709335500e+00,3.319125695341811877e+01,6.229801042165378888e+00
3.091155724256491766e+00,-7.191724627436046902e-01,3.140011578894237232e+01,2.887319531052708044e+01,5.273881987893407342e+00,3.208796547862561965e+01,4.178413523769397564e+00,3.166638913654069398e+01,6.148227418618136042e+00
3.091155724256491766e+00,-4.418317313718023165e-01,3.240678133741520384e+01,2.954984224694271688e+01,5.273866054505933931e+00,3.343842279524122318e+01,4.180138757549607398e+00,3.469870806385190320e+01,5.950314414778465455e+00
3.091155724256491766e+00,-1.644910000000003869e-01,3.594367212013883517e+01,3.149934104931890033e+01,5.274023960826886182e+00,3.486762915330450596e+01,4.180585471021104560e+00,4.002845119068609847e+01,5.910663158722479160e+00
3.091155724256491766e+00,1.128497313718019868e-01,3.898934467633714007e+01,3.312181907099147793e+01,5.274293840211925932e+00,3.559744665548498688e+01,4.180268809536354269e+00,4.410583727742136517e+01,5.944609267897104310e+00
3.091155724256491766e+00,3.901904627436043604e-01,3.912897171922305972e+01,3.339475339978525881e+01,5.274467117420023499e+00,3.538714771852664853e+01,4.180657230266333180e+00,4.491667025965966076e+01,5.977092336668505368e+00
3.091155724256491766e+00,6.675311941154067341e-01,3.820452377090926177e+01,3.257530080353899393e+01,5.274466017352857250e+00,3.389878198239898666e+01,4.186407113319316586e+00,4.237390152597319570e+01,6.045839726097944400e+00
3.091155724256491766e+00,9.448719254872091078e-01,3.705546603616019752e+01,3.168586901333401329e+01,5.274339773712275914e+00,3.213123833100985394e+01,4.185263880003805781e+00,3.812765379007547040e+01,6.092627891301598098e+00
3.091155724256491766e+00,1.222212656859011481e+00,3.649945110004266269e+01,3.116772942230454646e+01,5.274288737759322387e+00,3.160449021087896426e+01,4.186311130444200224e+00,3.489484604857749162e+01,6.085404362525349775e+00
3.091155724256491766e+00,1.499553388230813855e+00,3.580362820723828321e+01,3.016555743230856024e+01,5.274617025070280185e+00,3.123849681723805816e+01,4.192016678286934805e+00,3.339085460504382041e+01,5.983160680247761043e+00
3.091155724256491766e+00,1.776894119602616229e+00,3.288185035484583807e+01,2.740434749842825113e+01,5.274826931381999096e+00,2.816938517838676148e+01,4.199901258430820405e+00,3.124754780936585163e+01,6.032462450646065122e+00
3.091155724256491766e+00,2.054234850974418602e+00,2.892080900720904779e+01,2.285270607270285836e+01,5.274262570655202431e+00,2.230180857997731891e+01,4.197623639811152607e+00,2.691190448514050715e+01,6.116493513694630124e+00
3.091155724256491766e+00,2.331575582346220976e+00,2.466029804747471488e+01,1.830273167757150077e+01,5.273991400217246550e+00,1.696353903002614061e+01,4.207870332724668039e+00,2.198404603038493832e+01,6.275578735410438647e+00
3.091155724256491766e+00,2.608916313718023350e+00,2.219979761528819751e+01,1.596721082281874260e+01,5.275980436465547818e+00,1.449083194421723420e+01,4.243090799007545044e+00,1.874766561405355958e+01,6.481113145883769633e+00
3.091155724256491766e+00,2.886257045089825723e+00,2.190116551889901331e+01,1.626130487365662702e+01,5.275786908053600399e+00,1.389565946716652434e+01,4.288043304117644894e+00,1.807165821993226018e+01,6.890525030689386377e+00
3.091155724256491766e+00,3.163597776461628097e+00,2.515307472319408788e+01,1.690784926831838675e+01,5.261968158749382951e+00,1.348072426122757861e+01,4.764058108956293225e+00,1.982116762621448558e+01,8.267680711129088422e+00
3.364075576461627470e+00,-3.492579776461628427e+00,2.061868274233916942e+00,0.000000000000000000e+00,5.260165059396069154e+00,9.312240160205590200e+00,5.340232499196579496e+00,1.829320439174946600e+01,9.051765498464220627e+00
3.364075576461627470e+00,-3.215239045089826053e+00,7.926232771807506516e+00,5.881566182666574605e+00,5.267697899421971641e+00,7.111774258923674097e+00,4.688432825755994848e+00,1.694850901557532552e+01,7.764784011032535460e+00
3.364075576461627470e+00,-2.937898313718023680e+00,1.379059726938105257e+01,1.084103184241394047e+01,5.270262481037004676e+00,9.006290709547968731e+00,4.538647001769681388e+00,1.862849043173767427e+01,7.260470855023880787e+00
3.364075576461627470e+00,-2.660557582346221306e+00,2.093448273404397852e+01,1.689149881918274332e+01,5.270403212868125742e+00,1.463742281892297115e+01,4.504871665479483589e+00,2.255554115933081505e+01,7.056584530214657036e+00
3.364075576461627470e+00,-2.383216850974418932e+00,2.760523126515892045e+01,2.318446927846525796e+01,5.270479849438131303e+00,2.238892615963311528e+01,4.491672454329885156e+00,2.740801012444954665e+01,6.911737488046791889e+00
3.364075576461627470e+00,-2.105876119602616559e+00,3.100402393763567943e+01,2.723353143145504873e+01,5.270323033197731100e+00,2.972804561888938224e+01,4.493432146043932818e+00,3.182359947883912810e+01,6.863639633264515538e+00
3.364075576461627470e+00,-1.828535388230814185e+00,3.151555650847297230e+01,2.744162914308253676e+01,5.269855131559149974e+00,3.397098534936583292e+01,4.483876629577943085e+00,3.427139257837917796e+01,6.818468137564813070e+00
3.364075576461627470e+00,-1.551194656859011811e+00,2.890527342197497518e+01,2.452842756349127740e+01,5.269415347839464303e+00,3.379370001234212850e+01,4.463728593904381370e+00,3.355319130423468010e+01,6.748081186137318888e+00
3.364075576461627470e+00,-1.273853925487209438e+00,2.434423691463816652e+01,2.084182392188449739e+01,5.269247643678197868e+00,3.073343320931320477e+01,4.444809644788665359e+00,3.015218235651488854e+01,6.656272298620605987e+00
3.364075576461627470e+00,-9.965131941154070638e-01,1.978685499910154277e+01,1.854513833647797583e+01,5.269153711709817500e+00,2.818208756149522287e+01,4.420142238953380875e+00,2.668733082328024153e+01,6.540321854808619051e+00
3.364075576461627470e+00,-7.191724627436046902e-01,1.768844692934254681e+01,1.830578068775321299e+01,5.269191667584008698e+00,2.770381201346395983e+01,4.407333880065627874e+00,2.573288654449256541e+01,6.561970334403709693e+00
3.364075576461627470e+00,-4.418317313718023165e-01,1.892391400511341715e+01,1.924853007428100682e+01,5.269410258126493218e+00,2.746468287544541909e+01,4.399773512644499895e+00,2.693337942866086365e+01,6.862777839909148803e+00
3.364075576461627470e+00,-1.644910000000003869e-01,2.142834575169322875e+01,1.988108508893492399e+01,5.269794793485114148e+00,2.538750590081303926e+01,4.388419919303831129e+00,2.774852418718777969e+01,6.693306518253516302e+00
3.364075576461627470e+00,1.128497313718019868e-01,2.175397330082874703e+01,1.928059726465289714e+01,5.270329389596410508e+00,2.206857386302453961e+01,4.377356134156483058e+00,2.705906173267830894e+01,6.425275307101402156e+00
3.364075576461627470e+00,3.901904627436043604e-01,2.017380644017663371e+01,1.781166261681937613e+01,5.270823787870223320e+00,1.940361049570560681e+01,4.376164683692685742e+00,2.594614681310216753e+01,6.435782310675020490e+00
3.364075576461627470e+00,6.675311941154067341e-01,1.990427752389563310e+01,1.679589308202048414e+01,5.271033486470344087e+00,1.851343993031002810e+01,4.388264016856829208e+00,2.521100456992240169e+01,6.576554561211896299e+00
3.364075576461627470e+00,9.448719254872091078e-01,1.956313740431876624e+01,1.718434546401840635e+01,5.270786629957518343e+00,1.991265885666928170e+01,4.394990526018758281e+00,2.486931972474996400e+01,6.668918933109925007e+00
3.364075576461627470e+00,1.222212656859011481e+00,2.017307234722395037e+01,1.830908868392725708e+01,5.270418016677175466e+00,2.303643701880997696e+01,4.406453399837698903e+00,2.532279449091285528e+01,6.718654325193162080e+00
3.364075576461627470e+00,1.499553388230813855e+00,2.020384491953642581e+01,1.810894266724426416e+01,5.270493276511183822e+00,2.492218864373381848e+01,4.428557894995944544e+00,2.599246476952428608e+01,6.802213643898633144e+00
3.364075576461627470e+00,1.776894119602616229e+00,1.749874302675937798e+01,1.498597591113866656e+01,5.270473005857548188e+00,2.240318251009662731e+01,4.443660778536478340e+00,2.461254200793630531e+01,6.797711644412866683e+00
3.364075576461627470e+00,2.054234850974418602e+00,1.354496520159790052e+01,9.620340624103846494e+00,5.269756130752623058e+00,1.629989121213850467e+01,4.428375932090567346e+00,2.043430904798050562e+01,6.708789338972994010e+00
3.364075576461627470e+00,2.331575582346220976e+00,9.249455357272928779e+00,4.743117178993998095e+00,5.269492448511542193e+00,1.063874577009755740e+01,4.428221373473635758e+00,1.555795863283309899e+01,6.781977261066709062e+00
3.364075576461627470e+00,2.608916313718023350e+00,6.803784635328132602e+00,2.739209033523366088e+00,5.270356741001530843e+00,7.421185905019456186e+00,4.482450913284631966e+00,1.208590831279308375e+01,7.080524532869459264e+00
3.364075576461627470e+00,2.886257045089825723e+00,6.083274714224859991e+00,3.208945978480187478e+00,5.267179074286081786e+00,5.010975902801419579e+00,4.660787138623647685e+00,1.077835180693173456e+01,7.652033112903476209e+00
3.364075576461627470e+00,3.163597776461628097e+00,9.063673730900958958e+00,2.844943546853755834e+00,5.260243261151482663e+00,2.083112486330264801e+00,5.565156483918977770e+00,1.212551670093566258e+01,9.349592680794904354e+00
